id	user	user_id	date	date_kind	lon	lat	pos_accuracy	geoprivacy	quality_grade	photo_url	exclude_reason
19500	benjamin	1454	2011-05-20	observed_on	106.1278932	21.3645847	30396	obscured	needs_id	https://static.inaturalist.org/photos/35189/square.JPG	obscured
20480	benjamin	1454	2010-10-17	observed_on	106.2448640	21.3160346	30396	obscured	research	https://static.inaturalist.org/photos/36369/square.JPG	obscured
132805	herpguy	8060	2011-10-09	observed_on	105.9704755	21.0873359	6913	obscured	casual	https://static.inaturalist.org/photos/185584/square.JPG	obscured
133039	herpguy	8060	2011-10-09	observed_on	105.9389894	21.0688079	6913	obscured	casual	https://static.inaturalist.org/photos/185864/square.JPG	obscured
805162	johanneslundberg	3966	2013-04-23	observed_on	105.6668838	21.4512642	30377	obscured	needs_id	https://inaturalist-open-data.s3.amazonaws.com/photos/1014690/square.jpg	obscured
8554267	holidayvietnamholidayvietnam	683931	1987-01-15	observed_on	105.9806932	21.1199597	205	obscured	casual	https://inaturalist-open-data.s3.amazonaws.com/photos/11431391/square.jpg	obscured
9148112	kimhummer	735191	2015-10-28	observed_on	105.6711347	21.4081787	950	obscured	research	https://inaturalist-open-data.s3.amazonaws.com/photos/12367904/square.jpg	obscured
9155633	kimhummer	735191	2015-10-28	observed_on	105.6234913	21.4135138	950	obscured	research	https://inaturalist-open-data.s3.amazonaws.com/photos/12381020/square.jpg	obscured
9176451	kimhummer	735191	2015-10-30	observed_on	105.7681637	21.4899121	30377	obscured	research	https://inaturalist-open-data.s3.amazonaws.com/photos/12416325/square.jpeg	obscured
9176680	kimhummer	735191	2015-10-30	observed_on	105.6269143	21.4814819	30377	obscured	research	https://inaturalist-open-data.s3.amazonaws.com/photos/12416760/square.jpeg	obscured
10352463	tran4	798574	2018-03-22	observed_on	105.6811896	21.1876381	65	obscured	casual	https://static.inaturalist.org/photos/14358815/square.jpg	obscured
12082525	ghemassagetokuyo	935109	2018-04-29	observed_on	105.8517469	21.1264502	205	obscured	casual	https://inaturalist-open-data.s3.amazonaws.com/photos/17328418/square.jpg	obscured
14068328	motorbikenguyentu	1066052	2018-07-05	observed_on	105.9013588	21.0987964	207	obscured	casual	https://static.inaturalist.org/photos/20823128/square.jpg	obscured
14068335	motorbikenguyentu	1066052	2017-08-11	observed_on	105.8367596	21.1185339	30415	obscured	casual	https://static.inaturalist.org/photos/20823137/square.jpg	obscured
14068336	motorbikenguyentu	1066052	2017-11-07	observed_on	105.9914596	21.1217139	30415	obscured	casual	https://static.inaturalist.org/photos/20823138/square.jpg	obscured
14068338	motorbikenguyentu	1066052	2017-10-22	observed_on	105.9490432	21.0101113	30415	obscured	casual	https://static.inaturalist.org/photos/20823142/square.jpg	obscured
14068339	motorbikenguyentu	1066052	2018-05-28	observed_on	105.8535985	21.0952437	30415	obscured	casual	https://static.inaturalist.org/photos/20823144/square.jpg	obscured
16413208	imperia	1199101	2018-08-26	observed_on	105.9317721	20.9186051	30434	obscured	casual	https://inaturalist-open-data.s3.amazonaws.com/photos/24691995/square.jpg	obscured
16413209	imperia	1199101	2018-08-26	observed_on	105.9750738	20.8193177	30434	obscured	casual	https://inaturalist-open-data.s3.amazonaws.com/photos/24691999/square.jpg	obscured
16413213	imperia	1199101	2018-08-26	observed_on	105.9126666	20.8822398	30434	obscured	casual	https://inaturalist-open-data.s3.amazonaws.com/photos/24692011/square.jpg	obscured
17338953	tpclean	1265005	2017-08-17	observed_on	105.9558330	21.3595209	30396	obscured	casual	https://inaturalist-open-data.s3.amazonaws.com/photos/26322488/square.jpg	obscured
18156264	c26	1333335	2018-10-27	observed_on	105.9947343	21.1429353	6	obscured	casual	https://static.inaturalist.org/photos/27753923/square.jpg	obscured
18279504	questagame	196849	2018-11-05	observed_on	105.8959197	21.0654957	30415	obscured	needs_id	https://inaturalist-open-data.s3.amazonaws.com/photos/27925888/square.jpeg	obscured
18920270	xenangducminh	1366806	2018-12-09	observed_on	105.9365349	21.0393188	47246	obscured	casual	https://inaturalist-open-data.s3.amazonaws.com/photos/29000549/square.jpg	obscured
19408450	leah85	1003281	2019-01-04	observed_on	105.6393331	21.0358274	26	obscured	casual	https://static.inaturalist.org/photos/29852266/square.jpeg	obscured
20521449	kunkundavinci	1314032	2019-02-21	observed_on	105.9759025	21.1830227	65	obscured	casual	https://static.inaturalist.org/photos/31676895/square.jpg	obscured
20961921	cotranh2006	1076147	2018-12-01	observed_on	105.6528452	21.0924989	30415	obscured	casual	https://inaturalist-open-data.s3.amazonaws.com/photos/32363856/square.jpeg	obscured
26788282	edelaquis	1107593	2015-08-22	observed_on	105.8588524	21.0096305	30415	obscured	casual	https://inaturalist-open-data.s3.amazonaws.com/photos/41616846/square.jpeg	obscured
26976629	groverbrown	385210	2013-02-22	observed_on	105.8650066	21.1963000	15	obscured	research	https://inaturalist-open-data.s3.amazonaws.com/photos/41924899/square.jpg	obscured
27095694	valeriosbordoni	85295	2019-05-24	observed_on	105.8351435	21.1880190	9	obscured	research	https://static.inaturalist.org/photos/42120186/square.jpeg	obscured
27100049	valeriosbordoni	85295	2019-05-30	observed_on	105.8218092	21.0700875	23	obscured	casual	https://static.inaturalist.org/photos/42122903/square.jpeg	obscured
27100050	valeriosbordoni	85295	2019-05-30	observed_on	105.9422055	21.1616137	2	obscured	casual	https://static.inaturalist.org/photos/42122924/square.jpg	obscured
27746355	vivianbrave	1919350	2018-09-20	observed_on	105.6282051	20.8924639	30434	obscured	casual	https://inaturalist-open-data.s3.amazonaws.com/photos/43203959/square.jpg	obscured
27906312	hoanglong109	1774925	2018-12-19	observed_on	105.7570858	21.2634176	203	obscured	needs_id	https://inaturalist-open-data.s3.amazonaws.com/photos/43464521/square.jpg	obscured
29062821	nicochau	678008	2019-07-18	observed_on	105.9215554	21.0783583	4	obscured	research	https://inaturalist-open-data.s3.amazonaws.com/photos/45339966/square.jpeg	obscured
30153086	hoanglong109	1774925	2019-07-30	observed_on	105.7523924	21.2514892	203	obscured	casual	https://inaturalist-open-data.s3.amazonaws.com/photos/47092255/square.jpeg	obscured
32442835	cameronbraun	2235526	2019-07-11	observed_on	105.8981907	21.0113549	6	obscured	casual	https://static.inaturalist.org/photos/50885197/square.jpg	obscured
33222441	datadan	1686887	2019-09-20	observed_on	105.9043469	21.1611878	4	obscured	research	https://inaturalist-open-data.s3.amazonaws.com/photos/52160925/square.jpeg	obscured
33513961	vietanhnguyen	1515465	2019-09-28	observed_on	105.8903649	21.1113084	30415	obscured	casual	https://inaturalist-open-data.s3.amazonaws.com/photos/52642369/square.jpeg	obscured
33514504	vietanhnguyen	1515465	2019-09-28	observed_on	105.8702172	21.0618086	30415	obscured	casual	https://inaturalist-open-data.s3.amazonaws.com/photos/52643347/square.jpeg	obscured
33514593	vietanhnguyen	1515465	2019-09-28	observed_on	105.8138036	21.1384973	9	obscured	casual	https://inaturalist-open-data.s3.amazonaws.com/photos/52643543/square.jpeg	obscured
33514813	vietanhnguyen	1515465	2019-09-28	observed_on	105.8002963	21.1066102	17	obscured	casual	https://inaturalist-open-data.s3.amazonaws.com/photos/52643844/square.jpeg	obscured
33514947	vietanhnguyen	1515465	2019-09-28	observed_on	105.8858118	21.0761576	132	obscured	casual	https://inaturalist-open-data.s3.amazonaws.com/photos/52644034/square.jpeg	obscured
33514999	vietanhnguyen	1515465	2019-09-28	observed_on	105.8863536	21.1073272	33	obscured	casual	https://inaturalist-open-data.s3.amazonaws.com/photos/52644137/square.jpeg	obscured
33515086	vietanhnguyen	1515465	2019-09-28	observed_on	105.9543446	21.1937713	33	obscured	casual	https://inaturalist-open-data.s3.amazonaws.com/photos/52644310/square.jpeg	obscured
33515153	vietanhnguyen	1515465	2019-09-28	observed_on	105.8882896	21.0759508	33	obscured	casual	https://inaturalist-open-data.s3.amazonaws.com/photos/52644506/square.jpeg	obscured
33515260	vietanhnguyen	1515465	2019-09-28	observed_on	105.9267857	21.1474735	66	obscured	casual	https://inaturalist-open-data.s3.amazonaws.com/photos/52644681/square.jpeg	obscured
33515403	vietanhnguyen	1515465	2019-09-28	observed_on	105.9634817	21.1211235	132	obscured	casual	https://inaturalist-open-data.s3.amazonaws.com/photos/52644854/square.jpeg	obscured
33517422	vietanhnguyen	1515465	2019-09-28	observed_on	105.9607840	21.1541757	132	obscured	casual	https://inaturalist-open-data.s3.amazonaws.com/photos/52648000/square.jpeg	obscured
33517486	vietanhnguyen	1515465	2019-09-28	observed_on	105.9769964	21.1207047	66	obscured	casual	https://inaturalist-open-data.s3.amazonaws.com/photos/52648075/square.jpeg	obscured
33517525	vietanhnguyen	1515465	2019-09-28	observed_on	105.8650442	21.1142702	132	obscured	casual	https://inaturalist-open-data.s3.amazonaws.com/photos/52648136/square.jpeg	obscured
33517570	vietanhnguyen	1515465	2019-09-28	observed_on	105.9598540	21.1079897	30415	obscured	casual	https://inaturalist-open-data.s3.amazonaws.com/photos/52648249/square.jpeg	obscured
33518235	vietanhnguyen	1515465	2019-09-28	observed_on	105.9637302	21.0533251	132	obscured	casual	https://inaturalist-open-data.s3.amazonaws.com/photos/52649228/square.jpeg	obscured
33518314	vietanhnguyen	1515465	2019-09-28	observed_on	105.9436069	21.1734085	66	obscured	casual	https://inaturalist-open-data.s3.amazonaws.com/photos/52649339/square.jpeg	obscured
33518342	vietanhnguyen	1515465	2019-09-28	observed_on	105.8023572	21.1965868	66	obscured	casual	https://inaturalist-open-data.s3.amazonaws.com/photos/52649377/square.jpeg	obscured
33518366	vietanhnguyen	1515465	2019-09-28	observed_on	105.9109501	21.1457946	30415	obscured	casual	https://inaturalist-open-data.s3.amazonaws.com/photos/52649427/square.jpeg	obscured
33518420	vietanhnguyen	1515465	2019-09-28	observed_on	105.8679714	21.1264245	30415	obscured	casual	https://inaturalist-open-data.s3.amazonaws.com/photos/52649507/square.jpeg	obscured
33518467	vietanhnguyen	1515465	2019-09-28	observed_on	105.9192265	21.0740054	30415	obscured	casual	https://inaturalist-open-data.s3.amazonaws.com/photos/52649564/square.jpeg	obscured
33518513	vietanhnguyen	1515465	2019-09-28	observed_on	105.8804299	21.0789651	30415	obscured	casual	https://inaturalist-open-data.s3.amazonaws.com/photos/52649681/square.jpeg	obscured
33518670	vietanhnguyen	1515465	2019-09-28	observed_on	105.8279279	21.0033689	66	obscured	casual	https://inaturalist-open-data.s3.amazonaws.com/photos/52649895/square.jpeg	obscured
33519965	vietanhnguyen	1515465	2019-09-28	observed_on	105.9363558	21.1055133	66	obscured	casual	https://inaturalist-open-data.s3.amazonaws.com/photos/52652166/square.jpeg	obscured
33521881	vietanhnguyen	1515465	2019-09-28	observed_on	105.8042661	21.1247610	30415	obscured	casual	https://inaturalist-open-data.s3.amazonaws.com/photos/52655292/square.jpeg	obscured
33531668	vietanhnguyen	1515465	2019-09-28	observed_on	105.9797604	21.0446579	30415	obscured	casual	https://inaturalist-open-data.s3.amazonaws.com/photos/52670868/square.jpeg	obscured
33531887	vietanhnguyen	1515465	2019-09-28	observed_on	105.8372539	21.1023861	132	obscured	casual	https://inaturalist-open-data.s3.amazonaws.com/photos/52671285/square.jpeg	obscured
33532195	vietanhnguyen	1515465	2019-09-28	observed_on	105.8066860	21.0775195	66	obscured	casual	https://inaturalist-open-data.s3.amazonaws.com/photos/52671794/square.jpeg	obscured
33532464	vietanhnguyen	1515465	2019-09-28	observed_on	105.8155508	21.0902063	132	obscured	casual	https://inaturalist-open-data.s3.amazonaws.com/photos/52672175/square.jpeg	obscured
33532806	vietanhnguyen	1515465	2019-09-28	observed_on	105.9112719	21.1760356	132	obscured	casual	https://inaturalist-open-data.s3.amazonaws.com/photos/52672665/square.jpeg	obscured
33533065	vietanhnguyen	1515465	2019-09-28	observed_on	105.9350585	21.0668570	132	obscured	casual	https://inaturalist-open-data.s3.amazonaws.com/photos/52673072/square.jpeg	obscured
34730595	solokultas	1198134	2019-10-22	observed_on	105.9147781	21.1240568	30415	obscured	casual	https://inaturalist-open-data.s3.amazonaws.com/photos/54695589/square.jpeg	obscured
34730868	solokultas	1198134	2019-10-22	observed_on	105.8844688	21.1537553	30415	obscured	casual	https://inaturalist-open-data.s3.amazonaws.com/photos/54696002/square.jpeg	obscured
34975343	stijnvanleene	1127190	2017-04-26	observed_on	105.8437980	21.0101123	5	obscured	needs_id	https://static.inaturalist.org/photos/55114185/square.jpeg	obscured
36238291	cgbc	276276	2018-03-30	observed_on	105.8967907	21.3967252	244	obscured	needs_id	https://inaturalist-open-data.s3.amazonaws.com/photos/57258904/square.jpeg	obscured
36280515	e16	972936	2019-12-01	observed_on	106.0410760	21.3038904	15727	obscured	needs_id	https://inaturalist-open-data.s3.amazonaws.com/photos/57330753/square.jpg	obscured
36609865	e16	972936	2019-12-12	observed_on	106.3969986	21.2425261	15625	obscured	needs_id	https://inaturalist-open-data.s3.amazonaws.com/photos/57892700/square.jpg	obscured
36714933	e16	972936	2019-12-12	observed_on	106.1893375	21.3364163	7813	obscured	casual	https://inaturalist-open-data.s3.amazonaws.com/photos/58078782/square.jpg	obscured
36714934	e16	972936	2019-12-12	observed_on	106.1479372	21.3767105	7813	obscured	casual	https://inaturalist-open-data.s3.amazonaws.com/photos/58078787/square.jpg	obscured
36714935	e16	972936	2019-12-12	observed_on	106.1506476	21.3581123	7813	obscured	casual	https://inaturalist-open-data.s3.amazonaws.com/photos/58078796/square.jpg	obscured
36724167	yulee	1156616	2018-04-02	observed_on	105.7146287	21.3928224	48	obscured	casual	https://inaturalist-open-data.s3.amazonaws.com/photos/58082973/square.jpeg	obscured
36724168	yulee	1156616	2018-04-02	observed_on	105.6842342	21.2773897	41	obscured	research	https://inaturalist-open-data.s3.amazonaws.com/photos/58082991/square.jpeg	obscured
36724170	yulee	1156616	2018-04-02	observed_on	105.6991782	21.2805441	41	obscured	research	https://inaturalist-open-data.s3.amazonaws.com/photos/58082997/square.jpeg	obscured
36724171	yulee	1156616	2018-04-02	observed_on	105.6869194	21.3861494	41	obscured	research	https://inaturalist-open-data.s3.amazonaws.com/photos/58083002/square.jpeg	obscured
36724172	yulee	1156616	2018-04-02	observed_on	105.7012369	21.2508575	41	obscured	research	https://inaturalist-open-data.s3.amazonaws.com/photos/58083007/square.jpeg	obscured
36724173	yulee	1156616	2018-04-02	observed_on	105.7926856	21.2448390	41	obscured	research	https://inaturalist-open-data.s3.amazonaws.com/photos/58083011/square.jpeg	obscured
36724174	yulee	1156616	2018-04-02	observed_on	105.7182700	21.3680494	41	obscured	research	https://inaturalist-open-data.s3.amazonaws.com/photos/58083026/square.jpeg	obscured
36724175	yulee	1156616	2018-04-02	observed_on	105.6357880	21.3051957	41	obscured	research	https://inaturalist-open-data.s3.amazonaws.com/photos/58083031/square.jpeg	obscured
36724176	yulee	1156616	2018-04-02	observed_on	105.6432792	21.2233627	41	obscured	research	https://inaturalist-open-data.s3.amazonaws.com/photos/58083035/square.jpeg	obscured
36724177	yulee	1156616	2018-04-02	observed_on	105.6777311	21.3912002	41	obscured	research	https://inaturalist-open-data.s3.amazonaws.com/photos/58083039/square.jpeg	obscured
36724178	yulee	1156616	2018-04-02	observed_on	105.6973835	21.3292633	41	obscured	research	https://inaturalist-open-data.s3.amazonaws.com/photos/58083042/square.jpeg	obscured
36724179	yulee	1156616	2018-04-02	observed_on	105.7941128	21.3251789	41	obscured	needs_id	https://inaturalist-open-data.s3.amazonaws.com/photos/58083045/square.jpeg	obscured
36724180	yulee	1156616	2018-04-02	observed_on	105.6595693	21.2368872	41	obscured	research	https://inaturalist-open-data.s3.amazonaws.com/photos/58083050/square.jpeg	obscured
36724181	yulee	1156616	2018-04-02	observed_on	105.7146918	21.3840780	41	obscured	research	https://inaturalist-open-data.s3.amazonaws.com/photos/58083062/square.jpeg	obscured
36724182	yulee	1156616	2018-04-02	observed_on	105.6896121	21.2650505	41	obscured	research	https://inaturalist-open-data.s3.amazonaws.com/photos/58083071/square.jpeg	obscured
36724183	yulee	1156616	2018-04-02	observed_on	105.7795553	21.3835725	41	obscured	research	https://inaturalist-open-data.s3.amazonaws.com/photos/58083080/square.jpeg	obscured
36724184	yulee	1156616	2018-04-02	observed_on	105.7951558	21.3431173	41	obscured	research	https://inaturalist-open-data.s3.amazonaws.com/photos/58083084/square.jpeg	obscured
36724185	yulee	1156616	2018-04-02	observed_on	105.6239981	21.3739388	41	obscured	research	https://inaturalist-open-data.s3.amazonaws.com/photos/58083093/square.jpeg	obscured
36724186	yulee	1156616	2018-04-03	observed_on	105.7993748	21.3702937	41	obscured	casual	https://inaturalist-open-data.s3.amazonaws.com/photos/58083122/square.jpeg	obscured
36724187	yulee	1156616	2018-04-03	observed_on	105.6847611	21.2056972	41	obscured	research	https://inaturalist-open-data.s3.amazonaws.com/photos/58083127/square.jpeg	obscured
36724188	yulee	1156616	2018-04-03	observed_on	105.7660616	21.3960988	41	obscured	research	https://inaturalist-open-data.s3.amazonaws.com/photos/58083134/square.jpeg	obscured
36724189	yulee	1156616	2018-04-03	observed_on	105.7475730	21.3236979	46	obscured	research	https://inaturalist-open-data.s3.amazonaws.com/photos/58083148/square.jpeg	obscured
36724190	yulee	1156616	2018-04-03	observed_on	105.6684745	21.2750588	41	obscured	needs_id	https://inaturalist-open-data.s3.amazonaws.com/photos/58083164/square.jpeg	obscured
36724192	yulee	1156616	2018-04-03	observed_on	105.7115638	21.2834970	41	obscured	needs_id	https://inaturalist-open-data.s3.amazonaws.com/photos/58083177/square.jpeg	obscured
36724193	yulee	1156616	2018-04-03	observed_on	105.6840551	21.3063169	41	obscured	needs_id	https://inaturalist-open-data.s3.amazonaws.com/photos/58083181/square.jpeg	obscured
36724194	yulee	1156616	2018-04-03	observed_on	105.6528880	21.3135403	41	obscured	research	https://inaturalist-open-data.s3.amazonaws.com/photos/58083190/square.jpeg	obscured
36724195	yulee	1156616	2018-04-03	observed_on	105.6522061	21.3000697	41	obscured	research	https://inaturalist-open-data.s3.amazonaws.com/photos/58083199/square.jpeg	obscured
36724196	yulee	1156616	2018-04-03	observed_on	105.7404893	21.2253871	41	obscured	research	https://inaturalist-open-data.s3.amazonaws.com/photos/58083224/square.jpeg	obscured
36724197	yulee	1156616	2018-04-03	observed_on	105.6265341	21.3351277	41	obscured	needs_id	https://inaturalist-open-data.s3.amazonaws.com/photos/58083237/square.jpeg	obscured
36724199	yulee	1156616	2018-04-03	observed_on	105.6000279	21.2159232	41	obscured	research	https://inaturalist-open-data.s3.amazonaws.com/photos/58083251/square.jpeg	obscured
36724200	yulee	1156616	2018-04-03	observed_on	105.7426142	21.3467495	41	obscured	needs_id	https://inaturalist-open-data.s3.amazonaws.com/photos/58083259/square.jpeg	obscured
36724201	yulee	1156616	2018-04-03	observed_on	105.6105569	21.2226262	41	obscured	research	https://inaturalist-open-data.s3.amazonaws.com/photos/58083289/square.jpeg	obscured
36724202	yulee	1156616	2018-04-03	observed_on	105.6001510	21.3610325	41	obscured	research	https://inaturalist-open-data.s3.amazonaws.com/photos/58083299/square.jpeg	obscured
36724203	yulee	1156616	2018-04-03	observed_on	105.7263994	21.2149316	41	obscured	needs_id	https://inaturalist-open-data.s3.amazonaws.com/photos/58083321/square.jpeg	obscured
36724204	yulee	1156616	2018-04-03	observed_on	105.6412350	21.2700063	41	obscured	needs_id	https://inaturalist-open-data.s3.amazonaws.com/photos/58083328/square.jpeg	obscured
36724205	yulee	1156616	2018-04-03	observed_on	105.7773857	21.2053656	41	obscured	needs_id	https://inaturalist-open-data.s3.amazonaws.com/photos/58083339/square.jpeg	obscured
36724206	yulee	1156616	2018-04-03	observed_on	105.7455015	21.3070763	41	obscured	research	https://inaturalist-open-data.s3.amazonaws.com/photos/58083357/square.jpeg	obscured
36724207	yulee	1156616	2018-04-03	observed_on	105.7928555	21.2942472	41	obscured	needs_id	https://inaturalist-open-data.s3.amazonaws.com/photos/58083364/square.jpeg	obscured
36724208	yulee	1156616	2018-04-03	observed_on	105.7684112	21.2748067	41	obscured	needs_id	https://inaturalist-open-data.s3.amazonaws.com/photos/58083381/square.jpeg	obscured
36724209	yulee	1156616	2018-04-03	observed_on	105.6609234	21.3335705	41	obscured	research	https://inaturalist-open-data.s3.amazonaws.com/photos/58083387/square.jpeg	obscured
36724210	yulee	1156616	2018-04-03	observed_on	105.7552309	21.2729731	41	obscured	research	https://inaturalist-open-data.s3.amazonaws.com/photos/58083397/square.jpeg	obscured
36724211	yulee	1156616	2018-04-03	observed_on	105.7659280	21.3393595	41	obscured	research	https://inaturalist-open-data.s3.amazonaws.com/photos/58083412/square.jpeg	obscured
36724212	yulee	1156616	2018-04-04	observed_on	105.7590054	21.2098446	245	obscured	research	https://inaturalist-open-data.s3.amazonaws.com/photos/58083424/square.jpeg	obscured
37279854	e16	972936	2020-01-04	observed_on	106.3838112	21.2223204	7813	obscured	needs_id	https://inaturalist-open-data.s3.amazonaws.com/photos/59070782/square.jpg	obscured
37847218	linhgama07	2541548	2020-01-22	observed_on	105.9027389	21.0976862	30415	obscured	casual	https://inaturalist-open-data.s3.amazonaws.com/photos/60079156/square.jpeg	obscured
39372313	eddyborja	2614688	2016-05-21	observed_on	105.6750897	21.0613542	30415	obscured	casual	https://inaturalist-open-data.s3.amazonaws.com/photos/62454091/square.jpg	obscured
41014612	mark_spicer	4168228	2020-03-29	observed_on	105.7875288	21.2280898	205	obscured	research	https://inaturalist-open-data.s3.amazonaws.com/photos/65036589/square.jpeg	obscured
41790304	e16	972936	2020-04-08	observed_on	106.0875174	21.2065695	977	obscured	needs_id	https://inaturalist-open-data.s3.amazonaws.com/photos/66306605/square.jpg	obscured
42163485	e16	972936	2020-04-09	observed_on	106.1828731	21.2446144	3906	obscured	research	https://inaturalist-open-data.s3.amazonaws.com/photos/66930534/square.jpg	obscured
42241423	yazie	2757250	2020-04-15	observed_on	105.7787766	20.8514192	203	obscured	casual	https://inaturalist-open-data.s3.amazonaws.com/photos/67060642/square.jpeg	obscured
44288955	sikim	2367907	2019-06-26	observed_on	105.7502832	21.2934638	17	obscured	research	https://static.inaturalist.org/photos/70217215/square.jpg	obscured
44324815	sikim	2367907	2019-06-26	observed_on	105.6416558	21.2796482	13	obscured	research	https://static.inaturalist.org/photos/70273964/square.jpg	obscured
46352572	sophiaayessa	2874582	2020-05-18	observed_on	105.9396341	21.0705000	24	obscured	casual	https://inaturalist-open-data.s3.amazonaws.com/photos/73518442/square.jpeg	obscured
48405918	sophiaayessa	2874582	2020-06-04	observed_on	105.9073880	21.0188265	65	obscured	casual	https://inaturalist-open-data.s3.amazonaws.com/photos/76804400/square.jpeg	obscured
51143551	jeanhuangca	531309	2020-06-27	observed_on	105.8620975	21.1968168	2069	obscured	research	https://static.inaturalist.org/photos/81240788/square.jpg	obscured
52141866	mosobo	3291871	2012-08-11	observed_on	105.4512676	21.3783308	417854	obscured	casual	https://inaturalist-open-data.s3.amazonaws.com/photos/82870826/square.jpeg	obscured
61946997	thng_lng_quang	3718380	2019-11-13	observed_on	105.9325053	21.1593255	500	obscured	needs_id	https://static.inaturalist.org/photos/99189435/square.jpg	obscured
65062976	gregkom	3314095	2020-11-13	observed_on	105.9519634	21.3650327	17074	obscured	research	https://static.inaturalist.org/photos/104695686/square.jpeg	obscured
65877338	philbenstead	773225	2018-06-07	observed_on	105.3821083	21.0232254	205	obscured	research	https://inaturalist-open-data.s3.amazonaws.com/photos/106106404/square.jpeg	obscured
66475370	rt2535	3895584	2020-11-25	observed_on	105.9831827	21.1451375	28	obscured	casual	https://inaturalist-open-data.s3.amazonaws.com/photos/107171297/square.jpg	obscured
69493940	maxgnolia	3410777	2021-02-13	observed_on	105.6549030	20.6816453	22	obscured	research	https://inaturalist-open-data.s3.amazonaws.com/photos/112770865/square.jpeg	obscured
72863139	tuyetisthebest	3871539	2021-04-04	observed_on	105.8261412	21.0103924	65	obscured	casual	https://inaturalist-open-data.s3.amazonaws.com/photos/118878848/square.jpeg	obscured
74910332	vanangroup88	4270538	2021-04-23	observed_on	105.6037704	20.9142220	192	obscured	casual	https://inaturalist-open-data.s3.amazonaws.com/photos/122492844/square.jpg	obscured
74910565	vanangroup88	4270538	2021-04-23	observed_on	105.6482227	20.9985124	192	obscured	casual	https://inaturalist-open-data.s3.amazonaws.com/photos/122493280/square.jpg	obscured
74912520	vanangroup88	4270538	2021-04-23	observed_on	105.6399046	20.9294960	192	obscured	casual	https://inaturalist-open-data.s3.amazonaws.com/photos/122496380/square.jpg	obscured
74912950	vanangroup88	4270538	2021-04-23	observed_on	105.7018090	20.8391591	192	obscured	casual	https://inaturalist-open-data.s3.amazonaws.com/photos/122497125/square.jpg	obscured
74913281	vanangroup88	4270538	2021-04-23	observed_on	105.7037951	20.8687553	192	obscured	casual	https://inaturalist-open-data.s3.amazonaws.com/photos/122497703/square.jpg	obscured
74913794	vanangroup88	4270538	2021-04-23	observed_on	105.7162099	20.8324569	192	obscured	casual	https://inaturalist-open-data.s3.amazonaws.com/photos/122498635/square.jpg	obscured
78787805	vunguyenkhai_01	4410893	2021-05-15	observed_on	105.8876694	21.0515198	90	obscured	casual	https://inaturalist-open-data.s3.amazonaws.com/photos/128983123/square.jpeg	obscured
79125476	mark_spicer	4168228	2021-05-17	observed_on	105.8612007	21.0554396	1590	obscured	research	https://static.inaturalist.org/photos/129571525/square.jpeg	obscured
84819007	vietanhnguyen	1515465	2021-06-27	observed_on	105.9244929	21.0910389	4	obscured	research	https://inaturalist-open-data.s3.amazonaws.com/photos/139453455/square.jpg	obscured
86823290	vovominh	4400789	2021-07-13	observed_on	105.8755028	21.1351042	13	obscured	needs_id	https://inaturalist-open-data.s3.amazonaws.com/photos/143101162/square.jpeg	obscured
87008754	kovro	742101	2019-07-18	observed_on	105.9530636	21.1714665	30415	obscured	research	https://inaturalist-open-data.s3.amazonaws.com/photos/143431396/square.jpg	obscured
93129338	scarletphan	3498654	2021-08-31	observed_on	105.9631695	21.0901587	47246	obscured	casual	https://inaturalist-open-data.s3.amazonaws.com/photos/154310585/square.jpeg	obscured
96993067	astrapia	2780840	2008-09-01	observed_on	105.9249214	21.1486489	366	obscured	research	https://inaturalist-open-data.s3.amazonaws.com/photos/167959773/square.jpeg	obscured
108103339	namnguyentd	5365678	2022-03-07	observed_on	105.6169877	21.4723428	1043	obscured	research	https://static.inaturalist.org/photos/181947271/square.jpg	obscured
114313546	angeldv	3607896	2020-03-13	observed_on	105.9844993	21.0717284	2440	obscured	casual	https://static.inaturalist.org/photos/193045149/square.jpg	obscured
115005576	ii3rr0r_418	5621932	2022-04-19	observed_on	105.9102893	21.1445348	35	obscured	research	https://inaturalist-open-data.s3.amazonaws.com/photos/194142784/square.jpg	obscured
120192880	vietanhnguyen	1515465	2022-06-04	observed_on	105.9529571	21.1708961	435	obscured	needs_id	https://inaturalist-open-data.s3.amazonaws.com/photos/203251389/square.jpg	obscured
120192882	vietanhnguyen	1515465	2022-06-04	observed_on	105.8882327	21.0240189	435	obscured	needs_id	https://inaturalist-open-data.s3.amazonaws.com/photos/203251980/square.jpg	obscured
120192883	vietanhnguyen	1515465	2022-06-04	observed_on	105.8628784	21.1255422	435	obscured	needs_id	https://inaturalist-open-data.s3.amazonaws.com/photos/203252184/square.jpg	obscured
120192884	vietanhnguyen	1515465	2022-06-04	observed_on	105.9904853	21.1652977	435	obscured	needs_id	https://inaturalist-open-data.s3.amazonaws.com/photos/203252244/square.jpg	obscured
120192885	vietanhnguyen	1515465	2022-06-04	observed_on	105.8828301	21.1152266	435	obscured	needs_id	https://inaturalist-open-data.s3.amazonaws.com/photos/203252293/square.jpg	obscured
120192886	vietanhnguyen	1515465	2022-06-04	observed_on	105.8215856	21.0646265	435	obscured	needs_id	https://inaturalist-open-data.s3.amazonaws.com/photos/203252346/square.jpg	obscured
120192888	vietanhnguyen	1515465	2022-06-04	observed_on	105.8291613	21.1955392	435	obscured	needs_id	https://inaturalist-open-data.s3.amazonaws.com/photos/203252442/square.jpg	obscured
120192889	vietanhnguyen	1515465	2022-06-04	observed_on	105.8072692	21.0768828	435	obscured	needs_id	https://inaturalist-open-data.s3.amazonaws.com/photos/203252558/square.jpg	obscured
120192890	vietanhnguyen	1515465	2022-06-04	observed_on	105.8857470	21.0963278	435	obscured	needs_id	https://inaturalist-open-data.s3.amazonaws.com/photos/203252491/square.jpg	obscured
120192893	vietanhnguyen	1515465	2022-06-04	observed_on	105.8858789	21.0635997	435	obscured	needs_id	https://inaturalist-open-data.s3.amazonaws.com/photos/203252657/square.jpg	obscured
120192894	vietanhnguyen	1515465	2022-06-04	observed_on	105.9267586	21.0653627	435	obscured	needs_id	https://inaturalist-open-data.s3.amazonaws.com/photos/203252745/square.jpg	obscured
120192896	vietanhnguyen	1515465	2022-06-04	observed_on	105.9408281	21.1710932	435	obscured	needs_id	https://inaturalist-open-data.s3.amazonaws.com/photos/203252781/square.jpg	obscured
120192899	vietanhnguyen	1515465	2022-06-04	observed_on	105.9223979	21.0257514	435	obscured	needs_id	https://inaturalist-open-data.s3.amazonaws.com/photos/203252813/square.jpg	obscured
120192900	vietanhnguyen	1515465	2022-06-04	observed_on	105.9151655	21.0738005	435	obscured	research	https://inaturalist-open-data.s3.amazonaws.com/photos/203252884/square.jpg	obscured
120192902	vietanhnguyen	1515465	2022-06-04	observed_on	105.9672597	21.1389300	435	obscured	needs_id	https://inaturalist-open-data.s3.amazonaws.com/photos/203252927/square.jpg	obscured
120192904	vietanhnguyen	1515465	2022-06-04	observed_on	105.8293169	21.1986937	435	obscured	needs_id	https://inaturalist-open-data.s3.amazonaws.com/photos/203252949/square.jpg	obscured
120192906	vietanhnguyen	1515465	2022-06-04	observed_on	105.8832160	21.1139388	435	obscured	needs_id	https://inaturalist-open-data.s3.amazonaws.com/photos/203253093/square.jpg	obscured
120192908	vietanhnguyen	1515465	2022-06-04	observed_on	105.8685330	21.0575467	435	obscured	needs_id	https://inaturalist-open-data.s3.amazonaws.com/photos/203253106/square.jpg	obscured
120192909	vietanhnguyen	1515465	2022-06-04	observed_on	105.8697436	21.0818711	435	obscured	needs_id	https://inaturalist-open-data.s3.amazonaws.com/photos/203253307/square.jpg	obscured
120192911	vietanhnguyen	1515465	2022-06-04	observed_on	105.8992583	21.1639878	435	obscured	needs_id	https://inaturalist-open-data.s3.amazonaws.com/photos/203253315/square.jpg	obscured
120192915	vietanhnguyen	1515465	2022-06-04	observed_on	105.8041424	21.0836483	435	obscured	needs_id	https://inaturalist-open-data.s3.amazonaws.com/photos/203253384/square.jpg	obscured
120192919	vietanhnguyen	1515465	2022-06-04	observed_on	105.8146872	21.0366263	435	obscured	needs_id	https://inaturalist-open-data.s3.amazonaws.com/photos/203253430/square.jpg	obscured
120192920	vietanhnguyen	1515465	2022-06-04	observed_on	105.8001006	21.0148290	435	obscured	needs_id	https://inaturalist-open-data.s3.amazonaws.com/photos/203253470/square.jpg	obscured
120192925	vietanhnguyen	1515465	2022-06-04	observed_on	105.9780501	21.0777933	435	obscured	research	https://inaturalist-open-data.s3.amazonaws.com/photos/203253546/square.jpg	obscured
120192926	vietanhnguyen	1515465	2022-06-04	observed_on	105.8196574	21.0216894	435	obscured	needs_id	https://inaturalist-open-data.s3.amazonaws.com/photos/203253545/square.jpg	obscured
120192927	vietanhnguyen	1515465	2022-06-04	observed_on	105.8460585	21.0018283	435	obscured	research	https://inaturalist-open-data.s3.amazonaws.com/photos/203253641/square.jpg	obscured
120192928	vietanhnguyen	1515465	2022-06-04	observed_on	105.8667527	21.0063126	435	obscured	needs_id	https://inaturalist-open-data.s3.amazonaws.com/photos/203253615/square.jpg	obscured
120192933	vietanhnguyen	1515465	2022-06-04	observed_on	105.8270182	21.1656993	435	obscured	needs_id	https://inaturalist-open-data.s3.amazonaws.com/photos/203253659/square.jpg	obscured
120192934	vietanhnguyen	1515465	2022-06-04	observed_on	105.9566387	21.0342799	435	obscured	needs_id	https://inaturalist-open-data.s3.amazonaws.com/photos/203253708/square.jpg	obscured
120192936	vietanhnguyen	1515465	2022-06-04	observed_on	105.9437886	21.1138837	435	obscured	needs_id	https://inaturalist-open-data.s3.amazonaws.com/photos/203253720/square.jpg	obscured
120192945	vietanhnguyen	1515465	2022-06-04	observed_on	105.8401132	21.0635161	435	obscured	research	https://inaturalist-open-data.s3.amazonaws.com/photos/203253767/square.jpg	obscured
120192946	vietanhnguyen	1515465	2022-06-04	observed_on	105.9483592	21.0753087	435	obscured	needs_id	https://inaturalist-open-data.s3.amazonaws.com/photos/203253860/square.jpg	obscured
120192950	vietanhnguyen	1515465	2022-06-04	observed_on	105.8231219	21.1027915	435	obscured	research	https://inaturalist-open-data.s3.amazonaws.com/photos/203253877/square.jpg	obscured
120192951	vietanhnguyen	1515465	2022-06-04	observed_on	105.8434278	21.0845035	435	obscured	needs_id	https://inaturalist-open-data.s3.amazonaws.com/photos/203253943/square.jpg	obscured
120192952	vietanhnguyen	1515465	2022-06-04	observed_on	105.9812686	21.0557230	435	obscured	needs_id	https://inaturalist-open-data.s3.amazonaws.com/photos/203253964/square.jpg	obscured
120192956	vietanhnguyen	1515465	2022-06-04	observed_on	105.8082674	21.1687613	435	obscured	needs_id	https://inaturalist-open-data.s3.amazonaws.com/photos/203253978/square.jpg	obscured
120192961	vietanhnguyen	1515465	2022-06-04	observed_on	105.8469082	21.1358541	435	obscured	needs_id	https://inaturalist-open-data.s3.amazonaws.com/photos/203254014/square.jpg	obscured
120192965	vietanhnguyen	1515465	2022-06-04	observed_on	105.8906681	21.0310577	435	obscured	needs_id	https://inaturalist-open-data.s3.amazonaws.com/photos/203254053/square.jpg	obscured
120192967	vietanhnguyen	1515465	2022-06-04	observed_on	105.8309927	21.1184975	435	obscured	needs_id	https://inaturalist-open-data.s3.amazonaws.com/photos/203254094/square.jpg	obscured
120192975	vietanhnguyen	1515465	2022-06-04	observed_on	105.8176824	21.0661496	435	obscured	needs_id	https://inaturalist-open-data.s3.amazonaws.com/photos/203254164/square.jpg	obscured
120192976	vietanhnguyen	1515465	2022-06-04	observed_on	105.8619978	21.0571617	435	obscured	needs_id	https://inaturalist-open-data.s3.amazonaws.com/photos/203254124/square.jpg	obscured
123336552	nht_anh	5851016	2022-06-25	observed_on	105.3510431	21.1062246	203	obscured	research	https://static.inaturalist.org/photos/208930405/square.jpeg	obscured
125405366	namnguyentd	5365678	2022-07-09	observed_on	105.7263260	21.4593691	788	obscured	research	https://static.inaturalist.org/photos/212665801/square.jpg	obscured
126801245	huyct	165767	2022-07-18	observed_on	105.8204841	21.0729686	14	obscured	needs_id	https://inaturalist-open-data.s3.amazonaws.com/photos/215190040/square.jpg	obscured
129117841	namnguyentd	5365678	2022-01-10	observed_on	105.7407696	21.3620628	529	obscured	casual	https://static.inaturalist.org/photos/219385847/square.jpg	obscured
129986891	namnguyentd	5365678	2022-08-08	observed_on	105.7618482	21.4120947	930	obscured	research	https://static.inaturalist.org/photos/220986539/square.jpg	obscured
130896489	pseudoryx	4959614	2022-07-12	observed_on	105.8471231	21.0087826	163	obscured	research	https://inaturalist-open-data.s3.amazonaws.com/photos/222674436/square.jpg	obscured
130936136	akornblue	6023949	2022-08-15	observed_on	105.7693427	21.1192230	43	obscured	casual	https://inaturalist-open-data.s3.amazonaws.com/photos/222746423/square.jpg	obscured
134377563	huyct	165767	2022-07-05	observed_on	105.8768131	21.0787483	14	obscured	needs_id	https://inaturalist-open-data.s3.amazonaws.com/photos/229040907/square.jpg	obscured
135745283	hynavera	5341279	2022-09-09	observed_on	105.8090647	21.1571975	1016	obscured	casual	https://static.inaturalist.org/photos/231572792/square.jpeg	obscured
135745480	hynavera	5341279	2022-09-09	observed_on	105.8363389	21.1781139	1014	obscured	casual	https://static.inaturalist.org/photos/231573207/square.jpeg	obscured
135745827	hynavera	5341279	2022-09-09	observed_on	105.9498770	21.0648951	1014	obscured	casual	https://static.inaturalist.org/photos/231573933/square.jpeg	obscured
135990882	scarletphan	3498654	2022-09-22	observed_on	105.8472527	20.8804682	30434	obscured	needs_id	https://inaturalist-open-data.s3.amazonaws.com/photos/232029775/square.jpeg	obscured
136140929	scarletphan	3498654	2022-09-23	observed_on	105.8603976	21.1105352	30415	obscured	research	https://inaturalist-open-data.s3.amazonaws.com/photos/232307167/square.jpeg	obscured
139595599	scarletphan	3498654	2022-10-22	observed_on	105.9980981	20.9474806	30434	obscured	research	https://inaturalist-open-data.s3.amazonaws.com/photos/238793981/square.jpeg	obscured
141159906	scarletphan	3498654	2022-11-05	observed_on	105.8869545	21.1024763	30415	obscured	research	https://inaturalist-open-data.s3.amazonaws.com/photos/241760132/square.jpeg	obscured
142427672	dougnaturalist	550350	2022-11-20	observed_on	105.9016381	21.0802961	38	obscured	research	https://static.inaturalist.org/photos/244176603/square.jpg	obscured
142799085	scarletphan	3498654	2022-11-25	observed_on	105.9844967	20.8672419	30434	obscured	needs_id	https://inaturalist-open-data.s3.amazonaws.com/photos/244885889/square.jpeg	obscured
144779019	tommyvu	6276843	2022-12-21	observed_on	105.6207316	21.0109808	3	obscured	casual	https://inaturalist-open-data.s3.amazonaws.com/photos/248563061/square.jpg	obscured
145349185	bridelia	2513331	2022-12-21	observed_on	105.3304955	21.1062942	689	obscured	needs_id	https://static.inaturalist.org/photos/249640634/square.jpeg	obscured
145350079	bridelia	2513331	2022-12-22	observed_on	105.3411612	21.1993830	2345	obscured	needs_id	https://static.inaturalist.org/photos/249642801/square.jpeg	obscured
145660462	bridelia	2513331	2022-12-22	observed_on	105.3156037	21.1341610	4018	obscured	needs_id	https://static.inaturalist.org/photos/250240673/square.jpeg	obscured
145660463	bridelia	2513331	2022-12-22	observed_on	105.3401573	21.0794185	2877	obscured	needs_id	https://static.inaturalist.org/photos/250242736/square.jpeg	obscured
145660465	bridelia	2513331	2022-12-22	observed_on	105.3725306	21.0975888	4125	obscured	needs_id	https://static.inaturalist.org/photos/250243790/square.jpeg	obscured
145660466	bridelia	2513331	2022-12-22	observed_on	105.3521962	21.1374668	2806	obscured	needs_id	https://static.inaturalist.org/photos/250244207/square.jpeg	obscured
145660467	bridelia	2513331	2022-12-22	observed_on	105.3651721	21.1337762	3162	obscured	needs_id	https://static.inaturalist.org/photos/250244802/square.jpeg	obscured
145660470	bridelia	2513331	2022-12-22	observed_on	105.3708129	21.1468561	3091	obscured	needs_id	https://static.inaturalist.org/photos/250245092/square.jpeg	obscured
145663044	bridelia	2513331	2022-12-22	observed_on	105.3635584	21.0378327	2042	obscured	needs_id	https://static.inaturalist.org/photos/250249496/square.jpeg	obscured
145670905	bridelia	2513331	2022-12-22	observed_on	105.3014060	21.1601715	3326	obscured	needs_id	https://static.inaturalist.org/photos/250252252/square.jpeg	obscured
145670908	bridelia	2513331	2022-12-22	observed_on	105.3595830	21.1100668	3615	obscured	needs_id	https://static.inaturalist.org/photos/250260036/square.jpeg	obscured
145670911	bridelia	2513331	2022-12-22	observed_on	105.3124437	21.1003492	4472	obscured	needs_id	https://static.inaturalist.org/photos/250261013/square.jpeg	obscured
145670914	bridelia	2513331	2022-12-22	observed_on	105.3396512	21.1613809	3402	obscured	needs_id	https://static.inaturalist.org/photos/250263814/square.jpeg	obscured
145674619	bridelia	2513331	2022-12-22	observed_on	105.3565922	21.1051121	1310	obscured	needs_id	https://static.inaturalist.org/photos/250270056/square.jpeg	obscured
145674620	bridelia	2513331	2022-12-22	observed_on	105.3710553	21.1192165	3393	obscured	needs_id	https://static.inaturalist.org/photos/250270220/square.jpeg	obscured
145674622	bridelia	2513331	2022-12-22	observed_on	105.3648135	21.0822671	3590	obscured	needs_id	https://static.inaturalist.org/photos/250270381/square.jpeg	obscured
145733673	bridelia	2513331	2022-12-22	observed_on	105.3146470	21.0510466	2383	obscured	needs_id	https://static.inaturalist.org/photos/250385115/square.jpeg	obscured
145733674	bridelia	2513331	2022-12-22	observed_on	105.3167192	21.1509773	2080	obscured	research	https://static.inaturalist.org/photos/250384860/square.jpeg	obscured
145733675	bridelia	2513331	2022-12-22	observed_on	105.3964905	21.1856888	2348	obscured	needs_id	https://static.inaturalist.org/photos/250384922/square.jpeg	obscured
145733679	bridelia	2513331	2022-12-22	observed_on	105.3606386	21.1750163	2365	obscured	needs_id	https://static.inaturalist.org/photos/250385564/square.jpeg	obscured
145733680	bridelia	2513331	2022-12-22	observed_on	105.3341176	21.0767556	2080	obscured	needs_id	https://static.inaturalist.org/photos/250385689/square.jpeg	obscured
145733683	bridelia	2513331	2022-12-22	observed_on	105.3284043	21.0460496	1884	obscured	needs_id	https://static.inaturalist.org/photos/250385831/square.jpeg	obscured
145733686	bridelia	2513331	2022-12-22	observed_on	105.3145409	21.0766895	2258	obscured	needs_id	https://static.inaturalist.org/photos/250385920/square.jpeg	obscured
145733688	bridelia	2513331	2022-12-22	observed_on	105.3952133	21.1273016	2419	obscured	needs_id	https://static.inaturalist.org/photos/250386101/square.jpeg	obscured
145733689	bridelia	2513331	2022-12-22	observed_on	105.3969487	21.0880736	2241	obscured	needs_id	https://static.inaturalist.org/photos/250386177/square.jpeg	obscured
145733690	bridelia	2513331	2022-12-22	observed_on	105.3671462	21.1490199	2116	obscured	needs_id	https://static.inaturalist.org/photos/250386260/square.jpeg	obscured
145733693	bridelia	2513331	2022-12-22	observed_on	105.3772564	21.1177315	2062	obscured	research	https://static.inaturalist.org/photos/250386380/square.jpeg	obscured
145733695	bridelia	2513331	2022-12-22	observed_on	105.3136312	21.0238290	1848	obscured	needs_id	https://static.inaturalist.org/photos/250386449/square.jpeg	obscured
145733696	bridelia	2513331	2022-12-22	observed_on	105.3211590	21.0303648	2472	obscured	needs_id	https://static.inaturalist.org/photos/250386468/square.jpeg	obscured
145733697	bridelia	2513331	2022-12-22	observed_on	105.3824288	21.1153281	2134	obscured	needs_id	https://static.inaturalist.org/photos/250386586/square.jpeg	obscured
145733698	bridelia	2513331	2022-12-22	observed_on	105.3827621	21.1576714	1973	obscured	research	https://static.inaturalist.org/photos/250386675/square.jpeg	obscured
145733699	bridelia	2513331	2022-12-22	observed_on	105.3748485	21.1823027	2098	obscured	needs_id	https://static.inaturalist.org/photos/250386753/square.jpeg	obscured
145746663	bridelia	2513331	2022-12-22	observed_on	105.3013450	21.1681539	3076	obscured	needs_id	https://static.inaturalist.org/photos/250410686/square.jpeg	obscured
145746668	bridelia	2513331	2022-12-22	observed_on	105.3455807	21.1650546	4197	obscured	needs_id	https://static.inaturalist.org/photos/250410844/square.jpeg	obscured
145746672	bridelia	2513331	2022-12-22	observed_on	105.3817059	21.1767576	3912	obscured	needs_id	https://static.inaturalist.org/photos/250411043/square.jpeg	obscured
145746675	bridelia	2513331	2022-12-22	observed_on	105.3377946	21.1040390	3769	obscured	needs_id	https://static.inaturalist.org/photos/250411335/square.jpeg	obscured
145754900	bridelia	2513331	2022-12-22	observed_on	105.3973720	21.0324346	3876	obscured	needs_id	https://static.inaturalist.org/photos/250423749/square.jpeg	obscured
145754904	bridelia	2513331	2022-12-22	observed_on	105.3291110	21.0447675	4589	obscured	research	https://static.inaturalist.org/photos/250423879/square.jpeg	obscured
145754907	bridelia	2513331	2022-12-22	observed_on	105.3377977	21.0014398	4115	obscured	research	https://static.inaturalist.org/photos/250424007/square.jpeg	obscured
145754909	bridelia	2513331	2022-12-22	observed_on	105.3849400	21.1290687	3473	obscured	needs_id	https://static.inaturalist.org/photos/250424167/square.jpeg	obscured
145754917	bridelia	2513331	2022-12-22	observed_on	105.3061831	21.1557840	4900	obscured	needs_id	https://static.inaturalist.org/photos/250424442/square.jpeg	obscured
145754923	bridelia	2513331	2022-12-22	observed_on	105.3037945	21.0405865	4187	obscured	needs_id	https://static.inaturalist.org/photos/250424683/square.jpeg	obscured
145754925	bridelia	2513331	2022-12-22	observed_on	105.3026633	21.0736179	3830	obscured	research	https://static.inaturalist.org/photos/250427121/square.jpeg	obscured
145825332	bridelia	2513331	2022-12-23	observed_on	105.3915225	21.1013364	2276	obscured	needs_id	https://static.inaturalist.org/photos/250558553/square.jpeg	obscured
145825339	bridelia	2513331	2022-12-23	observed_on	105.3751569	21.0387368	3270	obscured	needs_id	https://static.inaturalist.org/photos/250559472/square.jpeg	obscured
145825340	bridelia	2513331	2022-12-22	observed_on	105.3243952	21.1814787	3448	obscured	research	https://static.inaturalist.org/photos/250559525/square.jpeg	obscured
145825341	bridelia	2513331	2022-12-23	observed_on	105.3928067	21.1692727	3591	obscured	needs_id	https://static.inaturalist.org/photos/250559561/square.jpeg	obscured
145825345	bridelia	2513331	2022-12-23	observed_on	105.3908017	21.0953995	2735	obscured	needs_id	https://static.inaturalist.org/photos/250559684/square.jpeg	obscured
145825346	bridelia	2513331	2022-12-23	observed_on	105.3975063	21.1273622	2949	obscured	needs_id	https://static.inaturalist.org/photos/250559697/square.jpeg	obscured
145825347	bridelia	2513331	2022-12-23	observed_on	105.3404208	21.1150883	3198	obscured	needs_id	https://static.inaturalist.org/photos/250559886/square.jpeg	obscured
145825348	bridelia	2513331	2022-12-23	observed_on	105.3422457	21.1665486	3198	obscured	needs_id	https://static.inaturalist.org/photos/250563047/square.jpeg	obscured
145891185	bridelia	2513331	2022-12-22	observed_on	105.3668581	21.1283965	1221	obscured	needs_id	https://static.inaturalist.org/photos/250693756/square.jpeg	obscured
145891187	bridelia	2513331	2022-12-23	observed_on	105.3972542	21.1660541	1777	obscured	needs_id	https://static.inaturalist.org/photos/250693995/square.jpeg	obscured
145891188	bridelia	2513331	2022-12-23	observed_on	105.3483010	21.0160300	1331	obscured	needs_id	https://static.inaturalist.org/photos/250694008/square.jpeg	obscured
145891189	bridelia	2513331	2022-12-23	observed_on	105.3147764	21.0645891	1777	obscured	needs_id	https://static.inaturalist.org/photos/250694033/square.jpeg	obscured
145891190	bridelia	2513331	2022-12-23	observed_on	105.3832851	21.1465920	1545	obscured	needs_id	https://static.inaturalist.org/photos/250694035/square.jpeg	obscured
145891191	bridelia	2513331	2022-12-23	observed_on	105.3155552	21.0963643	1545	obscured	research	https://static.inaturalist.org/photos/250694063/square.jpeg	obscured
145891192	bridelia	2513331	2022-12-23	observed_on	105.3205338	21.1913474	1438	obscured	needs_id	https://static.inaturalist.org/photos/250694121/square.jpeg	obscured
145891193	bridelia	2513331	2022-12-23	observed_on	105.3033787	21.0312604	1135	obscured	needs_id	https://static.inaturalist.org/photos/250694189/square.jpeg	obscured
145891194	bridelia	2513331	2022-12-23	observed_on	105.3036968	21.1971237	1438	obscured	needs_id	https://static.inaturalist.org/photos/250694389/square.jpeg	obscured
145891196	bridelia	2513331	2022-12-22	observed_on	105.3684880	21.0406464	1010	obscured	research	https://static.inaturalist.org/photos/250694563/square.jpeg	obscured
146457394	ad-d-phuongquach	6387363	2023-01-13	observed_on	105.3613396	21.3430477	35	obscured	casual	https://inaturalist-open-data.s3.amazonaws.com/photos/252484066/square.jpeg	obscured
146457396	ad-d-phuongquach	6387363	2023-01-13	observed_on	105.3393924	21.2529416	35	obscured	casual	https://inaturalist-open-data.s3.amazonaws.com/photos/252484048/square.jpeg	obscured
147611966	bridelia	2513331	2022-12-22	observed_on	105.3553204	21.0319083	2065	obscured	needs_id	https://static.inaturalist.org/photos/254023443/square.jpeg	obscured
147611968	bridelia	2513331	2022-12-23	observed_on	105.3301064	21.1034185	2116	obscured	needs_id	https://static.inaturalist.org/photos/254023682/square.jpeg	obscured
147611971	bridelia	2513331	2022-12-23	observed_on	105.3723242	21.1571526	2259	obscured	needs_id	https://static.inaturalist.org/photos/254023768/square.jpeg	obscured
147611972	bridelia	2513331	2022-12-23	observed_on	105.3596534	21.0263338	1902	obscured	needs_id	https://static.inaturalist.org/photos/254023823/square.jpeg	obscured
147611978	bridelia	2513331	2022-12-23	observed_on	105.3464394	21.1428210	2169	obscured	needs_id	https://static.inaturalist.org/photos/254024357/square.jpeg	obscured
147611979	bridelia	2513331	2022-12-23	observed_on	105.3628684	21.0444048	2134	obscured	needs_id	https://static.inaturalist.org/photos/254024836/square.jpeg	obscured
147611984	bridelia	2513331	2022-12-22	observed_on	105.3113210	21.0630346	2098	obscured	needs_id	https://static.inaturalist.org/photos/254024793/square.jpeg	obscured
147611993	bridelia	2513331	2022-12-23	observed_on	105.3115739	21.0648282	2080	obscured	needs_id	https://static.inaturalist.org/photos/254026207/square.jpeg	obscured
147611994	bridelia	2513331	2022-12-23	observed_on	105.3653426	21.0578396	2027	obscured	needs_id	https://static.inaturalist.org/photos/254025713/square.jpeg	obscured
147612002	bridelia	2513331	2022-12-22	observed_on	105.3075795	21.1358740	1955	obscured	needs_id	https://static.inaturalist.org/photos/254026597/square.jpeg	obscured
147612005	bridelia	2513331	2022-12-23	observed_on	105.3079193	21.1831571	1991	obscured	needs_id	https://static.inaturalist.org/photos/254026912/square.jpeg	obscured
147612012	bridelia	2513331	2022-12-23	observed_on	105.3913131	21.0874628	1866	obscured	needs_id	https://static.inaturalist.org/photos/254027079/square.jpeg	obscured
147612013	bridelia	2513331	2022-12-23	observed_on	105.3524658	21.1113622	1492	obscured	needs_id	https://static.inaturalist.org/photos/254027059/square.jpeg	obscured
147612015	bridelia	2513331	2022-12-22	observed_on	105.3892516	21.1995688	1884	obscured	needs_id	https://static.inaturalist.org/photos/254027129/square.jpeg	obscured
147612020	bridelia	2513331	2022-12-22	observed_on	105.3135278	21.1735747	1848	obscured	needs_id	https://static.inaturalist.org/photos/254027184/square.jpeg	obscured
147612030	bridelia	2513331	2022-12-23	observed_on	105.3481204	21.1237067	1724	obscured	needs_id	https://static.inaturalist.org/photos/254027611/square.jpeg	obscured
147612031	bridelia	2513331	2022-12-23	observed_on	105.3311226	21.1967558	1795	obscured	needs_id	https://static.inaturalist.org/photos/254027750/square.jpeg	obscured
147612032	bridelia	2513331	2022-12-23	observed_on	105.3153022	21.0236026	1278	obscured	needs_id	https://static.inaturalist.org/photos/254027816/square.jpeg	obscured
147612038	bridelia	2513331	2022-12-23	observed_on	105.3947407	21.0818310	1581	obscured	needs_id	https://static.inaturalist.org/photos/254028102/square.jpeg	obscured
147612042	bridelia	2513331	2022-12-23	observed_on	105.3658925	21.1795021	1438	obscured	needs_id	https://static.inaturalist.org/photos/254028147/square.jpeg	obscured
147612055	bridelia	2513331	2022-12-23	observed_on	105.3085010	21.0063943	1741	obscured	needs_id	https://static.inaturalist.org/photos/254029128/square.jpeg	obscured
147612061	bridelia	2513331	2022-12-23	observed_on	105.3211303	21.0953571	1848	obscured	needs_id	https://static.inaturalist.org/photos/254029413/square.jpeg	obscured
147694589	bridelia	2513331	2022-12-22	observed_on	105.3695887	21.1034193	4380	obscured	research	https://static.inaturalist.org/photos/254182651/square.jpeg	obscured
147694590	bridelia	2513331	2022-12-22	observed_on	105.3479824	21.0305984	4380	obscured	needs_id	https://static.inaturalist.org/photos/254182716/square.jpeg	obscured
147694591	bridelia	2513331	2022-12-23	observed_on	105.3792121	21.1604584	4380	obscured	needs_id	https://static.inaturalist.org/photos/254182912/square.jpeg	obscured
147694592	bridelia	2513331	2022-12-23	observed_on	105.3552828	21.0079324	4380	obscured	needs_id	https://static.inaturalist.org/photos/254182865/square.jpeg	obscured
147694593	bridelia	2513331	2022-12-23	observed_on	105.3054746	21.0198900	4380	obscured	research	https://static.inaturalist.org/photos/254314378/square.jpeg	obscured
147694594	bridelia	2513331	2022-12-22	observed_on	105.3046478	21.0921203	4380	obscured	research	https://static.inaturalist.org/photos/254183061/square.jpeg	obscured
147694596	bridelia	2513331	2022-12-22	observed_on	105.3883484	21.0236571	4380	obscured	needs_id	https://static.inaturalist.org/photos/254183136/square.jpeg	obscured
147694602	bridelia	2513331	2022-12-23	observed_on	105.3623403	21.0371436	4380	obscured	needs_id	https://static.inaturalist.org/photos/254183377/square.jpeg	obscured
147694603	bridelia	2513331	2022-12-23	observed_on	105.3695161	21.1560316	4380	obscured	needs_id	https://static.inaturalist.org/photos/254183385/square.jpeg	obscured
147694607	bridelia	2513331	2022-12-23	observed_on	105.3040601	21.0369394	4380	obscured	needs_id	https://static.inaturalist.org/photos/254183489/square.jpeg	obscured
147694610	bridelia	2513331	2022-12-23	observed_on	105.3119582	21.1444505	4380	obscured	needs_id	https://static.inaturalist.org/photos/254183526/square.jpeg	obscured
147694612	bridelia	2513331	2022-12-23	observed_on	105.3800653	21.0763348	4380	obscured	needs_id	https://static.inaturalist.org/photos/254183688/square.jpeg	obscured
147694613	bridelia	2513331	2022-12-23	observed_on	105.3015385	21.1560779	4380	obscured	needs_id	https://static.inaturalist.org/photos/254183868/square.jpeg	obscured
147694614	bridelia	2513331	2022-12-23	observed_on	105.3743852	21.1052632	4380	obscured	needs_id	https://static.inaturalist.org/photos/254183886/square.jpeg	obscured
147694615	bridelia	2513331	2022-12-22	observed_on	105.3191331	21.0712093	4380	obscured	research	https://static.inaturalist.org/photos/254183929/square.jpeg	obscured
147694616	bridelia	2513331	2022-12-23	observed_on	105.3801950	21.1634503	4380	obscured	needs_id	https://static.inaturalist.org/photos/254183986/square.jpeg	obscured
147694617	bridelia	2513331	2022-12-23	observed_on	105.3259257	21.0825011	4380	obscured	needs_id	https://static.inaturalist.org/photos/254184006/square.jpeg	obscured
147694620	bridelia	2513331	2022-12-23	observed_on	105.3236967	21.1419643	4380	obscured	needs_id	https://static.inaturalist.org/photos/254184090/square.jpeg	obscured
147694622	bridelia	2513331	2022-12-23	observed_on	105.3835213	21.0820294	4380	obscured	needs_id	https://static.inaturalist.org/photos/254314596/square.jpeg	obscured
147694623	bridelia	2513331	2022-12-22	observed_on	105.3236832	21.0507961	4380	obscured	needs_id	https://static.inaturalist.org/photos/254184218/square.jpeg	obscured
147694625	bridelia	2513331	2022-12-23	observed_on	105.3773943	21.0094353	4380	obscured	needs_id	https://static.inaturalist.org/photos/254184385/square.jpeg	obscured
147694627	bridelia	2513331	2022-12-22	observed_on	105.3928899	21.1580441	4380	obscured	needs_id	https://static.inaturalist.org/photos/254184474/square.jpeg	obscured
147694628	bridelia	2513331	2022-12-23	observed_on	105.3767945	21.1753442	4380	obscured	needs_id	https://static.inaturalist.org/photos/254184489/square.jpeg	obscured
147694632	bridelia	2513331	2022-12-23	observed_on	105.3877536	21.1775588	4380	obscured	needs_id	https://static.inaturalist.org/photos/254184737/square.jpeg	obscured
147694635	bridelia	2513331	2022-12-23	observed_on	105.3990505	21.0178591	4380	obscured	needs_id	https://static.inaturalist.org/photos/254184821/square.jpeg	obscured
147694638	bridelia	2513331	2022-12-22	observed_on	105.3218258	21.0848952	4380	obscured	needs_id	https://static.inaturalist.org/photos/254184865/square.jpeg	obscured
147694641	bridelia	2513331	2022-12-23	observed_on	105.3532534	21.1655448	4380	obscured	needs_id	https://static.inaturalist.org/photos/254184951/square.jpeg	obscured
147694642	bridelia	2513331	2022-12-23	observed_on	105.3154616	21.1851729	4380	obscured	needs_id	https://static.inaturalist.org/photos/254184977/square.jpeg	obscured
147694643	bridelia	2513331	2022-12-23	observed_on	105.3270151	21.0844931	4380	obscured	needs_id	https://static.inaturalist.org/photos/254185006/square.jpeg	obscured
147694650	bridelia	2513331	2022-12-23	observed_on	105.3784357	21.1886024	4380	obscured	needs_id	https://static.inaturalist.org/photos/254185368/square.jpeg	obscured
147694651	bridelia	2513331	2022-12-23	observed_on	105.3373842	21.1608897	4380	obscured	needs_id	https://static.inaturalist.org/photos/254185409/square.jpeg	obscured
147694652	bridelia	2513331	2022-12-22	observed_on	105.3113600	21.0738991	4380	obscured	needs_id	https://static.inaturalist.org/photos/254185468/square.jpeg	obscured
147694654	bridelia	2513331	2022-12-23	observed_on	105.3129365	21.0292637	4380	obscured	needs_id	https://static.inaturalist.org/photos/254185526/square.jpeg	obscured
147694655	bridelia	2513331	2022-12-23	observed_on	105.3242068	21.1150011	4380	obscured	needs_id	https://static.inaturalist.org/photos/254185542/square.jpeg	obscured
147694657	bridelia	2513331	2022-12-23	observed_on	105.3767663	21.1292470	4380	obscured	needs_id	https://static.inaturalist.org/photos/254185567/square.jpeg	obscured
147694659	bridelia	2513331	2022-12-23	observed_on	105.3813459	21.0802949	4380	obscured	needs_id	https://static.inaturalist.org/photos/254185630/square.jpeg	obscured
147694661	bridelia	2513331	2022-12-22	observed_on	105.3727701	21.0312995	4380	obscured	research	https://static.inaturalist.org/photos/254185654/square.jpeg	obscured
147766658	bridelia	2513331	2022-12-23	observed_on	105.3105021	21.0079196	2954	obscured	needs_id	https://static.inaturalist.org/photos/254322430/square.jpeg	obscured
147766659	bridelia	2513331	2022-12-23	observed_on	105.3832906	21.1000950	2954	obscured	needs_id	https://static.inaturalist.org/photos/254322436/square.jpeg	obscured
147766661	bridelia	2513331	2022-12-23	observed_on	105.3384963	21.1107850	2954	obscured	needs_id	https://static.inaturalist.org/photos/254322472/square.jpeg	obscured
147766669	bridelia	2513331	2022-12-23	observed_on	105.3373778	21.0178895	2954	obscured	needs_id	https://static.inaturalist.org/photos/254322650/square.jpeg	obscured
147766675	bridelia	2513331	2022-12-23	observed_on	105.3245555	21.0594276	2954	obscured	needs_id	https://static.inaturalist.org/photos/254322724/square.jpeg	obscured
147766676	bridelia	2513331	2022-12-23	observed_on	105.3240039	21.0928569	2954	obscured	needs_id	https://static.inaturalist.org/photos/254322730/square.jpeg	obscured
147766682	bridelia	2513331	2022-12-23	observed_on	105.3853538	21.0376483	2954	obscured	needs_id	https://static.inaturalist.org/photos/254323575/square.jpeg	obscured
147766683	bridelia	2513331	2022-12-23	observed_on	105.3885333	21.0164419	2954	obscured	needs_id	https://static.inaturalist.org/photos/254323584/square.jpeg	obscured
147766692	bridelia	2513331	2022-12-23	observed_on	105.3911667	21.1839071	2954	obscured	needs_id	https://static.inaturalist.org/photos/254323719/square.jpeg	obscured
147766695	bridelia	2513331	2022-12-23	observed_on	105.3710707	21.0126386	2954	obscured	needs_id	https://static.inaturalist.org/photos/254323738/square.jpeg	obscured
147766699	bridelia	2513331	2022-12-23	observed_on	105.3016870	21.0670391	2954	obscured	needs_id	https://static.inaturalist.org/photos/254323798/square.jpeg	obscured
147766700	bridelia	2513331	2022-12-23	observed_on	105.3406682	21.1052785	2954	obscured	needs_id	https://static.inaturalist.org/photos/254323810/square.jpeg	obscured
147766702	bridelia	2513331	2022-12-23	observed_on	105.3619366	21.0613072	2954	obscured	needs_id	https://static.inaturalist.org/photos/254323832/square.jpeg	obscured
147766713	bridelia	2513331	2022-12-23	observed_on	105.3450303	21.1365997	2954	obscured	needs_id	https://static.inaturalist.org/photos/254324024/square.jpeg	obscured
147766715	bridelia	2513331	2022-12-23	observed_on	105.3178036	21.0737504	2954	obscured	needs_id	https://static.inaturalist.org/photos/254324052/square.jpeg	obscured
147766722	bridelia	2513331	2022-12-23	observed_on	105.3036487	21.0097949	2954	obscured	needs_id	https://static.inaturalist.org/photos/254324088/square.jpeg	obscured
147766726	bridelia	2513331	2022-12-23	observed_on	105.3761355	21.0838168	2954	obscured	needs_id	https://static.inaturalist.org/photos/254324144/square.jpeg	obscured
147766729	bridelia	2513331	2022-12-23	observed_on	105.3230679	21.1597546	2954	obscured	needs_id	https://static.inaturalist.org/photos/254324164/square.jpeg	obscured
147766731	bridelia	2513331	2022-12-23	observed_on	105.3464732	21.1056729	2954	obscured	needs_id	https://static.inaturalist.org/photos/254324266/square.jpeg	obscured
147766732	bridelia	2513331	2022-12-23	observed_on	105.3174738	21.0704779	2954	obscured	needs_id	https://static.inaturalist.org/photos/254324250/square.jpeg	obscured
147766736	bridelia	2513331	2022-12-23	observed_on	105.3301058	21.1378072	2954	obscured	needs_id	https://static.inaturalist.org/photos/254324304/square.jpeg	obscured
148096178	bridelia	2513331	2022-12-23	observed_on	105.3851361	21.1385300	2952	obscured	needs_id	https://static.inaturalist.org/photos/254958280/square.jpeg	obscured
148096179	bridelia	2513331	2022-12-23	observed_on	105.3274845	21.0970326	2952	obscured	needs_id	https://static.inaturalist.org/photos/254959049/square.jpg	obscured
148096180	bridelia	2513331	2022-12-23	observed_on	105.3827785	21.0290236	2952	obscured	needs_id	https://static.inaturalist.org/photos/254958373/square.jpeg	obscured
148096184	bridelia	2513331	2022-12-23	observed_on	105.3882367	21.1523596	2952	obscured	needs_id	https://static.inaturalist.org/photos/254959412/square.jpeg	obscured
148096186	bridelia	2513331	2022-12-23	observed_on	105.3353325	21.1973885	2952	obscured	needs_id	https://static.inaturalist.org/photos/254959462/square.jpeg	obscured
148096187	bridelia	2513331	2022-12-23	observed_on	105.3276381	21.0622060	2952	obscured	needs_id	https://static.inaturalist.org/photos/254959610/square.jpeg	obscured
148096190	bridelia	2513331	2022-12-23	observed_on	105.3109270	21.1507188	2952	obscured	needs_id	https://static.inaturalist.org/photos/254959698/square.jpeg	obscured
148096191	bridelia	2513331	2022-12-23	observed_on	105.3920406	21.1879088	2952	obscured	needs_id	https://static.inaturalist.org/photos/254960086/square.jpeg	obscured
148096195	bridelia	2513331	2022-12-23	observed_on	105.3980663	21.1246114	2952	obscured	needs_id	https://static.inaturalist.org/photos/254960166/square.jpeg	obscured
148096196	bridelia	2513331	2022-12-23	observed_on	105.3322134	21.1359977	2952	obscured	needs_id	https://static.inaturalist.org/photos/254960277/square.jpeg	obscured
148096200	bridelia	2513331	2022-12-23	observed_on	105.3286082	21.1199055	2952	obscured	needs_id	https://static.inaturalist.org/photos/254960573/square.jpeg	obscured
148096206	bridelia	2513331	2022-12-23	observed_on	105.3744017	21.0074600	2952	obscured	needs_id	https://static.inaturalist.org/photos/254961528/square.jpeg	obscured
148319244	bridelia	2513331	2022-12-24	observed_on	105.3555335	21.1300909	2778	obscured	needs_id	https://static.inaturalist.org/photos/255387401/square.jpeg	obscured
148319245	bridelia	2513331	2022-12-23	observed_on	105.3877424	21.1170191	2778	obscured	needs_id	https://static.inaturalist.org/photos/255387516/square.jpeg	obscured
148319247	bridelia	2513331	2022-12-23	observed_on	105.3229271	21.0169666	2778	obscured	needs_id	https://static.inaturalist.org/photos/255387672/square.jpeg	obscured
148319250	bridelia	2513331	2022-12-24	observed_on	105.3465152	21.1365957	2778	obscured	needs_id	https://static.inaturalist.org/photos/255387807/square.jpeg	obscured
148319251	bridelia	2513331	2022-12-23	observed_on	105.3584465	21.0194286	2778	obscured	needs_id	https://static.inaturalist.org/photos/255387989/square.jpeg	obscured
148319252	bridelia	2513331	2022-12-24	observed_on	105.3038538	21.1744201	2778	obscured	needs_id	https://static.inaturalist.org/photos/255388061/square.jpeg	obscured
148319261	bridelia	2513331	2022-12-24	observed_on	105.3646955	21.1857463	2778	obscured	needs_id	https://static.inaturalist.org/photos/255388502/square.jpeg	obscured
148319266	bridelia	2513331	2022-12-23	observed_on	105.3846791	21.0285755	2778	obscured	needs_id	https://static.inaturalist.org/photos/255388955/square.jpeg	obscured
148319267	bridelia	2513331	2022-12-23	observed_on	105.3284707	21.1753295	2778	obscured	needs_id	https://static.inaturalist.org/photos/255389293/square.jpeg	obscured
148319269	bridelia	2513331	2022-12-23	observed_on	105.3282967	21.0076768	2778	obscured	needs_id	https://static.inaturalist.org/photos/255389629/square.jpeg	obscured
148588524	seomina	6477531	2023-02-12	observed_on	105.9036755	21.0758887	119	obscured	research	https://static.inaturalist.org/photos/255910466/square.jpeg	obscured
148742282	andy_prentice	4581792	2022-11-05	observed_on	105.9769225	21.1707150	175	obscured	research	https://static.inaturalist.org/photos/256200531/square.jpeg	obscured
148985805	probreviceps	5862949	2011-11-02	observed_on	105.5961664	21.1397226	2862	obscured	casual	https://inaturalist-open-data.s3.amazonaws.com/photos/256658673/square.jpeg	obscured
149800398	ellexu1q84	1413236	2023-01-01	observed_on	105.8875256	21.1539115	435	obscured	needs_id	https://inaturalist-open-data.s3.amazonaws.com/photos/258185245/square.jpeg	obscured
149970033	hw0529649	556380	2020-02-21	observed_on	105.9595227	21.1956043	412	obscured	research	https://static.inaturalist.org/photos/258510561/square.jpeg	obscured
150393659	vannguyen1561	6550690	2023-03-06	observed_on	105.6274015	21.0314399	7	obscured	needs_id	https://inaturalist-open-data.s3.amazonaws.com/photos/259317654/square.jpg	obscured
150393694	vannguyen1561	6550690	2023-03-06	observed_on	105.7154950	21.1303177	9	obscured	casual	https://inaturalist-open-data.s3.amazonaws.com/photos/259317719/square.jpg	obscured
150393806	vannguyen1561	6550690	2023-03-06	observed_on	105.6667629	21.1911767	8	obscured	casual	https://inaturalist-open-data.s3.amazonaws.com/photos/259317863/square.jpg	obscured
150394337	vannguyen1561	6550690	2023-03-06	observed_on	105.7509160	21.0653269	8	obscured	casual	https://inaturalist-open-data.s3.amazonaws.com/photos/259319105/square.jpg	obscured
150472262	tinyworld	6550689	2023-03-07	observed_on	105.9508450	21.1380923	40	obscured	casual	https://inaturalist-open-data.s3.amazonaws.com/photos/259472101/square.jpg	obscured
150900493	bradleyfishes	641347	2023-03-12	observed_on	105.8143554	21.1684284	30415	obscured	research	https://inaturalist-open-data.s3.amazonaws.com/photos/260285978/square.jpeg	obscured
151740983	bridelia	2513331	2022-12-24	observed_on	105.3428188	21.1141100	3436	obscured	needs_id	https://static.inaturalist.org/photos/261861503/square.jpeg	obscured
151740984	bridelia	2513331	2022-12-24	observed_on	105.3354607	21.0510961	3436	obscured	needs_id	https://static.inaturalist.org/photos/261861534/square.jpeg	obscured
151740985	bridelia	2513331	2022-12-23	observed_on	105.3916073	21.0663429	3436	obscured	needs_id	https://static.inaturalist.org/photos/261861555/square.jpeg	obscured
151740996	bridelia	2513331	2022-12-23	observed_on	105.3899324	21.1708134	3436	obscured	needs_id	https://static.inaturalist.org/photos/261861770/square.jpeg	obscured
151741001	bridelia	2513331	2022-12-24	observed_on	105.3762826	21.1271131	3436	obscured	needs_id	https://static.inaturalist.org/photos/261861850/square.jpeg	obscured
151804222	bridelia	2513331	2022-12-23	observed_on	105.3972814	21.1197226	3008	obscured	needs_id	https://static.inaturalist.org/photos/261981816/square.jpeg	obscured
151804224	bridelia	2513331	2022-12-23	observed_on	105.3707781	21.1949740	3008	obscured	research	https://static.inaturalist.org/photos/261981888/square.jpeg	obscured
151804225	bridelia	2513331	2022-12-23	observed_on	105.3914434	21.0977986	3008	obscured	needs_id	https://static.inaturalist.org/photos/261981934/square.jpeg	obscured
151804229	bridelia	2513331	2022-12-23	observed_on	105.3934136	21.1337801	3008	obscured	research	https://static.inaturalist.org/photos/261982237/square.jpeg	obscured
151804230	bridelia	2513331	2022-12-23	observed_on	105.3466246	21.0490647	3008	obscured	needs_id	https://static.inaturalist.org/photos/261982328/square.jpeg	obscured
151804233	bridelia	2513331	2022-12-23	observed_on	105.3384786	21.1942764	3008	obscured	research	https://static.inaturalist.org/photos/261982712/square.jpeg	obscured
151804234	bridelia	2513331	2022-12-23	observed_on	105.3343157	21.1459735	3008	obscured	needs_id	https://static.inaturalist.org/photos/261982659/square.jpeg	obscured
151804590	bridelia	2513331	2022-12-22	observed_on	105.3881064	21.0328503	2918	obscured	needs_id	https://static.inaturalist.org/photos/261983386/square.jpeg	obscured
151804592	bridelia	2513331	2022-12-22	observed_on	105.3071618	21.1662089	2918	obscured	needs_id	https://static.inaturalist.org/photos/261983433/square.jpeg	obscured
151804594	bridelia	2513331	2022-12-22	observed_on	105.3467690	21.1190048	2918	obscured	needs_id	https://static.inaturalist.org/photos/261983462/square.jpeg	obscured
151804595	bridelia	2513331	2022-12-22	observed_on	105.3213883	21.1166308	2918	obscured	needs_id	https://static.inaturalist.org/photos/261983492/square.jpeg	obscured
151804598	bridelia	2513331	2022-12-23	observed_on	105.3995533	21.1444396	2918	obscured	needs_id	https://static.inaturalist.org/photos/261983667/square.jpeg	obscured
151804599	bridelia	2513331	2022-12-23	observed_on	105.3764933	21.0838551	2918	obscured	needs_id	https://static.inaturalist.org/photos/261983693/square.jpeg	obscured
151804604	bridelia	2513331	2022-12-23	observed_on	105.3989192	21.0455835	2918	obscured	research	https://static.inaturalist.org/photos/261983756/square.jpeg	obscured
151926244	bridelia	2513331	2022-12-24	observed_on	105.3035656	21.1598215	244	obscured	needs_id	https://static.inaturalist.org/photos/262213520/square.jpeg	obscured
153401957	scarletphan	3498654	2023-04-04	observed_on	105.8679977	21.1581078	30415	obscured	research	https://inaturalist-open-data.s3.amazonaws.com/photos/264945810/square.jpeg	obscured
156393754	tomten	5905646	2023-04-24	observed_on	105.9560330	21.1992320	26	obscured	casual	https://inaturalist-open-data.s3.amazonaws.com/photos/270434804/square.jpg	obscured
156692797	tinyworld	6550689	2023-04-26	observed_on	105.9918825	21.1318910	21	obscured	needs_id	https://inaturalist-open-data.s3.amazonaws.com/photos/272162363/square.jpg	obscured
157022748	zamorafred	4589350	2023-04-28	observed_on	105.6369998	21.0373551	185	obscured	research	https://inaturalist-open-data.s3.amazonaws.com/photos/271563739/square.jpeg	obscured
158473454	tinyworld	6550689	2023-05-01	observed_on	105.7409075	20.7556967	2	obscured	needs_id	https://inaturalist-open-data.s3.amazonaws.com/photos/273880133/square.jpg	obscured
158519532	tinyworld	6550689	2023-05-01	observed_on	105.7303155	20.7036183	7	obscured	needs_id	https://inaturalist-open-data.s3.amazonaws.com/photos/273955479/square.jpg	obscured
159361986	sorrowfulmizuki	6828143	2023-05-03	observed_on	105.5652967	21.1524694	5634	obscured	research	https://inaturalist-open-data.s3.amazonaws.com/photos/275334454/square.jpeg	obscured
159362597	sorrowfulmizuki	6828143	2023-05-03	observed_on	105.4932086	21.1278733	8595	obscured	needs_id	https://inaturalist-open-data.s3.amazonaws.com/photos/275335987/square.jpeg	obscured
159610607	tinyworld	6550689	2023-05-01	observed_on	105.6190232	20.7310865	14	obscured	casual	https://inaturalist-open-data.s3.amazonaws.com/photos/275777368/square.jpg	obscured
160563292	tinyworld	6550689	2023-05-01	observed_on	105.6034364	20.6509173	12	obscured	casual	https://inaturalist-open-data.s3.amazonaws.com/photos/277462632/square.jpg	obscured
161205170	scarletphan	3498654	2023-05-09	observed_on	105.8949789	21.0833702	30415	obscured	research	https://inaturalist-open-data.s3.amazonaws.com/photos/278627817/square.jpeg	obscured
161749347	ekaterina198	6888907	2023-05-15	observed_on	105.7891956	21.0365019	63	obscured	casual	https://static.inaturalist.org/photos/279609820/square.jpg	obscured
164906742	scarletphan	3498654	2023-06-01	observed_on	105.9541301	21.0281483	5057	obscured	research	https://inaturalist-open-data.s3.amazonaws.com/photos/285388174/square.jpeg	obscured
170422097	zamorafred	4589350	2023-07-01	observed_on	105.9943764	21.0501096	60	obscured	needs_id	https://inaturalist-open-data.s3.amazonaws.com/photos/295584577/square.jpeg	obscured
170423978	weishou	5286888	2023-06-22	observed_on	105.3940753	21.0663001	30415	obscured	needs_id	https://inaturalist-open-data.s3.amazonaws.com/photos/295584973/square.jpeg	obscured
171925279	wildforlifeph	6215039	2023-07-09	observed_on	105.6857098	20.9131447	40	obscured	casual	https://static.inaturalist.org/photos/298389374/square.jpg	obscured
172468253	wildforlifeph	6215039	2023-07-05	observed_on	105.8656990	21.0568203	40	obscured	needs_id	https://static.inaturalist.org/photos/299409391/square.jpg	obscured
178124076	human_ecologist	19823	2023-08-13	observed_on	105.9521916	21.1769422	8	obscured	casual	https://inaturalist-open-data.s3.amazonaws.com/photos/309898830/square.jpg	obscured
178499815	plantvn	5536405	2023-08-15	observed_on	105.3790995	21.0339107	241	obscured	research	https://inaturalist-open-data.s3.amazonaws.com/photos/310620359/square.jpeg	obscured
178499817	plantvn	5536405	2023-08-15	observed_on	105.3088088	21.0875619	241	obscured	research	https://inaturalist-open-data.s3.amazonaws.com/photos/310620378/square.jpeg	obscured
180249210	lecanorchis	4235415	2023-08-26	observed_on	105.8731082	21.0748756	30415	obscured	casual	https://inaturalist-open-data.s3.amazonaws.com/photos/313945313/square.jpeg	obscured
182789931	javixu	3760595	2023-08-25	observed_on	105.8168368	21.1609007	2	obscured	research	https://inaturalist-open-data.s3.amazonaws.com/photos/318772075/square.jpg	obscured
183461333	tinyworld	6550689	2023-09-16	observed_on	105.6374203	21.0073292	35	obscured	casual	https://inaturalist-open-data.s3.amazonaws.com/photos/320079471/square.jpg	obscured
186385945	ellexu1q84	1413236	2023-10-06	observed_on	105.7510876	21.0775861	9	obscured	research	https://inaturalist-open-data.s3.amazonaws.com/photos/325717189/square.jpg	obscured
189230844	cararogers	3496235	2018-05-23	observed_on	105.7082238	20.9656365	362313	obscured	needs_id	https://inaturalist-open-data.s3.amazonaws.com/photos/331431070/square.jpg	obscured
189230990	cararogers	3496235	2018-05-20	observed_on	105.3749172	20.7418451	191375	obscured	needs_id	https://inaturalist-open-data.s3.amazonaws.com/photos/331431366/square.jpg	obscured
189305598	martin53	375385	2023-10-29	observed_on	105.7374666	21.4049712	42	obscured	research	https://inaturalist-open-data.s3.amazonaws.com/photos/331583163/square.jpg	obscured
189451256	martin53	375385	2023-10-30	observed_on	105.7798732	21.4904723	576	obscured	research	https://inaturalist-open-data.s3.amazonaws.com/photos/331883969/square.jpg	obscured
189451311	martin53	375385	2023-10-30	observed_on	105.7191393	21.4717998	469	obscured	research	https://inaturalist-open-data.s3.amazonaws.com/photos/331884136/square.jpg	obscured
191649604	isidoreajar	3408787	2023-11-18	observed_on	105.9248815	21.1207193	256	obscured	needs_id	https://inaturalist-open-data.s3.amazonaws.com/photos/336258539/square.jpeg	obscured
192689173	isidoreajar	3408787	2023-11-19	observed_on	105.7126226	21.4175636	536	obscured	casual	https://inaturalist-open-data.s3.amazonaws.com/photos/338313142/square.jpeg	obscured
194092551	superman4realz	6897440	2023-12-16	observed_on	105.9473737	20.8645449	23	obscured	needs_id	https://inaturalist-open-data.s3.amazonaws.com/photos/341077241/square.jpg	obscured
194410090	slunky	7272281	2023-12-18	observed_on	105.9918142	21.1520863	5066	obscured	needs_id	https://inaturalist-open-data.s3.amazonaws.com/photos/341724651/square.jpeg	obscured
194579447	sifasv_vietnam	6243859	2023-12-22	observed_on	106.2206390	21.0893166	10299	obscured	research	https://inaturalist-open-data.s3.amazonaws.com/photos/342067652/square.jpg	obscured
194633709	khuong_wwf	6550654	2023-12-23	observed_on	105.6564546	20.9244061	4435	obscured	research	https://static.inaturalist.org/photos/342179863/square.jpg	obscured
195911406	superman4realz	6897440	2024-01-06	observed_on	105.7196807	21.0401507	4	obscured	casual	https://inaturalist-open-data.s3.amazonaws.com/photos/344784871/square.jpg	obscured
195911434	superman4realz	6897440	2024-01-06	observed_on	105.6603672	21.1623800	4	obscured	casual	https://inaturalist-open-data.s3.amazonaws.com/photos/344784921/square.jpg	obscured
195911449	superman4realz	6897440	2024-01-06	observed_on	105.7171958	21.0144939	4	obscured	casual	https://inaturalist-open-data.s3.amazonaws.com/photos/344784949/square.jpg	obscured
195911473	superman4realz	6897440	2024-01-06	observed_on	105.6349282	21.0029282	4	obscured	casual	https://inaturalist-open-data.s3.amazonaws.com/photos/344784976/square.jpg	obscured
197301426	scarletphan	3498654	2024-01-22	observed_on	105.8351064	21.0017743	30415	obscured	casual	https://inaturalist-open-data.s3.amazonaws.com/photos/347467797/square.jpeg	obscured
199238498	yifanwang912	6211643	2023-12-28	observed_on	105.3286459	21.1300827	225	obscured	needs_id	https://inaturalist-open-data.s3.amazonaws.com/photos/351324029/square.jpeg	obscured
200156020	scarletphan	3498654	2024-02-23	observed_on	105.9754280	20.8417470	9	obscured	research	https://inaturalist-open-data.s3.amazonaws.com/photos/353084575/square.jpeg	obscured
200590249	sorrowfulmizuki	6828143	2023-07-03	observed_on	105.5891793	21.0015522	914	obscured	needs_id	https://inaturalist-open-data.s3.amazonaws.com/photos/353936564/square.jpeg	obscured
200590302	sorrowfulmizuki	6828143	2024-02-27	observed_on	105.9337092	21.1900766	206	obscured	research	https://inaturalist-open-data.s3.amazonaws.com/photos/353936755/square.jpeg	obscured
200603142	sorrowfulmizuki	6828143	2017-06-25	observed_on	105.6864567	21.0633374	2052	obscured	needs_id	https://inaturalist-open-data.s3.amazonaws.com/photos/353960637/square.jpeg	obscured
201235548	tommyvu	6276843	2024-03-04	observed_on	105.8620572	21.1375439	21	obscured	needs_id	https://inaturalist-open-data.s3.amazonaws.com/photos/355199263/square.jpg	obscured
201709723	andreas_berger	4008661	2024-02-29	observed_on	105.3294777	21.1107413	30415	obscured	needs_id	https://inaturalist-open-data.s3.amazonaws.com/photos/356110770/square.jpeg	obscured
202948509	human_ecologist	19823	2024-03-18	observed_on	105.3375589	21.0464341	48	obscured	casual	https://inaturalist-open-data.s3.amazonaws.com/photos/358504385/square.jpg	obscured
205193477	sifasv_vietnam	6243859	2024-03-26	observed_on	105.7166924	20.6720976	15300	obscured	research	https://inaturalist-open-data.s3.amazonaws.com/photos/362783530/square.jpg	obscured
206749941	tinyworld	6550689	2024-04-12	observed_on	105.8107252	21.1302211	8	obscured	casual	https://inaturalist-open-data.s3.amazonaws.com/photos/365631888/square.jpg	obscured
207540060	n0xas	1876689	2024-04-16	observed_on	105.8508073	21.1867482	51	obscured	research	https://inaturalist-open-data.s3.amazonaws.com/photos/367119909/square.jpeg	obscured
208408418	pavel10108	7792541	2024-04-20	observed_on	105.8934200	21.0919330	7	obscured	needs_id	https://static.inaturalist.org/photos/368738060/square.jpeg	obscured
210607095	nikkinicotintin	8067540	2023-07-03	observed_on	105.8931849	20.8154574	35	obscured	casual	https://inaturalist-open-data.s3.amazonaws.com/photos/372493009/square.jpg	obscured
213132133	thienanhnugget	6569408	2024-05-03	observed_on	105.9449067	21.1430870	35	obscured	needs_id	https://static.inaturalist.org/photos/376655030/square.jpg	obscured
213132874	thienanhnugget	6569408	2024-05-03	observed_on	105.8998186	21.0260668	20	obscured	needs_id	https://static.inaturalist.org/photos/376657097/square.jpg	obscured
215412914	crabobservor	5968929	2024-05-03	observed_on	106.1314002	21.4793127	759	obscured	research	https://inaturalist-open-data.s3.amazonaws.com/photos/380843544/square.jpg	obscured
218908157	thienanhnugget	6569408	2024-05-28	observed_on	105.8266254	21.1392400	3	obscured	research	https://static.inaturalist.org/photos/459218855/square.jpg	obscured
218909515	thienanhnugget	6569408	2024-05-27	observed_on	105.7674022	21.0839498	4	obscured	research	https://static.inaturalist.org/photos/387417085/square.jpg	obscured
218909726	thienanhnugget	6569408	2024-05-26	observed_on	105.6767495	21.0313843	5	obscured	needs_id	https://static.inaturalist.org/photos/387417527/square.jpg	obscured
218948378	rachel_le	223483	2024-05-28	observed_on	105.9532159	21.0749886	52	obscured	research	https://inaturalist-open-data.s3.amazonaws.com/photos/387487119/square.jpg	obscured
221972025	naturbm4000	4630049	2024-06-11	observed_on	105.8105490	21.0950851	4	obscured	research	https://inaturalist-open-data.s3.amazonaws.com/photos/393150958/square.jpg	obscured
221972122	anders_wiig_nielsen	3673920	2024-06-11	observed_on	105.8393232	21.0544826	14	obscured	research	https://static.inaturalist.org/photos/393151305/square.jpeg	obscured
223280611	avocat	91922	2024-04-03	observed_on	105.7195331	21.4921165	30377	obscured	needs_id	https://inaturalist-open-data.s3.amazonaws.com/photos/395606308/square.jpg	obscured
225451826	danielforinaturalist	8307741	2024-06-27	observed_on	105.8514537	20.9930844	90	obscured	casual	https://inaturalist-open-data.s3.amazonaws.com/photos/399723458/square.jpeg	obscured
227687502	lbmicheels	1955543	2024-07-05	observed_on	105.6703535	21.3611532	626	obscured	needs_id	https://inaturalist-open-data.s3.amazonaws.com/photos/403952867/square.jpg	obscured
227687855	lbmicheels	1955543	2024-07-05	observed_on	105.7851113	21.2003923	1015	obscured	needs_id	https://inaturalist-open-data.s3.amazonaws.com/photos/403953112/square.jpg	obscured
230968913	human_ecologist	19823	2024-07-22	observed_on	105.7280426	21.0827667	21	obscured	needs_id	https://inaturalist-open-data.s3.amazonaws.com/photos/410165270/square.jpeg	obscured
230972205	human_ecologist	19823	2024-07-22	observed_on	105.6861375	21.1640751	4	obscured	needs_id	https://inaturalist-open-data.s3.amazonaws.com/photos/410171198/square.jpeg	obscured
232224519	maciejj	8363272	2024-07-23	observed_on	105.9394475	21.0255903	24076	obscured	needs_id	https://inaturalist-open-data.s3.amazonaws.com/photos/412547716/square.jpeg	obscured
232913968	lng3	8405830	2024-07-31	observed_on	105.9990876	20.8353805	3560	obscured	casual	https://static.inaturalist.org/photos/413861700/square.jpeg	obscured
233634228	van_the_pham	8298052	2024-08-04	observed_on	105.3834206	20.8552543	9	obscured	casual	https://inaturalist-open-data.s3.amazonaws.com/photos/415232960/square.jpeg	obscured
233882611	boyitongxue	6743891	2024-07-03	observed_on	105.8909932	21.0450667	22894	obscured	research	https://inaturalist-open-data.s3.amazonaws.com/photos/415706367/square.jpeg	obscured
234068438	van_the_pham	8298052	2024-08-06	observed_on	105.3848931	20.9762102	8	obscured	casual	https://inaturalist-open-data.s3.amazonaws.com/photos/416059258/square.jpeg	obscured
234941728	nddang	8378905	2024-08-09	observed_on	105.9537182	21.1076286	77	obscured	needs_id	https://inaturalist-open-data.s3.amazonaws.com/photos/417748779/square.jpeg	obscured
239585306	lng3	8405830	2024-09-03	observed_on	105.7004596	21.0765537	9	obscured	needs_id	https://static.inaturalist.org/photos/426734622/square.jpeg	obscured
241958900	allemint	8540540	2023-07-30	observed_on	106.1921677	21.0081924	102	obscured	casual	https://static.inaturalist.org/photos/431295157/square.jpeg	obscured
241959015	allemint	8540540	2023-07-30	observed_on	106.1621764	21.0949440	68	obscured	casual	https://static.inaturalist.org/photos/431295407/square.jpeg	obscured
243929473	billyschofield	6320920	2024-09-20	observed_on	105.9245463	20.8944030	1107	obscured	research	https://inaturalist-open-data.s3.amazonaws.com/photos/435037286/square.jpeg	obscured
244072497	svr_vietnam	7827934	2024-09-25	observed_on	105.3657418	20.7659612	73791	obscured	casual	https://inaturalist-open-data.s3.amazonaws.com/photos/435319388/square.jpg	obscured
244248034	lng3	8405830	2024-09-25	observed_on	105.8202661	21.1953825	408	obscured	needs_id	https://static.inaturalist.org/photos/435712323/square.jpeg	obscured
244513769	svr_vietnam	7827934	2024-07-06	observed_on	105.8499499	21.1512257	5057	obscured	casual	https://inaturalist-open-data.s3.amazonaws.com/photos/436162082/square.jpg	obscured
245891869	jordanandcarlo	3697098	2024-10-06	observed_on	105.9154917	21.0036541	14	obscured	research	https://inaturalist-open-data.s3.amazonaws.com/photos/438865392/square.jpeg	obscured
246477175	svr_vietnam	7827934	2024-09-30	observed_on	106.1532445	21.3615782	5522	obscured	casual	https://inaturalist-open-data.s3.amazonaws.com/photos/440027616/square.jpeg	obscured
247107637	selk	8246236	2024-09-28	observed_on	105.8293549	21.0046411	30415	obscured	needs_id	https://inaturalist-open-data.s3.amazonaws.com/photos/441270042/square.jpeg	obscured
247454782	paulhopkinswildlife	8536927	2024-05-25	observed_on	105.3035524	21.1124717	50	obscured	research	https://inaturalist-open-data.s3.amazonaws.com/photos/441962092/square.jpeg	obscured
248028342	simonwilliams	3004663	2024-10-19	observed_on	105.8781533	21.0555733	4	obscured	needs_id	https://inaturalist-open-data.s3.amazonaws.com/photos/443094933/square.jpeg	obscured
248028402	simonwilliams	3004663	2024-10-19	observed_on	105.8893695	21.0493575	4	obscured	needs_id	https://inaturalist-open-data.s3.amazonaws.com/photos/443095123/square.jpeg	obscured
248028595	simonwilliams	3004663	2024-10-19	observed_on	105.9026379	21.0025190	4	obscured	needs_id	https://inaturalist-open-data.s3.amazonaws.com/photos/443095658/square.jpeg	obscured
248032162	simonwilliams	3004663	2024-10-19	observed_on	105.9396700	21.0131002	4	obscured	research	https://inaturalist-open-data.s3.amazonaws.com/photos/443102546/square.jpeg	obscured
248032183	simonwilliams	3004663	2024-10-19	observed_on	105.9817470	21.0113454	4	obscured	research	https://inaturalist-open-data.s3.amazonaws.com/photos/443102575/square.jpeg	obscured
248032196	simonwilliams	3004663	2024-10-19	observed_on	105.8462074	21.1910215	4	obscured	research	https://inaturalist-open-data.s3.amazonaws.com/photos/443102606/square.jpeg	obscured
248033497	simonwilliams	3004663	2024-10-19	observed_on	105.8808276	21.1216229	4	obscured	research	https://inaturalist-open-data.s3.amazonaws.com/photos/443105010/square.jpeg	obscured
249090545	svr_vietnam	7827934	2024-10-20	observed_on	106.1315066	20.7025412	7901	obscured	casual	https://inaturalist-open-data.s3.amazonaws.com/photos/445205297/square.jpeg	obscured
249424922	ckovacs	817314	2018-12-12	observed_on	105.9373948	21.0618557	34	obscured	research	https://static.inaturalist.org/photos/445866602/square.jpeg	obscured
250485475	nebrooks	1916857	2024-04-02	observed_on	105.9965430	21.0097706	26	obscured	casual	https://inaturalist-open-data.s3.amazonaws.com/photos/447995628/square.jpeg	obscured
250909182	nixey	8388413	2016-03-18	observed_on	105.8177301	21.1112457	2	obscured	casual	https://inaturalist-open-data.s3.amazonaws.com/photos/448839492/square.jpeg	obscured
250909184	nixey	8388413	2016-03-18	observed_on	105.9947798	21.0969427	30415	obscured	casual	https://inaturalist-open-data.s3.amazonaws.com/photos/448839619/square.jpeg	obscured
253850292	svr_vietnam	7827934	2024-12-01	observed_on	105.3386767	20.6781358	27903	obscured	casual	https://inaturalist-open-data.s3.amazonaws.com/photos/454609401/square.jpeg	obscured
254088314	bug__enjoyer	7898888	2024-12-04	observed_on	105.9109509	21.1849009	30415	obscured	research	https://inaturalist-open-data.s3.amazonaws.com/photos/455048425/square.jpeg	obscured
254203671	bug__enjoyer	7898888	2024-12-05	created_at	105.9656169	21.1727505	252	obscured	casual	https://inaturalist-open-data.s3.amazonaws.com/photos/455275332/square.jpeg	obscured
256493667	andreybragin	3338249	2024-12-28	observed_on	105.9703203	21.0547111	428	obscured	research	https://inaturalist-open-data.s3.amazonaws.com/photos/459893711/square.jpg	obscured
256509632	ametsak	6428803	2024-11-12	observed_on	105.9911776	21.0480698	30415	obscured	research	https://inaturalist-open-data.s3.amazonaws.com/photos/459928756/square.jpeg	obscured
256619969	andreybragin	3338249	2024-12-29	observed_on	105.9493544	21.1181292	28	obscured	research	https://inaturalist-open-data.s3.amazonaws.com/photos/460152859/square.jpg	obscured
257681957	meezjewelry	8864015	2025-01-07	observed_on	105.8446994	21.0551500	8347	obscured	casual	https://static.inaturalist.org/photos/462293431/square.png	obscured
258019663	himalayan_naturalist	361333	2019-09-26	observed_on	105.9530458	21.0838276	30415	obscured	casual	https://static.inaturalist.org/photos/462865078/square.jpeg	obscured
258540748	peachtree_creek	3174573	2025-01-15	observed_on	105.8152930	21.1565608	30415	obscured	research	https://inaturalist-open-data.s3.amazonaws.com/photos/463892387/square.jpeg	obscured
258931507	human_ecologist	19823	2025-01-19	observed_on	105.8644386	21.3105328	6	obscured	research	https://inaturalist-open-data.s3.amazonaws.com/photos/464688770/square.jpg	obscured
258931540	human_ecologist	19823	2025-01-19	observed_on	105.8016893	21.3659040	27	obscured	research	https://inaturalist-open-data.s3.amazonaws.com/photos/464688881/square.jpg	obscured
260853851	shushu7	8909860	2024-07-05	observed_on	105.9843171	21.1208505	35	obscured	casual	https://inaturalist-open-data.s3.amazonaws.com/photos/468524800/square.jpg	obscured
261221803	svr_vietnam	7827934	2022-02-10	observed_on	106.1130793	20.6815537	7901	obscured	casual	https://inaturalist-open-data.s3.amazonaws.com/photos/469258178/square.jpeg	obscured
261233975	svr_vietnam	7827934	2025-01-25	observed_on	106.3244148	20.8047523	9745	obscured	casual	https://inaturalist-open-data.s3.amazonaws.com/photos/469282947/square.jpeg	obscured
261611349	reallynewtothis	6871153	2025-02-14	observed_on	105.6559428	21.0665107	2639	obscured	needs_id	https://inaturalist-open-data.s3.amazonaws.com/photos/470032742/square.jpeg	obscured
262293705	pelagicgraf	1410956	2024-08-08	observed_on	105.3420474	21.1210112	3000	obscured	research	https://inaturalist-open-data.s3.amazonaws.com/photos/471226398/square.jpg	obscured
262831895	dhugallindsay	1597538	2025-02-21	observed_on	105.8782861	21.0172139	46	obscured	casual	https://inaturalist-open-data.s3.amazonaws.com/photos/472056668/square.jpg	obscured
263339489	grellis	1729271	2025-02-28	observed_on	105.9683733	21.1168485	12	obscured	needs_id	https://inaturalist-open-data.s3.amazonaws.com/photos/473083646/square.jpg	obscured
263955801	apairoeyeballs	8145674	2025-03-05	observed_on	105.9763066	21.0473140	21	obscured	casual	https://static.inaturalist.org/photos/474283726/square.jpeg	obscured
264106740	vasavoir	8896061	2018-04-29	observed_on	105.8956807	21.0222116	30415	obscured	needs_id	https://static.inaturalist.org/photos/474555970/square.jpeg	obscured
264996401	shewaslying	8450916	2024-11-25	observed_on	105.5398099	21.3379461	1866	obscured	research	https://inaturalist-open-data.s3.amazonaws.com/photos/475913246/square.jpeg	obscured
266058791	lng3	8405830	2025-03-20	observed_on	105.9858744	21.1597970	21	obscured	needs_id	https://static.inaturalist.org/photos/478000804/square.jpg	obscured
268343454	gracelg	5255199	2025-03-22	observed_on	105.8743379	21.0142529	15	obscured	research	https://inaturalist-open-data.s3.amazonaws.com/photos/482338201/square.jpeg	obscured
268688419	vietnam_herping_tour	9031462	2025-04-01	observed_on	105.9420780	21.1829745	122	obscured	research	https://inaturalist-open-data.s3.amazonaws.com/photos/483001671/square.jpeg	obscured
268818119	caseyfication	274462	2025-04-05	observed_on	105.9206269	21.1972906	9	obscured	needs_id	https://inaturalist-open-data.s3.amazonaws.com/photos/483245823/square.jpg	obscured
269442522	svr_vietnam	7827934	2025-04-09	observed_on	105.9859082	21.0625363	8362	obscured	casual	https://inaturalist-open-data.s3.amazonaws.com/photos/484464645/square.jpeg	obscured
269732760	the_taxanaut	9035609	2025-04-11	observed_on	105.9839058	21.1331891	14	obscured	research	https://inaturalist-open-data.s3.amazonaws.com/photos/485019608/square.jpg	obscured
269732803	the_taxanaut	9035609	2025-04-11	observed_on	105.8530201	21.1864417	14	obscured	needs_id	https://inaturalist-open-data.s3.amazonaws.com/photos/485019673/square.jpg	obscured
272614227	svr_vietnam	7827934	2025-04-24	observed_on	105.7669806	21.4911400	12229	obscured	casual	https://inaturalist-open-data.s3.amazonaws.com/photos/490460417/square.jpeg	obscured
272869605	jactm	6293374	2025-04-23	observed_on	105.8372856	21.0214433	17	obscured	research	https://inaturalist-open-data.s3.amazonaws.com/photos/490917343/square.jpeg	obscured
272869607	jactm	6293374	2025-04-23	observed_on	105.8251322	21.1483760	17	obscured	research	https://inaturalist-open-data.s3.amazonaws.com/photos/490918122/square.jpeg	obscured
274312469	nextcontinenttours	9140042	2025-03-19	observed_on	105.6715792	21.1471619	122	obscured	research	https://inaturalist-open-data.s3.amazonaws.com/photos/493178266/square.png	obscured
275268001	nextcontinenttours	9140042	2025-04-11	observed_on	105.9453034	21.1834015	8347	obscured	needs_id	https://inaturalist-open-data.s3.amazonaws.com/photos/494676205/square.jpeg	obscured
275367226	marcuslucassen-and-rikkenielsen	1320870	2025-04-10	observed_on	105.9662639	21.0697879	472	obscured	needs_id	https://static.inaturalist.org/photos/494843464/square.jpg	obscured
275367548	marcuslucassen-and-rikkenielsen	1320870	2025-04-10	observed_on	105.8612361	21.1625543	1812	obscured	needs_id	https://static.inaturalist.org/photos/494844221/square.jpg	obscured
275367840	marcuslucassen-and-rikkenielsen	1320870	2025-04-10	observed_on	105.9616632	21.1534097	466	obscured	research	https://static.inaturalist.org/photos/494844843/square.jpg	obscured
275368836	marcuslucassen-and-rikkenielsen	1320870	2025-04-10	observed_on	105.9760006	21.1346620	879	obscured	research	https://static.inaturalist.org/photos/494846418/square.jpg	obscured
275732380	talibzuo	2794014	2025-04-26	observed_on	105.5010036	21.4851524	1855	obscured	needs_id	https://static.inaturalist.org/photos/495289457/square.jpg	obscured
275732386	talibzuo	2794014	2025-04-26	observed_on	105.4776140	21.4647326	1855	obscured	needs_id	https://static.inaturalist.org/photos/495289488/square.jpg	obscured
275732389	talibzuo	2794014	2025-04-26	observed_on	105.5545753	21.4256859	1855	obscured	research	https://static.inaturalist.org/photos/495289576/square.jpg	obscured
275732425	talibzuo	2794014	2025-04-26	observed_on	105.4920657	21.4371095	1855	obscured	research	https://static.inaturalist.org/photos/495289765/square.jpg	obscured
275732426	talibzuo	2794014	2025-04-26	observed_on	105.5248214	21.4651476	1855	obscured	needs_id	https://static.inaturalist.org/photos/495290181/square.jpg	obscured
275732437	talibzuo	2794014	2025-04-26	observed_on	105.5135646	21.4757421	1855	obscured	research	https://static.inaturalist.org/photos/495290308/square.jpg	obscured
276922439	lng3	8405830	2025-04-30	observed_on	105.7302213	21.0498605	46	obscured	needs_id	https://static.inaturalist.org/photos/497260748/square.jpg	obscured
276923298	lng3	8405830	2025-04-30	observed_on	105.6241674	21.1815544	46	obscured	research	https://static.inaturalist.org/photos/497262450/square.jpg	obscured
277262091	stijnb888	9003345	2025-04-22	observed_on	105.8064391	21.0694317	51	obscured	research	https://inaturalist-open-data.s3.amazonaws.com/photos/497862326/square.jpg	obscured
277404170	marcuslucassen-and-rikkenielsen	1320870	2025-04-17	observed_on	105.9015997	21.1787852	360	obscured	research	https://static.inaturalist.org/photos/498106303/square.jpg	obscured
280958506	lng3	8405830	2025-05-14	observed_on	105.6616270	21.0386149	46	obscured	research	https://static.inaturalist.org/photos/504668843/square.jpg	obscured
282562765	nextcontinenttours	9140042	2025-05-05	observed_on	105.8434893	21.1176527	31	obscured	research	https://inaturalist-open-data.s3.amazonaws.com/photos/507667997/square.jpg	obscured
282658941	vietnam_herping_tour	9031462	2025-04-21	observed_on	105.8559980	21.0191257	605	obscured	research	https://inaturalist-open-data.s3.amazonaws.com/photos/507842578/square.jpg	obscured
283013525	nextcontinenttours	9140042	2025-05-15	observed_on	105.3600283	21.0871854	225	obscured	needs_id	https://inaturalist-open-data.s3.amazonaws.com/photos/508505866/square.jpg	obscured
283013527	nextcontinenttours	9140042	2025-05-15	observed_on	105.3707861	21.0496213	225	obscured	needs_id	https://inaturalist-open-data.s3.amazonaws.com/photos/508505925/square.jpg	obscured
284757971	nextcontinenttours	9140042	2025-05-20	observed_on	105.8688796	21.1945433	244	obscured	research	https://inaturalist-open-data.s3.amazonaws.com/photos/511795145/square.jpg	obscured
284757972	nextcontinenttours	9140042	2025-05-20	observed_on	105.8147321	21.1759611	244	obscured	research	https://inaturalist-open-data.s3.amazonaws.com/photos/511795173/square.jpg	obscured
285049962	billyschofield	6320920	2025-05-03	observed_on	105.8164852	21.1566312	962	obscured	research	https://inaturalist-open-data.s3.amazonaws.com/photos/512339642/square.jpg	obscured
285052852	benjamincejp	729545	2025-04-21	observed_on	105.9872037	21.0513929	1717	obscured	research	https://static.inaturalist.org/photos/512329367/square.jpg	obscured
285052856	benjamincejp	729545	2025-04-21	observed_on	105.8241114	21.1835695	1663	obscured	needs_id	https://static.inaturalist.org/photos/512329394/square.jpg	obscured
285052858	benjamincejp	729545	2025-04-22	observed_on	105.8950917	21.0147007	1895	obscured	needs_id	https://static.inaturalist.org/photos/512329574/square.jpg	obscured
285052864	benjamincejp	729545	2025-04-22	observed_on	105.8728361	21.0972422	1681	obscured	needs_id	https://static.inaturalist.org/photos/512329666/square.jpg	obscured
285052867	benjamincejp	729545	2025-04-22	observed_on	105.9422785	21.0885707	1939	obscured	needs_id	https://static.inaturalist.org/photos/512331797/square.jpg	obscured
285052869	benjamincejp	729545	2025-04-22	observed_on	105.8485840	21.0432089	1824	obscured	research	https://static.inaturalist.org/photos/512330285/square.jpg	obscured
285052872	benjamincejp	729545	2025-04-22	observed_on	105.9184289	21.0887556	1405	obscured	needs_id	https://static.inaturalist.org/photos/512339133/square.jpg	obscured
285052875	benjamincejp	729545	2025-04-22	observed_on	105.8765647	21.1299323	1360	obscured	needs_id	https://static.inaturalist.org/photos/512339159/square.jpg	obscured
285052876	benjamincejp	729545	2025-04-22	observed_on	105.9415763	21.0828734	1102	obscured	research	https://static.inaturalist.org/photos/512339160/square.jpg	obscured
285052877	benjamincejp	729545	2025-04-22	observed_on	105.9236617	21.1811759	1120	obscured	research	https://static.inaturalist.org/photos/512339186/square.jpg	obscured
285052879	benjamincejp	729545	2025-04-22	observed_on	105.8710748	21.0802993	915	obscured	needs_id	https://static.inaturalist.org/photos/512339231/square.jpg	obscured
285052880	benjamincejp	729545	2025-04-22	observed_on	105.9481636	21.1491908	1013	obscured	needs_id	https://static.inaturalist.org/photos/512339272/square.jpg	obscured
285052883	benjamincejp	729545	2025-04-22	observed_on	105.9370456	21.0280577	1280	obscured	research	https://static.inaturalist.org/photos/512339284/square.jpg	obscured
285052886	benjamincejp	729545	2025-04-22	observed_on	105.9843565	21.0891747	1146	obscured	needs_id	https://static.inaturalist.org/photos/512339322/square.jpg	obscured
285052887	benjamincejp	729545	2025-04-22	observed_on	105.8786272	21.0533147	1209	obscured	needs_id	https://static.inaturalist.org/photos/512339354/square.jpg	obscured
285052890	benjamincejp	729545	2025-04-22	observed_on	105.9563895	21.0026416	1093	obscured	research	https://static.inaturalist.org/photos/512339443/square.jpg	obscured
285052895	benjamincejp	729545	2025-04-22	observed_on	105.9868830	21.1833640	1039	obscured	needs_id	https://static.inaturalist.org/photos/512339464/square.jpg	obscured
285052896	benjamincejp	729545	2025-04-22	observed_on	105.8310589	21.0464316	941	obscured	needs_id	https://static.inaturalist.org/photos/512339500/square.jpg	obscured
285052897	benjamincejp	729545	2025-04-21	observed_on	105.8895971	21.1122245	1922	obscured	needs_id	https://static.inaturalist.org/photos/512342093/square.jpg	obscured
285052900	benjamincejp	729545	2025-04-22	observed_on	105.8450069	21.0556358	1004	obscured	research	https://static.inaturalist.org/photos/512344660/square.jpg	obscured
285654226	benjamincejp	729545	2025-04-23	observed_on	105.8873062	21.0300903	1485	obscured	needs_id	https://static.inaturalist.org/photos/513409130/square.jpg	obscured
285654227	benjamincejp	729545	2025-04-24	observed_on	105.9189310	21.0335291	1485	obscured	needs_id	https://static.inaturalist.org/photos/513416333/square.jpg	obscured
285654229	benjamincejp	729545	2025-04-24	observed_on	105.8938797	21.0226593	1485	obscured	research	https://static.inaturalist.org/photos/513434749/square.jpg	obscured
285654230	benjamincejp	729545	2025-04-24	observed_on	105.9613970	21.0642956	1485	obscured	needs_id	https://static.inaturalist.org/photos/513434782/square.jpg	obscured
285654234	benjamincejp	729545	2025-04-24	observed_on	105.9141778	21.0722088	1280	obscured	research	https://static.inaturalist.org/photos/513442454/square.jpg	obscured
285654236	benjamincejp	729545	2025-04-24	observed_on	105.9957878	21.1814958	941	obscured	needs_id	https://static.inaturalist.org/photos/513442535/square.jpg	obscured
285654238	benjamincejp	729545	2025-04-24	observed_on	105.8631446	21.0792116	1485	obscured	research	https://static.inaturalist.org/photos/513442579/square.jpg	obscured
285654242	benjamincejp	729545	2025-04-24	observed_on	105.9987617	21.1883217	1485	obscured	research	https://static.inaturalist.org/photos/513442584/square.jpg	obscured
285654244	benjamincejp	729545	2025-04-24	observed_on	105.9921200	21.0681795	1485	obscured	research	https://static.inaturalist.org/photos/513442612/square.jpg	obscured
285654246	benjamincejp	729545	2025-04-24	observed_on	105.8632916	21.0186307	1485	obscured	needs_id	https://static.inaturalist.org/photos/513442644/square.jpg	obscured
285654248	benjamincejp	729545	2025-04-24	observed_on	105.8124869	21.1156631	1485	obscured	needs_id	https://static.inaturalist.org/photos/513442667/square.jpg	obscured
285654252	benjamincejp	729545	2025-04-24	observed_on	105.9911552	21.0831207	683	obscured	research	https://static.inaturalist.org/photos/513442740/square.jpg	obscured
285654253	benjamincejp	729545	2025-04-24	observed_on	105.9211952	21.0968374	1146	obscured	research	https://static.inaturalist.org/photos/513442797/square.jpg	obscured
286785705	budak	45181	2024-05-24	observed_on	105.3423908	21.0927217	225	obscured	needs_id	https://inaturalist-open-data.s3.amazonaws.com/photos/515608176/square.jpg	obscured
286785711	budak	45181	2024-05-24	observed_on	105.3668852	21.1005157	225	obscured	needs_id	https://inaturalist-open-data.s3.amazonaws.com/photos/515608204/square.jpg	obscured
286840685	egor_kalinin	1772095	2025-05-10	observed_on	105.9558610	21.0207297	30415	obscured	casual	https://inaturalist-open-data.s3.amazonaws.com/photos/517815989/square.jpg	obscured
287608447	superman4realz	6897440	2025-06-07	observed_on	105.8696446	20.9947835	23	obscured	needs_id	https://inaturalist-open-data.s3.amazonaws.com/photos/517147353/square.jpg	obscured
288184169	benjamincejp	729545	2025-04-25	observed_on	105.8170241	21.1452133	1620	obscured	needs_id	https://static.inaturalist.org/photos/518227713/square.jpg	obscured
288184170	benjamincejp	729545	2025-04-25	observed_on	105.8138747	21.0447260	1904	obscured	research	https://static.inaturalist.org/photos/518227769/square.jpg	obscured
288221995	benjamincejp	729545	2025-04-25	observed_on	105.8229020	21.0709813	472	obscured	needs_id	https://static.inaturalist.org/photos/518298429/square.jpg	obscured
288221997	benjamincejp	729545	2025-04-25	observed_on	105.8879432	21.1146442	124	obscured	needs_id	https://static.inaturalist.org/photos/518298381/square.jpg	obscured
288222015	benjamincejp	729545	2025-04-25	observed_on	105.9561917	21.0872425	467	obscured	research	https://static.inaturalist.org/photos/518298468/square.jpg	obscured
288222020	benjamincejp	729545	2025-04-25	observed_on	105.9611571	21.1501635	230	obscured	research	https://static.inaturalist.org/photos/518298467/square.jpg	obscured
289290289	superman4realz	6897440	2025-06-13	observed_on	105.8251385	20.8995988	52	obscured	needs_id	https://inaturalist-open-data.s3.amazonaws.com/photos/520312966/square.jpg	obscured
290423412	maghielv	5782549	2025-06-17	observed_on	105.8726200	21.1418276	26	obscured	research	https://inaturalist-open-data.s3.amazonaws.com/photos/522453022/square.jpg	obscured
290652901	jcliu1	1706197	2025-06-18	observed_on	105.9744503	21.1240368	9	obscured	needs_id	https://static.inaturalist.org/photos/522887603/square.jpg	obscured
290896340	jamesjhicks	398555	2025-06-18	observed_on	105.9018608	21.0464752	4	obscured	research	https://static.inaturalist.org/photos/523347285/square.jpg	obscured
294275837	d44090	9489578	2025-07-01	observed_on	105.7270939	21.0710668	7	obscured	research	https://inaturalist-open-data.s3.amazonaws.com/photos/529672725/square.jpg	obscured
295077212	budak	45181	2024-05-25	observed_on	105.3971390	21.0633118	225	obscured	needs_id	https://inaturalist-open-data.s3.amazonaws.com/photos/531179658/square.jpg	obscured
295077225	budak	45181	2024-05-25	observed_on	105.3051810	21.0985364	225	obscured	needs_id	https://inaturalist-open-data.s3.amazonaws.com/photos/531179733/square.jpg	obscured
295077268	budak	45181	2024-05-25	observed_on	105.3640283	21.0920825	225	obscured	research	https://inaturalist-open-data.s3.amazonaws.com/photos/531179918/square.jpg	obscured
297263878	superman4realz	6897440	2025-07-12	observed_on	105.3032663	20.9446493	8024	obscured	needs_id	https://inaturalist-open-data.s3.amazonaws.com/photos/535345777/square.jpg	obscured
298392699	maxcafe	7412983	2025-07-15	observed_on	105.3362746	21.1611113	105	obscured	research	https://inaturalist-open-data.s3.amazonaws.com/photos/537482873/square.jpg	obscured
298861883	nextcontinenttours	9140042	2025-07-18	observed_on	105.3454672	21.1731051	225	obscured	research	https://inaturalist-open-data.s3.amazonaws.com/photos/538383734/square.jpg	obscured
299107602	nextcontinenttours	9140042	2025-07-19	observed_on	105.3647807	21.1920964	225	obscured	research	https://inaturalist-open-data.s3.amazonaws.com/photos/538853113/square.jpg	obscured
299113747	a7v	3194889	2025-07-13	observed_on	105.9762315	21.1568391	366	obscured	research	https://inaturalist-open-data.s3.amazonaws.com/photos/538863848/square.jpg	obscured
300631741	sofia2520	8992027	2025-06-26	observed_on	105.8537942	21.1513391	254	obscured	needs_id	https://inaturalist-open-data.s3.amazonaws.com/photos/541658607/square.jpg	obscured
300631742	sofia2520	8992027	2025-06-26	observed_on	105.9061720	21.1064463	254	obscured	needs_id	https://inaturalist-open-data.s3.amazonaws.com/photos/541658607/square.jpg	obscured
301058948	nextcontinenttours	9140042	2025-07-24	observed_on	105.3451636	21.1445928	225	obscured	needs_id	https://inaturalist-open-data.s3.amazonaws.com/photos/542482423/square.jpg	obscured
301058957	nextcontinenttours	9140042	2025-07-24	observed_on	105.3424736	21.1352383	225	obscured	needs_id	https://inaturalist-open-data.s3.amazonaws.com/photos/542482448/square.jpg	obscured
301058966	nextcontinenttours	9140042	2025-07-24	observed_on	105.3506320	21.0196782	225	obscured	research	https://inaturalist-open-data.s3.amazonaws.com/photos/542482489/square.jpg	obscured
303040377	tommwalters	9602755	2025-08-02	observed_on	105.9628243	21.0757789	4	obscured	casual	https://inaturalist-open-data.s3.amazonaws.com/photos/546176234/square.jpg	obscured
304943581	superman4realz	6897440	2025-08-09	observed_on	105.8209951	21.1413598	35	obscured	casual	https://inaturalist-open-data.s3.amazonaws.com/photos/549778657/square.jpg	obscured
305137200	diepdaitung	8465946	2025-08-06	observed_on	105.6432429	21.4122519	223	obscured	needs_id	https://static.inaturalist.org/photos/550143015/square.jpg	obscured
305197241	hasenzahn	4562078	2025-06-16	observed_on	105.9537094	21.0191017	19	obscured	research	https://inaturalist-open-data.s3.amazonaws.com/photos/550257086/square.jpg	obscured
305434421	highston	2220902	2018-06-07	observed_on	105.3372338	21.0527775	30415	obscured	research	https://inaturalist-open-data.s3.amazonaws.com/photos/550710420/square.jpg	obscured
305536681	superman4realz	6897440	2025-08-11	observed_on	105.9187388	20.9350568	23	obscured	research	https://inaturalist-open-data.s3.amazonaws.com/photos/550900494/square.jpg	obscured
305536839	superman4realz	6897440	2025-08-11	observed_on	105.9197429	20.9439546	34	obscured	needs_id	https://inaturalist-open-data.s3.amazonaws.com/photos/550900737/square.jpg	obscured
306203787	diepdaitung	8465946	2025-01-01	observed_on	105.8781530	21.0865472	205	obscured	casual	https://static.inaturalist.org/photos/552176656/square.jpg	obscured
306258488	scarletphan	3498654	2025-08-14	observed_on	105.9814373	21.0358971	30415	obscured	research	https://inaturalist-open-data.s3.amazonaws.com/photos/552278154/square.jpg	obscured
307918694	herpavida	791150	2025-08-16	observed_on	105.8773414	21.0625591	3	obscured	research	https://inaturalist-open-data.s3.amazonaws.com/photos/555471675/square.jpg	obscured
307919565	herpavida	791150	2025-08-16	observed_on	105.8039793	21.1385363	4	obscured	research	https://inaturalist-open-data.s3.amazonaws.com/photos/555473424/square.jpg	obscured
307919673	herpavida	791150	2025-08-16	observed_on	105.8317617	21.0787114	4	obscured	research	https://inaturalist-open-data.s3.amazonaws.com/photos/555473550/square.jpg	obscured
307919787	herpavida	791150	2025-08-16	observed_on	105.8421479	21.0536928	4	obscured	research	https://inaturalist-open-data.s3.amazonaws.com/photos/555473725/square.jpg	obscured
307920587	herpavida	791150	2025-08-16	observed_on	105.8936566	21.0520421	3	obscured	research	https://inaturalist-open-data.s3.amazonaws.com/photos/555475205/square.jpg	obscured
308659188	koala_sprint	6219334	2025-08-23	observed_on	105.9135631	21.0116816	21	obscured	research	https://inaturalist-open-data.s3.amazonaws.com/photos/556886831/square.jpg	obscured
309770666	tuminh	1167690	2025-07-10	observed_on	105.9188550	20.9408682	106	obscured	casual	https://static.inaturalist.org/photos/559022700/square.jpg	obscured
311228813	nextcontinenttours	9140042	2025-09-03	observed_on	105.9059586	21.0879281	31	obscured	research	https://inaturalist-open-data.s3.amazonaws.com/photos/561810017/square.jpg	obscured
313304396	hoai_phong	8018557	2025-08-21	observed_on	105.3420796	21.2529458	30396	obscured	research	https://static.inaturalist.org/photos/565775459/square.jpg	obscured
314946545	nextcontinenttours	9140042	2025-09-14	observed_on	105.9433391	21.0981796	122	obscured	research	https://inaturalist-open-data.s3.amazonaws.com/photos/568897244/square.jpg	obscured
314946546	nextcontinenttours	9140042	2025-09-14	observed_on	105.8734445	21.0102693	8	obscured	research	https://inaturalist-open-data.s3.amazonaws.com/photos/568897497/square.jpg	obscured
315860652	matt1407	6847597	2025-09-23	observed_on	105.8244392	21.1958402	19	obscured	needs_id	https://static.inaturalist.org/photos/570635167/square.jpg	obscured
316219406	alexherpeto	9801233	2025-09-13	observed_on	105.3521693	21.0400872	2214	obscured	needs_id	https://inaturalist-open-data.s3.amazonaws.com/photos/571315161/square.jpg	obscured
318100812	fallofgranada	9788159	2025-10-02	observed_on	105.8559763	21.1164635	35	obscured	research	https://inaturalist-open-data.s3.amazonaws.com/photos/574872438/square.jpg	obscured
318360709	fallofgranada	9788159	2025-10-03	observed_on	105.5072232	21.3324567	35	obscured	casual	https://inaturalist-open-data.s3.amazonaws.com/photos/575374260/square.jpg	obscured
318360902	fallofgranada	9788159	2025-10-03	observed_on	105.4590065	21.3779107	35	obscured	needs_id	https://inaturalist-open-data.s3.amazonaws.com/photos/575374553/square.jpg	obscured
318361096	fallofgranada	9788159	2025-10-03	observed_on	105.4583183	21.2815294	310	obscured	needs_id	https://inaturalist-open-data.s3.amazonaws.com/photos/575374900/square.jpg	obscured
318361222	fallofgranada	9788159	2025-10-03	observed_on	105.4994180	21.3758209	35	obscured	needs_id	https://inaturalist-open-data.s3.amazonaws.com/photos/575375089/square.jpg	obscured
318554705	fallofgranada	9788159	2025-10-04	observed_on	105.4288785	21.2746262	12	obscured	casual	https://inaturalist-open-data.s3.amazonaws.com/photos/575746109/square.jpg	obscured
318554916	fallofgranada	9788159	2025-10-04	observed_on	105.4588504	21.2314522	4	obscured	research	https://inaturalist-open-data.s3.amazonaws.com/photos/575746525/square.jpg	obscured
318555097	fallofgranada	9788159	2025-10-04	observed_on	105.4796790	21.3603544	4	obscured	research	https://inaturalist-open-data.s3.amazonaws.com/photos/575746930/square.jpg	obscured
318768799	fallofgranada	9788159	2025-10-05	observed_on	105.4615726	21.2184161	29	obscured	research	https://inaturalist-open-data.s3.amazonaws.com/photos/576151719/square.jpg	obscured
318776244	fallofgranada	9788159	2025-10-05	observed_on	105.4836439	21.3732740	35	obscured	needs_id	https://inaturalist-open-data.s3.amazonaws.com/photos/576166276/square.jpg	obscured
318830903	fallofgranada	9788159	2025-10-05	observed_on	105.4864346	21.2090130	35	obscured	casual	https://inaturalist-open-data.s3.amazonaws.com/photos/576273465/square.jpg	obscured
318832241	fallofgranada	9788159	2025-10-05	observed_on	105.4141178	21.2612324	4	obscured	needs_id	https://inaturalist-open-data.s3.amazonaws.com/photos/576275534/square.jpg	obscured
319110456	fallofgranada	9788159	2025-10-06	observed_on	105.8270169	21.1819276	4	obscured	casual	https://inaturalist-open-data.s3.amazonaws.com/photos/576808069/square.jpg	obscured
319351508	fallofgranada	9788159	2025-10-07	observed_on	105.8006198	21.1171411	35	obscured	casual	https://inaturalist-open-data.s3.amazonaws.com/photos/577267116/square.jpg	obscured
320068218	fallofgranada	9788159	2025-10-11	observed_on	105.8852440	21.1437647	9	obscured	casual	https://inaturalist-open-data.s3.amazonaws.com/photos/578641428/square.jpg	obscured
320116167	nextcontinenttours	9140042	2025-10-11	observed_on	105.3886916	21.0824459	225	obscured	research	https://inaturalist-open-data.s3.amazonaws.com/photos/578738477/square.jpg	obscured
320821976	numberoneforager	7306866	2025-10-14	observed_on	105.9972085	21.1537363	18	obscured	research	https://inaturalist-open-data.s3.amazonaws.com/photos/580118278/square.jpg	obscured
321348985	alexherpeto	9801233	2025-10-17	observed_on	105.9187967	21.1372186	24	obscured	research	https://inaturalist-open-data.s3.amazonaws.com/photos/581152149/square.jpg	obscured
321560372	johnodon	9689286	2025-10-18	observed_on	105.9382601	21.1324083	16	obscured	casual	https://inaturalist-open-data.s3.amazonaws.com/photos/581927753/square.jpg	obscured
321570871	jhd_australia	3997599	2025-10-18	observed_on	105.9957396	20.7139033	3	obscured	research	https://inaturalist-open-data.s3.amazonaws.com/photos/581584512/square.jpg	obscured
321750436	johnodon	9689286	2025-10-19	observed_on	105.8829969	21.0195776	30415	obscured	casual	https://inaturalist-open-data.s3.amazonaws.com/photos/581926547/square.jpg	obscured
321977704	johnodon	9689286	2025-10-19	observed_on	105.9448192	21.1124520	30	obscured	casual	https://inaturalist-open-data.s3.amazonaws.com/photos/582378542/square.jpg	obscured
322917041	baki256	9857667	2025-10-25	observed_on	105.9043939	21.0269732	12	obscured	casual	https://inaturalist-open-data.s3.amazonaws.com/photos/584246692/square.jpg	obscured
323417414	allahisgoodbinladen123	9912032	2025-10-27	observed_on	105.7672335	20.8770856	5	obscured	casual	https://inaturalist-open-data.s3.amazonaws.com/photos/585197950/square.jpg	obscured
323417919	allahisgoodbinladen123	9912032	2025-10-27	observed_on	105.6244381	20.9953232	3	obscured	casual	https://inaturalist-open-data.s3.amazonaws.com/photos/585198847/square.jpg	obscured
323970055	martinscorsese	9920798	2025-10-30	observed_on	105.8272739	21.1997748	9	obscured	casual	https://inaturalist-open-data.s3.amazonaws.com/photos/586286371/square.jpg	obscured
323971688	martinscorsese	9920798	2025-10-30	observed_on	105.9981556	21.1109293	20	obscured	casual	https://inaturalist-open-data.s3.amazonaws.com/photos/586289220/square.jpg	obscured
324677258	diemthu	9912006	2025-11-03	observed_on	105.7536078	20.8165023	32	obscured	casual	https://inaturalist-open-data.s3.amazonaws.com/photos/587704720/square.jpg	obscured
324677788	phuonglinh	9912003	2025-11-03	observed_on	105.7149629	20.8409278	16	obscured	casual	https://inaturalist-open-data.s3.amazonaws.com/photos/587705809/square.jpg	obscured
325164981	bushranger98	5000871	2025-11-06	observed_on	105.7120806	20.6828497	30453	obscured	needs_id	https://inaturalist-open-data.s3.amazonaws.com/photos/588683824/square.jpg	obscured
325165104	bushranger98	5000871	2025-11-06	observed_on	105.7305336	20.7161936	30453	obscured	research	https://inaturalist-open-data.s3.amazonaws.com/photos/588683862/square.jpg	obscured
325165122	bushranger98	5000871	2025-11-06	observed_on	105.6531767	20.6265251	30453	obscured	needs_id	https://inaturalist-open-data.s3.amazonaws.com/photos/588683934/square.jpg	obscured
325170077	bushranger98	5000871	2025-11-06	observed_on	105.7076872	20.6848419	30453	obscured	needs_id	https://inaturalist-open-data.s3.amazonaws.com/photos/588692866/square.jpg	obscured
325170183	bushranger98	5000871	2025-11-06	observed_on	105.7356664	20.7810347	30453	obscured	needs_id	https://inaturalist-open-data.s3.amazonaws.com/photos/588693109/square.jpg	obscured
325170214	bushranger98	5000871	2025-11-06	observed_on	105.7183528	20.7604073	30453	obscured	research	https://inaturalist-open-data.s3.amazonaws.com/photos/588693175/square.jpg	obscured
326289955	elliot403	184212	2025-11-13	observed_on	105.8324088	21.1189861	30415	obscured	research	https://inaturalist-open-data.s3.amazonaws.com/photos/590957946/square.jpg	obscured
328146423	drphuongthaoduoc	9979123	2025-11-25	observed_on	105.3444002	21.1997388	4	obscured	needs_id	https://inaturalist-open-data.s3.amazonaws.com/photos/594567136/square.jpg	obscured
328147924	drphuongthaoduoc	9979123	2025-02-27	observed_on	105.3186515	21.1850187	4	obscured	research	https://inaturalist-open-data.s3.amazonaws.com/photos/594569932/square.jpg	obscured
329120067	the_taxanaut	9035609	2024-11-19	observed_on	105.7497228	21.4604340	30377	obscured	research	https://inaturalist-open-data.s3.amazonaws.com/photos/596525792/square.jpg	obscured
329120069	the_taxanaut	9035609	2024-11-19	observed_on	105.7518482	21.4502954	30377	obscured	research	https://inaturalist-open-data.s3.amazonaws.com/photos/596525795/square.jpg	obscured
329120427	the_taxanaut	9035609	2024-11-19	observed_on	105.6494926	21.4523197	30377	obscured	research	https://inaturalist-open-data.s3.amazonaws.com/photos/596526140/square.jpg	obscured
329120428	the_taxanaut	9035609	2024-11-19	observed_on	105.6041546	21.4004606	30377	obscured	needs_id	https://inaturalist-open-data.s3.amazonaws.com/photos/596526139/square.jpg	obscured
329120429	the_taxanaut	9035609	2024-11-19	observed_on	105.6381270	21.4009261	30377	obscured	needs_id	https://inaturalist-open-data.s3.amazonaws.com/photos/596526153/square.jpg	obscured
329120431	the_taxanaut	9035609	2024-11-19	observed_on	105.7619209	21.4949736	30377	obscured	research	https://inaturalist-open-data.s3.amazonaws.com/photos/596526159/square.jpg	obscured
329120432	the_taxanaut	9035609	2024-11-19	observed_on	105.6378694	21.4898452	30377	obscured	research	https://inaturalist-open-data.s3.amazonaws.com/photos/596526164/square.jpg	obscured
329120633	the_taxanaut	9035609	2024-11-19	observed_on	105.7137759	21.4374672	30377	obscured	research	https://inaturalist-open-data.s3.amazonaws.com/photos/596526407/square.jpg	obscured
329120634	the_taxanaut	9035609	2024-11-19	observed_on	105.7664866	21.4505533	30377	obscured	research	https://inaturalist-open-data.s3.amazonaws.com/photos/596526408/square.jpg	obscured
329120638	the_taxanaut	9035609	2024-11-19	observed_on	105.7797528	21.4420519	30377	obscured	research	https://inaturalist-open-data.s3.amazonaws.com/photos/596526428/square.jpg	obscured
329120639	the_taxanaut	9035609	2024-11-19	observed_on	105.6292599	21.4035449	30377	obscured	research	https://inaturalist-open-data.s3.amazonaws.com/photos/596526420/square.jpg	obscured
329120644	the_taxanaut	9035609	2024-11-19	observed_on	105.7168618	21.4061732	30377	obscured	needs_id	https://inaturalist-open-data.s3.amazonaws.com/photos/596526459/square.jpg	obscured
329120647	the_taxanaut	9035609	2024-11-19	observed_on	105.6744023	21.4058167	30377	obscured	research	https://inaturalist-open-data.s3.amazonaws.com/photos/596526451/square.jpg	obscured
329120649	the_taxanaut	9035609	2024-11-19	observed_on	105.6223626	21.4918349	30377	obscured	research	https://inaturalist-open-data.s3.amazonaws.com/photos/596526466/square.jpg	obscured
329120650	the_taxanaut	9035609	2024-11-19	observed_on	105.7173136	21.4821197	30377	obscured	research	https://inaturalist-open-data.s3.amazonaws.com/photos/596526478/square.jpg	obscured
329120653	the_taxanaut	9035609	2024-11-19	observed_on	105.6393675	21.4908657	30377	obscured	needs_id	https://inaturalist-open-data.s3.amazonaws.com/photos/596526480/square.jpg	obscured
329120654	the_taxanaut	9035609	2024-11-19	observed_on	105.7510705	21.4896356	30377	obscured	research	https://inaturalist-open-data.s3.amazonaws.com/photos/596526486/square.jpg	obscured
329120655	the_taxanaut	9035609	2024-11-19	observed_on	105.6727460	21.4287274	30377	obscured	research	https://inaturalist-open-data.s3.amazonaws.com/photos/596526493/square.jpg	obscured
329120662	the_taxanaut	9035609	2024-11-19	observed_on	105.6156484	21.4947599	30377	obscured	research	https://inaturalist-open-data.s3.amazonaws.com/photos/596526510/square.jpg	obscured
329120663	the_taxanaut	9035609	2024-11-19	observed_on	105.7492906	21.4319404	30377	obscured	needs_id	https://inaturalist-open-data.s3.amazonaws.com/photos/596526514/square.jpg	obscured
329232585	nguyendevs	9956865	2025-10-05	observed_on	105.8644346	21.1257444	4	obscured	casual	https://inaturalist-open-data.s3.amazonaws.com/photos/596748516/square.jpg	obscured
330711523	justinaceae	798730	2025-12-14	observed_on	105.8096640	21.1533735	46	obscured	needs_id	https://static.inaturalist.org/photos/599765503/square.jpg	obscured
331248031	elliotty	7098292	2025-12-18	observed_on	105.9769583	21.0039052	109	obscured	research	https://inaturalist-open-data.s3.amazonaws.com/photos/600867843/square.jpg	obscured
331249573	elliotty	7098292	2025-12-18	observed_on	105.8982786	21.0537986	99	obscured	research	https://inaturalist-open-data.s3.amazonaws.com/photos/600870563/square.jpg	obscured
331299756	the_taxanaut	9035609	2024-11-21	observed_on	105.6216048	20.7712132	30453	obscured	needs_id	https://inaturalist-open-data.s3.amazonaws.com/photos/600977930/square.jpg	obscured
331299759	the_taxanaut	9035609	2024-11-21	observed_on	105.6900683	20.7780850	30453	obscured	research	https://inaturalist-open-data.s3.amazonaws.com/photos/600977932/square.jpg	obscured
331299760	the_taxanaut	9035609	2024-11-21	observed_on	105.7481742	20.7917389	30453	obscured	research	https://inaturalist-open-data.s3.amazonaws.com/photos/600977931/square.jpg	obscured
331299763	the_taxanaut	9035609	2024-11-21	observed_on	105.7990253	20.7396387	30453	obscured	research	https://inaturalist-open-data.s3.amazonaws.com/photos/600977936/square.jpg	obscured
331299765	the_taxanaut	9035609	2024-11-21	observed_on	105.7854703	20.7269371	30453	obscured	research	https://inaturalist-open-data.s3.amazonaws.com/photos/600977939/square.jpg	obscured
331299766	the_taxanaut	9035609	2024-11-21	observed_on	105.7251578	20.6395697	30453	obscured	research	https://inaturalist-open-data.s3.amazonaws.com/photos/600977940/square.jpg	obscured
331299769	the_taxanaut	9035609	2024-11-21	observed_on	105.7964920	20.7086906	30453	obscured	needs_id	https://inaturalist-open-data.s3.amazonaws.com/photos/600977948/square.jpg	obscured
331299773	the_taxanaut	9035609	2024-11-21	observed_on	105.6868669	20.6423668	30453	obscured	needs_id	https://inaturalist-open-data.s3.amazonaws.com/photos/600977953/square.jpg	obscured
331299774	the_taxanaut	9035609	2024-11-21	observed_on	105.6393889	20.7498865	30453	obscured	research	https://inaturalist-open-data.s3.amazonaws.com/photos/600977949/square.jpg	obscured
331299777	the_taxanaut	9035609	2024-11-21	observed_on	105.6627234	20.7015004	30453	obscured	needs_id	https://inaturalist-open-data.s3.amazonaws.com/photos/600977961/square.jpg	obscured
331299780	the_taxanaut	9035609	2024-11-21	observed_on	105.7162088	20.7332668	30453	obscured	needs_id	https://inaturalist-open-data.s3.amazonaws.com/photos/600977963/square.jpg	obscured
331299781	the_taxanaut	9035609	2024-11-21	observed_on	105.7129707	20.6930113	30453	obscured	needs_id	https://inaturalist-open-data.s3.amazonaws.com/photos/600977968/square.jpg	obscured
331299782	the_taxanaut	9035609	2024-11-21	observed_on	105.7071332	20.7954650	30453	obscured	needs_id	https://inaturalist-open-data.s3.amazonaws.com/photos/600977978/square.jpg	obscured
331349475	the_taxanaut	9035609	2024-11-19	observed_on	105.8816170	21.0436902	30415	obscured	research	https://inaturalist-open-data.s3.amazonaws.com/photos/601080682/square.jpg	obscured
331349515	the_taxanaut	9035609	2024-11-19	observed_on	105.9847009	21.1225429	30415	obscured	needs_id	https://inaturalist-open-data.s3.amazonaws.com/photos/601080779/square.jpg	obscured
331349516	the_taxanaut	9035609	2024-11-19	observed_on	105.9193329	21.0949567	30415	obscured	research	https://inaturalist-open-data.s3.amazonaws.com/photos/601080777/square.jpg	obscured
331349517	the_taxanaut	9035609	2024-11-19	observed_on	105.9338009	21.0043123	30415	obscured	research	https://inaturalist-open-data.s3.amazonaws.com/photos/601080784/square.jpg	obscured
331349632	the_taxanaut	9035609	2024-11-19	observed_on	105.9248711	21.0589840	30415	obscured	research	https://inaturalist-open-data.s3.amazonaws.com/photos/601080906/square.jpg	obscured
331349637	the_taxanaut	9035609	2024-11-19	observed_on	105.9663117	21.1304294	30415	obscured	research	https://inaturalist-open-data.s3.amazonaws.com/photos/601080909/square.jpg	obscured
331349638	the_taxanaut	9035609	2024-11-19	observed_on	105.9274351	21.0244441	30415	obscured	research	https://inaturalist-open-data.s3.amazonaws.com/photos/601080911/square.jpg	obscured
331349641	the_taxanaut	9035609	2024-11-19	observed_on	105.9016006	21.0769410	30415	obscured	research	https://inaturalist-open-data.s3.amazonaws.com/photos/601080925/square.jpg	obscured
331349647	the_taxanaut	9035609	2024-11-19	observed_on	105.9355518	21.0377369	30415	obscured	needs_id	https://inaturalist-open-data.s3.amazonaws.com/photos/601080926/square.jpg	obscured
331349649	the_taxanaut	9035609	2024-11-19	observed_on	105.8882467	21.0015881	30415	obscured	research	https://inaturalist-open-data.s3.amazonaws.com/photos/601080930/square.jpg	obscured
331349651	the_taxanaut	9035609	2024-11-19	observed_on	105.8977202	21.1891646	30415	obscured	needs_id	https://inaturalist-open-data.s3.amazonaws.com/photos/601080943/square.jpg	obscured
332003508	tamphan	3264284	2025-12-23	observed_on	105.8815651	21.2600024	716	obscured	research	https://static.inaturalist.org/photos/602418641/square.jpg	obscured
332003509	tamphan	3264284	2025-12-23	observed_on	105.8278840	21.2436977	716	obscured	research	https://static.inaturalist.org/photos/602418640/square.jpg	obscured
332003510	tamphan	3264284	2025-12-23	observed_on	105.9516999	21.3996780	716	obscured	research	https://static.inaturalist.org/photos/602418637/square.jpg	obscured
332003511	tamphan	3264284	2025-12-23	observed_on	105.9022641	21.3400694	716	obscured	research	https://static.inaturalist.org/photos/602418648/square.jpg	obscured
332003512	tamphan	3264284	2025-12-23	observed_on	105.9348527	21.3118429	716	obscured	research	https://static.inaturalist.org/photos/602418652/square.jpg	obscured
332003837	tamphan	3264284	2025-12-23	observed_on	105.8222846	21.2801994	716	obscured	research	https://static.inaturalist.org/photos/602419481/square.jpg	obscured
332043367	foddles	2472262	2025-12-25	observed_on	105.9610432	21.1169375	30415	obscured	research	https://inaturalist-open-data.s3.amazonaws.com/photos/602922774/square.jpg	obscured
332273710	elliotty	7098292	2025-12-21	observed_on	105.9019490	21.0827573	137	obscured	research	https://inaturalist-open-data.s3.amazonaws.com/photos/602975199/square.jpg	obscured
332274116	elliotty	7098292	2025-12-21	observed_on	105.9912166	21.0988777	54	obscured	research	https://inaturalist-open-data.s3.amazonaws.com/photos/602976007/square.jpg	obscured
333077475	rhadden2	2519026	2026-01-02	observed_on	105.9258089	21.0207867	35	obscured	needs_id	https://inaturalist-open-data.s3.amazonaws.com/photos/604624876/square.jpg	obscured
333278407	gbohne	1620314	2025-12-16	observed_on	105.9321929	21.1363300	30415	obscured	needs_id	https://inaturalist-open-data.s3.amazonaws.com/photos/605031732/square.jpg	obscured
333278870	gbohne	1620314	1967-01-01	observed_on	105.9698115	21.1291926	390	obscured	casual	https://inaturalist-open-data.s3.amazonaws.com/photos/605032013/square.jpg	obscured
333417458	portmacanimals	9457508	2019-03-27	observed_on	105.9794496	21.0360046	3924	obscured	research	https://inaturalist-open-data.s3.amazonaws.com/photos/605312498/square.jpg	obscured
333447600	vasavoir	8896061	2018-04-26	observed_on	105.8837720	21.1995979	11287	obscured	research	https://static.inaturalist.org/photos/605372945/square.jpg	obscured
333802291	nigel1610	5498071	2026-01-06	observed_on	105.9974229	21.0015933	36	obscured	research	https://inaturalist-open-data.s3.amazonaws.com/photos/606042871/square.jpg	obscured
333822374	a_wyrn	9722821	2026-01-07	observed_on	105.4237280	21.3308479	369	obscured	needs_id	https://inaturalist-open-data.s3.amazonaws.com/photos/606085425/square.jpg	obscured
333822469	a_wyrn	9722821	2026-01-07	observed_on	105.4612224	21.2567181	931	obscured	needs_id	https://inaturalist-open-data.s3.amazonaws.com/photos/606085661/square.jpg	obscured
333822676	a_wyrn	9722821	2026-01-07	observed_on	105.4895189	21.2260276	4982	obscured	needs_id	https://inaturalist-open-data.s3.amazonaws.com/photos/606087084/square.jpg	obscured
334722119	actually_kaden	8459678	2026-01-14	observed_on	105.8759380	21.1911032	12028	obscured	research	https://static.inaturalist.org/photos/607916129/square.jpg	obscured
334834128	nadi44au	8419164	2026-01-14	observed_on	105.8057586	21.1738992	116	obscured	needs_id	https://inaturalist-open-data.s3.amazonaws.com/photos/608144491/square.jpg	obscured
334834317	nadi44au	8419164	2026-01-14	observed_on	105.9400007	21.1617407	4	obscured	needs_id	https://inaturalist-open-data.s3.amazonaws.com/photos/608144938/square.jpg	obscured
336246111	diepdaitung	8465946	2026-01-26	observed_on	105.8869927	21.0644868	256	obscured	needs_id	https://static.inaturalist.org/photos/610990198/square.jpg	obscured
336246174	diepdaitung	8465946	2026-01-26	observed_on	105.8846399	21.1495215	204	obscured	needs_id	https://static.inaturalist.org/photos/610990347/square.jpg	obscured
336246294	diepdaitung	8465946	2026-01-26	observed_on	105.9226228	21.1618820	7151	obscured	research	https://static.inaturalist.org/photos/610990624/square.jpg	obscured
336246345	diepdaitung	8465946	2026-01-26	observed_on	105.8861576	21.0484993	2507	obscured	research	https://static.inaturalist.org/photos/610990651/square.jpg	obscured
336246387	diepdaitung	8465946	2026-01-26	observed_on	105.9519221	21.0948274	7151	obscured	needs_id	https://static.inaturalist.org/photos/610990724/square.jpg	obscured
336246396	diepdaitung	8465946	2026-01-26	observed_on	105.8319613	21.1290663	7151	obscured	needs_id	https://static.inaturalist.org/photos/610990767/square.jpg	obscured
336246427	diepdaitung	8465946	2026-01-26	observed_on	105.9555109	21.0419437	7151	obscured	needs_id	https://static.inaturalist.org/photos/610990836/square.jpg	obscured
336246510	diepdaitung	8465946	2026-01-26	observed_on	105.8524058	21.0067246	7151	obscured	research	https://static.inaturalist.org/photos/610990917/square.jpg	obscured
336246649	diepdaitung	8465946	2026-01-26	observed_on	105.9032457	21.0792091	7151	obscured	research	https://static.inaturalist.org/photos/610991211/square.jpg	obscured
336247168	diepdaitung	8465946	2026-01-26	observed_on	105.9370988	21.1748272	7151	obscured	needs_id	https://static.inaturalist.org/photos/610992547/square.jpg	obscured
336247189	diepdaitung	8465946	2026-01-26	observed_on	105.9908481	21.0509392	7151	obscured	research	https://static.inaturalist.org/photos/610995595/square.jpg	obscured
336247564	diepdaitung	8465946	2026-01-26	observed_on	105.9141778	21.1370115	7151	obscured	research	https://static.inaturalist.org/photos/610993230/square.jpg	obscured
336249495	diepdaitung	8465946	2026-01-26	observed_on	105.8128460	21.1416537	7151	obscured	research	https://static.inaturalist.org/photos/610997419/square.jpg	obscured
336282117	diepdaitung	8465946	2026-01-26	observed_on	105.9146383	21.1511182	7151	obscured	needs_id	https://static.inaturalist.org/photos/611062928/square.jpg	obscured
336305318	diepdaitung	8465946	2026-01-26	observed_on	105.8868544	21.1889575	7151	obscured	research	https://static.inaturalist.org/photos/611111318/square.jpg	obscured
336522899	tightontanago	7382175	2026-01-29	observed_on	105.4892510	21.1089333	12	obscured	needs_id	https://inaturalist-open-data.s3.amazonaws.com/photos/611550020/square.jpg	obscured
336592487	alexherpeto	9801233	2026-01-28	observed_on	105.9494936	21.1552171	173	obscured	research	https://inaturalist-open-data.s3.amazonaws.com/photos/611693148/square.jpg	obscured
336757832	cheng-wei	7772342	2025-12-14	observed_on	105.3216203	21.1152543	15	obscured	research	https://static.inaturalist.org/photos/612030483/square.jpg	obscured
336800683	tightontanago	7382175	2026-01-31	observed_on	105.9552974	20.8090434	2	obscured	needs_id	https://inaturalist-open-data.s3.amazonaws.com/photos/612118623/square.jpg	obscured
336805000	tightontanago	7382175	2026-01-31	observed_on	105.8466366	20.9971690	30434	obscured	research	https://inaturalist-open-data.s3.amazonaws.com/photos/612145056/square.jpg	obscured
336808070	tightontanago	7382175	2026-01-31	observed_on	105.9848090	20.8226423	4	obscured	research	https://inaturalist-open-data.s3.amazonaws.com/photos/612144908/square.jpg	obscured
336814830	tightontanago	7382175	2026-01-31	observed_on	105.9402275	20.9696745	3	obscured	research	https://inaturalist-open-data.s3.amazonaws.com/photos/612145611/square.jpg	obscured
336815451	tightontanago	7382175	2026-01-31	observed_on	105.9338426	20.9856502	4	obscured	research	https://inaturalist-open-data.s3.amazonaws.com/photos/612147015/square.jpg	obscured
336815476	tightontanago	7382175	2026-01-31	observed_on	105.8695764	20.9263612	2000	obscured	research	https://inaturalist-open-data.s3.amazonaws.com/photos/612147093/square.jpg	obscured
336947029	merec0	8899023	2010-07-19	observed_on	106.1153654	21.2297454	3345	obscured	research	https://inaturalist-open-data.s3.amazonaws.com/photos/612415804/square.jpg	obscured
337831980	gideon_lau	8781192	2025-12-23	observed_on	105.8352867	21.1449763	30415	obscured	needs_id	https://inaturalist-open-data.s3.amazonaws.com/photos/614226500/square.jpg	obscured
337832298	gideon_lau	8781192	2025-12-23	observed_on	105.9836325	21.0851837	30415	obscured	research	https://inaturalist-open-data.s3.amazonaws.com/photos/614227200/square.jpg	obscured
339133384	chau_le	7898758	2026-02-18	observed_on	105.7465919	21.1525898	24	obscured	needs_id	https://static.inaturalist.org/photos/616863250/square.jpg	obscured
339435962	jinseong	6330883	2026-02-20	observed_on	105.6276221	21.0442354	30415	obscured	needs_id	https://inaturalist-open-data.s3.amazonaws.com/photos/617483231/square.jpg	obscured
339759183	jinseong	6330883	2026-02-23	observed_on	105.7420416	21.1686874	30415	obscured	needs_id	https://inaturalist-open-data.s3.amazonaws.com/photos/618311616/square.jpg	obscured
339863450	damontighe	3494	2026-02-23	observed_on	105.9018376	21.0916439	27	obscured	casual	https://inaturalist-open-data.s3.amazonaws.com/photos/618350577/square.jpg	obscured
339872509	jinseong	6330883	2026-02-23	observed_on	105.7916224	21.0437396	30415	obscured	needs_id	https://inaturalist-open-data.s3.amazonaws.com/photos/618368798/square.jpg	obscured
339876502	damontighe	3494	2026-02-23	observed_on	105.8866634	21.1383724	3	obscured	research	https://inaturalist-open-data.s3.amazonaws.com/photos/618377368/square.jpg	obscured
339876505	damontighe	3494	2026-02-23	observed_on	105.9875942	21.0867126	20	obscured	research	https://inaturalist-open-data.s3.amazonaws.com/photos/618377376/square.jpg	obscured
340002753	gusmerckel	22408	2025-12-19	observed_on	105.8293295	21.0222139	14	obscured	research	https://static.inaturalist.org/photos/618635811/square.jpg	obscured
341181114	diepdaitung	8465946	2026-02-08	observed_on	105.6401946	20.8304125	198	obscured	casual	https://inaturalist-open-data.s3.amazonaws.com/photos/621040726/square.jpg	obscured
341220963	helenharris29	7765199	2026-03-04	observed_on	105.8549085	21.0948405	7	obscured	research	https://inaturalist-open-data.s3.amazonaws.com/photos/621122720/square.jpg	obscured
342454496	emhedge	4269855	2026-03-11	observed_on	105.9846471	21.0209772	30415	obscured	research	https://static.inaturalist.org/photos/623629994/square.jpg	obscured
342547314	cemonehedges	4379400	2026-03-11	observed_on	105.9726827	21.1632370	4	obscured	research	https://inaturalist-open-data.s3.amazonaws.com/photos/623822147/square.jpg	obscured
342674264	kellclague	9626269	2026-02-28	observed_on	105.9893435	21.0206897	91	obscured	needs_id	https://inaturalist-open-data.s3.amazonaws.com/photos/624074756/square.jpg	obscured
342674509	kellclague	9626269	2026-02-28	observed_on	105.8908425	21.1429945	86	obscured	research	https://inaturalist-open-data.s3.amazonaws.com/photos/624075311/square.jpg	obscured
342674901	kellclague	9626269	2026-02-28	observed_on	105.8576046	21.1970730	42	obscured	research	https://inaturalist-open-data.s3.amazonaws.com/photos/624075839/square.jpg	obscured
342675410	kellclague	9626269	2026-03-01	observed_on	105.9980695	21.0804606	17	obscured	needs_id	https://inaturalist-open-data.s3.amazonaws.com/photos/624076755/square.jpg	obscured
342675497	kellclague	9626269	2026-03-01	observed_on	105.9074191	21.0519427	17	obscured	needs_id	https://inaturalist-open-data.s3.amazonaws.com/photos/624077022/square.jpg	obscured
342676889	kellclague	9626269	2026-03-03	observed_on	105.8873660	21.1303566	79	obscured	research	https://inaturalist-open-data.s3.amazonaws.com/photos/624080093/square.jpg	obscured
345582200	hatwise	3592508	2026-03-08	observed_on	105.8683156	21.2852759	486	obscured	casual	https://inaturalist-open-data.s3.amazonaws.com/photos/629809668/square.jpg	obscured
345693225	scottfox73	8366473	2026-03-28	observed_on	105.8659881	21.0296628	210	obscured	research	https://inaturalist-open-data.s3.amazonaws.com/photos/630037351/square.jpg	obscured
347418270	lynetteclennell	925480	2026-04-04	observed_on	105.6465662	21.4101288	30377	obscured	research	https://inaturalist-open-data.s3.amazonaws.com/photos/633448318/square.jpg	obscured
347498877	hlaidlaw	2908808	2026-04-05	observed_on	105.7887980	21.4608812	4	obscured	research	https://inaturalist-open-data.s3.amazonaws.com/photos/633613195/square.jpg	obscured
348033873	matthewmo	4724857	2026-03-10	observed_on	105.9290632	21.1556028	31	obscured	needs_id	https://static.inaturalist.org/photos/634676722/square.jpg	obscured
348282339	mread	2357471	2026-04-08	observed_on	105.7165437	21.4821958	4	obscured	research	https://inaturalist-open-data.s3.amazonaws.com/photos/635170863/square.jpg	obscured
348464909	lynetteclennell	925480	2026-04-04	observed_on	105.7575853	21.4331244	30377	obscured	research	https://inaturalist-open-data.s3.amazonaws.com/photos/635522311/square.jpg	obscured
348630364	lynetteclennell	925480	2026-04-04	observed_on	105.7884573	21.4394205	30377	obscured	research	https://inaturalist-open-data.s3.amazonaws.com/photos/635850538/square.jpg	obscured
348645889	adkonings	1499212	2026-03-31	observed_on	105.9064649	21.0218371	3	obscured	research	https://inaturalist-open-data.s3.amazonaws.com/photos/635886721/square.jpg	obscured
348646022	adkonings	1499212	2026-03-31	observed_on	105.9945315	21.1430806	3	obscured	casual	https://inaturalist-open-data.s3.amazonaws.com/photos/635886832/square.jpg	obscured
349507692	svr_vietnam	7827934	2026-04-13	observed_on	105.5551852	20.9067511	30434	obscured	research	https://inaturalist-open-data.s3.amazonaws.com/photos/637585086/square.jpg	obscured
349508989	svr_vietnam	7827934	2026-04-13	observed_on	105.5340519	20.8193284	5	obscured	research	https://inaturalist-open-data.s3.amazonaws.com/photos/637587614/square.jpg	obscured
349509447	svr_vietnam	7827934	2026-04-13	observed_on	105.5149552	20.8109783	5	obscured	research	https://inaturalist-open-data.s3.amazonaws.com/photos/637588370/square.jpg	obscured
349563963	mread	2357471	2026-04-13	observed_on	105.9936323	21.0214778	9	obscured	research	https://inaturalist-open-data.s3.amazonaws.com/photos/637693655/square.jpg	obscured
349577637	lin-chen-wen	5759919	2026-01-12	observed_on	105.6661983	21.4861927	1154	obscured	needs_id	https://inaturalist-open-data.s3.amazonaws.com/photos/637712461/square.jpg	obscured
349778527	mread	2357471	2026-04-14	observed_on	105.9091804	21.0494491	4	obscured	research	https://inaturalist-open-data.s3.amazonaws.com/photos/638112148/square.jpg	obscured
350209928	tientq64	8902570	2026-04-07	observed_on	105.6971423	21.1078837	151	obscured	needs_id	https://inaturalist-open-data.s3.amazonaws.com/photos/638955443/square.jpg	obscured
351162478	benjamincejp	729545	2025-04-26	observed_on	105.8782877	21.1121260	1743	obscured	research	https://static.inaturalist.org/photos/640783102/square.jpg	obscured
351162480	benjamincejp	729545	2025-04-26	observed_on	105.8464694	21.1507772	1743	obscured	needs_id	https://static.inaturalist.org/photos/640783117/square.jpg	obscured
351162482	benjamincejp	729545	2025-04-26	observed_on	105.9682717	21.0146441	1743	obscured	needs_id	https://static.inaturalist.org/photos/640783137/square.jpg	obscured
351162491	benjamincejp	729545	2025-04-26	observed_on	105.8939899	21.1474806	1743	obscured	needs_id	https://static.inaturalist.org/photos/640784580/square.jpg	obscured
351162492	benjamincejp	729545	2025-04-26	observed_on	105.9049511	21.1452121	1743	obscured	needs_id	https://static.inaturalist.org/photos/640784575/square.jpg	obscured
351162497	benjamincejp	729545	2025-04-26	observed_on	105.9928556	21.1153657	1743	obscured	needs_id	https://static.inaturalist.org/photos/640784603/square.jpg	obscured
351162504	benjamincejp	729545	2025-04-26	observed_on	105.9139171	21.1706627	1743	obscured	needs_id	https://static.inaturalist.org/photos/640784613/square.jpg	obscured
351162512	benjamincejp	729545	2025-04-26	observed_on	105.8453482	21.0836648	1743	obscured	needs_id	https://static.inaturalist.org/photos/640784615/square.jpg	obscured
351162519	benjamincejp	729545	2025-04-26	observed_on	105.8380141	21.0669978	1743	obscured	needs_id	https://static.inaturalist.org/photos/640784621/square.jpg	obscured
351162520	benjamincejp	729545	2025-04-26	observed_on	105.9529449	21.0649237	1743	obscured	needs_id	https://static.inaturalist.org/photos/640784722/square.jpg	obscured
351162521	benjamincejp	729545	2025-04-26	observed_on	105.8644519	21.0670339	1743	obscured	research	https://static.inaturalist.org/photos/640784640/square.jpg	obscured
351162527	benjamincejp	729545	2025-04-26	observed_on	105.8626071	21.1780895	1743	obscured	needs_id	https://static.inaturalist.org/photos/640784762/square.jpg	obscured
351162529	benjamincejp	729545	2025-04-26	observed_on	105.8952450	21.1654184	1743	obscured	needs_id	https://static.inaturalist.org/photos/640784777/square.jpg	obscured
351162530	benjamincejp	729545	2025-04-26	observed_on	105.8792262	21.0470386	1743	obscured	needs_id	https://static.inaturalist.org/photos/640784795/square.jpg	obscured
351162531	benjamincejp	729545	2025-04-25	observed_on	105.8058911	21.0751267	1743	obscured	research	https://static.inaturalist.org/photos/640784816/square.jpg	obscured
351162533	benjamincejp	729545	2025-04-25	observed_on	105.8619289	21.0352371	1743	obscured	needs_id	https://static.inaturalist.org/photos/640784881/square.jpg	obscured
351654409	cheng-wei	7772342	2025-12-11	observed_on	105.3127030	21.1645590	30415	obscured	needs_id	https://static.inaturalist.org/photos/641756158/square.jpg	obscured
352414276	the_taxanaut	9035609	2026-04-06	observed_on	105.7687884	21.1087820	30415	obscured	needs_id	https://inaturalist-open-data.s3.amazonaws.com/photos/643215898/square.jpg	obscured
352414278	the_taxanaut	9035609	2026-04-06	observed_on	105.6683491	21.0089477	30415	obscured	research	https://inaturalist-open-data.s3.amazonaws.com/photos/643215903/square.jpg	obscured
352414279	the_taxanaut	9035609	2026-04-06	observed_on	105.6129551	21.0627844	30415	obscured	needs_id	https://inaturalist-open-data.s3.amazonaws.com/photos/643216119/square.jpg	obscured
352414285	the_taxanaut	9035609	2026-04-06	observed_on	105.6976955	21.0664580	30415	obscured	needs_id	https://inaturalist-open-data.s3.amazonaws.com/photos/643216118/square.jpg	obscured
352414286	the_taxanaut	9035609	2026-04-06	observed_on	105.6069243	21.1146425	30415	obscured	needs_id	https://inaturalist-open-data.s3.amazonaws.com/photos/643216128/square.jpg	obscured
352414287	the_taxanaut	9035609	2026-04-06	observed_on	105.6823109	21.1493800	30415	obscured	research	https://inaturalist-open-data.s3.amazonaws.com/photos/643216191/square.jpg	obscured
352414290	the_taxanaut	9035609	2026-04-06	observed_on	105.6517727	21.0721965	30415	obscured	needs_id	https://inaturalist-open-data.s3.amazonaws.com/photos/643216192/square.jpg	obscured
352414291	the_taxanaut	9035609	2026-04-06	observed_on	105.7186296	21.0276262	30415	obscured	needs_id	https://inaturalist-open-data.s3.amazonaws.com/photos/643216308/square.jpg	obscured
352414292	the_taxanaut	9035609	2026-04-06	observed_on	105.6719132	21.0746818	30415	obscured	research	https://inaturalist-open-data.s3.amazonaws.com/photos/643216968/square.jpg	obscured
352414297	the_taxanaut	9035609	2026-04-06	observed_on	105.6592929	21.0632000	30415	obscured	needs_id	https://inaturalist-open-data.s3.amazonaws.com/photos/643216195/square.jpg	obscured
352414298	the_taxanaut	9035609	2026-04-06	observed_on	105.7715564	21.0600613	30415	obscured	research	https://inaturalist-open-data.s3.amazonaws.com/photos/643216225/square.jpg	obscured
352414299	the_taxanaut	9035609	2026-04-06	observed_on	105.7142234	21.1906688	30415	obscured	research	https://inaturalist-open-data.s3.amazonaws.com/photos/643216251/square.jpg	obscured
352414303	the_taxanaut	9035609	2026-04-06	observed_on	105.7940464	21.1112842	30415	obscured	needs_id	https://inaturalist-open-data.s3.amazonaws.com/photos/643216244/square.jpg	obscured
352414306	the_taxanaut	9035609	2026-04-06	observed_on	105.7198076	21.1367115	30415	obscured	needs_id	https://inaturalist-open-data.s3.amazonaws.com/photos/643216268/square.jpg	obscured
352414307	the_taxanaut	9035609	2026-04-06	observed_on	105.6250032	21.0384180	30415	obscured	research	https://inaturalist-open-data.s3.amazonaws.com/photos/643216345/square.jpg	obscured
352414309	the_taxanaut	9035609	2026-04-06	observed_on	105.6378875	21.1969644	30415	obscured	research	https://inaturalist-open-data.s3.amazonaws.com/photos/643216354/square.jpg	obscured
352414310	the_taxanaut	9035609	2026-04-06	observed_on	105.6591630	21.1881251	30415	obscured	needs_id	https://inaturalist-open-data.s3.amazonaws.com/photos/643216377/square.jpg	obscured
352414312	the_taxanaut	9035609	2026-04-06	observed_on	105.7758428	21.1056862	30415	obscured	research	https://inaturalist-open-data.s3.amazonaws.com/photos/643216430/square.jpg	obscured
352414316	the_taxanaut	9035609	2026-04-06	observed_on	105.6094383	21.0484490	30415	obscured	needs_id	https://inaturalist-open-data.s3.amazonaws.com/photos/643216436/square.jpg	obscured
352414317	the_taxanaut	9035609	2026-04-06	observed_on	105.7358117	21.0454649	30415	obscured	needs_id	https://inaturalist-open-data.s3.amazonaws.com/photos/643216445/square.jpg	obscured
352414318	the_taxanaut	9035609	2026-04-06	observed_on	105.6568841	21.0815527	30415	obscured	needs_id	https://inaturalist-open-data.s3.amazonaws.com/photos/643216504/square.jpg	obscured
352414321	the_taxanaut	9035609	2026-04-06	observed_on	105.6999881	21.0125819	30415	obscured	needs_id	https://inaturalist-open-data.s3.amazonaws.com/photos/643216540/square.jpg	obscured
352414322	the_taxanaut	9035609	2026-04-06	observed_on	105.7001031	21.0803211	30415	obscured	research	https://inaturalist-open-data.s3.amazonaws.com/photos/643216531/square.jpg	obscured
352414323	the_taxanaut	9035609	2026-04-06	observed_on	105.7456380	21.0621654	30415	obscured	research	https://inaturalist-open-data.s3.amazonaws.com/photos/643216614/square.jpg	obscured
352414328	the_taxanaut	9035609	2026-04-06	observed_on	105.6505538	21.1435160	30415	obscured	needs_id	https://inaturalist-open-data.s3.amazonaws.com/photos/643216635/square.jpg	obscured
352414329	the_taxanaut	9035609	2026-04-06	observed_on	105.7791229	21.0522399	30415	obscured	research	https://inaturalist-open-data.s3.amazonaws.com/photos/643216641/square.jpg	obscured
352414330	the_taxanaut	9035609	2026-04-06	observed_on	105.6861593	21.0777638	30415	obscured	needs_id	https://inaturalist-open-data.s3.amazonaws.com/photos/643216666/square.jpg	obscured
352414337	the_taxanaut	9035609	2026-04-06	observed_on	105.7210554	21.0222622	30415	obscured	needs_id	https://inaturalist-open-data.s3.amazonaws.com/photos/643216676/square.jpg	obscured
352414338	the_taxanaut	9035609	2026-04-06	observed_on	105.6984082	21.0142943	30415	obscured	needs_id	https://inaturalist-open-data.s3.amazonaws.com/photos/643216561/square.jpg	obscured
352414339	the_taxanaut	9035609	2026-04-06	observed_on	105.7093671	21.1320211	30415	obscured	needs_id	https://inaturalist-open-data.s3.amazonaws.com/photos/643216720/square.jpg	obscured
352414347	the_taxanaut	9035609	2026-04-06	observed_on	105.6746034	21.0361603	30415	obscured	research	https://inaturalist-open-data.s3.amazonaws.com/photos/643216726/square.jpg	obscured
352414348	the_taxanaut	9035609	2026-04-06	observed_on	105.7727722	21.0833649	30415	obscured	needs_id	https://inaturalist-open-data.s3.amazonaws.com/photos/643216748/square.jpg	obscured
352414349	the_taxanaut	9035609	2026-04-06	observed_on	105.7657532	21.1077075	30415	obscured	needs_id	https://inaturalist-open-data.s3.amazonaws.com/photos/643216771/square.jpg	obscured
352414359	the_taxanaut	9035609	2026-04-06	observed_on	105.6814393	21.1897141	30415	obscured	research	https://inaturalist-open-data.s3.amazonaws.com/photos/643216689/square.jpg	obscured
352414360	the_taxanaut	9035609	2026-04-06	observed_on	105.7584914	21.1482475	30415	obscured	research	https://inaturalist-open-data.s3.amazonaws.com/photos/643216781/square.jpg	obscured
352414361	the_taxanaut	9035609	2026-04-06	observed_on	105.6234420	21.1184424	30415	obscured	research	https://inaturalist-open-data.s3.amazonaws.com/photos/643216806/square.jpg	obscured
352414371	the_taxanaut	9035609	2026-04-06	observed_on	105.6207597	21.0167552	30415	obscured	research	https://inaturalist-open-data.s3.amazonaws.com/photos/643216842/square.jpg	obscured
352414372	the_taxanaut	9035609	2026-04-06	observed_on	105.6739030	21.0973810	30415	obscured	needs_id	https://inaturalist-open-data.s3.amazonaws.com/photos/643216999/square.jpg	obscured
352414373	the_taxanaut	9035609	2026-04-06	observed_on	105.7528329	21.1530982	30415	obscured	needs_id	https://inaturalist-open-data.s3.amazonaws.com/photos/643216849/square.jpg	obscured
352414382	the_taxanaut	9035609	2026-04-06	observed_on	105.7097498	21.1862881	30415	obscured	research	https://inaturalist-open-data.s3.amazonaws.com/photos/643216865/square.jpg	obscured
352414384	the_taxanaut	9035609	2026-04-06	observed_on	105.7181733	21.1883496	30415	obscured	needs_id	https://inaturalist-open-data.s3.amazonaws.com/photos/643216874/square.jpg	obscured
352414385	the_taxanaut	9035609	2026-04-06	observed_on	105.7250103	21.0232874	30415	obscured	research	https://inaturalist-open-data.s3.amazonaws.com/photos/643216916/square.jpg	obscured
352414392	the_taxanaut	9035609	2026-04-06	observed_on	105.6793770	21.0197643	30415	obscured	research	https://inaturalist-open-data.s3.amazonaws.com/photos/643216969/square.jpg	obscured
352414393	the_taxanaut	9035609	2026-04-06	observed_on	105.6639367	21.1953666	30415	obscured	needs_id	https://inaturalist-open-data.s3.amazonaws.com/photos/643217030/square.jpg	obscured
352414395	the_taxanaut	9035609	2026-04-06	observed_on	105.6244984	21.1794676	30415	obscured	research	https://inaturalist-open-data.s3.amazonaws.com/photos/643216938/square.jpg	obscured
352414398	the_taxanaut	9035609	2026-04-06	observed_on	105.6954293	21.1801780	30415	obscured	research	https://inaturalist-open-data.s3.amazonaws.com/photos/643217076/square.jpg	obscured
352414399	the_taxanaut	9035609	2026-04-06	observed_on	105.7397022	21.1135040	30415	obscured	needs_id	https://inaturalist-open-data.s3.amazonaws.com/photos/643217077/square.jpg	obscured
352414400	the_taxanaut	9035609	2026-04-06	observed_on	105.6402605	21.0202761	30415	obscured	research	https://inaturalist-open-data.s3.amazonaws.com/photos/643215902/square.jpg	obscured
352414403	the_taxanaut	9035609	2026-04-06	observed_on	105.6514340	21.0708276	30415	obscured	needs_id	https://inaturalist-open-data.s3.amazonaws.com/photos/643217086/square.jpg	obscured
352414404	the_taxanaut	9035609	2026-04-06	observed_on	105.6386708	21.0620123	30415	obscured	needs_id	https://inaturalist-open-data.s3.amazonaws.com/photos/643217129/square.jpg	obscured
352414405	the_taxanaut	9035609	2026-04-06	observed_on	105.7526552	21.0783847	30415	obscured	research	https://inaturalist-open-data.s3.amazonaws.com/photos/643217177/square.jpg	obscured
352414407	the_taxanaut	9035609	2026-04-06	observed_on	105.6740321	21.1646231	30415	obscured	research	https://inaturalist-open-data.s3.amazonaws.com/photos/643217208/square.jpg	obscured
352414408	the_taxanaut	9035609	2026-04-06	observed_on	105.7641536	21.1920950	30415	obscured	needs_id	https://inaturalist-open-data.s3.amazonaws.com/photos/643217211/square.jpg	obscured
352414409	the_taxanaut	9035609	2026-04-06	observed_on	105.7731314	21.0106356	30415	obscured	research	https://inaturalist-open-data.s3.amazonaws.com/photos/643216951/square.jpg	obscured
352414414	the_taxanaut	9035609	2026-04-06	observed_on	105.7954737	21.0649771	30415	obscured	needs_id	https://inaturalist-open-data.s3.amazonaws.com/photos/643217225/square.jpg	obscured
352414416	the_taxanaut	9035609	2026-04-06	observed_on	105.7705187	21.1687920	30415	obscured	research	https://inaturalist-open-data.s3.amazonaws.com/photos/643217263/square.jpg	obscured
352414418	the_taxanaut	9035609	2026-04-06	observed_on	105.6877333	21.0494029	30415	obscured	needs_id	https://inaturalist-open-data.s3.amazonaws.com/photos/643217314/square.jpg	obscured
352414423	the_taxanaut	9035609	2026-04-06	observed_on	105.7060378	21.0752602	30415	obscured	research	https://inaturalist-open-data.s3.amazonaws.com/photos/643217289/square.jpg	obscured
352414424	the_taxanaut	9035609	2026-04-06	observed_on	105.7940630	21.0329420	30415	obscured	research	https://inaturalist-open-data.s3.amazonaws.com/photos/643217312/square.jpg	obscured
352414426	the_taxanaut	9035609	2026-04-06	observed_on	105.6544355	21.1547026	30415	obscured	research	https://inaturalist-open-data.s3.amazonaws.com/photos/643217320/square.jpg	obscured
352414429	the_taxanaut	9035609	2026-04-06	observed_on	105.6002094	21.1667100	30415	obscured	research	https://inaturalist-open-data.s3.amazonaws.com/photos/643217408/square.jpg	obscured
352414430	the_taxanaut	9035609	2026-04-06	observed_on	105.7124248	21.0091360	30415	obscured	needs_id	https://inaturalist-open-data.s3.amazonaws.com/photos/643217507/square.jpg	obscured
352414431	the_taxanaut	9035609	2026-04-06	observed_on	105.6039370	21.1752937	30415	obscured	research	https://inaturalist-open-data.s3.amazonaws.com/photos/643217366/square.jpg	obscured
352414437	the_taxanaut	9035609	2026-04-06	observed_on	105.6873708	21.1844957	30415	obscured	research	https://inaturalist-open-data.s3.amazonaws.com/photos/643217503/square.jpg	obscured
352414439	the_taxanaut	9035609	2026-04-06	observed_on	105.6178294	21.1133532	30415	obscured	research	https://inaturalist-open-data.s3.amazonaws.com/photos/643217660/square.jpg	obscured
352414440	the_taxanaut	9035609	2026-04-06	observed_on	105.6523163	21.1335979	30415	obscured	needs_id	https://inaturalist-open-data.s3.amazonaws.com/photos/643217494/square.jpg	obscured
352414448	the_taxanaut	9035609	2026-04-06	observed_on	105.6782874	21.0908578	30415	obscured	needs_id	https://inaturalist-open-data.s3.amazonaws.com/photos/643217595/square.jpg	obscured
352414449	the_taxanaut	9035609	2026-04-06	observed_on	105.7943453	21.1905099	30415	obscured	needs_id	https://inaturalist-open-data.s3.amazonaws.com/photos/643217549/square.jpg	obscured
352414450	the_taxanaut	9035609	2026-04-06	observed_on	105.7579147	21.1553628	30415	obscured	needs_id	https://inaturalist-open-data.s3.amazonaws.com/photos/643217586/square.jpg	obscured
352414452	the_taxanaut	9035609	2026-04-06	observed_on	105.7756620	21.0305620	30415	obscured	research	https://inaturalist-open-data.s3.amazonaws.com/photos/643217606/square.jpg	obscured
352414453	the_taxanaut	9035609	2026-04-06	observed_on	105.7222375	21.0843743	30415	obscured	research	https://inaturalist-open-data.s3.amazonaws.com/photos/643217640/square.jpg	obscured
352414456	the_taxanaut	9035609	2026-04-06	observed_on	105.6125879	21.0558451	30415	obscured	needs_id	https://inaturalist-open-data.s3.amazonaws.com/photos/643217652/square.jpg	obscured
352414460	the_taxanaut	9035609	2026-04-06	observed_on	105.7100553	21.0118815	30415	obscured	research	https://inaturalist-open-data.s3.amazonaws.com/photos/643217694/square.jpg	obscured
352414461	the_taxanaut	9035609	2026-04-06	observed_on	105.7463379	21.0645038	30415	obscured	needs_id	https://inaturalist-open-data.s3.amazonaws.com/photos/643217718/square.jpg	obscured
352414462	the_taxanaut	9035609	2026-04-06	observed_on	105.6036173	21.1443037	30415	obscured	needs_id	https://inaturalist-open-data.s3.amazonaws.com/photos/643217790/square.jpg	obscured
352414468	the_taxanaut	9035609	2026-04-06	observed_on	105.6835573	21.1780006	30415	obscured	research	https://inaturalist-open-data.s3.amazonaws.com/photos/643217724/square.jpg	obscured
352414469	the_taxanaut	9035609	2026-04-06	observed_on	105.7751557	21.0627723	30415	obscured	research	https://inaturalist-open-data.s3.amazonaws.com/photos/643217716/square.jpg	obscured
352414471	the_taxanaut	9035609	2026-04-06	observed_on	105.7518898	21.0343616	30415	obscured	research	https://inaturalist-open-data.s3.amazonaws.com/photos/643217764/square.jpg	obscured
352414479	the_taxanaut	9035609	2026-04-06	observed_on	105.6985508	21.0647601	30415	obscured	research	https://inaturalist-open-data.s3.amazonaws.com/photos/643217823/square.jpg	obscured
352414480	the_taxanaut	9035609	2026-04-06	observed_on	105.7033027	21.0513795	30415	obscured	needs_id	https://inaturalist-open-data.s3.amazonaws.com/photos/643217838/square.jpg	obscured
352414481	the_taxanaut	9035609	2026-04-06	observed_on	105.7671257	21.0874010	30415	obscured	needs_id	https://inaturalist-open-data.s3.amazonaws.com/photos/643217856/square.jpg	obscured
352414484	the_taxanaut	9035609	2026-04-06	observed_on	105.7702124	21.0637346	30415	obscured	needs_id	https://inaturalist-open-data.s3.amazonaws.com/photos/643217873/square.jpg	obscured
352414485	the_taxanaut	9035609	2026-04-06	observed_on	105.6891684	21.1953250	30415	obscured	research	https://inaturalist-open-data.s3.amazonaws.com/photos/643217885/square.jpg	obscured
352414486	the_taxanaut	9035609	2026-04-06	observed_on	105.6131631	21.1036731	2	obscured	needs_id	https://inaturalist-open-data.s3.amazonaws.com/photos/643221044/square.jpg	obscured
354296814	benjamincejp	729545	2025-04-24	observed_on	105.8974012	21.1214885	3357	obscured	needs_id	https://static.inaturalist.org/photos/646338305/square.jpg	obscured
354296817	benjamincejp	729545	2025-04-24	observed_on	105.8066918	21.0581037	3357	obscured	needs_id	https://static.inaturalist.org/photos/646338304/square.jpg	obscured
354296821	benjamincejp	729545	2025-04-24	observed_on	105.9221723	21.0917457	3357	obscured	needs_id	https://static.inaturalist.org/photos/646339090/square.jpg	obscured
359447825	thanhphan47	9915400	2025-10-21	observed_on	105.6181705	21.4385304	223	obscured	research	https://inaturalist-open-data.s3.amazonaws.com/photos/655821512/square.jpg	obscured
359447827	thanhphan47	9915400	2025-10-21	observed_on	105.6209453	21.4883125	797	obscured	research	https://inaturalist-open-data.s3.amazonaws.com/photos/655821723/square.jpg	obscured
360238635	minhthedreamer2001	8238192	2026-04-16	observed_on	105.8483217	21.1724786	44317	obscured	research	https://static.inaturalist.org/photos/657326033/square.jpg	obscured
360239040	minhthedreamer2001	8238192	2026-04-24	observed_on	105.9582300	21.0649920	44317	obscured	research	https://static.inaturalist.org/photos/657326598/square.jpg	obscured
360239472	minhthedreamer2001	8238192	2020-04-15	observed_on	105.9907718	21.1655577	44317	obscured	research	https://static.inaturalist.org/photos/657327422/square.jpg	obscured
360239862	minhthedreamer2001	8238192	2026-05-10	observed_on	105.8322566	21.0883995	44317	obscured	research	https://static.inaturalist.org/photos/657327820/square.jpg	obscured
360603353	cavefishsupremacy	7925113	2026-05-03	observed_on	105.4631845	20.9382727	32	obscured	research	https://inaturalist-open-data.s3.amazonaws.com/photos/658015277/square.gif	obscured
361074418	minhthedreamer2001	8238192	2026-05-13	observed_on	105.6748773	21.1549012	30415	obscured	needs_id	https://static.inaturalist.org/photos/658934468/square.jpg	obscured
361091411	minhthedreamer2001	8238192	2026-05-13	observed_on	105.7507328	21.0854422	7460	obscured	research	https://static.inaturalist.org/photos/658967375/square.jpg	obscured
361976726	noish	5328260	2026-05-08	observed_on	105.6638114	21.4392291	30377	obscured	needs_id	https://static.inaturalist.org/photos/660642882/square.jpg	obscured
362376554	svr_vietnam	7827934	2026-05-17	observed_on	105.5534319	21.0522744	30415	obscured	research	https://inaturalist-open-data.s3.amazonaws.com/photos/661395960/square.jpg	obscured
362527707	stijn_manou	9433603	2026-03-22	observed_on	105.9601315	21.1034670	10759	obscured	research	https://inaturalist-open-data.s3.amazonaws.com/photos/661633668/square.jpg	obscured
365017346	noish	5328260	2026-05-08	observed_on	105.6232246	21.4844074	30377	obscured	needs_id	https://static.inaturalist.org/photos/666401333/square.jpg	obscured
365728894	annamammalbee	639487	2026-05-26	observed_on	105.8442494	21.0038880	4	obscured	research	https://static.inaturalist.org/photos/667754007/square.jpg	obscured
368067497	nerabui	8573896	2026-02-28	observed_on	105.8876280	21.1952340	216	obscured	research	https://static.inaturalist.org/photos/672219926/square.jpg	obscured
372807189	johnparr	9676214	2014-01-18	observed_on	105.9487371	21.1858769	122	obscured	research	https://inaturalist-open-data.s3.amazonaws.com/photos/681273207/square.jpg	obscured
377342366	bellingbella	10681685	2026-07-01	observed_on	105.3105701	21.1424470	1553990	obscured	needs_id	https://inaturalist-open-data.s3.amazonaws.com/photos/690026089/square.jpg	obscured
380956161	yeray91799	10669460	2026-07-13	observed_on	105.8001852	21.0811215	6	obscured	research	https://inaturalist-open-data.s3.amazonaws.com/photos/697012269/square.jpg	obscured
381013197	xiaoyumei	9739800	2026-07-11	observed_on	106.0643268	21.1389676	387758	obscured	research	https://inaturalist-open-data.s3.amazonaws.com/photos/697121736/square.jpg	obscured
381440420	sorrowfulmizuki	6828143	2021-07-22	observed_on	105.6182367	21.1959766	141	obscured	research	https://inaturalist-open-data.s3.amazonaws.com/photos/697944709/square.jpg	obscured
381597133	scarletphan	3498654	2026-07-15	observed_on	105.8366624	21.0163065	30415	obscured	research	https://inaturalist-open-data.s3.amazonaws.com/photos/698253949/square.jpg	obscured
381895041	oz_frwrd	7642816	2026-07-10	observed_on	105.8471957	21.0304476	34	obscured	casual	https://inaturalist-open-data.s3.amazonaws.com/photos/698832782/square.jpg	obscured
381895205	oz_frwrd	7642816	2026-07-10	observed_on	105.9491952	21.0653423	40	obscured	casual	https://inaturalist-open-data.s3.amazonaws.com/photos/698833220/square.jpg	obscured
382263838	sorrowfulmizuki	6828143	2026-07-17	observed_on	105.6662206	20.9484708	15	obscured	research	https://inaturalist-open-data.s3.amazonaws.com/photos/699541962/square.jpg	obscured
382513260	fabian80995	10688681	2026-07-18	observed_on	105.7255968	20.6176002	100	obscured	research	https://inaturalist-open-data.s3.amazonaws.com/photos/700018198/square.jpg	obscured
382581878	bellingbella	10681685	2026-07-18	observed_on	105.6486140	20.6831293	1548025	obscured	research	https://inaturalist-open-data.s3.amazonaws.com/photos/700147629/square.jpg	obscured
382882645	svr_vietnam	7827934	2026-07-19	observed_on	105.5148833	21.2207917	60	obscured	research	https://inaturalist-open-data.s3.amazonaws.com/photos/700727824/square.jpg	obscured
384478982	svr_vietnam	7827934	2026-07-23	observed_on	105.5294659	20.9114617	30434	obscured	needs_id	https://inaturalist-open-data.s3.amazonaws.com/photos/703806079/square.jpg	obscured
384479094	svr_vietnam	7827934	2026-07-23	observed_on	105.5582639	20.9483006	30434	obscured	needs_id	https://inaturalist-open-data.s3.amazonaws.com/photos/703806257/square.jpg	obscured
384479211	svr_vietnam	7827934	2026-07-23	observed_on	105.5852661	20.9676720	5	obscured	needs_id	https://inaturalist-open-data.s3.amazonaws.com/photos/703806401/square.jpg	obscured
384524803	a_f_r	4060614	2026-06-28	observed_on	105.7325322	21.4600167	36954	obscured	research	https://inaturalist-open-data.s3.amazonaws.com/photos/703887415/square.jpg	obscured
384524808	a_f_r	4060614	2026-06-28	observed_on	105.6690277	21.4514079	36954	obscured	needs_id	https://inaturalist-open-data.s3.amazonaws.com/photos/703887488/square.jpg	obscured
384524809	a_f_r	4060614	2026-06-28	observed_on	105.7591188	21.4128504	36954	obscured	needs_id	https://inaturalist-open-data.s3.amazonaws.com/photos/703887485/square.jpg	obscured
384524811	a_f_r	4060614	2026-06-28	observed_on	105.6102099	21.4397341	36954	obscured	research	https://inaturalist-open-data.s3.amazonaws.com/photos/703887584/square.jpg	obscured
384524814	a_f_r	4060614	2026-06-28	observed_on	105.7195718	21.4510901	36954	obscured	needs_id	https://inaturalist-open-data.s3.amazonaws.com/photos/703887616/square.jpg	obscured
384524815	a_f_r	4060614	2026-06-28	observed_on	105.6017440	21.4133318	36954	obscured	research	https://inaturalist-open-data.s3.amazonaws.com/photos/703887637/square.jpg	obscured
384524816	a_f_r	4060614	2026-06-28	observed_on	105.6801018	21.4329060	36954	obscured	research	https://inaturalist-open-data.s3.amazonaws.com/photos/703887716/square.jpg	obscured
384524819	a_f_r	4060614	2026-06-28	observed_on	105.6700194	21.4950161	36954	obscured	needs_id	https://inaturalist-open-data.s3.amazonaws.com/photos/703887759/square.jpg	obscured
384524821	a_f_r	4060614	2026-06-28	observed_on	105.6120790	21.4909765	36954	obscured	needs_id	https://inaturalist-open-data.s3.amazonaws.com/photos/703887788/square.jpg	obscured
384524824	a_f_r	4060614	2026-06-29	observed_on	105.7389509	21.4057895	36954	obscured	research	https://inaturalist-open-data.s3.amazonaws.com/photos/703887843/square.jpg	obscured
384524825	a_f_r	4060614	2026-06-29	observed_on	105.7373563	21.4593807	36954	obscured	research	https://inaturalist-open-data.s3.amazonaws.com/photos/703887910/square.jpg	obscured
384524829	a_f_r	4060614	2026-06-29	observed_on	105.6918390	21.4949296	36954	obscured	needs_id	https://inaturalist-open-data.s3.amazonaws.com/photos/703888032/square.jpg	obscured
384524831	a_f_r	4060614	2026-06-29	observed_on	105.7288759	21.4869679	36954	obscured	needs_id	https://inaturalist-open-data.s3.amazonaws.com/photos/703888051/square.jpg	obscured
384524835	a_f_r	4060614	2026-06-29	observed_on	105.6984391	21.4682967	36954	obscured	research	https://inaturalist-open-data.s3.amazonaws.com/photos/703888096/square.jpg	obscured
384524839	a_f_r	4060614	2026-06-29	observed_on	105.7487412	21.4525897	36954	obscured	research	https://inaturalist-open-data.s3.amazonaws.com/photos/703888140/square.jpg	obscured
384524840	a_f_r	4060614	2026-06-29	observed_on	105.7564438	21.4093611	36954	obscured	needs_id	https://inaturalist-open-data.s3.amazonaws.com/photos/703888200/square.jpg	obscured
387149899	ecology_emma	5859250	2026-07-27	observed_on	105.9764959	21.0014742	121	obscured	research	https://inaturalist-open-data.s3.amazonaws.com/photos/708910114/square.jpg	obscured
387928751	s_gaming	10832017	2026-08-04	observed_on	105.9540293	21.0454911	11	obscured	casual	https://inaturalist-open-data.s3.amazonaws.com/photos/710416812/square.jpg	obscured
389953737	kaiser-i-hind	9733744	2025-04-21	observed_on	105.7014056	21.3287724	17	obscured	casual	https://inaturalist-open-data.s3.amazonaws.com/photos/714354989/square.jpg	obscured
389954784	kaiser-i-hind	9733744	2025-04-21	observed_on	105.7038146	21.2143448	8	obscured	casual	https://inaturalist-open-data.s3.amazonaws.com/photos/714357077/square.jpg	obscured
389956268	kaiser-i-hind	9733744	2025-04-21	observed_on	105.6501641	21.3784545	21	obscured	casual	https://inaturalist-open-data.s3.amazonaws.com/photos/714359822/square.jpg	obscured
390201298	pamplemoussessssss	7580630	2026-08-07	observed_on	105.9266908	21.0918403	30415	obscured	casual	https://static.inaturalist.org/photos/714840257/square.jpg	obscured
390562094	yamajochu	10347500	2026-07-28	observed_on	105.6489297	21.4973716	500	obscured	research	https://inaturalist-open-data.s3.amazonaws.com/photos/715542948/square.jpg	obscured
391359280	thanhphan47	9915400	2026-07-29	observed_on	105.9289770	21.1943299	44195	obscured	research	https://inaturalist-open-data.s3.amazonaws.com/photos/717093214/square.jpg	obscured
391359281	thanhphan47	9915400	2000-01-01	observed_on	105.8195258	21.1702696	44195	obscured	needs_id	https://inaturalist-open-data.s3.amazonaws.com/photos/717094012/square.jpg	obscured
391359282	thanhphan47	9915400	2026-07-29	observed_on	105.8229432	21.1628327	44195	obscured	research	https://inaturalist-open-data.s3.amazonaws.com/photos/717094101/square.jpg	obscured
391359285	thanhphan47	9915400	2026-07-29	observed_on	105.8895974	21.1576999	44195	obscured	research	https://inaturalist-open-data.s3.amazonaws.com/photos/717094630/square.jpg	obscured
391359286	thanhphan47	9915400	2026-07-29	observed_on	105.8483091	21.1139495	44195	obscured	needs_id	https://inaturalist-open-data.s3.amazonaws.com/photos/717094578/square.jpg	obscured
391359288	thanhphan47	9915400	2026-07-29	observed_on	105.9956961	21.1251906	44195	obscured	research	https://inaturalist-open-data.s3.amazonaws.com/photos/717094522/square.jpg	obscured
391359289	thanhphan47	9915400	2026-07-29	observed_on	105.9210611	21.1262336	44195	obscured	research	https://inaturalist-open-data.s3.amazonaws.com/photos/717094174/square.jpg	obscured
391359291	thanhphan47	9915400	2026-07-29	observed_on	105.9838944	21.1730787	44195	obscured	research	https://inaturalist-open-data.s3.amazonaws.com/photos/717094445/square.jpg	obscured
391359292	thanhphan47	9915400	2026-07-29	observed_on	105.8401843	21.0432191	44195	obscured	research	https://inaturalist-open-data.s3.amazonaws.com/photos/717094308/square.jpg	obscured
391359293	thanhphan47	9915400	2026-07-29	observed_on	105.8775157	21.0849913	44195	obscured	research	https://inaturalist-open-data.s3.amazonaws.com/photos/717094282/square.jpg	obscured
391359294	thanhphan47	9915400	2026-07-29	observed_on	105.9831309	21.1504537	44195	obscured	research	https://inaturalist-open-data.s3.amazonaws.com/photos/717094220/square.jpg	obscured
391416200	hehiha	10744518	2026-08-11	observed_on	105.9951722	21.0956743	44195	obscured	research	https://inaturalist-open-data.s3.amazonaws.com/photos/717197794/square.jpg	obscured
394150704	andreybragin	3338249	2026-08-14	observed_on	105.9396516	21.0690368	5	obscured	needs_id	https://inaturalist-open-data.s3.amazonaws.com/photos/722547503/square.jpg	obscured
394150930	andreybragin	3338249	2026-08-19	observed_on	105.8490101	21.1225657	15	obscured	needs_id	https://inaturalist-open-data.s3.amazonaws.com/photos/722547546/square.jpg	obscured
395766630	benjamincejp	729545	2025-04-27	observed_on	105.9039518	21.0263039	3357	obscured	research	https://static.inaturalist.org/photos/725703020/square.jpg	obscured
395766631	benjamincejp	729545	2025-04-27	observed_on	105.9961958	21.1095648	3357	obscured	research	https://static.inaturalist.org/photos/725703139/square.jpg	obscured
395766632	benjamincejp	729545	2025-04-27	observed_on	105.8392377	21.0292974	3357	obscured	needs_id	https://static.inaturalist.org/photos/725703261/square.jpg	obscured
395766635	benjamincejp	729545	2025-04-27	observed_on	105.9819324	21.0591715	3357	obscured	research	https://static.inaturalist.org/photos/725703354/square.jpg	obscured
395766636	benjamincejp	729545	2025-04-27	observed_on	105.8031215	21.1080409	3357	obscured	research	https://static.inaturalist.org/photos/725703511/square.jpg	obscured
395766639	benjamincejp	729545	2025-04-27	observed_on	105.9744051	21.0832342	3357	obscured	needs_id	https://static.inaturalist.org/photos/725703730/square.jpg	obscured
395766640	benjamincejp	729545	2025-04-27	observed_on	105.9407513	21.0671772	3357	obscured	research	https://static.inaturalist.org/photos/725703749/square.jpg	obscured
395766641	benjamincejp	729545	2025-04-27	observed_on	105.8280662	21.0307191	3357	obscured	needs_id	https://static.inaturalist.org/photos/725706799/square.jpg	obscured
395766646	benjamincejp	729545	2025-04-28	observed_on	105.8188147	21.1027003	3357	obscured	research	https://static.inaturalist.org/photos/725706815/square.jpg	obscured
395766647	benjamincejp	729545	2025-04-28	observed_on	105.8865445	21.1527365	3357	obscured	needs_id	https://static.inaturalist.org/photos/725706825/square.jpg	obscured
395766648	benjamincejp	729545	2025-04-28	observed_on	105.9661103	21.0981779	3357	obscured	needs_id	https://static.inaturalist.org/photos/725706892/square.jpg	obscured
395766651	benjamincejp	729545	2025-04-28	observed_on	105.9870268	21.0523980	3357	obscured	research	https://static.inaturalist.org/photos/725706957/square.jpg	obscured
395766652	benjamincejp	729545	2025-04-28	observed_on	105.9798198	21.0506984	3357	obscured	needs_id	https://static.inaturalist.org/photos/725706985/square.jpg	obscured
395766654	benjamincejp	729545	2025-04-28	observed_on	105.9811861	21.0870583	3357	obscured	needs_id	https://static.inaturalist.org/photos/725707034/square.jpg	obscured
395766655	benjamincejp	729545	2025-04-28	observed_on	105.9602572	21.1061890	3357	obscured	needs_id	https://static.inaturalist.org/photos/725707043/square.jpg	obscured
395766656	benjamincejp	729545	2025-04-28	observed_on	105.8028102	21.0019198	3357	obscured	needs_id	https://static.inaturalist.org/photos/725707054/square.jpg	obscured
395766657	benjamincejp	729545	2025-04-28	observed_on	105.9034870	21.0834278	3357	obscured	needs_id	https://static.inaturalist.org/photos/725707108/square.jpg	obscured
395766658	benjamincejp	729545	2025-04-28	observed_on	105.8450763	21.1820881	3357	obscured	research	https://static.inaturalist.org/photos/725707120/square.jpg	obscured
395766659	benjamincejp	729545	2025-04-28	observed_on	105.9899554	21.1975479	3357	obscured	research	https://static.inaturalist.org/photos/725707154/square.jpg	obscured
395766664	benjamincejp	729545	2025-04-28	observed_on	105.9541168	21.1333032	3357	obscured	needs_id	https://static.inaturalist.org/photos/725707215/square.jpg	obscured
395766666	benjamincejp	729545	2025-04-28	observed_on	105.9552829	21.1076545	3357	obscured	needs_id	https://static.inaturalist.org/photos/725707219/square.jpg	obscured
395766667	benjamincejp	729545	2025-04-28	observed_on	105.9037692	21.1819595	3357	obscured	research	https://static.inaturalist.org/photos/725707306/square.jpg	obscured
395766669	benjamincejp	729545	2025-04-28	observed_on	105.8134355	21.1346222	3357	obscured	needs_id	https://static.inaturalist.org/photos/725707418/square.jpg	obscured
395766670	benjamincejp	729545	2025-04-28	observed_on	105.8249199	21.1463270	3357	obscured	research	https://static.inaturalist.org/photos/725707495/square.jpg	obscured
395766671	benjamincejp	729545	2025-04-28	observed_on	105.9565830	21.0252029	3357	obscured	research	https://static.inaturalist.org/photos/725707508/square.jpg	obscured
395766672	benjamincejp	729545	2025-04-28	observed_on	105.9170293	21.0553416	3357	obscured	needs_id	https://static.inaturalist.org/photos/725707519/square.jpg	obscured
396085566	svr_vietnam	7827934	2026-08-26	observed_on	105.3672565	21.1008561	30415	obscured	research	https://inaturalist-open-data.s3.amazonaws.com/photos/726341791/square.jpg	obscured
396545347	bellingbella	10681685	2026-09-01	observed_on	105.6752785	21.1477990	280009	obscured	needs_id	https://inaturalist-open-data.s3.amazonaws.com/photos/727214295/square.jpg	obscured
396545350	bellingbella	10681685	2026-08-30	observed_on	105.7598869	21.1843964	204048	obscured	needs_id	https://inaturalist-open-data.s3.amazonaws.com/photos/727214669/square.jpg	obscured
396545351	bellingbella	10681685	2026-09-01	observed_on	105.5083560	20.9664299	72747	obscured	needs_id	https://inaturalist-open-data.s3.amazonaws.com/photos/727215123/square.jpg	obscured
396545356	bellingbella	10681685	2026-08-29	observed_on	105.4766768	20.8554596	222367	obscured	research	https://inaturalist-open-data.s3.amazonaws.com/photos/727217293/square.jpg	obscured
396545357	bellingbella	10681685	2026-08-30	observed_on	105.6370560	20.9983010	189988	obscured	needs_id	https://inaturalist-open-data.s3.amazonaws.com/photos/727216600/square.jpg	obscured
396545360	bellingbella	10681685	2026-08-27	observed_on	105.3115350	21.1404778	217472	obscured	research	https://inaturalist-open-data.s3.amazonaws.com/photos/727217636/square.jpg	obscured
397197743	emmanuel_varlet	10447626	2026-02-03	observed_on	105.8993620	21.1856857	13	obscured	research	https://inaturalist-open-data.s3.amazonaws.com/photos/728477606/square.jpg	obscured
397462665	svr_vietnam	7827934	2026-09-05	observed_on	105.7631053	21.4526097	25	obscured	research	https://inaturalist-open-data.s3.amazonaws.com/photos/728996149/square.jpg	obscured
397487115	svr_vietnam	7827934	2026-09-05	observed_on	105.6057982	21.4995028	30377	obscured	research	https://inaturalist-open-data.s3.amazonaws.com/photos/729042319/square.jpg	obscured
397489933	svr_vietnam	7827934	2026-09-05	observed_on	105.5228501	21.4727318	30377	obscured	research	https://inaturalist-open-data.s3.amazonaws.com/photos/729048149/square.jpg	obscured
397490735	svr_vietnam	7827934	2026-09-05	observed_on	105.5365463	21.4379077	30377	obscured	research	https://inaturalist-open-data.s3.amazonaws.com/photos/729049688/square.jpg	obscured
397491525	svr_vietnam	7827934	2026-09-05	observed_on	105.5824678	21.4318859	338	obscured	needs_id	https://inaturalist-open-data.s3.amazonaws.com/photos/729051318/square.jpg	obscured
398039633	lucthelucky	10996588	2026-09-04	observed_on	105.9793966	21.0214051	30415	obscured	research	https://inaturalist-open-data.s3.amazonaws.com/photos/730129552/square.jpg	obscured
398511837	benjamincejp	729545	2025-04-28	observed_on	105.8086972	21.0584977	3357	obscured	research	https://static.inaturalist.org/photos/731040908/square.jpg	obscured
398511838	benjamincejp	729545	2025-04-29	observed_on	105.9796150	21.1899042	3357	obscured	research	https://static.inaturalist.org/photos/731041879/square.jpg	obscured
398511842	benjamincejp	729545	2025-04-29	observed_on	105.8551467	21.0934228	3357	obscured	research	https://static.inaturalist.org/photos/731041903/square.jpg	obscured
398511844	benjamincejp	729545	2025-04-29	observed_on	105.9662701	21.0281580	3357	obscured	needs_id	https://static.inaturalist.org/photos/731041980/square.jpg	obscured
398511845	benjamincejp	729545	2025-04-29	observed_on	105.8453373	21.1049876	3357	obscured	needs_id	https://static.inaturalist.org/photos/731042040/square.jpg	obscured
398511848	benjamincejp	729545	2025-04-29	observed_on	105.9198333	21.1682061	3357	obscured	research	https://static.inaturalist.org/photos/731042081/square.jpg	obscured
398741270	svr_vietnam	7827934	2026-09-09	observed_on	105.6172668	21.4338113	30377	obscured	research	https://inaturalist-open-data.s3.amazonaws.com/photos/731496003/square.jpg	obscured
398858963	nextcontinenttours	9140042	2026-09-09	observed_on	105.7397274	21.4330129	488	obscured	research	https://inaturalist-open-data.s3.amazonaws.com/photos/731727689/square.jpg	obscured
