user	date	lon	lat
human_ecologist	2026-09-09	-69.0882281	44.2209278
human_ecologist	2026-09-08	-69.0880752	44.2208304
human_ecologist	2026-09-08	-69.1065463	44.2103802
human_ecologist	2026-09-08	-69.1060622	44.2094641
human_ecologist	2026-09-08	-69.1065121	44.2102964
human_ecologist	2026-09-08	-69.1069028	44.2098167
human_ecologist	2026-09-08	-69.1066733	44.2100220
human_ecologist	2026-09-08	-69.1064789	44.2101891
human_ecologist	2026-09-07	-69.1068339	44.2112333
human_ecologist	2026-09-07	-69.1065707	44.2104224
human_ecologist	2026-09-07	-69.1065043	44.2102840
human_ecologist	2026-09-07	-69.1067893	44.2099905
human_ecologist	2026-09-07	-69.1061850	44.2096995
human_ecologist	2026-09-07	-69.1065224	44.2103037
human_ecologist	2026-09-05	8.6283184	50.1247230
human_ecologist	2026-09-03	102.7057141	25.0404707
human_ecologist	2026-09-03	102.7409750	25.1445000
human_ecologist	2026-09-03	102.7395887	25.1467881
human_ecologist	2026-09-03	102.7395633	25.1430333
human_ecologist	2026-09-03	102.7406783	25.1443583
human_ecologist	2026-09-03	102.7406833	25.1443972
human_ecologist	2026-09-03	102.7406467	25.1441695
human_ecologist	2026-09-03	102.7406783	25.1442805
human_ecologist	2026-09-03	102.7408629	25.1444177
human_ecologist	2026-09-03	102.7411625	25.1444015
human_ecologist	2026-09-03	102.7411727	25.1443739
human_ecologist	2026-09-03	102.7411516	25.1443731
human_ecologist	2026-09-03	102.7398370	25.1447319
human_ecologist	2026-09-03	102.7397693	25.1447533
human_ecologist	2026-09-03	102.7395506	25.1445946
human_ecologist	2026-09-03	102.7395633	25.1445525
human_ecologist	2026-09-03	102.7394882	25.1443831
human_ecologist	2026-09-03	102.7395142	25.1441566
human_ecologist	2026-09-03	102.7393522	25.1442220
human_ecologist	2026-09-03	102.7394040	25.1442570
human_ecologist	2026-09-03	102.7394218	25.1446355
human_ecologist	2026-09-03	102.7393478	25.1445973
human_ecologist	2026-09-03	102.7394551	25.1449104
human_ecologist	2026-09-03	102.7395535	25.1449482
human_ecologist	2026-09-03	102.7393682	25.1450452
human_ecologist	2026-09-03	102.7393480	25.1450552
human_ecologist	2026-09-03	102.7394439	25.1449738
human_ecologist	2026-09-03	102.7394925	25.1449082
human_ecologist	2026-09-03	102.7395648	25.1450025
human_ecologist	2026-09-03	102.7394353	25.1450417
human_ecologist	2026-09-03	102.7394296	25.1450555
human_ecologist	2026-09-03	102.7397159	25.1463324
human_ecologist	2026-09-03	102.7402366	25.1461269
human_ecologist	2026-09-03	102.7412206	25.1472241
human_ecologist	2026-09-03	102.7399471	25.1467557
human_ecologist	2026-09-03	102.7402674	25.1460406
human_ecologist	2026-09-03	102.7403803	25.1462019
human_ecologist	2026-09-03	102.7406129	25.1466568
human_ecologist	2026-09-03	102.7403793	25.1457200
human_ecologist	2026-09-03	102.7396679	25.1453544
human_ecologist	2026-09-03	102.7400142	25.1449313
human_ecologist	2026-09-03	102.7399422	25.1454038
human_ecologist	2026-09-03	102.7400435	25.1447194
human_ecologist	2026-09-03	102.7402904	25.1453847
human_ecologist	2026-09-03	102.7403352	25.1454548
human_ecologist	2026-09-03	102.7400193	25.1458907
human_ecologist	2026-09-03	102.7394760	25.1455833
human_ecologist	2026-09-03	102.7402468	25.1454870
human_ecologist	2026-09-03	102.7402310	25.1453757
human_ecologist	2026-09-03	102.7412037	25.1443959
human_ecologist	2026-09-03	102.7408817	25.1452784
human_ecologist	2026-09-03	102.7410980	25.1444802
human_ecologist	2026-09-03	102.7411843	25.1445142
human_ecologist	2026-09-03	102.7412762	25.1446661
human_ecologist	2026-09-03	102.7411819	25.1443695
human_ecologist	2026-09-03	102.7411200	25.1444044
human_ecologist	2026-09-03	102.7401234	25.1448006
human_ecologist	2026-09-03	102.7406567	25.1445825
human_ecologist	2026-09-03	102.7408729	25.1445419
human_ecologist	2026-09-03	102.7409905	25.1445269
human_ecologist	2026-09-02	102.7610670	24.9001565
human_ecologist	2026-09-02	102.7707750	24.8924177
human_ecologist	2026-09-02	102.7273285	24.9243714
human_ecologist	2026-09-02	102.7272601	24.9243206
human_ecologist	2026-09-02	102.7602295	24.9008757
human_ecologist	2026-09-02	102.6960300	24.9230300
human_ecologist	2026-09-02	102.7594571	24.9014696
human_ecologist	2026-09-02	102.7594321	24.9015265
human_ecologist	2026-09-02	102.7602242	24.9008869
human_ecologist	2026-09-02	102.7707628	24.8924241
human_ecologist	2026-09-02	102.6506358	24.9885506
human_ecologist	2026-09-02	102.7705167	24.8915783
human_ecologist	2026-09-02	102.7703867	24.8915917
human_ecologist	2026-09-02	102.7703783	24.8916283
human_ecologist	2026-09-02	102.7703700	24.8915117
human_ecologist	2026-09-02	102.7705167	24.8917367
human_ecologist	2026-09-02	102.7634675	24.8902528
human_ecologist	2026-09-02	102.6506271	24.9885897
human_ecologist	2026-09-02	102.6470490	24.9893341
human_ecologist	2026-09-01	102.7023282	25.0499917
human_ecologist	2026-09-01	102.7021902	25.0529704
human_ecologist	2026-09-01	102.7019151	25.0531287
human_ecologist	2026-09-01	102.7016068	25.0533161
human_ecologist	2026-09-01	102.7021925	25.0530255
human_ecologist	2026-09-01	102.7021817	25.0528513
human_ecologist	2026-09-01	102.7020831	25.0529212
human_ecologist	2026-09-01	102.7021111	25.0531275
human_ecologist	2026-09-01	102.7021416	25.0529466
human_ecologist	2026-09-01	102.7021696	25.0529285
human_ecologist	2026-09-01	102.7024531	25.0525374
human_ecologist	2026-09-01	102.7076588	25.0437479
human_ecologist	2026-09-01	102.7027222	25.0531480
human_ecologist	2026-09-01	102.7028106	25.0531919
human_ecologist	2026-09-01	102.7042667	25.0525847
human_ecologist	2026-09-01	102.7040605	25.0526970
human_ecologist	2026-09-01	102.7039684	25.0523895
human_ecologist	2026-09-01	102.7040294	25.0523315
human_ecologist	2026-09-01	102.7040294	25.0523316
human_ecologist	2026-09-01	102.7040978	25.0523454
human_ecologist	2026-09-01	102.7042301	25.0522141
human_ecologist	2026-09-01	102.7042128	25.0521092
human_ecologist	2026-09-01	102.7042830	25.0520552
human_ecologist	2026-09-01	102.7043924	25.0520850
human_ecologist	2026-09-01	102.7043587	25.0522761
human_ecologist	2026-09-01	102.7044927	25.0521744
human_ecologist	2026-09-01	102.7044468	25.0519287
human_ecologist	2026-09-01	102.7045238	25.0518803
human_ecologist	2026-09-01	102.7047987	25.0514747
human_ecologist	2026-09-01	102.7045238	25.0510793
human_ecologist	2026-09-01	102.7047196	25.0510356
human_ecologist	2026-09-01	102.7428655	25.1396955
human_ecologist	2026-09-01	102.7445022	25.1385024
human_ecologist	2026-08-31	102.7411482	25.1400167
human_ecologist	2026-08-31	102.7413288	25.1402621
human_ecologist	2026-08-31	102.7403482	25.1415057
human_ecologist	2026-08-31	102.7402677	25.1415484
human_ecologist	2026-08-31	102.7403315	25.1417065
human_ecologist	2026-08-31	102.7401571	25.1420915
human_ecologist	2026-08-31	102.7401051	25.1422131
human_ecologist	2026-08-31	102.7402125	25.1428183
human_ecologist	2026-08-31	102.7397133	25.1430760
human_ecologist	2026-08-31	102.7396558	25.1432892
human_ecologist	2026-08-31	102.7397914	25.1435651
human_ecologist	2026-08-31	102.7399366	25.1440692
human_ecologist	2026-08-31	102.7399443	25.1440463
human_ecologist	2026-08-31	102.7399246	25.1446707
human_ecologist	2026-08-31	102.7396582	25.1449168
human_ecologist	2026-08-31	102.7397726	25.1453693
human_ecologist	2026-08-31	102.7398531	25.1457520
human_ecologist	2026-08-31	102.7399639	25.1458617
human_ecologist	2026-08-31	102.7398366	25.1460556
human_ecologist	2026-08-31	102.7412226	25.1463222
human_ecologist	2026-08-31	102.7414691	25.1461055
human_ecologist	2026-08-31	102.7417999	25.1455967
human_ecologist	2026-08-31	102.7422262	25.1447654
human_ecologist	2026-08-31	102.7427958	25.1443052
human_ecologist	2026-08-31	102.7430661	25.1436835
human_ecologist	2026-08-31	102.7430412	25.1436205
human_ecologist	2026-08-31	102.7430526	25.1434199
human_ecologist	2026-08-31	102.7430036	25.1425932
human_ecologist	2026-08-31	102.7431147	25.1422177
human_ecologist	2026-08-31	102.7431069	25.1414056
human_ecologist	2026-08-31	102.7431441	25.1381733
human_ecologist	2026-08-31	102.7431418	25.1381907
human_ecologist	2026-08-31	102.7435917	25.1381945
human_ecologist	2026-08-31	102.7436833	25.1382362
human_ecologist	2026-08-30	102.7040739	25.0469306
human_ecologist	2026-08-30	102.7040889	25.0469091
human_ecologist	2026-08-30	102.7040257	25.0469339
human_ecologist	2026-08-30	102.7059982	25.0457551
human_ecologist	2026-08-30	102.7057744	25.0459621
human_ecologist	2026-08-30	102.7056563	25.0459289
human_ecologist	2026-08-30	102.7056520	25.0459891
human_ecologist	2026-08-30	102.7053922	25.0460908
human_ecologist	2026-08-30	102.7051354	25.0464349
human_ecologist	2026-08-30	102.7047295	25.0464090
human_ecologist	2026-08-26	102.7421457	25.1349689
human_ecologist	2026-08-26	102.7424145	25.1352203
human_ecologist	2026-08-26	102.7424749	25.1352709
human_ecologist	2026-08-26	102.7431033	25.1378250
human_ecologist	2026-08-26	102.7430302	25.1378049
human_ecologist	2026-08-26	102.7430827	25.1378254
human_ecologist	2026-08-26	102.7437503	25.1273071
human_ecologist	2026-08-26	102.7435815	25.1266931
human_ecologist	2026-08-26	102.7426051	25.1391821
human_ecologist	2026-08-26	102.7431257	25.1381519
human_ecologist	2026-08-26	102.7429352	25.1385367
human_ecologist	2026-08-26	102.7308894	25.1346693
human_ecologist	2026-08-26	102.7320001	25.1363727
human_ecologist	2026-08-26	102.7326905	25.1361340
human_ecologist	2026-08-26	102.7369057	25.1367976
human_ecologist	2026-08-26	102.7372884	25.1364668
human_ecologist	2026-08-25	102.7460033	25.1770283
human_ecologist	2026-08-25	102.7454617	25.1738967
human_ecologist	2026-08-24	102.7358867	25.0968750
human_ecologist	2026-08-25	102.7460117	25.1770283
human_ecologist	2026-08-25	102.7485367	25.1789700
human_ecologist	2026-08-25	102.7533717	25.1798500
human_ecologist	2026-08-25	102.7537833	25.1800117
human_ecologist	2026-08-25	102.7565083	25.1787467
human_ecologist	2026-08-25	102.7569117	25.1784200
human_ecologist	2026-08-25	102.7474883	25.1783867
human_ecologist	2026-08-25	102.7454383	25.1739050
human_ecologist	2026-08-25	102.7489653	25.1788615
human_ecologist	2026-08-25	102.7490819	25.1787007
human_ecologist	2026-08-25	102.7567998	25.1787000
human_ecologist	2026-08-25	102.7567275	25.1786381
human_ecologist	2026-08-25	102.7567448	25.1786184
human_ecologist	2026-08-25	102.7566055	25.1786804
human_ecologist	2026-08-25	102.7565215	25.1787491
human_ecologist	2026-08-25	102.7568296	25.1787367
human_ecologist	2026-08-25	102.7549940	25.1801399
human_ecologist	2026-08-25	102.7471249	25.1779853
human_ecologist	2026-08-25	102.7447647	25.1735396
human_ecologist	2026-08-25	102.7459401	25.1752668
human_ecologist	2026-08-25	102.7495411	25.1789547
human_ecologist	2026-08-25	102.7495461	25.1792595
human_ecologist	2026-08-25	102.7550071	25.1801238
human_ecologist	2026-08-25	102.7492700	25.1789265
human_ecologist	2026-08-25	102.7468791	25.1777001
human_ecologist	2026-08-25	102.7454783	25.1743393
human_ecologist	2026-08-25	102.7448507	25.1736273
human_ecologist	2026-08-25	102.7448862	25.1736865
human_ecologist	2026-08-25	102.7448596	25.1734716
human_ecologist	2026-08-25	102.7430568	25.1406763
human_ecologist	2026-08-25	102.7452639	25.1412970
human_ecologist	2026-08-25	102.7446688	25.1734068
human_ecologist	2026-08-25	102.7430760	25.1406200
human_ecologist	2026-08-25	102.7433700	25.1386555
human_ecologist	2026-08-24	102.7453917	25.1386138
human_ecologist	2026-08-24	102.7438800	25.1380000
human_ecologist	2026-08-24	102.7427667	25.1403528
human_ecologist	2026-08-24	102.7427792	25.1404626
human_ecologist	2026-08-24	102.7426765	25.1405551
human_ecologist	2026-08-24	102.7426791	25.1406087
human_ecologist	2026-08-24	102.7428810	25.1404922
human_ecologist	2026-08-24	102.7426394	25.1392378
human_ecologist	2026-08-24	102.7437883	25.1388305
human_ecologist	2026-08-24	102.7401967	25.1448638
human_ecologist	2026-08-24	102.7402033	25.1448583
human_ecologist	2026-08-24	102.7401967	25.1448778
human_ecologist	2026-08-24	102.7402033	25.1448638
human_ecologist	2026-08-24	102.7404550	25.1441638
human_ecologist	2026-08-24	102.7405700	25.1446888
human_ecologist	2026-08-24	102.7401367	25.1442028
human_ecologist	2026-08-24	102.7401800	25.1441778
human_ecologist	2026-08-24	102.7410583	25.1449222
human_ecologist	2026-08-24	102.7409217	25.1449305
human_ecologist	2026-08-23	102.7429583	25.1393195
human_ecologist	2026-08-23	102.7443250	25.1389112
human_ecologist	2026-08-23	102.7429283	25.1359667
human_ecologist	2026-08-23	102.7428883	25.1359972
human_ecologist	2026-08-23	102.7426917	25.1356583
human_ecologist	2026-08-23	102.7380833	25.1315833
human_ecologist	2026-08-23	102.7380917	25.1315722
human_ecologist	2026-08-23	102.7380967	25.1316083
human_ecologist	2026-08-23	102.7381050	25.1315972
human_ecologist	2026-08-23	102.7381133	25.1316138
human_ecologist	2026-08-23	102.7435927	25.1390132
human_ecologist	2026-08-23	102.7429737	25.1379908
human_ecologist	2026-08-22	102.7438053	25.1373685
human_ecologist	2026-08-22	102.7337526	25.1321296
human_ecologist	2026-08-22	102.7371792	25.1309877
human_ecologist	2026-08-22	102.7422961	25.1346730
human_ecologist	2026-08-22	102.7432354	25.1365570
human_ecologist	2026-08-22	102.7432041	25.1364370
human_ecologist	2026-08-22	102.7437820	25.1374749
human_ecologist	2026-08-22	102.7429281	25.1382046
human_ecologist	2026-08-22	102.7410182	25.1442435
human_ecologist	2026-08-22	102.7430065	25.1379372
human_ecologist	2026-08-22	102.7432184	25.1372019
human_ecologist	2026-08-22	102.7430984	25.1370034
human_ecologist	2026-08-22	102.7428010	25.1359533
human_ecologist	2026-08-22	102.7426017	25.1357988
human_ecologist	2026-08-22	102.7423060	25.1347872
human_ecologist	2026-08-22	102.7423529	25.1349970
human_ecologist	2026-08-22	102.7422899	25.1350285
human_ecologist	2026-08-22	102.7422378	25.1348830
human_ecologist	2026-08-22	102.7422394	25.1347848
human_ecologist	2026-08-22	102.7416145	25.1342619
human_ecologist	2026-08-22	102.7414900	25.1339577
human_ecologist	2026-08-22	102.7402226	25.1320749
human_ecologist	2026-08-22	102.7396998	25.1316439
human_ecologist	2026-08-22	102.7305533	25.1352167
human_ecologist	2026-08-22	102.7304167	25.1352555
human_ecologist	2026-08-22	102.7305750	25.1351805
human_ecologist	2026-08-22	102.7306133	25.1351612
human_ecologist	2026-08-22	102.7307800	25.1350833
human_ecologist	2026-08-22	102.7307883	25.1350750
human_ecologist	2026-08-22	102.7310550	25.1349750
human_ecologist	2026-08-22	102.7312700	25.1348805
human_ecologist	2026-08-22	102.7312917	25.1348555
human_ecologist	2026-08-22	102.7313000	25.1348417
human_ecologist	2026-08-22	102.7319250	25.1342055
human_ecologist	2026-08-22	102.7320867	25.1340833
human_ecologist	2026-08-22	102.7322000	25.1340612
human_ecologist	2026-08-22	102.7322000	25.1340638
human_ecologist	2026-08-22	102.7322083	25.1340695
human_ecologist	2026-08-22	102.7343750	25.1330362
human_ecologist	2026-08-22	102.7313157	25.1364344
human_ecologist	2026-08-22	102.7314123	25.1363869
human_ecologist	2026-08-22	102.7316254	25.1363303
human_ecologist	2026-08-21	102.7367633	25.1311750
human_ecologist	2026-08-21	102.7433783	25.1381638
human_ecologist	2026-08-21	102.7400050	25.1309805
human_ecologist	2026-08-21	102.7441550	25.1392222
human_ecologist	2026-08-21	102.7421573	25.1350158
human_ecologist	2026-08-21	102.7348331	25.1329281
human_ecologist	2026-08-21	102.7348339	25.1329209
human_ecologist	2026-08-19	102.2505800	23.4279333
human_ecologist	2026-08-21	102.4669873	23.3350263
human_ecologist	2026-08-21	102.2421612	23.4243700
human_ecologist	2026-08-21	102.2421339	23.4243283
human_ecologist	2026-08-21	102.2421363	23.4243698
human_ecologist	2026-08-20	102.2419207	23.4242163
human_ecologist	2026-08-20	102.2421616	23.4243456
human_ecologist	2026-08-20	102.2421230	23.4242882
human_ecologist	2026-08-20	102.2421343	23.4243003
human_ecologist	2026-08-20	102.2421102	23.4243058
human_ecologist	2026-08-20	102.2420704	23.4242625
human_ecologist	2026-08-20	102.2420875	23.4242588
human_ecologist	2026-08-20	102.2421337	23.4242642
human_ecologist	2026-08-20	102.2421677	23.4243348
human_ecologist	2026-08-20	102.2421550	23.4243173
human_ecologist	2026-08-20	102.2421561	23.4243234
human_ecologist	2026-08-20	102.2421240	23.4242586
human_ecologist	2026-08-20	102.2421678	23.4243366
human_ecologist	2026-08-20	102.2422081	23.4244272
human_ecologist	2026-08-20	102.2420262	23.4243541
human_ecologist	2026-08-20	102.4195114	23.3691477
human_ecologist	2026-08-20	102.3174532	23.2962580
human_ecologist	2026-08-20	102.3174831	23.2961800
human_ecologist	2026-08-20	102.3138589	23.2902236
human_ecologist	2026-08-20	102.4088577	23.3293613
human_ecologist	2026-08-20	102.4087842	23.3293890
human_ecologist	2026-08-20	102.3132137	23.2925962
human_ecologist	2026-08-20	102.3148145	23.2945844
human_ecologist	2026-08-20	102.3314478	23.3297239
human_ecologist	2026-08-20	102.4084700	23.3293133
human_ecologist	2026-08-20	102.4086485	23.3294282
human_ecologist	2026-08-20	102.4088191	23.3294535
human_ecologist	2026-08-20	102.4084940	23.3289342
human_ecologist	2026-08-20	102.4086493	23.3290532
human_ecologist	2026-08-20	102.4090666	23.3302026
human_ecologist	2026-08-20	102.4085995	23.3297860
human_ecologist	2026-08-20	102.4091499	23.3301929
human_ecologist	2026-08-20	102.4091185	23.3299991
human_ecologist	2026-08-20	102.4089761	23.3296960
human_ecologist	2026-08-20	102.4090579	23.3295693
human_ecologist	2026-08-20	102.4090659	23.3293793
human_ecologist	2026-08-20	102.3174929	23.2961962
human_ecologist	2026-08-20	102.3174535	23.2962760
human_ecologist	2026-08-20	102.3172744	23.2959404
human_ecologist	2026-08-20	102.3173687	23.2959341
human_ecologist	2026-08-20	102.3184879	23.2963300
human_ecologist	2026-08-20	102.3153859	23.2908281
human_ecologist	2026-08-20	102.3153659	23.2907320
human_ecologist	2026-08-20	102.3154351	23.2910477
human_ecologist	2026-08-20	102.3153051	23.2905937
human_ecologist	2026-08-20	102.3153233	23.2905902
human_ecologist	2026-08-20	102.3153194	23.2905835
human_ecologist	2026-08-20	102.3150285	23.2903644
human_ecologist	2026-08-20	102.3152662	23.2900570
human_ecologist	2026-08-20	102.3151729	23.2901593
human_ecologist	2026-08-20	102.3120093	23.2886896
human_ecologist	2026-08-20	102.3138542	23.2902459
human_ecologist	2026-08-20	102.3139454	23.2900834
human_ecologist	2026-08-20	102.3133813	23.2903607
human_ecologist	2026-08-20	102.3134004	23.2903700
human_ecologist	2026-08-20	102.3134275	23.2904254
human_ecologist	2026-08-20	102.3142000	23.2902283
human_ecologist	2026-08-20	102.3143510	23.2900697
human_ecologist	2026-08-20	102.3143286	23.2900509
human_ecologist	2026-08-20	102.3143241	23.2900527
human_ecologist	2026-08-20	102.3142527	23.2901518
human_ecologist	2026-08-20	102.3142562	23.2901455
human_ecologist	2026-08-20	102.3145268	23.2901157
human_ecologist	2026-08-20	102.3146335	23.2901279
human_ecologist	2026-08-20	102.3119217	23.2888668
human_ecologist	2026-08-20	102.3134612	23.2900987
human_ecologist	2026-08-20	102.3128033	23.2901380
human_ecologist	2026-08-20	102.3107448	23.2901642
human_ecologist	2026-08-20	102.3124045	23.2893158
human_ecologist	2026-08-20	102.3121538	23.2890657
human_ecologist	2026-08-20	102.3110785	23.2899525
human_ecologist	2026-08-20	102.3116646	23.2892645
human_ecologist	2026-08-20	102.3120696	23.2893374
human_ecologist	2026-08-20	102.3118777	23.2893615
human_ecologist	2026-08-20	102.3118656	23.2893756
human_ecologist	2026-08-20	102.3119897	23.2887503
human_ecologist	2026-08-20	102.3116834	23.2890997
human_ecologist	2026-08-20	102.3117055	23.2890992
human_ecologist	2026-08-20	102.3120193	23.2891361
human_ecologist	2026-08-20	102.3124387	23.2892908
human_ecologist	2026-08-20	102.3121682	23.2896819
human_ecologist	2026-08-20	102.3120934	23.2900030
human_ecologist	2026-08-20	102.3118516	23.2896090
human_ecologist	2026-08-20	102.3117119	23.2897267
human_ecologist	2026-08-20	102.3117536	23.2898583
human_ecologist	2026-08-20	102.3117323	23.2904080
human_ecologist	2026-08-20	102.3122801	23.2905349
human_ecologist	2026-08-20	102.3089284	23.2910906
human_ecologist	2026-08-20	102.3117261	23.2918354
human_ecologist	2026-08-20	102.3117840	23.2918942
human_ecologist	2026-08-20	102.3120605	23.2920265
human_ecologist	2026-08-20	102.3124952	23.2920252
human_ecologist	2026-08-20	102.3128778	23.2923917
human_ecologist	2026-08-20	102.3129003	23.2923857
human_ecologist	2026-08-20	102.3129738	23.2924179
human_ecologist	2026-08-20	102.3130271	23.2922842
human_ecologist	2026-08-20	102.3131110	23.2928022
human_ecologist	2026-08-20	102.3132758	23.2929169
human_ecologist	2026-08-20	102.3133411	23.2930027
human_ecologist	2026-08-20	102.3133419	23.2930150
human_ecologist	2026-08-20	102.3133438	23.2930026
human_ecologist	2026-08-20	102.3133569	23.2929951
human_ecologist	2026-08-20	102.3133034	23.2929641
human_ecologist	2026-08-20	102.3139675	23.2941534
human_ecologist	2026-08-20	102.3147847	23.2945576
human_ecologist	2026-08-20	102.3151833	23.2945579
human_ecologist	2026-08-20	102.3151927	23.2945582
human_ecologist	2026-08-20	102.3153453	23.2944291
human_ecologist	2026-08-20	102.3153005	23.2944486
human_ecologist	2026-08-20	102.3154454	23.2940809
human_ecologist	2026-08-20	102.3156692	23.2943105
human_ecologist	2026-08-20	102.3166168	23.2950314
human_ecologist	2026-08-20	102.3166478	23.2949537
human_ecologist	2026-08-20	102.3169606	23.2949654
human_ecologist	2026-08-20	102.3177222	23.2953932
human_ecologist	2026-08-20	102.3177325	23.2953769
human_ecologist	2026-08-20	102.3180317	23.2956447
human_ecologist	2026-08-20	102.3185999	23.2963321
human_ecologist	2026-08-20	102.3183779	23.2961559
human_ecologist	2026-08-20	102.2421394	23.4243332
human_ecologist	2026-08-20	102.2421427	23.4242982
human_ecologist	2026-08-20	102.2422670	23.4239964
human_ecologist	2026-08-20	102.2427368	23.4234874
human_ecologist	2026-08-20	102.2420262	23.4242839
human_ecologist	2026-08-20	102.2434304	23.4236554
human_ecologist	2026-08-20	102.2432315	23.4233315
human_ecologist	2026-08-20	102.2428850	23.4229991
human_ecologist	2026-08-20	102.2424082	23.4229869
human_ecologist	2026-08-20	102.2421238	23.4242743
human_ecologist	2026-08-20	102.2423544	23.4244942
human_ecologist	2026-08-20	102.2421570	23.4243472
human_ecologist	2026-08-19	102.2421259	23.4242961
human_ecologist	2026-08-19	102.2420328	23.4244384
human_ecologist	2026-08-19	102.2421038	23.4242891
human_ecologist	2026-08-19	102.2421160	23.4242605
human_ecologist	2026-08-19	102.2421040	23.4242845
human_ecologist	2026-08-19	102.2420504	23.4243953
human_ecologist	2026-08-19	102.2420976	23.4242871
human_ecologist	2026-08-19	102.2422736	23.4243785
human_ecologist	2026-08-19	102.2421564	23.4243680
human_ecologist	2026-08-19	102.2419579	23.4243075
human_ecologist	2026-08-19	102.2419338	23.4243884
human_ecologist	2026-08-19	102.2420824	23.4244423
human_ecologist	2026-08-19	102.2420975	23.4242877
human_ecologist	2026-08-19	102.2420979	23.4242860
human_ecologist	2026-08-19	102.2421173	23.4243652
human_ecologist	2026-08-19	102.2419591	23.4243077
human_ecologist	2026-08-19	102.2411843	23.4246855
human_ecologist	2026-08-19	102.2421145	23.4243644
human_ecologist	2026-08-19	102.2421158	23.4243859
human_ecologist	2026-08-19	102.2421241	23.4242639
human_ecologist	2026-08-19	102.2420927	23.4242539
human_ecologist	2026-08-19	102.2421418	23.4242831
human_ecologist	2026-08-19	102.2420198	23.4244647
human_ecologist	2026-08-19	102.2421473	23.4243833
human_ecologist	2026-08-19	102.2422087	23.4244260
human_ecologist	2026-08-19	102.2421373	23.4242735
human_ecologist	2026-08-19	102.2421374	23.4242734
human_ecologist	2026-08-19	102.2421341	23.4242834
human_ecologist	2026-08-19	102.2324486	23.4217620
human_ecologist	2026-08-19	102.2324076	23.4215414
human_ecologist	2026-08-19	102.2504173	23.4305915
human_ecologist	2026-08-19	102.2324836	23.4219155
human_ecologist	2026-08-19	102.2361473	23.4250304
human_ecologist	2026-08-19	102.2318569	23.4233269
human_ecologist	2026-08-19	102.2318606	23.4233232
human_ecologist	2026-08-19	102.2319956	23.4232854
human_ecologist	2026-08-19	102.2320020	23.4232807
human_ecologist	2026-08-19	102.2317430	23.4227776
human_ecologist	2026-08-19	102.2314506	23.4226263
human_ecologist	2026-08-19	102.1828577	23.4655305
human_ecologist	2026-08-19	102.1827873	23.4655767
human_ecologist	2026-08-19	102.1829534	23.4673201
human_ecologist	2026-08-19	102.1770889	23.4714533
human_ecologist	2026-08-19	102.1784991	23.4730476
human_ecologist	2026-08-19	102.1785924	23.4732574
human_ecologist	2026-08-19	102.1786015	23.4732413
human_ecologist	2026-08-19	102.1781825	23.4733010
human_ecologist	2026-08-19	102.1772434	23.4755158
human_ecologist	2026-08-19	102.1777934	23.4723535
human_ecologist	2026-08-19	102.1776823	23.4721727
human_ecologist	2026-08-19	102.1776141	23.4722612
human_ecologist	2026-08-19	102.1733910	23.4705882
human_ecologist	2026-08-19	102.1746164	23.4705552
human_ecologist	2026-08-19	102.1783047	23.4730274
human_ecologist	2026-08-19	102.1768378	23.4724849
human_ecologist	2026-08-19	102.1770747	23.4713174
human_ecologist	2026-08-19	102.1770259	23.4711353
human_ecologist	2026-08-19	102.1780750	23.4726210
human_ecologist	2026-08-19	102.1774207	23.4753129
human_ecologist	2026-08-19	102.1774448	23.4742706
human_ecologist	2026-08-19	102.1779397	23.4731563
human_ecologist	2026-08-19	102.1775749	23.4724028
human_ecologist	2026-08-19	102.1776178	23.4725017
human_ecologist	2026-08-19	102.1775252	23.4722976
human_ecologist	2026-08-19	102.1774695	23.4718942
human_ecologist	2026-08-19	102.1774238	23.4718803
human_ecologist	2026-08-19	102.1773101	23.4717926
human_ecologist	2026-08-19	102.1770189	23.4710714
human_ecologist	2026-08-19	102.1767895	23.4709086
human_ecologist	2026-08-19	102.1768328	23.4708957
human_ecologist	2026-08-19	102.1770423	23.4710560
human_ecologist	2026-08-19	102.1770776	23.4710601
human_ecologist	2026-08-19	102.1770802	23.4710615
human_ecologist	2026-08-19	102.1769435	23.4709402
human_ecologist	2026-08-19	102.1768718	23.4709162
human_ecologist	2026-08-19	102.1768604	23.4708962
human_ecologist	2026-08-19	102.1770427	23.4710110
human_ecologist	2026-08-19	102.1768087	23.4709148
human_ecologist	2026-08-19	102.1768013	23.4709054
human_ecologist	2026-08-19	102.1769027	23.4708599
human_ecologist	2026-08-19	102.1769178	23.4708297
human_ecologist	2026-08-19	102.1770323	23.4708290
human_ecologist	2026-08-19	102.1771418	23.4709667
human_ecologist	2026-08-19	102.1773377	23.4710698
human_ecologist	2026-08-19	102.1773231	23.4710771
human_ecologist	2026-08-19	102.1773034	23.4711360
human_ecologist	2026-08-19	102.1768938	23.4708819
human_ecologist	2026-08-19	102.1768336	23.4708976
human_ecologist	2026-08-19	102.1768859	23.4709445
human_ecologist	2026-08-19	102.1773190	23.4711464
human_ecologist	2026-08-19	102.1772883	23.4710974
human_ecologist	2026-08-19	102.1774171	23.4709815
human_ecologist	2026-08-19	102.1774899	23.4710647
human_ecologist	2026-08-19	102.1773010	23.4708517
human_ecologist	2026-08-19	102.1773023	23.4710893
human_ecologist	2026-08-19	102.1769029	23.4708823
human_ecologist	2026-08-19	102.1781944	23.4701444
human_ecologist	2026-08-19	102.1783912	23.4702052
human_ecologist	2026-08-19	102.1794490	23.4701654
human_ecologist	2026-08-19	102.1767958	23.4683090
human_ecologist	2026-08-19	102.1806557	23.4699818
human_ecologist	2026-08-19	102.1810707	23.4695304
human_ecologist	2026-08-19	102.1809662	23.4694220
human_ecologist	2026-08-19	102.1813181	23.4694258
human_ecologist	2026-08-19	102.1812160	23.4693102
human_ecologist	2026-08-19	102.1813339	23.4686752
human_ecologist	2026-08-19	102.1814854	23.4688319
human_ecologist	2026-08-19	102.1823141	23.4689109
human_ecologist	2026-08-19	102.1823616	23.4688806
human_ecologist	2026-08-19	102.1828550	23.4685418
human_ecologist	2026-08-19	102.1828111	23.4685504
human_ecologist	2026-08-19	102.1823713	23.4683992
human_ecologist	2026-08-19	102.1824132	23.4683448
human_ecologist	2026-08-19	102.1823529	23.4682793
human_ecologist	2026-08-19	102.1827069	23.4673822
human_ecologist	2026-08-19	102.1823167	23.4658405
human_ecologist	2026-08-19	102.1817146	23.4680780
human_ecologist	2026-08-19	102.1817464	23.4680937
human_ecologist	2026-08-19	102.1819049	23.4682577
human_ecologist	2026-08-19	102.1822629	23.4681193
human_ecologist	2026-08-19	102.1818203	23.4677399
human_ecologist	2026-08-19	102.1829904	23.4673578
human_ecologist	2026-08-19	102.1827751	23.4672604
human_ecologist	2026-08-19	102.1831531	23.4652192
human_ecologist	2026-08-19	102.2421261	23.4242598
human_ecologist	2026-08-19	102.2421189	23.4242781
human_ecologist	2026-08-19	102.2421331	23.4242566
human_ecologist	2026-08-19	102.2421075	23.4243259
human_ecologist	2026-08-19	102.2420821	23.4248364
human_ecologist	2026-08-19	102.2422092	23.4243260
human_ecologist	2026-08-19	102.2422471	23.4246777
human_ecologist	2026-08-19	102.2422373	23.4245597
human_ecologist	2026-08-19	102.2422575	23.4245810
human_ecologist	2026-08-19	102.2423948	23.4248499
human_ecologist	2026-08-19	102.2421280	23.4242876
human_ecologist	2026-08-19	102.2423419	23.4244982
human_ecologist	2026-08-19	102.2423208	23.4245045
human_ecologist	2026-08-19	102.2421415	23.4242704
human_ecologist	2026-08-19	102.2423275	23.4243685
human_ecologist	2026-08-19	102.2421367	23.4242637
human_ecologist	2026-08-19	102.2421307	23.4242722
human_ecologist	2026-08-19	102.2420250	23.4243974
human_ecologist	2026-08-19	102.2421337	23.4242589
human_ecologist	2026-08-19	102.2418164	23.4243616
human_ecologist	2026-08-19	102.2419918	23.4241315
human_ecologist	2026-08-19	102.2421275	23.4242900
human_ecologist	2026-08-19	102.2421264	23.4242844
human_ecologist	2026-08-19	102.2428897	23.4249973
human_ecologist	2026-08-18	102.2420976	23.4243159
human_ecologist	2026-08-18	102.2421621	23.4242924
human_ecologist	2026-08-18	102.2421565	23.4242794
human_ecologist	2026-08-18	102.2416982	23.4243836
human_ecologist	2026-08-18	102.2421242	23.4242882
human_ecologist	2026-08-18	102.2421132	23.4243085
human_ecologist	2026-08-18	102.2421327	23.4242637
human_ecologist	2026-08-18	102.2421400	23.4242701
human_ecologist	2026-08-18	102.2421728	23.4242920
human_ecologist	2026-08-18	102.2421415	23.4242653
human_ecologist	2026-08-18	102.2421423	23.4242662
human_ecologist	2026-08-18	102.2421402	23.4242661
human_ecologist	2026-08-18	102.2421419	23.4242707
human_ecologist	2026-08-18	102.2421489	23.4242859
human_ecologist	2026-08-18	102.2421394	23.4242762
human_ecologist	2026-08-18	102.2421443	23.4243171
human_ecologist	2026-08-18	102.2420964	23.4244023
human_ecologist	2026-08-18	102.2420559	23.4243784
human_ecologist	2026-08-18	102.2420153	23.4244386
human_ecologist	2026-08-18	102.2419971	23.4244638
human_ecologist	2026-08-18	102.2421338	23.4242602
human_ecologist	2026-08-18	102.2421418	23.4242663
human_ecologist	2026-08-18	102.2421354	23.4242616
human_ecologist	2026-08-18	102.2420514	23.4243892
human_ecologist	2026-08-18	102.2421158	23.4243035
human_ecologist	2026-08-18	102.2421653	23.4242887
human_ecologist	2026-08-18	102.2421414	23.4242685
human_ecologist	2026-08-18	102.2421052	23.4243575
human_ecologist	2026-08-18	102.2421044	23.4243598
human_ecologist	2026-08-18	102.2420713	23.4243728
human_ecologist	2026-08-18	102.2421340	23.4242653
human_ecologist	2026-08-18	102.2421240	23.4242860
human_ecologist	2026-08-18	102.2421140	23.4243892
human_ecologist	2026-08-18	102.2421139	23.4243908
human_ecologist	2026-08-18	102.2421334	23.4244048
human_ecologist	2026-08-18	102.2421324	23.4243014
human_ecologist	2026-08-18	102.2421391	23.4242662
human_ecologist	2026-08-18	102.2420641	23.4244356
human_ecologist	2026-08-18	102.2420549	23.4242772
human_ecologist	2026-08-18	102.2421094	23.4242821
human_ecologist	2026-08-18	102.2420965	23.4242596
human_ecologist	2026-08-18	102.2421291	23.4242481
human_ecologist	2026-08-18	102.2421187	23.4242574
human_ecologist	2026-08-18	102.2421080	23.4242603
human_ecologist	2026-08-18	102.2421150	23.4242560
human_ecologist	2026-08-18	102.2417369	23.4236666
human_ecologist	2026-08-18	102.2394976	23.4219032
human_ecologist	2026-08-18	102.2394506	23.4218236
human_ecologist	2026-08-18	102.2390238	23.4220349
human_ecologist	2026-08-18	102.2384747	23.4224984
human_ecologist	2026-08-18	102.2380379	23.4223662
human_ecologist	2026-08-18	102.2379154	23.4221412
human_ecologist	2026-08-18	102.2375526	23.4215918
human_ecologist	2026-08-18	102.2364147	23.4198413
human_ecologist	2026-08-18	102.2366890	23.4198519
human_ecologist	2026-08-18	102.2365244	23.4197767
human_ecologist	2026-08-18	102.2360753	23.4200041
human_ecologist	2026-08-18	102.2375505	23.4213791
human_ecologist	2026-08-18	102.2366554	23.4206412
human_ecologist	2026-08-18	102.2360349	23.4200508
human_ecologist	2026-08-18	102.2358373	23.4199905
human_ecologist	2026-08-18	102.2359432	23.4200246
human_ecologist	2026-08-18	102.2360410	23.4200608
human_ecologist	2026-08-18	102.2359258	23.4199800
human_ecologist	2026-08-18	102.2364289	23.4206104
human_ecologist	2026-08-18	102.2364695	23.4204435
human_ecologist	2026-08-18	102.2364599	23.4205180
human_ecologist	2026-08-18	102.2371526	23.4210292
human_ecologist	2026-08-18	102.2373318	23.4212909
human_ecologist	2026-08-18	102.2379976	23.4219562
human_ecologist	2026-08-18	102.2392952	23.4229616
human_ecologist	2026-08-18	102.2381589	23.4222196
human_ecologist	2026-08-18	102.2381731	23.4222239
human_ecologist	2026-08-18	102.2384127	23.4223037
human_ecologist	2026-08-18	102.2383475	23.4222519
human_ecologist	2026-08-18	102.2385644	23.4222833
human_ecologist	2026-08-18	102.2383181	23.4220788
human_ecologist	2026-08-18	102.2384190	23.4224181
human_ecologist	2026-08-18	102.2383163	23.4223421
human_ecologist	2026-08-18	102.2383769	23.4224379
human_ecologist	2026-08-18	102.2390896	23.4222440
human_ecologist	2026-08-18	102.2391541	23.4220013
human_ecologist	2026-08-18	102.2397679	23.4220157
human_ecologist	2026-08-18	102.2403527	23.4225412
human_ecologist	2026-08-18	102.2403540	23.4225256
human_ecologist	2026-08-18	102.2402598	23.4231489
human_ecologist	2026-08-18	102.2407680	23.4230472
human_ecologist	2026-08-18	102.2420819	23.4242635
human_ecologist	2026-08-18	102.2421036	23.4243154
human_ecologist	2026-08-18	102.2421265	23.4242544
human_ecologist	2026-08-18	102.2421231	23.4242645
human_ecologist	2026-08-18	102.2421103	23.4242989
human_ecologist	2026-08-18	102.0019903	23.5990517
human_ecologist	2026-08-18	101.9711874	23.6009226
human_ecologist	2026-08-18	101.9699641	23.6013664
human_ecologist	2026-08-18	101.9699414	23.6013787
human_ecologist	2026-08-18	101.9696387	23.6013224
human_ecologist	2026-08-18	101.9694494	23.6010133
human_ecologist	2026-08-18	101.9693375	23.6008669
human_ecologist	2026-08-18	101.9693787	23.6008992
human_ecologist	2026-08-18	101.9695810	23.6011586
human_ecologist	2026-08-18	101.9722738	23.6009077
human_ecologist	2026-08-18	101.9701540	23.6014969
human_ecologist	2026-08-18	101.9703506	23.6011932
human_ecologist	2026-08-18	101.9695182	23.6008578
human_ecologist	2026-08-18	101.9703538	23.6012464
human_ecologist	2026-08-18	101.9703415	23.6012358
human_ecologist	2026-08-18	101.9701544	23.6014418
human_ecologist	2026-08-18	101.9705498	23.6009467
human_ecologist	2026-08-18	101.9726929	23.6009694
human_ecologist	2026-08-18	101.9740109	23.6000543
human_ecologist	2026-08-18	101.9744935	23.5997826
human_ecologist	2026-08-17	102.6879717	24.6943217
human_ecologist	2026-08-17	102.6905750	24.6945833
human_ecologist	2026-08-17	102.6888512	24.6940907
human_ecologist	2026-08-17	102.6881080	24.6942205
human_ecologist	2026-08-17	102.6881070	24.6942198
human_ecologist	2026-08-17	102.6880099	24.6943521
human_ecologist	2026-08-17	102.6880432	24.6943126
human_ecologist	2026-08-17	102.6879699	24.6942446
human_ecologist	2026-08-17	102.6879842	24.6943221
human_ecologist	2026-08-17	102.6879814	24.6943067
human_ecologist	2026-08-17	102.6902395	24.6945874
human_ecologist	2026-08-17	102.6907631	24.6934478
human_ecologist	2026-08-17	102.6907050	24.6932967
human_ecologist	2026-08-17	102.6898369	24.6929288
human_ecologist	2026-08-17	102.6897192	24.6928213
human_ecologist	2026-08-17	102.6894161	24.6927350
human_ecologist	2026-08-17	102.6896359	24.6927171
human_ecologist	2026-08-17	102.6885653	24.6939045
human_ecologist	2026-08-17	102.6881294	24.6943428
human_ecologist	2026-08-17	102.6882623	24.6942397
human_ecologist	2026-08-17	102.6880290	24.6943356
human_ecologist	2026-08-17	102.5701902	24.5912927
human_ecologist	2026-08-17	102.5702843	24.5914210
human_ecologist	2026-08-17	102.5704297	24.5915378
human_ecologist	2026-08-17	102.5702808	24.5914265
human_ecologist	2026-08-17	102.5868617	24.6254000
human_ecologist	2026-08-17	102.5868700	24.6253967
human_ecologist	2026-08-17	102.5688569	24.5915137
human_ecologist	2026-08-17	102.5684930	24.5915790
human_ecologist	2026-08-17	102.5851265	24.6260918
human_ecologist	2026-08-17	102.5871670	24.6257240
human_ecologist	2026-08-17	102.5870860	24.6257174
human_ecologist	2026-08-17	102.5868024	24.6255888
human_ecologist	2026-08-17	102.5871134	24.6256974
human_ecologist	2026-08-17	102.5868802	24.6253145
human_ecologist	2026-08-17	102.5867993	24.6255831
human_ecologist	2026-08-17	102.5874918	24.6252079
human_ecologist	2026-08-17	102.5870353	24.6257570
human_ecologist	2026-08-17	102.5871305	24.6257550
human_ecologist	2026-08-17	102.5871235	24.6257647
human_ecologist	2026-08-17	102.5879793	24.6624917
human_ecologist	2026-08-17	102.5880425	24.6624083
human_ecologist	2026-08-17	102.5880064	24.6624764
human_ecologist	2026-08-17	102.5880086	24.6624679
human_ecologist	2026-08-17	102.5880128	24.6624563
human_ecologist	2026-08-17	102.5880235	24.6624539
human_ecologist	2026-08-17	102.5673691	24.5834237
human_ecologist	2026-08-17	102.7739086	24.7330089
human_ecologist	2026-08-17	102.7742952	24.7323846
human_ecologist	2026-08-17	102.7740245	24.7327218
human_ecologist	2026-08-17	102.7743091	24.7328556
human_ecologist	2026-08-17	102.7743606	24.7329048
human_ecologist	2026-08-17	102.7701112	24.7329191
human_ecologist	2026-08-17	102.7704403	24.7329219
human_ecologist	2026-08-17	102.7713549	24.7268930
human_ecologist	2026-08-17	102.7713968	24.7268988
human_ecologist	2026-08-17	102.7722056	24.7276067
human_ecologist	2026-08-17	102.7730384	24.7268183
human_ecologist	2026-08-15	102.7439200	25.1393805
human_ecologist	2026-08-15	102.7439417	25.1393805
human_ecologist	2026-08-15	102.7440333	25.1393472
human_ecologist	2026-08-15	102.7440417	25.1393472
human_ecologist	2026-08-15	102.7440950	25.1388862
human_ecologist	2026-08-15	102.7367250	25.1311638
human_ecologist	2026-08-15	102.7440407	25.1392241
human_ecologist	2026-08-15	102.7440974	25.1391035
human_ecologist	2026-08-15	102.7441119	25.1389939
human_ecologist	2026-08-15	103.1161278	25.3546033
human_ecologist	2026-08-15	103.1154194	25.3527248
human_ecologist	2026-08-15	103.1156627	25.3526950
human_ecologist	2026-08-15	103.1156370	25.3526624
human_ecologist	2026-08-15	103.1156429	25.3526691
human_ecologist	2026-08-15	103.1156495	25.3525094
human_ecologist	2026-08-15	102.7272550	25.0091639
human_ecologist	2026-08-15	102.7271583	25.0090972
human_ecologist	2026-08-15	102.7272033	25.0091500
human_ecologist	2026-08-15	102.7272550	25.0091528
human_ecologist	2026-08-15	102.7272867	25.0091695
human_ecologist	2026-08-15	102.7272417	25.0091583
human_ecologist	2026-08-15	102.7272333	25.0091111
human_ecologist	2026-08-15	102.7274383	25.0096778
human_ecologist	2026-08-15	102.7272633	25.0091333
human_ecologist	2026-08-15	102.7268300	25.0091083
human_ecologist	2026-08-15	102.7269667	25.0090555
human_ecologist	2026-08-15	102.7268917	25.0091000
human_ecologist	2026-08-15	102.7268300	25.0090000
human_ecologist	2026-08-15	102.7268300	25.0089861
human_ecologist	2026-08-15	102.7268217	25.0089917
human_ecologist	2026-08-15	102.7272867	25.0091195
human_ecologist	2026-08-15	102.7272800	25.0091056
human_ecologist	2026-08-15	102.7275167	25.0091111
human_ecologist	2026-08-15	102.7274783	25.0091028
human_ecologist	2026-08-15	102.7273167	25.0091167
human_ecologist	2026-08-15	102.7273417	25.0091583
human_ecologist	2026-08-15	102.7272867	25.0091028
human_ecologist	2026-08-15	102.7274633	25.0091222
human_ecologist	2026-08-15	102.7275167	25.0090750
human_ecologist	2026-08-15	102.7274783	25.0091056
human_ecologist	2026-08-15	102.7275467	25.0091028
human_ecologist	2026-08-15	102.7274950	25.0090806
human_ecologist	2026-08-15	102.7272117	25.0091528
human_ecologist	2026-08-15	102.7272717	25.0091000
human_ecologist	2026-08-15	102.7275250	25.0089639
human_ecologist	2026-08-15	102.7275467	25.0091500
human_ecologist	2026-08-15	102.7279967	25.0096444
human_ecologist	2026-08-15	102.7268217	25.0090056
human_ecologist	2026-08-15	102.7268217	25.0088972
human_ecologist	2026-08-15	102.7267917	25.0089861
human_ecologist	2026-08-15	102.7266217	25.0091528
human_ecologist	2026-08-15	102.7271117	25.0091250
human_ecologist	2026-08-15	102.7267300	25.0088389
human_ecologist	2026-08-15	102.7267833	25.0090667
human_ecologist	2026-08-15	102.7264950	25.0088278
human_ecologist	2026-08-15	102.7264783	25.0091389
human_ecologist	2026-08-15	102.7263633	25.0091500
human_ecologist	2026-08-15	102.7264117	25.0091445
human_ecologist	2026-08-15	102.7258217	25.0092361
human_ecologist	2026-08-15	102.7264417	25.0086889
human_ecologist	2026-08-15	102.7265033	25.0086195
human_ecologist	2026-08-15	102.7263717	25.0090583
human_ecologist	2026-08-15	102.7272250	25.0090861
human_ecologist	2026-08-15	102.7275250	25.0091305
human_ecologist	2026-08-15	102.7272250	25.0090889
human_ecologist	2026-08-15	102.7272333	25.0090722
human_ecologist	2026-08-15	102.7272250	25.0090472
human_ecologist	2026-08-15	102.7268050	25.0089639
human_ecologist	2026-08-15	102.7268133	25.0089639
human_ecologist	2026-08-15	102.7263550	25.0091361
human_ecologist	2026-08-15	102.7264167	25.0091417
human_ecologist	2026-08-15	102.7268667	25.0088250
human_ecologist	2026-08-15	102.7268833	25.0087389
human_ecologist	2026-08-15	102.7268750	25.0087389
human_ecologist	2026-08-15	102.7268750	25.0087278
human_ecologist	2026-08-15	102.7268533	25.0089889
human_ecologist	2026-08-15	102.7271333	25.0088167
human_ecologist	2026-08-15	102.7271200	25.0087722
human_ecologist	2026-08-15	102.7271333	25.0087444
human_ecologist	2026-08-15	102.7269667	25.0090389
human_ecologist	2026-08-15	102.7274950	25.0088472
human_ecologist	2026-08-15	102.7274700	25.0089028
human_ecologist	2026-08-15	102.7274950	25.0089972
human_ecologist	2026-08-15	102.7275000	25.0090222
human_ecologist	2026-08-15	102.7265033	25.0088222
human_ecologist	2026-08-15	102.7264717	25.0090056
human_ecologist	2026-08-15	102.7271417	25.0090639
human_ecologist	2026-08-15	102.7267750	25.0090278
human_ecologist	2026-08-15	102.7265550	25.0085444
human_ecologist	2026-08-15	102.7271500	25.0085861
human_ecologist	2026-08-15	102.7274950	25.0090250
human_ecologist	2026-08-15	102.7287217	25.0093417
human_ecologist	2026-08-15	102.7274950	25.0092194
human_ecologist	2026-08-15	102.7278833	25.0093000
human_ecologist	2026-08-15	102.7274633	25.0092417
human_ecologist	2026-08-15	102.7273250	25.0093167
human_ecologist	2026-08-15	102.7274250	25.0092917
human_ecologist	2026-08-15	102.7274333	25.0095556
human_ecologist	2026-08-15	102.7274633	25.0095833
human_ecologist	2026-08-15	102.7274783	25.0095805
human_ecologist	2026-08-15	102.7274867	25.0095583
human_ecologist	2026-08-15	102.7275083	25.0095833
human_ecologist	2026-08-15	102.7275250	25.0095945
human_ecologist	2026-08-15	102.7277750	25.0096583
human_ecologist	2026-08-15	102.7277750	25.0096611
human_ecologist	2026-08-15	102.7277917	25.0096805
human_ecologist	2026-08-15	102.7277917	25.0096778
human_ecologist	2026-08-15	102.7278450	25.0096500
human_ecologist	2026-08-15	102.7279583	25.0096861
human_ecologist	2026-08-15	102.7279050	25.0096750
human_ecologist	2026-08-14	102.6429551	25.0929501
human_ecologist	2026-08-12	102.7351700	25.1324583
human_ecologist	2026-08-11	102.7408765	25.1398746
human_ecologist	2026-08-11	102.7432200	25.1377542
human_ecologist	2026-08-11	102.7422458	25.1348012
human_ecologist	2026-08-11	102.7423060	25.1352262
human_ecologist	2026-08-10	102.7420937	25.1347860
human_ecologist	2026-08-10	102.7422656	25.1349888
human_ecologist	2026-08-10	102.7432759	25.1361242
human_ecologist	2026-08-10	102.7433332	25.1379730
human_ecologist	2026-08-10	102.7431178	25.1396052
human_ecologist	2026-08-10	102.7441431	25.1411712
human_ecologist	2026-08-10	102.7442125	25.1412284
human_ecologist	2026-08-10	102.7441724	25.1412181
human_ecologist	2026-08-10	102.7439594	25.1410322
human_ecologist	2026-08-10	102.7434124	25.1380940
human_ecologist	2026-08-10	102.7425768	25.1393139
human_ecologist	2026-08-10	102.7431685	25.1382761
human_ecologist	2026-08-10	102.7432065	25.1395539
human_ecologist	2026-08-10	102.7433827	25.1405909
human_ecologist	2026-08-10	102.7432601	25.1400326
human_ecologist	2026-08-10	102.7435012	25.1404534
human_ecologist	2026-08-10	102.7445571	25.1410394
human_ecologist	2026-08-10	102.7433475	25.1401813
human_ecologist	2026-08-10	102.7432833	25.1397947
human_ecologist	2026-08-10	102.7431441	25.1396215
human_ecologist	2026-08-10	102.7431615	25.1393887
human_ecologist	2026-08-10	102.7430251	25.1392850
human_ecologist	2026-08-10	102.7436142	25.1375809
human_ecologist	2026-08-10	102.7426101	25.1392370
human_ecologist	2026-08-10	102.7425689	25.1391816
human_ecologist	2026-08-10	102.7424660	25.1392364
human_ecologist	2026-08-10	102.7419283	25.1401833
human_ecologist	2026-08-10	102.7432743	25.1378400
human_ecologist	2026-08-10	102.7436745	25.1371772
human_ecologist	2026-08-10	102.7420280	25.1397494
human_ecologist	2026-08-10	102.7425156	25.1353922
human_ecologist	2026-08-10	102.7433871	25.1367210
human_ecologist	2026-08-10	102.7429815	25.1361290
human_ecologist	2026-08-10	102.7428320	25.1358715
human_ecologist	2026-08-10	102.7423933	25.1351975
human_ecologist	2026-08-09	102.7349273	25.1331049
human_ecologist	2026-08-09	102.7350124	25.1319120
human_ecologist	2026-08-09	102.7360151	25.1318070
human_ecologist	2026-08-09	102.7354887	25.1317964
human_ecologist	2026-08-09	102.7360380	25.1314593
human_ecologist	2026-08-09	102.7371334	25.1303110
human_ecologist	2026-08-09	102.7375227	25.1301947
human_ecologist	2026-08-09	102.7376343	25.1299017
human_ecologist	2026-08-09	102.7378881	25.1296983
human_ecologist	2026-08-09	102.7390855	25.1288567
human_ecologist	2026-08-09	102.7410255	25.1224831
human_ecologist	2026-08-09	102.7394753	25.1286174
human_ecologist	2026-08-09	102.7397401	25.1285522
human_ecologist	2026-08-09	102.7404116	25.1278790
human_ecologist	2026-08-09	102.7406578	25.1276469
human_ecologist	2026-08-09	102.7409760	25.1271663
human_ecologist	2026-08-09	102.7412255	25.1271434
human_ecologist	2026-08-09	102.7414793	25.1268170
human_ecologist	2026-08-09	102.7418879	25.1267647
human_ecologist	2026-08-09	102.7422415	25.1264771
human_ecologist	2026-08-09	102.7424878	25.1265016
human_ecologist	2026-08-09	102.7426133	25.1263407
human_ecologist	2026-08-09	102.7434152	25.1378388
human_ecologist	2026-08-09	102.7433268	25.1377904
human_ecologist	2026-08-09	102.7442780	25.1384430
human_ecologist	2026-08-09	102.7424128	25.1395714
human_ecologist	2026-08-09	102.7440636	25.1391184
human_ecologist	2026-08-09	102.7440364	25.1391883
human_ecologist	2026-08-09	102.7440621	25.1391252
human_ecologist	2026-08-09	102.7440541	25.1392797
human_ecologist	2026-08-09	102.7441692	25.1390255
human_ecologist	2026-08-09	102.7438653	25.1388145
human_ecologist	2026-08-09	102.7436444	25.1381847
human_ecologist	2026-08-09	102.7435076	25.1381539
human_ecologist	2022-05-18	8.9699050	39.9662383
human_ecologist	2022-05-18	8.8534950	39.9590417
human_ecologist	2022-09-02	-69.1064695	44.2105633
human_ecologist	2022-09-10	-69.5106607	45.4304945
human_ecologist	2022-09-15	-71.6439850	47.0414735
human_ecologist	2023-02-18	107.0803138	20.8596000
human_ecologist	2023-03-05	108.2879333	14.6033033
human_ecologist	2023-03-05	108.2879950	14.6031783
human_ecologist	2023-03-05	108.2880083	14.6032283
human_ecologist	2023-03-05	108.2879467	14.6032583
human_ecologist	2023-03-05	108.2879417	14.6032633
human_ecologist	2023-03-05	108.2880167	14.6032333
human_ecologist	2023-03-05	108.2921367	14.6584633
human_ecologist	2023-03-05	108.2921050	14.6585583
human_ecologist	2023-03-05	108.2985167	14.6577533
human_ecologist	2023-03-05	108.2939300	14.6385450
human_ecologist	2023-03-05	108.2991167	14.6734333
human_ecologist	2023-03-05	108.2981867	14.6581500
human_ecologist	2023-03-05	108.2919783	14.6584050
human_ecologist	2023-03-05	108.2921000	14.6585800
human_ecologist	2023-03-05	108.2878717	14.6031717
human_ecologist	2023-03-05	108.2878717	14.6033050
human_ecologist	2023-03-05	108.2879717	14.6033217
human_ecologist	2023-03-05	108.2879550	14.6032783
human_ecologist	2023-02-26	105.8149867	21.0761055
human_ecologist	2023-03-02	105.8465717	21.0256778
human_ecologist	2023-03-05	108.2880700	14.6032617
human_ecologist	2023-03-05	108.2880383	14.6032167
human_ecologist	2023-03-05	108.2879250	14.6032783
human_ecologist	2023-03-05	108.2880783	14.6033033
human_ecologist	2023-03-02	105.8451617	21.0245278
human_ecologist	2023-02-22	105.8120333	21.0269417
human_ecologist	2023-03-01	105.8127450	21.0532972
human_ecologist	2023-02-18	107.0803138	20.8595450
human_ecologist	2022-12-10	7.0964917	50.7402717
human_ecologist	2022-09-15	-70.4920219	48.4105609
human_ecologist	2022-09-03	-69.0707028	44.2177783
human_ecologist	2022-09-02	-69.0608667	44.2359967
human_ecologist	2022-08-20	127.0786833	37.9465867
human_ecologist	2022-08-20	127.2938533	38.1722633
human_ecologist	2022-08-12	127.7657617	35.2847783
human_ecologist	2022-08-11	127.3887633	37.5195883
human_ecologist	2022-07-26	-69.1078555	44.2095133
human_ecologist	2022-07-26	-69.1084888	44.2098883
human_ecologist	2022-07-24	-69.0960833	44.0384917
human_ecologist	2022-07-24	-69.1068888	44.2100667
human_ecologist	2022-07-17	-71.2045450	46.8126750
human_ecologist	2022-06-19	7.2099250	50.6652500
human_ecologist	2022-06-06	7.2260800	50.6718550
human_ecologist	2022-06-11	7.2500283	50.6639550
human_ecologist	2022-06-04	-69.2740543	48.4934975
human_ecologist	2022-05-23	9.3799085	41.2554520
human_ecologist	2022-05-18	8.9699250	39.9662783
human_ecologist	2022-05-18	8.8986667	39.9360167
human_ecologist	2022-05-18	8.4390667	39.8731383
human_ecologist	2022-05-18	8.4389000	39.8732117
human_ecologist	2022-05-18	8.5358667	39.7765783
human_ecologist	2022-05-18	8.5357250	39.7764367
human_ecologist	2022-05-18	8.5355583	39.7765833
human_ecologist	2022-05-18	8.9203033	40.1737050
human_ecologist	2022-05-18	8.5523217	39.7718383
human_ecologist	2022-04-17	7.1729967	50.7192467
human_ecologist	2021-09-16	-68.8443367	44.0378750
human_ecologist	2022-04-18	7.0980028	50.7409967
human_ecologist	2022-02-25	-68.8203717	44.3491750
human_ecologist	2022-03-30	7.0979888	50.7407700
human_ecologist	2021-10-03	7.0978722	50.7405367
human_ecologist	2021-12-24	12.4909783	41.8905117
human_ecologist	2021-09-19	-69.2850800	44.1705550
human_ecologist	2021-09-19	-69.2854083	44.1706050
human_ecologist	2021-09-19	-69.2854383	44.1701867
human_ecologist	2021-09-19	-69.2844383	44.1705450
human_ecologist	2021-09-19	-69.2852033	44.1703217
human_ecologist	2021-09-17	-68.9430700	44.2816367
human_ecologist	2021-09-17	-68.9433217	44.2821000
human_ecologist	2021-09-16	-68.9026500	44.0678528
human_ecologist	2021-09-16	-68.9019783	44.0677250
human_ecologist	2021-09-16	-68.8722083	44.0493362
human_ecologist	2021-09-13	-70.2132633	43.6583133
human_ecologist	2023-03-08	108.2542717	14.9697783
human_ecologist	2023-03-08	108.2542033	14.9699667
human_ecologist	2021-09-18	-69.1608195	44.3505033
human_ecologist	2022-05-18	8.5357583	39.7765383
human_ecologist	2022-05-18	8.4394200	39.8767583
human_ecologist	2022-05-18	8.8985467	39.9360300
human_ecologist	2023-03-05	108.2920533	14.6588367
human_ecologist	2023-03-05	108.2879783	14.6033333
human_ecologist	2023-03-05	108.2921617	14.6584750
human_ecologist	2022-05-23	9.4149013	40.9339773
human_ecologist	2022-05-28	6.2080753	49.5237459
human_ecologist	2022-06-05	7.1838167	50.7029717
human_ecologist	2022-06-03	7.0748833	50.7338533
human_ecologist	2022-06-06	7.2307667	50.6703717
human_ecologist	2022-06-25	7.2100217	50.6652500
human_ecologist	2022-07-17	-70.2769789	50.2885517
human_ecologist	2022-07-24	-69.0959778	44.0385638
human_ecologist	2022-07-24	-69.0696945	44.2213867
human_ecologist	2022-07-26	-69.0620805	44.2191467
human_ecologist	2022-07-26	-69.1039583	44.2130167
human_ecologist	2022-07-30	7.1964917	50.7009883
human_ecologist	2022-08-11	125.8486078	39.1203656
human_ecologist	2022-08-20	127.2395083	38.1444972
human_ecologist	2022-08-20	127.0835805	37.9443450
human_ecologist	2023-03-08	108.2541967	14.9697967
human_ecologist	2023-03-08	108.2542117	14.9698200
human_ecologist	2023-03-08	108.2541050	14.9698583
human_ecologist	2023-03-08	108.2541500	14.9698633
human_ecologist	2023-03-08	108.2540800	14.9698283
human_ecologist	2023-03-08	108.2540967	14.9694500
human_ecologist	2023-03-08	108.2539050	14.9689283
human_ecologist	2023-03-08	108.2539533	14.9687950
human_ecologist	2023-03-08	108.2539583	14.9687300
human_ecologist	2023-03-08	108.2539283	14.9694550
human_ecologist	2023-03-08	108.2540200	14.9693917
human_ecologist	2023-03-08	108.2541283	14.9699500
human_ecologist	2021-09-17	-68.9433217	44.2821050
human_ecologist	2023-03-08	108.2540967	14.9694783
human_ecologist	2021-09-17	-68.9431217	44.2816417
human_ecologist	2021-09-17	-68.9432917	44.2821200
human_ecologist	2023-03-08	108.2543717	14.9697950
human_ecologist	2023-03-08	108.2543333	14.9698050
human_ecologist	2023-03-08	108.2543250	14.9698450
human_ecologist	2023-03-08	108.2542333	14.9701000
human_ecologist	2023-03-08	108.2542283	14.9700550
human_ecologist	2023-03-08	108.2542500	14.9700467
human_ecologist	2023-03-08	108.2543333	14.9702917
human_ecologist	2023-03-08	108.2538450	14.9703217
human_ecologist	2023-03-08	108.2543417	14.9702783
human_ecologist	2023-03-08	108.2543500	14.9702833
human_ecologist	2023-03-08	108.2564783	14.9720050
human_ecologist	2023-03-08	108.2564617	14.9720300
human_ecologist	2023-03-08	108.2565083	14.9719717
human_ecologist	2023-03-08	108.2564917	14.9719833
human_ecologist	2023-03-08	108.2643667	14.9832717
human_ecologist	2023-03-08	108.2648167	14.9842050
human_ecologist	2023-03-08	108.2671367	14.9734133
human_ecologist	2023-03-08	108.2643967	14.9831967
human_ecologist	2023-03-08	108.2643667	14.9831050
human_ecologist	2023-03-08	108.2645333	14.9833033
human_ecologist	2023-03-08	108.2645950	14.9833217
human_ecologist	2023-03-08	108.2645717	14.9833617
human_ecologist	2023-03-08	108.2643883	14.9834283
human_ecologist	2023-03-08	108.2647383	14.9836383
human_ecologist	2023-03-08	108.2646783	14.9835783
human_ecologist	2023-03-08	108.2647333	14.9836700
human_ecologist	2023-03-08	108.2647783	14.9837583
human_ecologist	2026-08-04	7.1843466	50.6752972
human_ecologist	2026-08-04	7.1843978	50.6753024
human_ecologist	2026-08-04	7.1843979	50.6752907
human_ecologist	2026-08-03	7.2099419	50.6652430
human_ecologist	2026-08-03	7.2100580	50.6652483
human_ecologist	2026-08-03	7.2100828	50.6653338
human_ecologist	2026-08-02	7.1749793	50.7911352
human_ecologist	2026-08-02	7.1763539	50.7655668
human_ecologist	2026-08-01	8.6213630	50.1209992
human_ecologist	2026-08-01	8.6608419	50.1072250
human_ecologist	2026-08-01	8.6459605	50.0983166
human_ecologist	2026-08-01	8.6458866	50.0983319
human_ecologist	2026-08-01	7.8982772	49.9679232
human_ecologist	2026-08-01	7.8983369	49.9673937
human_ecologist	2026-08-01	7.8983216	49.9675288
human_ecologist	2026-08-01	7.8983147	49.9675901
human_ecologist	2026-08-01	7.8983050	49.9676762
human_ecologist	2026-08-01	7.8983082	49.9676482
human_ecologist	2026-08-01	7.8982729	49.9679611
human_ecologist	2026-08-01	7.8982680	49.9680050
human_ecologist	2026-08-01	7.8982658	49.9680240
human_ecologist	2026-08-01	7.8982648	49.9680332
human_ecologist	2026-08-01	7.0970860	50.7318862
human_ecologist	2026-07-31	6.9117295	50.8284879
human_ecologist	2026-07-31	7.0128717	50.9578109
human_ecologist	2026-07-31	7.0126973	50.9581071
human_ecologist	2026-07-31	6.9912893	51.0280310
human_ecologist	2026-07-31	6.7907164	51.2157972
human_ecologist	2026-07-31	6.8776914	51.1618034
human_ecologist	2026-07-31	6.7942242	51.2191646
human_ecologist	2026-07-31	6.7967802	51.2218171
human_ecologist	2026-07-31	6.7389135	51.5669213
human_ecologist	2026-07-31	6.7314307	51.5747678
human_ecologist	2026-07-31	6.6274646	51.6560604
human_ecologist	2026-07-31	6.6273833	51.6558092
human_ecologist	2026-07-31	6.6269944	51.6559999
human_ecologist	2026-07-31	6.6272167	51.6562675
human_ecologist	2026-07-31	6.6273570	51.6557988
human_ecologist	2026-07-31	6.6271560	51.6560743
human_ecologist	2026-07-31	6.6268201	51.6556525
human_ecologist	2026-07-31	6.6274125	51.6554414
human_ecologist	2026-07-31	6.6271128	51.6556682
human_ecologist	2026-07-31	6.6267152	51.6554742
human_ecologist	2026-07-31	6.6266222	51.6556791
human_ecologist	2026-07-31	6.6274784	51.6559713
human_ecologist	2026-07-31	6.6270744	51.6557096
human_ecologist	2026-07-31	6.6271592	51.6557267
human_ecologist	2026-07-31	6.6269563	51.6555424
human_ecologist	2026-07-31	6.6273988	51.6558554
human_ecologist	2026-07-31	6.6277292	51.6558344
human_ecologist	2026-07-31	6.2553181	51.8338825
human_ecologist	2026-07-31	6.2203533	51.8231783
human_ecologist	2026-07-31	6.0906778	51.8063583
human_ecologist	2026-07-31	6.0907028	51.8063617
human_ecologist	2026-07-31	6.0906195	51.8063883
human_ecologist	2026-07-31	6.0907055	51.8063500
human_ecologist	2026-07-31	6.0907083	51.8063550
human_ecologist	2026-07-31	6.0904280	51.8059970
human_ecologist	2026-07-31	6.0913018	51.8052867
human_ecologist	2026-07-31	6.0908707	51.8063724
human_ecologist	2026-07-31	6.0907996	51.8063168
human_ecologist	2026-07-31	6.0911657	51.8064478
human_ecologist	2026-07-31	6.0904794	51.8060483
human_ecologist	2026-07-31	6.0907282	51.8063988
human_ecologist	2026-07-31	6.0905462	51.8061672
human_ecologist	2026-07-31	6.0905230	51.8061977
human_ecologist	2026-07-30	6.1990148	51.6235881
human_ecologist	2026-07-30	6.1988519	51.6237164
human_ecologist	2026-07-30	6.2523368	51.5808932
human_ecologist	2026-07-30	6.2523514	51.5809246
human_ecologist	2026-07-30	6.3194221	51.5131535
human_ecologist	2026-07-30	6.3198489	51.5129199
human_ecologist	2026-07-29	6.9527217	50.9492696
human_ecologist	2026-07-29	6.9539467	50.9474717
human_ecologist	2026-07-29	6.9366836	50.9287964
human_ecologist	2026-07-25	7.0977603	50.7406162
human_ecologist	2026-07-24	7.0989836	50.7403049
human_ecologist	2026-07-24	7.0989433	50.7404239
human_ecologist	2026-07-24	7.0989319	50.7404123
human_ecologist	2026-07-24	7.0988659	50.7403866
human_ecologist	2026-07-24	7.0991941	50.7403416
human_ecologist	2026-07-24	7.0999910	50.7406063
human_ecologist	2026-07-24	7.1004735	50.7405820
human_ecologist	2026-07-24	7.1006745	50.7406687
human_ecologist	2026-07-24	7.1001714	50.7404856
human_ecologist	2026-07-24	7.1011212	50.7410471
human_ecologist	2026-07-24	7.1012885	50.7410381
human_ecologist	2026-07-24	7.1012233	50.7409700
human_ecologist	2026-07-24	7.1013347	50.7410531
human_ecologist	2026-07-24	7.1016089	50.7408370
human_ecologist	2026-07-24	7.1022965	50.7406151
human_ecologist	2026-07-24	7.1035342	50.7404342
human_ecologist	2026-07-24	7.1039958	50.7401781
human_ecologist	2026-07-24	7.1042428	50.7400356
human_ecologist	2026-07-24	7.1050783	50.7399105
human_ecologist	2026-07-24	7.1051080	50.7393845
human_ecologist	2026-07-24	7.1051762	50.7390979
human_ecologist	2026-07-24	7.1052001	50.7390675
human_ecologist	2026-07-24	7.1053211	50.7388326
human_ecologist	2026-07-24	7.1054398	50.7384457
human_ecologist	2026-07-24	7.1056448	50.7380744
human_ecologist	2026-07-24	7.1056904	50.7378693
human_ecologist	2026-07-24	7.1057981	50.7377612
human_ecologist	2026-07-24	7.1062710	50.7377965
human_ecologist	2026-07-21	7.4092934	50.4322244
human_ecologist	2026-07-21	11.0819945	49.4453717
human_ecologist	2026-07-19	7.0961500	50.7392667
human_ecologist	2026-07-13	29.1562638	40.9944383
human_ecologist	2026-07-13	29.1559500	40.9944450
human_ecologist	2026-07-13	29.1564445	40.9944383
human_ecologist	2026-07-13	29.1564500	40.9944300
human_ecologist	2026-07-13	29.1607055	40.9943417
human_ecologist	2026-07-13	29.1606583	40.9944533
human_ecologist	2026-07-13	29.1606722	40.9944633
human_ecologist	2026-07-13	29.3156717	40.9076617
human_ecologist	2026-07-13	29.1559528	40.9944500
human_ecologist	2026-07-13	29.1537750	40.9961700
human_ecologist	2026-07-13	29.1537362	40.9961550
human_ecologist	2026-07-13	29.1537055	40.9960283
human_ecologist	2026-07-13	29.1536112	40.9959050
human_ecologist	2026-07-13	29.1535445	40.9958033
human_ecologist	2026-07-13	29.1535472	40.9957417
human_ecologist	2026-07-13	29.1535500	40.9957417
human_ecologist	2026-07-13	29.1535138	40.9957700
human_ecologist	2026-07-13	29.1286000	40.9961967
human_ecologist	2026-07-13	29.1282612	40.9960883
human_ecologist	2026-07-13	29.1269445	40.9957583
human_ecologist	2026-07-13	29.1265305	40.9956167
human_ecologist	2026-07-13	29.1096472	40.9980300
human_ecologist	2026-07-13	29.1094028	40.9982000
human_ecologist	2026-07-13	29.1090862	40.9983783
human_ecologist	2026-07-13	29.0954667	41.0078083
human_ecologist	2026-07-13	29.0938388	41.0083833
human_ecologist	2026-07-13	29.0937083	41.0084417
human_ecologist	2026-07-13	29.0929362	41.0086972
human_ecologist	2026-07-13	29.0925833	41.0087805
human_ecologist	2026-07-13	29.0921083	41.0087750
human_ecologist	2026-07-13	29.0919388	41.0087583
human_ecologist	2026-07-13	29.0918695	41.0086889
human_ecologist	2026-07-13	29.0791945	41.0069611
human_ecologist	2026-07-13	29.1559612	40.9944533
human_ecologist	2026-07-13	29.1539112	40.9963717
human_ecologist	2026-07-13	29.1539028	40.9963533
human_ecologist	2026-07-13	29.1540028	40.9964867
human_ecologist	2026-07-12	28.9862117	41.0665888
human_ecologist	2026-07-12	28.9767867	41.0590222
human_ecologist	2026-07-11	28.9857358	41.0662177
human_ecologist	2026-07-11	28.9799367	41.0581278
human_ecologist	2026-07-11	28.9803070	41.0579103
human_ecologist	2026-07-11	28.9798053	41.0582084
human_ecologist	2026-07-11	28.9795144	41.0584019
human_ecologist	2026-07-11	28.9790320	41.0585679
human_ecologist	2026-07-11	28.9788979	41.0586180
human_ecologist	2026-07-10	28.9775556	41.0585615
human_ecologist	2026-07-10	28.9774914	41.0587937
human_ecologist	2026-07-10	28.9776747	41.0591650
human_ecologist	2026-07-10	29.3145467	40.9080500
human_ecologist	2026-07-03	12.4815783	41.8983533
human_ecologist	2026-07-01	12.4796922	41.8824949
human_ecologist	2026-07-01	12.4796875	41.8825026
human_ecologist	2026-06-16	7.5884261	50.3505130
human_ecologist	2026-06-16	7.5885934	50.3497384
human_ecologist	2026-06-16	7.5885991	50.3497294
human_ecologist	2026-06-16	7.5885517	50.3497526
human_ecologist	2026-06-15	7.0957446	50.7322797
human_ecologist	2026-06-15	7.0958470	50.7321838
human_ecologist	2026-06-14	8.6446273	50.1181005
human_ecologist	2026-06-14	8.6445729	50.1181266
human_ecologist	2026-06-13	7.1027559	50.7505521
human_ecologist	2026-06-13	7.1029170	50.7492775
human_ecologist	2026-06-13	7.1003211	50.7540498
human_ecologist	2026-06-13	7.0991602	50.7549621
human_ecologist	2026-06-13	7.1021911	50.7501336
human_ecologist	2026-06-13	7.1022545	50.7500215
human_ecologist	2026-06-13	7.1024455	50.7497124
human_ecologist	2026-06-08	6.9690579	50.8631907
human_ecologist	2026-06-08	6.9695088	50.8623096
human_ecologist	2026-06-08	6.9693968	50.8611530
human_ecologist	2026-06-08	6.9689255	50.8575439
human_ecologist	2026-06-08	6.9699396	50.8608525
human_ecologist	2026-06-08	6.9705041	50.8596751
human_ecologist	2026-06-08	6.9699338	50.8596548
human_ecologist	2026-06-08	6.9708278	50.8586023
human_ecologist	2026-06-08	6.9708392	50.8586114
human_ecologist	2026-06-08	6.9691327	50.8587186
human_ecologist	2026-06-08	6.9709477	50.8586529
human_ecologist	2026-06-08	6.9688805	50.8564276
human_ecologist	2026-06-08	6.9686762	50.8547167
human_ecologist	2026-06-08	6.9688014	50.8538851
human_ecologist	2026-06-08	6.9681378	50.8496258
human_ecologist	2026-06-08	6.9999256	50.8703464
human_ecologist	2026-06-08	6.8909047	50.9066787
human_ecologist	2026-06-08	6.8906895	50.9067676
human_ecologist	2026-06-08	6.8902544	50.9069939
human_ecologist	2026-06-08	6.8384811	50.9423555
human_ecologist	2026-06-07	6.8362734	50.9421429
human_ecologist	2026-06-07	6.8369296	50.9429626
human_ecologist	2026-06-07	6.8378013	50.9425022
human_ecologist	2026-06-07	6.8373379	50.9429400
human_ecologist	2026-06-07	6.8372183	50.9429783
human_ecologist	2026-06-07	6.8360915	50.9428929
human_ecologist	2026-06-07	6.8358308	50.9428087
human_ecologist	2026-06-06	7.0975674	50.7440193
human_ecologist	2026-06-06	7.0975498	50.7440369
human_ecologist	2026-06-05	7.0975180	50.7406167
human_ecologist	2026-06-05	7.0977043	50.7403586
human_ecologist	2026-06-05	7.1100427	50.7347602
human_ecologist	2026-06-05	7.1079495	50.7345356
human_ecologist	2026-06-05	7.1079130	50.7345222
human_ecologist	2026-06-05	7.0736376	50.7306066
human_ecologist	2026-06-05	7.0736879	50.7305300
human_ecologist	2026-06-05	7.0734463	50.7305090
human_ecologist	2026-06-05	7.0734781	50.7305438
human_ecologist	2026-06-04	7.0927547	50.7399266
human_ecologist	2026-06-04	7.0942954	50.7406870
human_ecologist	2026-06-04	7.0949153	50.7407703
human_ecologist	2026-06-04	7.0953775	50.7405894
human_ecologist	2026-06-01	8.2590333	50.0008306
human_ecologist	2026-06-01	8.2438467	50.0698805
human_ecologist	2026-05-31	8.6292093	50.1286965
human_ecologist	2026-05-31	8.6295516	50.1290342
human_ecologist	2026-05-31	8.6298140	50.1286855
human_ecologist	2026-05-31	10.2605067	49.6949003
human_ecologist	2026-05-31	10.9835271	49.4665436
human_ecologist	2026-05-31	10.9835066	49.4665140
human_ecologist	2026-05-31	10.9835353	49.4665742
human_ecologist	2026-05-31	10.9835745	49.4665934
human_ecologist	2026-05-31	10.9834624	49.4665816
human_ecologist	2026-05-31	10.9834560	49.4660003
human_ecologist	2026-05-31	10.9834525	49.4665804
human_ecologist	2026-05-31	10.9834365	49.4665801
human_ecologist	2026-05-31	10.9881533	49.4671990
human_ecologist	2026-05-31	10.9882877	49.4673083
human_ecologist	2026-05-30	11.0746778	49.4582435
human_ecologist	2026-05-30	11.0773643	49.4563460
human_ecologist	2026-05-30	11.0749138	49.4585474
human_ecologist	2026-05-30	11.0760161	49.4580223
human_ecologist	2026-05-30	11.0755350	49.4583594
human_ecologist	2026-05-30	11.0760289	49.4580403
human_ecologist	2026-05-30	11.0775485	49.4580328
human_ecologist	2026-05-30	11.0778009	49.4579848
human_ecologist	2026-05-30	11.0773230	49.4505622
human_ecologist	2024-08-09	-69.1067641	44.2096424
human_ecologist	2026-05-30	11.0771796	49.4505268
human_ecologist	2025-08-01	-69.1070333	44.2100367
human_ecologist	2026-05-30	11.0768866	49.4505219
human_ecologist	2026-05-29	10.9941176	49.4724251
human_ecologist	2026-05-29	10.9946798	49.4727938
human_ecologist	2026-05-29	10.9954265	49.4730424
human_ecologist	2026-05-29	10.9956426	49.4732880
human_ecologist	2026-05-29	10.9958222	49.4735321
human_ecologist	2026-05-29	10.9963470	49.4731604
human_ecologist	2026-05-29	10.9963746	49.4725693
human_ecologist	2026-05-29	10.9963660	49.4723604
human_ecologist	2026-05-29	10.9960364	49.4722926
human_ecologist	2026-05-29	10.9961845	49.4724563
human_ecologist	2026-05-28	9.1016085	49.9850918
human_ecologist	2026-05-28	8.6869393	50.0993582
human_ecologist	2026-05-28	7.0956009	50.7367169
human_ecologist	2026-05-28	11.0814405	49.4469587
human_ecologist	2026-05-28	11.0800059	49.4472688
human_ecologist	2026-05-28	11.0799626	49.4473203
human_ecologist	2026-05-28	11.0799068	49.4472280
human_ecologist	2026-05-28	11.0817957	49.4472154
human_ecologist	2026-05-28	11.0816342	49.4473040
human_ecologist	2026-05-28	11.0816427	49.4472788
human_ecologist	2026-05-28	11.0817581	49.4466877
human_ecologist	2026-05-28	11.0817955	49.4467781
human_ecologist	2026-05-25	7.2643551	50.7057714
human_ecologist	2026-05-25	7.2645489	50.7056016
human_ecologist	2026-05-25	7.2645215	50.7054901
human_ecologist	2026-05-25	7.2644472	50.7055224
human_ecologist	2026-05-25	7.2620688	50.7048800
human_ecologist	2026-05-25	7.0964200	50.7418849
human_ecologist	2026-05-25	7.0964450	50.7418713
human_ecologist	2026-05-25	6.0197397	50.8231681
human_ecologist	2026-05-25	6.0196732	50.8232996
human_ecologist	2026-05-25	6.0196444	50.8231539
human_ecologist	2026-05-25	6.0196493	50.8230747
human_ecologist	2026-05-25	6.0196035	50.8225497
human_ecologist	2026-05-25	6.0195430	50.8226851
human_ecologist	2026-05-25	6.0195589	50.8223953
human_ecologist	2026-05-25	6.0196557	50.8231019
human_ecologist	2026-05-25	6.0196930	50.8231014
human_ecologist	2026-05-25	6.0197072	50.8232855
human_ecologist	2026-05-25	6.0196419	50.8230170
human_ecologist	2026-05-25	6.0196402	50.8230901
human_ecologist	2026-05-25	5.6977651	50.8423140
human_ecologist	2026-05-25	5.6977323	50.8433690
human_ecologist	2026-05-25	5.6951147	50.8443722
human_ecologist	2026-05-25	5.6953805	50.8449585
human_ecologist	2026-05-25	5.6941264	50.8440080
human_ecologist	2026-05-25	5.6954185	50.8455925
human_ecologist	2026-05-25	5.6957233	50.8448767
human_ecologist	2026-05-24	5.6933822	50.8452685
human_ecologist	2026-05-24	5.6917226	50.8456522
human_ecologist	2026-05-24	5.6915768	50.8456603
human_ecologist	2026-05-24	5.6915006	50.8456630
human_ecologist	2026-05-24	5.6915666	50.8456476
human_ecologist	2026-05-24	5.6916068	50.8456601
human_ecologist	2026-05-24	5.6914828	50.8456654
human_ecologist	2026-05-24	5.6909460	50.8457752
human_ecologist	2026-05-24	5.6912736	50.8456502
human_ecologist	2026-05-24	5.6909748	50.8457553
human_ecologist	2026-05-24	5.6906216	50.8457670
human_ecologist	2026-05-24	5.6903563	50.8455671
human_ecologist	2026-05-24	5.6916098	50.8560784
human_ecologist	2026-05-24	5.6921594	50.8557597
human_ecologist	2026-05-24	5.6920053	50.8559134
human_ecologist	2026-05-24	5.6918251	50.8559182
human_ecologist	2026-05-24	5.6881330	50.8570837
human_ecologist	2026-05-24	5.6913245	50.8561667
human_ecologist	2026-05-24	5.6891866	50.8602384
human_ecologist	2026-05-24	5.6892028	50.8584390
human_ecologist	2026-05-24	5.6882210	50.8571246
human_ecologist	2026-05-24	5.6881344	50.8570842
human_ecologist	2026-05-24	5.6881473	50.8570947
human_ecologist	2026-05-24	5.6881394	50.8570854
human_ecologist	2026-05-24	5.6878186	50.8567682
human_ecologist	2026-05-24	5.6863659	50.8571620
human_ecologist	2026-05-24	5.6862044	50.8557711
human_ecologist	2026-05-24	5.6858325	50.8557083
human_ecologist	2026-05-24	5.6861693	50.8556770
human_ecologist	2026-05-24	5.6849676	50.8557740
human_ecologist	2026-05-24	5.6851851	50.8554116
human_ecologist	2026-05-24	5.6854470	50.8554150
human_ecologist	2026-05-24	5.6842171	50.8559226
human_ecologist	2026-05-24	5.6842177	50.8558481
human_ecologist	2026-05-23	5.6945619	50.8480813
human_ecologist	2026-05-23	5.6945953	50.8480893
human_ecologist	2026-05-23	5.6835132	50.8545306
human_ecologist	2026-05-23	5.6835562	50.8544098
human_ecologist	2026-05-23	5.6833151	50.8547178
human_ecologist	2026-05-23	5.6829377	50.8548200
human_ecologist	2026-05-23	5.6831541	50.8547580
human_ecologist	2026-05-23	5.6821359	50.8550913
human_ecologist	2026-05-23	5.6969870	50.8453059
human_ecologist	2026-05-23	5.6960959	50.8436458
human_ecologist	2026-05-23	5.6970409	50.8434115
human_ecologist	2026-05-23	5.6971328	50.8434164
human_ecologist	2026-05-23	5.6980909	50.8432496
human_ecologist	2026-05-23	5.6977081	50.8434435
human_ecologist	2026-05-23	5.6982339	50.8429730
human_ecologist	2026-05-23	5.6982793	50.8429356
human_ecologist	2026-05-16	6.9609965	51.1591728
human_ecologist	2026-05-16	6.9610977	51.1591994
human_ecologist	2026-05-16	6.9610221	51.1591396
human_ecologist	2026-05-16	6.9610057	51.1591270
human_ecologist	2026-05-16	6.9609630	51.1592017
human_ecologist	2026-05-16	6.9608856	51.1592165
human_ecologist	2026-05-16	6.9609726	51.1592021
human_ecologist	2026-05-15	7.0730550	50.7280280
human_ecologist	2026-05-15	7.0729107	50.7279607
human_ecologist	2026-05-15	7.0717947	50.7275947
human_ecologist	2026-05-15	7.0711603	50.7274426
human_ecologist	2026-05-15	7.0732729	50.7285138
human_ecologist	2026-05-15	7.0731861	50.7289294
human_ecologist	2026-05-10	7.0977375	50.7406421
human_ecologist	2026-05-09	7.0977375	50.7406421
human_ecologist	2026-05-09	7.0975189	50.7406499
human_ecologist	2026-05-09	7.0975898	50.7406581
human_ecologist	2026-05-09	7.0975911	50.7406389
human_ecologist	2026-05-09	7.0998697	50.7366221
human_ecologist	2026-05-05	7.0729317	50.7288963
human_ecologist	2026-05-05	7.0731068	50.7286889
human_ecologist	2026-05-05	7.0731879	50.7286022
human_ecologist	2026-05-05	7.0732175	50.7284963
human_ecologist	2026-05-05	7.0737191	50.7280632
human_ecologist	2026-05-05	7.0730145	50.7280349
human_ecologist	2026-05-05	7.0727721	50.7279756
human_ecologist	2026-05-05	7.0723905	50.7278439
human_ecologist	2026-05-05	7.0723853	50.7278481
human_ecologist	2026-05-05	7.0718016	50.7277110
human_ecologist	2026-05-05	7.0715610	50.7276172
human_ecologist	2026-05-05	7.0712407	50.7275367
human_ecologist	2026-05-05	7.0712462	50.7272554
human_ecologist	2026-05-05	7.0713690	50.7272025
human_ecologist	2026-05-05	7.0715151	50.7270971
human_ecologist	2026-05-05	7.0709206	50.7273450
human_ecologist	2026-05-05	7.0714365	50.7275831
human_ecologist	2026-05-05	7.0717530	50.7276314
human_ecologist	2026-05-05	7.0718772	50.7277692
human_ecologist	2026-05-03	7.0985965	50.7342406
human_ecologist	2016-08-24	30.4794367	-0.1777073
human_ecologist	2026-05-02	8.4603477	50.1823270
human_ecologist	2026-05-02	8.6268460	50.1247415
human_ecologist	2026-05-02	8.4633482	50.1823750
human_ecologist	2026-05-02	8.4631129	50.1819556
human_ecologist	2026-05-02	8.4633583	50.1818783
human_ecologist	2026-05-02	8.4678026	50.1830022
human_ecologist	2026-05-02	8.4617777	50.1821518
human_ecologist	2026-05-02	8.4603360	50.1824171
human_ecologist	2026-05-02	8.4603480	50.1823245
human_ecologist	2026-05-02	8.4609417	50.1826293
human_ecologist	2026-05-02	8.4603483	50.1823225
human_ecologist	2026-05-02	8.4603462	50.1823388
human_ecologist	2026-05-02	8.4603357	50.1824199
human_ecologist	2026-05-02	8.4603346	50.1824282
human_ecologist	2026-05-02	8.4603350	50.1824225
human_ecologist	2026-05-02	8.4603351	50.1824237
human_ecologist	2026-05-02	8.4603261	50.1824387
human_ecologist	2026-05-02	8.4603380	50.1823251
human_ecologist	2026-05-02	8.4603200	50.1823207
human_ecologist	2026-05-02	8.4602801	50.1823117
human_ecologist	2026-05-02	8.4602510	50.1823050
human_ecologist	2026-05-02	8.4633206	50.1827757
human_ecologist	2026-05-02	8.4612104	50.1826206
human_ecologist	2026-05-02	8.4612345	50.1826157
human_ecologist	2026-05-02	8.4609215	50.1822479
human_ecologist	2026-05-02	8.4609327	50.1822389
human_ecologist	2026-05-02	8.4605039	50.1821429
human_ecologist	2026-05-02	8.4603484	50.1823107
human_ecologist	2026-05-02	8.4603407	50.1823089
human_ecologist	2026-05-02	8.4603317	50.1822726
human_ecologist	2026-05-02	8.4603041	50.1821010
human_ecologist	2026-05-02	8.4602397	50.1817554
human_ecologist	2026-05-02	8.4603475	50.1823267
human_ecologist	2026-05-02	8.4603983	50.1827843
human_ecologist	2026-05-02	8.4603490	50.1823229
human_ecologist	2026-05-02	8.4603472	50.1823288
human_ecologist	2026-05-02	8.4603568	50.1822926
human_ecologist	2026-05-02	8.4603493	50.1823208
human_ecologist	2026-05-02	8.4603502	50.1823172
human_ecologist	2026-05-02	8.4602967	50.1825262
human_ecologist	2026-05-02	8.4603476	50.1823272
human_ecologist	2026-05-02	8.4602898	50.1822898
human_ecologist	2026-05-02	8.6279869	50.1205193
human_ecologist	2026-05-02	8.4611491	50.1827333
human_ecologist	2026-05-02	8.4612192	50.1827670
human_ecologist	2026-05-02	8.4660655	50.1844108
human_ecologist	2026-05-02	8.4657080	50.1844285
human_ecologist	2026-05-02	8.4655908	50.1844308
human_ecologist	2026-05-02	8.4617870	50.1821518
human_ecologist	2026-05-02	8.4617787	50.1821543
human_ecologist	2026-05-02	8.4673698	50.1829215
human_ecologist	2026-05-02	8.4629288	50.1820656
human_ecologist	2026-05-02	8.4629622	50.1820736
human_ecologist	2026-05-02	8.6277261	50.1205927
human_ecologist	2026-05-02	8.6276797	50.1206473
human_ecologist	2026-05-02	8.6302367	50.1345750
human_ecologist	2026-05-02	8.4603280	50.1824538
human_ecologist	2026-05-02	8.4603475	50.1823324
human_ecologist	2026-05-02	8.6278467	50.1204131
human_ecologist	2026-05-02	8.6276098	50.1211474
human_ecologist	2026-05-02	8.4681035	50.1816900
human_ecologist	2026-05-02	8.6276847	50.1207603
human_ecologist	2026-05-02	8.6258800	50.1220804
human_ecologist	2026-05-02	8.6258255	50.1232550
human_ecologist	2026-05-02	8.6266176	50.1234876
human_ecologist	2026-05-02	8.6271108	50.1233248
human_ecologist	2026-05-02	8.6268867	50.1234928
human_ecologist	2026-05-02	8.6272841	50.1244800
human_ecologist	2026-05-02	8.6281815	50.1245235
human_ecologist	2026-05-02	8.6283979	50.1244691
human_ecologist	2026-05-01	8.6280672	50.1244637
human_ecologist	2026-05-01	8.6281562	50.1246227
human_ecologist	2026-05-01	8.6273643	50.1248425
human_ecologist	2026-05-01	8.6274222	50.1247729
human_ecologist	2026-05-01	8.6275715	50.1246487
human_ecologist	2026-05-01	8.6273438	50.1247894
human_ecologist	2026-05-01	8.6311834	50.1356821
human_ecologist	2026-05-01	8.6281978	50.1245441
human_ecologist	2026-05-01	8.6282167	50.1244782
human_ecologist	2026-05-01	8.6282718	50.1245975
human_ecologist	2026-05-01	8.6282554	50.1245293
human_ecologist	2026-05-01	8.6280543	50.1245162
human_ecologist	2026-05-01	8.6280900	50.1245378
human_ecologist	2026-04-30	8.6803288	50.1325634
human_ecologist	2026-04-28	7.1471586	50.7187699
human_ecologist	2026-04-28	7.1467301	50.7189704
human_ecologist	2026-04-28	7.1470450	50.7188481
human_ecologist	2026-04-28	7.1467454	50.7189584
human_ecologist	2026-04-28	7.1468976	50.7189044
human_ecologist	2026-04-28	7.1468918	50.7188983
human_ecologist	2026-04-28	7.1468876	50.7188937
human_ecologist	2026-04-28	7.1469305	50.7188552
human_ecologist	2026-04-27	7.0977502	50.7406420
human_ecologist	2026-04-26	7.1066297	50.7362198
human_ecologist	2026-04-26	7.1043199	50.7427090
human_ecologist	2026-04-26	7.1114090	50.7376632
human_ecologist	2026-04-26	7.1069074	50.7362176
human_ecologist	2026-04-26	7.1071676	50.7362228
human_ecologist	2026-04-26	7.1067134	50.7361693
human_ecologist	2026-04-26	7.1064713	50.7360939
human_ecologist	2026-04-26	7.1066577	50.7360332
human_ecologist	2026-04-26	7.1066706	50.7359754
human_ecologist	2026-04-26	7.1066552	50.7361001
human_ecologist	2026-04-26	7.1060719	50.7357277
human_ecologist	2026-04-26	7.1058225	50.7356518
human_ecologist	2026-04-26	7.1058808	50.7356442
human_ecologist	2026-04-26	7.1065638	50.7349223
human_ecologist	2026-04-26	7.1065071	50.7348923
human_ecologist	2026-04-26	7.1065908	50.7349455
human_ecologist	2026-04-26	7.1066981	50.7349641
human_ecologist	2026-04-26	7.1069544	50.7348137
human_ecologist	2026-04-26	7.1068715	50.7348384
human_ecologist	2026-04-26	7.1069580	50.7346711
human_ecologist	2026-04-26	7.0892835	50.7399329
human_ecologist	2026-04-26	7.1089555	50.7278743
human_ecologist	2026-04-26	7.1089333	50.7278424
human_ecologist	2026-04-26	7.1089215	50.7278978
human_ecologist	2026-04-26	7.1089358	50.7279097
human_ecologist	2026-04-26	7.1085121	50.7273429
human_ecologist	2026-04-26	7.1088045	50.7276905
human_ecologist	2026-04-26	7.1089251	50.7278431
human_ecologist	2026-04-26	7.1089700	50.7278754
human_ecologist	2026-04-26	7.1089433	50.7278595
human_ecologist	2026-04-26	7.1089467	50.7279191
human_ecologist	2026-04-26	7.1089084	50.7278731
human_ecologist	2026-04-26	7.1090064	50.7279562
human_ecologist	2026-04-26	7.1089166	50.7278193
human_ecologist	2026-04-26	7.1089169	50.7278450
human_ecologist	2026-04-26	7.1088970	50.7278125
human_ecologist	2026-04-26	7.1089710	50.7278658
human_ecologist	2026-04-26	7.1088952	50.7278731
human_ecologist	2026-04-26	7.1089291	50.7278731
human_ecologist	2026-04-26	7.1089242	50.7278689
human_ecologist	2026-04-26	7.1089941	50.7279682
human_ecologist	2026-04-26	7.1089714	50.7279654
human_ecologist	2026-04-26	7.1090130	50.7279768
human_ecologist	2026-04-26	7.1089719	50.7279730
human_ecologist	2026-04-26	7.1090943	50.7279043
human_ecologist	2026-04-26	7.1089771	50.7279390
human_ecologist	2026-04-25	7.0974998	50.7405742
human_ecologist	2026-04-25	7.1017070	50.7327426
human_ecologist	2026-04-25	7.1016807	50.7327492
human_ecologist	2026-04-25	7.1022010	50.7320609
human_ecologist	2026-04-25	7.1039625	50.7323633
human_ecologist	2026-04-25	7.1036936	50.7320142
human_ecologist	2026-04-25	7.1035671	50.7329113
human_ecologist	2026-04-25	7.1031839	50.7331797
human_ecologist	2026-04-25	7.1031833	50.7335374
human_ecologist	2026-04-25	7.1036178	50.7334138
human_ecologist	2026-04-25	7.1036403	50.7335923
human_ecologist	2026-04-25	7.1033553	50.7331955
human_ecologist	2026-04-25	7.1033623	50.7332352
human_ecologist	2026-04-25	7.1034811	50.7333721
human_ecologist	2026-04-25	7.1034855	50.7334062
human_ecologist	2026-04-25	7.1034296	50.7336730
human_ecologist	2026-04-25	7.1034708	50.7333936
human_ecologist	2026-04-25	7.1032321	50.7333857
human_ecologist	2026-04-25	7.1034670	50.7334420
human_ecologist	2026-04-25	7.1034472	50.7334094
human_ecologist	2026-04-25	7.1034300	50.7336726
human_ecologist	2026-04-24	7.0732313	50.7292884
human_ecologist	2026-04-23	7.0960106	50.7389998
human_ecologist	2026-04-23	7.0960326	50.7391860
human_ecologist	2026-04-23	7.0962808	50.7392454
human_ecologist	2026-04-23	7.0966590	50.7398692
human_ecologist	2026-04-23	7.0966895	50.7399593
human_ecologist	2026-04-20	7.0977494	50.7406384
human_ecologist	2026-04-18	4.5162033	50.8632133
human_ecologist	2026-04-18	4.7135160	50.8726921
human_ecologist	2026-04-18	4.7106768	50.8702198
human_ecologist	2026-04-18	4.7111518	50.8706245
human_ecologist	2026-04-18	4.7114474	50.8707713
human_ecologist	2026-04-18	4.7118329	50.8710901
human_ecologist	2026-04-18	4.7121064	50.8713371
human_ecologist	2026-04-16	7.0977516	50.7406394
human_ecologist	2026-04-13	105.9386050	21.0116028
human_ecologist	2026-04-13	105.9321667	21.0052917
human_ecologist	2026-04-13	105.9320012	21.0052252
human_ecologist	2026-04-13	105.9320223	21.0052081
human_ecologist	2026-04-13	105.9287128	21.0095254
human_ecologist	2026-04-13	105.9277117	21.0095472
human_ecologist	2026-04-13	105.9277583	21.0095389
human_ecologist	2026-04-13	105.9278867	21.0095306
human_ecologist	2026-04-13	105.9278117	21.0095667
human_ecologist	2026-04-13	105.9277633	21.0095556
human_ecologist	2026-04-13	105.9276583	21.0094750
human_ecologist	2026-04-13	105.9273217	21.0094500
human_ecologist	2026-04-13	105.9386345	21.0109345
human_ecologist	2026-04-13	105.9386601	21.0110322
human_ecologist	2026-04-13	105.9386754	21.0110113
human_ecologist	2026-04-13	105.9387200	21.0110167
human_ecologist	2026-04-13	105.9386793	21.0110055
human_ecologist	2026-04-13	105.9387336	21.0109961
human_ecologist	2026-04-13	105.9387656	21.0111490
human_ecologist	2026-04-13	105.9387037	21.0111144
human_ecologist	2026-04-13	105.9536717	20.9902080
human_ecologist	2026-04-13	105.9386789	21.0110746
human_ecologist	2026-04-13	105.9535667	20.9905000
human_ecologist	2026-04-13	105.9280032	21.0088997
human_ecologist	2026-04-13	105.9276174	21.0092060
human_ecologist	2026-04-13	105.9275762	21.0092778
human_ecologist	2026-04-13	105.9278333	21.0095833
human_ecologist	2026-04-13	105.8150250	21.0761305
human_ecologist	2026-04-13	105.9285584	21.0096165
human_ecologist	2026-04-13	105.9286643	21.0095747
human_ecologist	2026-04-13	105.9284925	21.0093170
human_ecologist	2026-04-13	105.8149288	21.0762857
human_ecologist	2026-04-13	105.8149779	21.0764662
human_ecologist	2026-04-12	105.8150250	21.0761305
human_ecologist	2026-04-12	105.8106783	21.0645805
human_ecologist	2026-04-12	105.8112867	21.0667528
human_ecologist	2026-04-12	105.8113467	21.0669333
human_ecologist	2026-04-12	105.8113633	21.0669612
human_ecologist	2026-04-12	105.8113414	21.0667612
human_ecologist	2026-04-12	105.8098360	21.0622073
human_ecologist	2026-04-12	105.8118967	21.0677945
human_ecologist	2026-04-12	105.8137750	21.0705250
human_ecologist	2026-04-12	105.8098333	21.0622618
human_ecologist	2026-04-12	105.8160251	21.0757090
human_ecologist	2026-04-12	105.8113550	21.0668028
human_ecologist	2026-04-12	105.8119050	21.0677778
human_ecologist	2026-04-12	105.8172364	21.0770201
human_ecologist	2026-04-12	105.8172439	21.0771094
human_ecologist	2026-04-12	105.8172966	21.0770825
human_ecologist	2026-04-12	105.8144612	21.0747053
human_ecologist	2026-04-12	105.8098579	21.0622285
human_ecologist	2026-04-12	105.8069951	21.0634450
human_ecologist	2026-04-12	105.8144533	21.0721167
human_ecologist	2026-04-11	105.8169433	21.0770387
human_ecologist	2026-04-11	105.8171582	21.0772367
human_ecologist	2026-04-11	105.8173146	21.0771411
human_ecologist	2026-04-10	105.9303045	21.0173809
human_ecologist	2026-04-10	105.9303407	21.0173670
human_ecologist	2026-04-10	105.9321375	21.0054601
human_ecologist	2026-04-10	105.9186195	21.0285647
human_ecologist	2026-04-09	105.9312050	21.0051111
human_ecologist	2026-04-09	105.9310750	21.0051028
human_ecologist	2026-04-09	105.8150575	21.0766446
human_ecologist	2026-04-09	105.9317015	21.0052506
human_ecologist	2026-04-08	105.9323777	21.0049976
human_ecologist	2026-04-08	105.9323816	21.0050311
human_ecologist	2026-04-08	105.9323436	21.0050036
human_ecologist	2026-04-08	105.9323123	21.0052933
human_ecologist	2026-04-08	105.9324625	21.0050616
human_ecologist	2026-04-08	105.9320673	21.0051091
human_ecologist	2026-04-08	105.9319562	21.0049949
human_ecologist	2026-04-08	105.9313962	21.0050388
human_ecologist	2026-04-08	105.9313070	21.0052172
human_ecologist	2026-04-08	105.9311521	21.0051019
human_ecologist	2026-04-07	105.8180501	21.0783029
human_ecologist	2026-04-07	105.8180134	21.0783018
human_ecologist	2026-04-07	106.1209835	21.1446857
human_ecologist	2026-04-07	105.9748652	21.1631582
human_ecologist	2026-04-07	105.8176623	21.0786019
human_ecologist	2026-04-07	106.0733473	21.1551947
human_ecologist	2026-04-07	106.0560936	21.2454266
human_ecologist	2026-04-07	106.0872308	21.1530519
human_ecologist	2026-04-07	105.9053616	21.0228195
human_ecologist	2026-04-07	105.9313637	21.0050896
human_ecologist	2026-04-07	105.9313284	21.0052185
human_ecologist	2026-04-06	105.7817212	21.0825132
human_ecologist	2026-04-06	105.7816963	21.0824974
human_ecologist	2026-04-06	105.7816973	21.0824877
human_ecologist	2026-04-06	105.7816953	21.0824767
human_ecologist	2026-04-06	105.7817095	21.0823897
human_ecologist	2026-04-06	105.7816515	21.0823761
human_ecologist	2026-04-06	105.7816785	21.0822855
human_ecologist	2026-04-06	105.7816888	21.0822750
human_ecologist	2026-04-06	105.7817033	21.0822815
human_ecologist	2026-04-06	105.7816916	21.0822799
human_ecologist	2026-04-06	105.7816972	21.0822694
human_ecologist	2026-04-06	105.7817045	21.0822472
human_ecologist	2026-04-06	105.7817048	21.0822526
human_ecologist	2026-04-06	105.7814559	21.0822721
human_ecologist	2026-04-06	105.7814866	21.0823391
human_ecologist	2026-04-06	105.7814920	21.0823403
human_ecologist	2026-04-06	105.7814885	21.0823529
human_ecologist	2026-04-06	105.7802050	21.0830917
human_ecologist	2026-04-05	105.5489789	20.8411151
human_ecologist	2026-04-05	105.5489588	20.8412177
human_ecologist	2026-04-05	105.5490921	20.8412145
human_ecologist	2026-04-05	105.5492347	20.8410707
human_ecologist	2026-04-05	105.5492073	20.8411220
human_ecologist	2026-04-05	105.5492346	20.8411453
human_ecologist	2026-04-05	105.5490137	20.8413507
human_ecologist	2026-04-05	105.6013117	20.9329383
human_ecologist	2026-04-05	105.5489944	20.8414094
human_ecologist	2026-04-05	105.5490113	20.8413813
human_ecologist	2026-04-05	105.5489906	20.8413731
human_ecologist	2026-04-05	105.5490536	20.8413593
human_ecologist	2026-04-05	105.5490538	20.8413429
human_ecologist	2026-04-05	105.5492812	20.8411465
human_ecologist	2026-04-05	105.5491110	20.8411490
human_ecologist	2026-04-05	105.5491319	20.8411248
human_ecologist	2026-04-05	105.5490079	20.8412377
human_ecologist	2026-04-05	105.5492508	20.8411114
human_ecologist	2026-04-05	105.5492551	20.8411754
human_ecologist	2026-04-05	105.5493537	20.8412258
human_ecologist	2026-04-05	105.5492117	20.8413730
human_ecologist	2026-04-05	105.5492568	20.8415025
human_ecologist	2026-04-05	105.5492020	20.8412809
human_ecologist	2026-04-05	105.5491724	20.8412688
human_ecologist	2026-04-05	105.5492202	20.8412489
human_ecologist	2026-04-05	105.5493936	20.8414058
human_ecologist	2026-04-05	105.5494333	20.8413524
human_ecologist	2026-04-05	105.5493518	20.8412094
human_ecologist	2026-04-05	105.5492192	20.8412220
human_ecologist	2026-04-05	105.5494134	20.8411630
human_ecologist	2026-04-05	105.5492510	20.8411496
human_ecologist	2026-04-05	105.5491119	20.8412975
human_ecologist	2026-04-05	105.5496248	20.8412139
human_ecologist	2026-04-05	105.5492098	20.8412668
human_ecologist	2026-04-05	105.5492697	20.8412787
human_ecologist	2026-04-05	105.5492616	20.8412372
human_ecologist	2026-04-05	105.5491888	20.8412908
human_ecologist	2026-04-05	105.5494247	20.8412160
human_ecologist	2026-04-05	105.5491655	20.8412313
human_ecologist	2026-04-05	105.5491072	20.8411582
human_ecologist	2026-04-05	105.5491434	20.8411071
human_ecologist	2026-04-05	105.5490007	20.8413144
human_ecologist	2026-04-05	105.5495833	20.8410550
human_ecologist	2026-04-05	105.5495344	20.8411525
human_ecologist	2026-04-05	105.5494434	20.8412940
human_ecologist	2026-04-05	105.5490581	20.8418032
human_ecologist	2026-04-05	105.5490562	20.8418157
human_ecologist	2026-04-05	105.5491068	20.8416387
human_ecologist	2026-04-05	105.5490604	20.8414816
human_ecologist	2026-04-05	105.5491975	20.8415727
human_ecologist	2026-04-05	105.5489354	20.8418643
human_ecologist	2026-04-05	105.5492858	20.8417949
human_ecologist	2026-04-05	105.5490458	20.8415520
human_ecologist	2026-04-05	105.5493835	20.8420216
human_ecologist	2026-04-05	105.5490650	20.8417613
human_ecologist	2026-04-05	105.5493865	20.8419907
human_ecologist	2026-04-05	105.5493551	20.8419892
human_ecologist	2026-04-05	105.5492695	20.8418570
human_ecologist	2026-04-05	105.5492183	20.8416687
human_ecologist	2026-04-05	105.5492798	20.8416918
human_ecologist	2026-04-05	105.5491436	20.8416093
human_ecologist	2026-04-05	105.5492274	20.8415958
human_ecologist	2026-04-05	105.5490387	20.8414057
human_ecologist	2026-04-05	105.5494424	20.8420544
human_ecologist	2026-04-05	105.5494548	20.8419362
human_ecologist	2026-04-05	105.5490126	20.8414673
human_ecologist	2026-04-04	105.9320846	21.0050923
human_ecologist	2026-04-04	105.9315306	21.0045652
human_ecologist	2026-04-04	105.9327532	21.0056293
human_ecologist	2026-04-04	105.9332125	21.0055918
human_ecologist	2026-04-04	105.9328744	21.0064432
human_ecologist	2026-03-25	-71.0450278	42.3196250
human_ecologist	2026-03-25	-71.0476388	42.3198500
human_ecologist	2026-03-24	-71.0495388	42.3205383
human_ecologist	2026-03-21	-69.1065888	44.2103283
human_ecologist	2026-03-21	-69.1070167	44.2100200
human_ecologist	2026-03-20	-69.0990055	44.1255138
human_ecologist	2026-03-18	-69.0851055	44.1794783
human_ecologist	2023-06-11	-69.1916585	44.0849903
human_ecologist	2026-03-09	-69.1069494	44.2100588
human_ecologist	2026-03-09	-69.1067583	44.2100500
human_ecologist	2026-03-09	-69.0885000	44.1774133
human_ecologist	2026-03-07	-71.0126028	42.4262300
human_ecologist	2026-03-07	8.5594867	50.0466917
human_ecologist	2026-02-25	7.0742214	50.7302043
human_ecologist	2026-02-25	7.0741876	50.7302038
human_ecologist	2026-02-25	7.0977583	50.7406300
human_ecologist	2023-03-08	108.2568883	14.9716117
human_ecologist	2026-02-20	4.3498533	50.8558083
human_ecologist	2026-02-16	8.6281367	50.1244862
human_ecologist	2026-02-16	8.6281617	50.1245000
human_ecologist	2026-02-14	7.0977500	50.7406583
human_ecologist	2026-02-09	7.0977333	50.7406500
human_ecologist	2026-02-02	6.9260511	50.8599438
human_ecologist	2026-02-02	6.9260495	50.8600037
human_ecologist	2026-02-02	6.9259835	50.8598775
human_ecologist	2026-02-02	6.9259386	50.8599236
human_ecologist	2026-02-02	6.9262438	50.8602423
human_ecologist	2026-02-02	6.9260123	50.8600711
human_ecologist	2026-02-02	6.9259754	50.8600559
human_ecologist	2026-02-02	6.9746181	50.8474459
human_ecologist	2026-02-02	6.9265117	50.8603867
human_ecologist	2026-02-02	6.9102783	50.8753300
human_ecologist	2026-02-02	6.9102300	50.8752583
human_ecologist	2026-02-02	6.9259363	50.8600848
human_ecologist	2026-02-02	6.9751747	50.8500250
human_ecologist	2026-02-02	6.9755909	50.8527356
human_ecologist	2026-02-02	6.9785563	50.8477910
human_ecologist	2026-02-02	6.9784986	50.8478076
human_ecologist	2026-02-02	6.0191750	50.8225700
human_ecologist	2026-02-02	6.0192388	50.8225833
human_ecologist	2026-01-30	7.0908222	50.7242383
human_ecologist	2026-01-12	105.7781601	21.0814901
human_ecologist	2026-01-12	105.7818917	21.0486417
human_ecologist	2026-01-12	105.7818833	21.0486528
human_ecologist	2026-01-12	105.7821489	21.0486035
human_ecologist	2026-01-12	105.7823810	21.0485969
human_ecologist	2026-01-10	105.7798833	21.0410055
human_ecologist	2026-01-09	105.8520800	21.0342917
human_ecologist	2026-01-10	105.7794117	21.0414000
human_ecologist	2026-01-10	105.7794883	21.0414472
human_ecologist	2026-01-10	105.7798533	21.0411972
human_ecologist	2026-01-10	105.7794033	21.0414195
human_ecologist	2026-01-09	105.8127133	21.0176445
human_ecologist	2026-01-10	105.8516833	21.0408945
human_ecologist	2026-01-10	105.8516467	21.0408278
human_ecologist	2026-01-10	105.8513117	21.0377555
human_ecologist	2026-01-10	105.8509967	21.0377055
human_ecologist	2026-01-10	105.8508533	21.0376750
human_ecologist	2026-01-10	105.8507700	21.0413612
human_ecologist	2026-01-10	105.8512717	21.0418862
human_ecologist	2026-01-10	105.8513417	21.0419638
human_ecologist	2026-01-10	105.8513867	21.0419638
human_ecologist	2026-01-10	105.8513800	21.0419638
human_ecologist	2026-01-10	105.8513117	21.0419222
human_ecologist	2026-01-10	105.8510583	21.0417083
human_ecologist	2026-01-10	105.8510667	21.0417112
human_ecologist	2026-01-10	105.8512283	21.0419472
human_ecologist	2026-01-10	105.8512283	21.0418722
human_ecologist	2014-02-16	30.1192665	-0.4467532
human_ecologist	2013-06-20	30.1192665	-0.4467532
human_ecologist	2025-12-14	7.0977638	50.7406667
human_ecologist	2025-12-03	7.0977638	50.7406583
human_ecologist	2025-12-01	7.5884867	50.3509167
human_ecologist	2025-11-30	7.9160467	49.9771700
human_ecologist	2025-11-30	7.8941833	49.9654417
human_ecologist	2025-11-30	7.8958300	49.9663867
human_ecologist	2025-11-29	7.8811033	49.9696700
human_ecologist	2025-11-29	7.8809700	49.9696917
human_ecologist	2025-11-23	7.0977663	50.7406414
human_ecologist	2025-11-17	2.4003083	6.3494583
human_ecologist	2025-11-15	1.3778300	10.2741550
human_ecologist	2025-11-17	2.3308783	6.3501883
human_ecologist	2025-11-14	1.3778533	10.2740950
human_ecologist	2025-11-11	2.3303367	6.5347217
human_ecologist	2025-11-14	1.3778800	10.2741883
human_ecologist	2025-11-15	1.3781083	10.2735750
human_ecologist	2025-11-15	1.3778083	10.2742800
human_ecologist	2025-11-11	2.4645217	6.3666800
human_ecologist	2025-11-11	2.4038667	6.3872417
human_ecologist	2025-11-14	1.3777617	10.2740967
human_ecologist	2025-11-11	2.1673533	6.7781467
human_ecologist	2025-11-11	2.1673467	6.7781833
human_ecologist	2025-11-11	2.4302250	6.3697300
human_ecologist	2025-11-11	2.4336367	6.3702050
human_ecologist	2025-11-11	2.4176083	6.3826750
human_ecologist	2025-11-11	2.4176783	6.3825700
human_ecologist	2025-11-11	2.4175300	6.3826750
human_ecologist	2025-11-11	2.4165000	6.3840633
human_ecologist	2025-11-11	2.4161833	6.3844450
human_ecologist	2025-11-11	2.4161450	6.3844200
human_ecologist	2025-11-11	2.4105217	6.3798283
human_ecologist	2025-11-11	2.4036717	6.3875167
human_ecologist	2025-11-11	2.4035333	6.3876367
human_ecologist	2025-11-11	2.3867217	6.3892583
human_ecologist	2025-11-11	2.3417167	6.4053417
human_ecologist	2025-11-11	2.3266217	6.4188917
human_ecologist	2025-11-11	2.3266633	6.4189867
human_ecologist	2025-11-11	2.3273967	6.4201167
human_ecologist	2025-11-11	2.3260200	6.4209383
human_ecologist	2025-11-11	2.1725917	6.8042083
human_ecologist	2025-11-11	2.3351750	6.5416200
human_ecologist	2025-11-13	1.3777417	10.2741283
human_ecologist	2025-11-14	1.3783033	10.2745033
human_ecologist	2025-11-14	1.3782917	10.2745883
human_ecologist	2025-11-14	1.3783467	10.2743633
human_ecologist	2025-11-15	1.3777333	10.2741550
human_ecologist	2025-11-15	1.3779033	10.2742117
human_ecologist	2025-11-15	1.3778133	10.2742633
human_ecologist	2025-11-15	1.3781867	10.2735500
human_ecologist	2025-11-15	1.3780967	10.2736117
human_ecologist	2025-11-17	2.3442750	6.3508633
human_ecologist	2025-11-17	2.3311417	6.3502283
human_ecologist	2025-11-17	2.3324533	6.3502800
human_ecologist	2025-11-17	2.3331550	6.3502967
human_ecologist	2025-11-17	2.3339950	6.3502883
human_ecologist	2025-11-17	2.3414633	6.3503283
human_ecologist	2025-11-17	2.3709033	6.3488167
human_ecologist	2025-11-17	2.3712500	6.3488000
human_ecologist	2025-11-17	2.4015417	6.3490783
human_ecologist	2025-11-17	2.4016967	6.3492083
human_ecologist	2025-11-17	2.3443417	6.3508617
human_ecologist	2025-11-17	2.3443088	6.3508736
human_ecologist	2025-11-17	2.4003450	6.3497383
human_ecologist	2025-11-17	2.4003333	6.3497200
human_ecologist	2025-11-17	2.4002783	6.3497700
human_ecologist	2025-11-17	2.4002633	6.3496533
human_ecologist	2025-11-17	2.4005217	6.3498050
human_ecologist	2025-11-17	2.4004833	6.3497883
human_ecologist	2025-11-17	2.4005167	6.3497217
human_ecologist	2025-11-17	2.4005200	6.3497950
human_ecologist	2025-11-17	2.4005217	6.3497700
human_ecologist	2025-11-17	2.4006167	6.3497750
human_ecologist	2025-11-17	2.4006167	6.3498883
human_ecologist	2025-11-17	2.4005800	6.3497967
human_ecologist	2025-11-17	2.4008633	6.3494533
human_ecologist	2025-11-17	2.4016500	6.3491917
human_ecologist	2025-11-17	2.4014950	6.3494283
human_ecologist	2025-11-17	2.4016750	6.3494300
human_ecologist	2025-11-17	2.4014217	6.3490833
human_ecologist	2025-11-17	2.4016383	6.3490000
human_ecologist	2025-11-17	2.4016367	6.3490617
human_ecologist	2025-11-17	2.4014967	6.3491867
human_ecologist	2025-11-17	2.4015583	6.3491133
human_ecologist	2025-11-17	2.4014667	6.3491550
human_ecologist	2025-11-17	2.4007633	6.3496550
human_ecologist	2025-11-17	2.4003083	6.3497667
human_ecologist	2025-11-17	2.4002967	6.3497033
human_ecologist	2025-11-17	2.4002700	6.3496533
human_ecologist	2025-11-17	2.4002550	6.3494750
human_ecologist	2025-11-17	2.4002833	6.3494750
human_ecologist	2025-11-17	2.4002867	6.3494883
human_ecologist	2025-11-17	2.4002917	6.3494800
human_ecologist	2025-11-16	2.0656917	7.4577633
human_ecologist	2025-11-16	2.0656583	7.4578667
human_ecologist	2025-11-16	2.0656000	7.4579883
human_ecologist	2025-11-16	2.0656722	7.4579167
human_ecologist	2025-11-16	2.0656750	7.4578250
human_ecologist	2025-11-16	2.1618195	7.0294083
human_ecologist	2025-11-16	2.1619028	7.0293555
human_ecologist	2025-11-16	2.1620000	7.0293445
human_ecologist	2025-11-16	1.6340250	8.6662167
human_ecologist	2025-11-16	1.6498333	8.8089367
human_ecologist	2025-11-16	1.6339467	8.6677050
human_ecologist	2025-11-16	1.6339533	8.6676300
human_ecologist	2025-11-16	1.6339867	8.6666950
human_ecologist	2025-11-16	1.8839867	8.4388117
human_ecologist	2025-11-16	1.8847417	8.4308833
human_ecologist	2025-11-16	1.9605250	8.2933717
human_ecologist	2025-11-16	1.9615717	8.2921883
human_ecologist	2025-11-16	1.9841167	8.0338888
human_ecologist	2025-11-16	1.9841033	8.0338833
human_ecologist	2025-11-16	1.9840883	8.0338778
human_ecologist	2025-11-16	2.2559828	7.3749227
human_ecologist	2025-11-16	1.6483318	9.0575643
human_ecologist	2025-11-16	1.9853050	7.9407467
human_ecologist	2025-11-16	1.9852950	7.9407700
human_ecologist	2025-11-16	1.9852200	7.9407633
human_ecologist	2025-11-16	2.1908217	7.7253000
human_ecologist	2025-11-16	2.1918583	7.7235833
human_ecologist	2025-11-16	2.1936550	7.7217717
human_ecologist	2025-11-16	2.1953250	7.7204500
human_ecologist	2025-11-16	2.1974917	7.7186550
human_ecologist	2025-11-16	2.1985500	7.7176883
human_ecologist	2025-11-16	2.1987500	7.7175383
human_ecologist	2025-11-16	2.2003333	7.7165883
human_ecologist	2025-11-16	1.6045746	8.8622635
human_ecologist	2025-11-16	1.5658467	9.3818533
human_ecologist	2025-11-16	1.5658533	9.3815450
human_ecologist	2025-11-16	1.5678775	9.2550646
human_ecologist	2025-11-16	1.3746700	10.2734367
human_ecologist	2025-11-16	1.3743467	10.2732450
human_ecologist	2025-11-16	1.4824283	10.0587305
human_ecologist	2025-11-16	1.4826283	10.0585805
human_ecologist	2025-11-16	1.4857417	10.0561083
human_ecologist	2025-11-16	1.4865783	10.0510583
human_ecologist	2025-11-16	1.4865967	10.0507638
human_ecologist	2025-11-16	1.4867700	10.0487028
human_ecologist	2025-11-16	1.4867867	10.0484083
human_ecologist	2025-11-16	1.4991133	10.0182333
human_ecologist	2025-11-16	1.4997117	10.0172917
human_ecologist	2025-11-16	1.5064617	10.0079889
human_ecologist	2025-11-16	1.5082950	10.0056139
human_ecologist	2025-11-16	1.5104800	10.0027472
human_ecologist	2025-11-16	1.5166833	9.9983133
human_ecologist	2025-11-16	1.5234200	9.9948250
human_ecologist	2025-11-16	1.5248050	9.9936550
human_ecologist	2025-11-16	1.5252917	9.9927867
human_ecologist	2025-11-16	1.5269750	9.9898050
human_ecologist	2025-11-16	1.5306200	9.9819450
human_ecologist	2025-11-16	1.5329550	9.9581800
human_ecologist	2025-11-16	1.5319117	9.9501117
human_ecologist	2025-11-16	1.5317700	9.9490833
human_ecologist	2025-11-16	1.5316200	9.9479883
human_ecologist	2025-11-16	1.5292617	9.9235750
human_ecologist	2025-11-16	1.5285917	9.9091583
human_ecologist	2025-11-16	1.5731717	9.7928200
human_ecologist	2025-11-16	1.6144167	9.7474867
human_ecologist	2025-11-16	1.6132133	9.7486467
human_ecologist	2025-11-16	1.6124783	9.7493383
human_ecologist	2025-11-16	1.6029867	9.7600117
human_ecologist	2025-11-16	2.2154130	7.6590520
human_ecologist	2025-11-16	1.6186717	9.7432633
human_ecologist	2025-11-16	1.6652117	9.7063083
human_ecologist	2025-11-16	1.6361467	9.7272200
human_ecologist	2025-11-16	1.6586217	9.7125167
human_ecologist	2025-11-16	1.6651450	9.7065800
human_ecologist	2025-11-16	1.6570000	9.6876467
human_ecologist	2025-11-16	1.6520700	9.6799950
human_ecologist	2025-11-16	1.6519417	9.6798167
human_ecologist	2025-11-16	1.3741333	10.2733783
human_ecologist	2025-11-16	1.3742717	10.2734700
human_ecologist	2025-11-16	1.3742417	10.2734800
human_ecologist	2025-11-16	1.3742283	10.2735533
human_ecologist	2025-11-16	1.3742500	10.2736033
human_ecologist	2025-11-16	1.3743283	10.2737583
human_ecologist	2025-11-16	1.3743583	10.2737550
human_ecologist	2025-11-16	1.5287550	9.9070867
human_ecologist	2025-11-16	1.5307417	9.9038200
human_ecologist	2025-11-16	1.5380450	9.8922950
human_ecologist	2025-11-16	1.5362917	9.8855383
human_ecologist	2025-11-16	1.5346050	9.8791583
human_ecologist	2025-11-16	1.5351167	9.8676367
human_ecologist	2025-11-16	1.5356783	9.8617717
human_ecologist	2025-11-16	1.5364883	9.8582467
human_ecologist	2025-11-16	1.5415800	9.8482133
human_ecologist	2025-11-16	1.5711450	9.7964083
human_ecologist	2025-11-16	1.5727700	9.7935217
human_ecologist	2025-11-16	1.3743217	10.2738083
human_ecologist	2025-11-16	1.3743750	10.2738700
human_ecologist	2025-11-16	1.3743833	10.2739033
human_ecologist	2025-11-16	1.3744000	10.2739283
human_ecologist	2025-11-16	1.3744300	10.2740467
human_ecologist	2025-11-16	1.3744250	10.2740633
human_ecologist	2025-11-16	1.3744250	10.2740533
human_ecologist	2025-11-16	1.3763550	10.2733000
human_ecologist	2025-11-16	1.3778217	10.2740583
human_ecologist	2025-11-16	1.3759700	10.2727783
human_ecologist	2025-11-16	1.3760117	10.2727583
human_ecologist	2025-11-16	1.3754450	10.2732250
human_ecologist	2025-11-16	1.3746883	10.2731950
human_ecologist	2025-11-16	1.3746533	10.2732333
human_ecologist	2025-11-16	1.3746417	10.2732417
human_ecologist	2025-11-16	1.3745833	10.2733217
human_ecologist	2025-11-16	1.3743700	10.2733050
human_ecologist	2025-11-16	1.3750667	10.2733050
human_ecologist	2025-11-16	1.3741467	10.2733367
human_ecologist	2025-11-16	1.3741750	10.2733467
human_ecologist	2025-11-16	1.3777467	10.2740883
human_ecologist	2025-11-16	1.3770133	10.2737083
human_ecologist	2025-11-16	1.3770700	10.2736800
human_ecologist	2025-11-16	1.3759300	10.2727550
human_ecologist	2025-11-16	1.3754617	10.2729217
human_ecologist	2025-11-16	1.3743300	10.2733083
human_ecologist	2025-11-16	1.3762000	10.2739617
human_ecologist	2025-11-16	1.3768117	10.2723800
human_ecologist	2025-11-16	1.3768700	10.2726867
human_ecologist	2025-11-16	1.3770283	10.2738750
human_ecologist	2025-11-16	1.3741867	10.2733833
human_ecologist	2025-11-16	1.3751383	10.2729583
human_ecologist	2025-11-16	1.3778831	10.2741519
human_ecologist	2025-11-16	1.3778617	10.2740417
human_ecologist	2025-11-16	1.3778833	10.2741533
human_ecologist	2025-11-16	1.3778450	10.2740833
human_ecologist	2025-11-16	1.3776800	10.2739917
human_ecologist	2025-11-16	1.3778841	10.2740719
human_ecologist	2025-11-15	1.3822083	10.3108117
human_ecologist	2025-11-15	1.3822208	10.3056900
human_ecologist	2025-11-15	1.3812333	10.3089550
human_ecologist	2025-11-15	1.3811800	10.3089333
human_ecologist	2025-11-15	1.3777533	10.2740950
human_ecologist	2025-11-15	1.3777533	10.2740917
human_ecologist	2025-11-15	1.3777800	10.2740750
human_ecologist	2025-11-15	1.3786633	10.2737450
human_ecologist	2025-11-15	1.3782800	10.2737200
human_ecologist	2025-11-15	1.3782633	10.2736133
human_ecologist	2025-11-15	1.3781917	10.2735250
human_ecologist	2025-11-15	1.3781917	10.2735333
human_ecologist	2025-11-15	1.3782033	10.2735533
human_ecologist	2025-11-15	1.3777467	10.2740867
human_ecologist	2025-11-15	1.3781217	10.2735583
human_ecologist	2025-11-15	1.3788117	10.2735533
human_ecologist	2025-11-15	1.3781617	10.2735667
human_ecologist	2025-11-15	1.3781217	10.2735417
human_ecologist	2025-11-15	1.3781667	10.2735700
human_ecologist	2025-11-15	1.3776950	10.2724667
human_ecologist	2025-11-15	1.3780167	10.2735950
human_ecologist	2025-11-15	1.3781467	10.2735583
human_ecologist	2025-11-15	1.3781367	10.2735283
human_ecologist	2025-11-15	1.3781950	10.2734883
human_ecologist	2025-11-15	1.3781783	10.2735467
human_ecologist	2025-11-15	1.3781833	10.2735967
human_ecologist	2025-11-15	1.3783867	10.2741133
human_ecologist	2025-11-15	1.3778383	10.2740467
human_ecologist	2025-11-15	1.3778700	10.2742750
human_ecologist	2025-11-15	1.3778333	10.2740167
human_ecologist	2025-11-15	1.3778383	10.2740283
human_ecologist	2025-11-14	1.4148058	10.1902869
human_ecologist	2025-11-14	1.3672633	10.2888950
human_ecologist	2025-11-14	1.3810133	10.2567300
human_ecologist	2025-11-14	1.3677117	10.2884467
human_ecologist	2025-11-14	1.3777667	10.2741200
human_ecologist	2025-11-14	1.3856583	10.3010783
human_ecologist	2025-11-14	1.3778533	10.2740867
human_ecologist	2025-11-14	1.3778500	10.2739967
human_ecologist	2025-11-14	1.3777617	10.2741000
human_ecologist	2025-11-14	1.3777667	10.2741050
human_ecologist	2025-11-14	1.3777967	10.2740167
human_ecologist	2025-11-14	1.3781533	10.2746633
human_ecologist	2025-11-14	1.3784550	10.2746383
human_ecologist	2025-11-14	1.3783333	10.2746783
human_ecologist	2025-11-14	1.3783217	10.2747117
human_ecologist	2025-11-14	1.3778383	10.2740950
human_ecologist	2025-11-14	1.3778750	10.2740617
human_ecologist	2025-11-14	1.3783533	10.2744250
human_ecologist	2025-11-13	1.3778486	10.2740903
human_ecologist	2025-11-13	1.3778500	10.2740917
human_ecologist	2025-11-13	1.3778167	10.2741117
human_ecologist	2025-11-13	1.3778200	10.2741417
human_ecologist	2025-11-13	1.3778033	10.2741117
human_ecologist	2025-11-13	1.3778533	10.2740917
human_ecologist	2025-11-13	1.3778367	10.2739783
human_ecologist	2025-11-13	1.3778417	10.2740133
human_ecologist	2025-11-13	1.3815461	10.2881091
human_ecologist	2025-11-11	2.3318867	6.5372300
human_ecologist	2025-11-13	1.3779246	10.2740250
human_ecologist	2025-11-11	2.2269333	6.8370783
human_ecologist	2025-11-12	1.3777633	10.2740883
human_ecologist	2025-11-12	1.3777583	10.2740950
human_ecologist	2025-11-12	1.3778133	10.2740550
human_ecologist	2025-11-12	1.3778117	10.2740967
human_ecologist	2025-11-12	1.3857064	10.3010275
human_ecologist	2025-11-12	1.3856500	10.3010633
human_ecologist	2025-11-12	1.3856083	10.3012383
human_ecologist	2025-11-12	1.3855617	10.3009917
human_ecologist	2025-11-12	1.3855583	10.3009967
human_ecologist	2025-11-12	1.3856550	10.3010467
human_ecologist	2025-11-12	1.3857500	10.3007950
human_ecologist	2025-11-12	1.3857883	10.3008667
human_ecologist	2025-11-12	1.3855917	10.3010783
human_ecologist	2025-11-12	1.3857533	10.3010000
human_ecologist	2025-11-12	1.3857250	10.3010050
human_ecologist	2025-11-12	1.3857083	10.3009533
human_ecologist	2025-11-12	1.3857133	10.3009550
human_ecologist	2025-11-11	2.3274550	6.4201917
human_ecologist	2025-11-11	2.3276950	6.4200500
human_ecologist	2025-11-11	2.3277367	6.4200533
human_ecologist	2025-11-11	2.3277383	6.4200533
human_ecologist	2025-11-11	2.3277417	6.4200467
human_ecologist	2025-11-11	2.3280033	6.4202000
human_ecologist	2025-11-11	1.9839617	8.0347417
human_ecologist	2025-11-11	1.9041533	8.3965450
human_ecologist	2025-11-11	1.9026250	8.3983283
human_ecologist	2025-11-11	2.1950033	7.7822883
human_ecologist	2025-11-11	1.9794667	8.0596333
human_ecologist	2025-11-11	1.8951800	8.4072450
human_ecologist	2025-11-11	1.9003133	8.4012117
human_ecologist	2025-11-11	1.8872533	8.4228783
human_ecologist	2025-11-11	1.8872000	8.4230383
human_ecologist	2025-11-11	1.8871417	8.4231967
human_ecologist	2025-11-11	1.8870783	8.4233617
human_ecologist	2025-11-11	1.8862333	8.4254633
human_ecologist	2025-11-11	1.8861800	8.4255883
human_ecologist	2025-11-11	1.8793383	8.4431950
human_ecologist	2025-11-11	1.8778333	8.4433117
human_ecologist	2025-11-11	1.8776617	8.4433250
human_ecologist	2025-11-11	1.8774950	8.4433533
human_ecologist	2025-11-11	1.6369133	8.6779467
human_ecologist	2025-11-12	1.3863367	10.2965750
human_ecologist	2025-11-12	1.3778383	10.2740250
human_ecologist	2025-11-12	1.3787450	10.2746717
human_ecologist	2025-11-12	1.3826333	10.2964467
human_ecologist	2025-11-12	1.3778533	10.2740833
human_ecologist	2025-11-12	1.3778550	10.2740833
human_ecologist	2025-11-12	1.3778583	10.2741217
human_ecologist	2025-11-12	1.3778358	10.2740320
human_ecologist	2025-11-12	1.3778367	10.2740217
human_ecologist	2025-11-12	1.3778741	10.2741566
human_ecologist	2025-11-11	2.3273550	6.4200167
human_ecologist	2025-11-11	2.3274050	6.4197467
human_ecologist	2025-11-11	2.3274700	6.4200367
human_ecologist	2025-11-11	2.3273950	6.4197750
human_ecologist	2025-11-11	2.3274050	6.4199667
human_ecologist	2025-11-11	1.6395117	8.9047217
human_ecologist	2025-11-11	1.3780217	10.2740167
human_ecologist	2025-11-12	1.3778579	10.2741290
human_ecologist	2025-11-12	1.3778580	10.2741292
human_ecologist	2025-11-12	1.3778584	10.2741302
human_ecologist	2025-11-12	1.3777927	10.2740822
human_ecologist	2025-11-12	1.3778370	10.2740518
human_ecologist	2025-11-11	2.3275050	6.4201783
human_ecologist	2025-11-11	2.3259883	6.4226867
human_ecologist	2025-11-11	2.3302417	6.5347117
human_ecologist	2025-11-11	1.8763333	8.4435533
human_ecologist	2025-11-11	2.2505065	6.9000150
human_ecologist	2025-11-11	2.3273950	6.4197667
human_ecologist	2025-11-11	2.3274833	6.4202833
human_ecologist	2025-11-11	2.3274117	6.4201500
human_ecologist	2025-11-11	2.3274500	6.4198200
human_ecologist	2025-11-11	1.6369300	8.6779467
human_ecologist	2025-11-11	1.6454967	8.8714883
human_ecologist	2025-11-11	1.6072383	9.1474828
human_ecologist	2025-11-11	2.1834717	7.7782417
human_ecologist	2025-11-11	2.1836583	7.7784300
human_ecologist	2025-11-11	2.2049667	7.0109667
human_ecologist	2025-11-11	1.5939717	9.1364722
human_ecologist	2025-11-11	1.6503117	9.6770500
human_ecologist	2025-11-11	1.3778367	10.2740717
human_ecologist	2025-11-11	1.3781833	10.2739250
human_ecologist	2025-11-11	1.3778167	10.2739500
human_ecologist	2025-11-11	1.3778300	10.2741917
human_ecologist	2025-11-11	1.3778217	10.2741300
human_ecologist	2025-11-11	1.3778367	10.2739883
human_ecologist	2025-11-11	1.3778550	10.2741917
human_ecologist	2025-11-11	1.3778500	10.2741167
human_ecologist	2025-11-11	1.3778300	10.2740800
human_ecologist	2025-11-11	1.3778367	10.2740550
human_ecologist	2025-11-11	2.4014717	6.3491617
human_ecologist	2025-11-11	2.4013283	6.3489700
human_ecologist	2025-11-11	2.4015800	6.3491333
human_ecologist	2025-11-11	2.4016250	6.3491167
human_ecologist	2025-11-11	2.4016300	6.3491450
human_ecologist	2025-11-11	2.4016383	6.3491533
human_ecologist	2025-11-10	2.3968700	6.3507667
human_ecologist	2025-11-10	2.3987417	6.3498167
human_ecologist	2025-11-10	2.3996800	6.3500717
human_ecologist	2025-11-10	2.3968852	6.3507667
human_ecologist	2025-11-10	9.9364250	49.8020283
human_ecologist	2025-11-09	10.9836367	49.4744217
human_ecologist	2025-11-09	10.9911950	49.4728500
human_ecologist	2025-11-09	10.9907083	49.4708717
human_ecologist	2025-11-08	10.9883717	49.4671750
human_ecologist	2025-11-08	10.9883700	49.4672050
human_ecologist	2025-11-02	7.2642497	50.7053709
human_ecologist	2025-11-02	7.2643790	50.7055908
human_ecologist	2025-11-02	7.2643811	50.7054756
human_ecologist	2025-11-02	7.2643256	50.7054090
human_ecologist	2025-10-28	7.0730083	50.7293500
human_ecologist	2025-10-22	-0.2046000	51.8831667
human_ecologist	2025-10-22	-0.2017333	51.9001583
human_ecologist	2025-10-21	-0.0780917	51.5041383
human_ecologist	2025-10-21	-0.0985583	51.5086417
human_ecologist	2025-10-21	-0.0905902	51.5053485
human_ecologist	2025-10-21	-0.0886493	51.5060607
human_ecologist	2025-10-21	-0.0741656	51.5089599
human_ecologist	2025-10-21	-0.0787805	51.5091795
human_ecologist	2025-10-21	-0.0788447	51.5090717
human_ecologist	2025-10-05	6.8628283	45.9083333
human_ecologist	2025-10-05	6.8624917	45.9038000
human_ecologist	2025-10-05	6.8545667	45.8976867
human_ecologist	2025-10-05	6.8545583	45.8977250
human_ecologist	2025-10-05	6.8539783	45.8965833
human_ecologist	2025-10-04	6.9178717	45.9317583
human_ecologist	2025-10-03	6.9866200	46.0841917
human_ecologist	2025-10-03	6.9882117	46.0847805
human_ecologist	2025-10-03	6.9908617	46.0863138
human_ecologist	2025-10-03	6.9885333	46.0849805
human_ecologist	2025-10-04	6.9192800	45.9296500
human_ecologist	2025-10-04	6.9178000	45.9316883
human_ecologist	2025-10-04	6.9178083	45.9316833
human_ecologist	2025-10-04	6.9197050	45.9292917
human_ecologist	2025-10-03	6.9873950	46.0843805
human_ecologist	2025-10-03	6.9883050	46.0848278
human_ecologist	2025-10-03	6.9910917	46.0866862
human_ecologist	2025-10-03	6.9909667	46.0865638
human_ecologist	2025-10-03	6.9930467	46.0930055
human_ecologist	2025-10-03	6.9929283	46.0937000
human_ecologist	2025-10-03	6.9929533	46.0936362
human_ecologist	2025-10-03	6.9899367	46.0970695
human_ecologist	2025-10-03	6.9989333	46.1028138
human_ecologist	2025-10-03	6.9858783	46.0839917
human_ecologist	2025-10-03	6.9801383	46.0819695
human_ecologist	2025-10-03	6.9788333	46.0815778
human_ecologist	2025-10-03	6.9761117	46.0822222
human_ecologist	2025-10-03	6.9761283	46.0822750
human_ecologist	2025-10-03	6.9722750	46.0814862
human_ecologist	2025-10-03	6.9721867	46.0814472
human_ecologist	2025-10-03	6.9523617	46.0544862
human_ecologist	2025-10-03	6.9484750	46.0518445
human_ecologist	2025-09-22	-69.0506797	44.2824033
human_ecologist	2025-09-19	6.9851867	50.6461750
human_ecologist	2025-09-14	8.6204873	50.1098428
human_ecologist	2025-09-13	-69.1314596	44.1712238
human_ecologist	2025-09-05	-7.8058383	41.0967362
human_ecologist	2025-09-08	-8.6159117	41.1436388
human_ecologist	2025-09-08	-8.6156967	41.1430195
human_ecologist	2025-09-08	-8.6156500	41.1432722
human_ecologist	2025-09-07	-8.6335550	41.1471055
human_ecologist	2025-09-07	-8.6248033	41.1454888
human_ecologist	2025-09-07	-8.6248467	41.1454778
human_ecologist	2025-09-06	-8.6114250	41.1417972
human_ecologist	2025-09-06	-8.6145500	41.1403195
human_ecologist	2025-09-06	-8.6645250	41.2302200
human_ecologist	2025-09-06	-8.6645367	41.2302133
human_ecologist	2025-09-06	-8.6645583	41.2301667
human_ecologist	2025-09-06	-8.6648500	41.2300033
human_ecologist	2025-09-06	-8.6648917	41.2300133
human_ecologist	2025-09-06	-8.6648633	41.2300000
human_ecologist	2025-09-06	-8.6648750	41.2299883
human_ecologist	2025-09-06	-8.6648750	41.2299583
human_ecologist	2025-09-06	-8.6648500	41.2299583
human_ecologist	2025-09-06	-8.6648617	41.2299200
human_ecologist	2025-09-06	-8.6648550	41.2299050
human_ecologist	2025-09-06	-8.6648533	41.2298917
human_ecologist	2025-09-06	-8.6644462	41.2301958
human_ecologist	2025-09-05	-7.4961467	41.2497333
human_ecologist	2025-09-05	-7.4956550	41.2499783
human_ecologist	2025-09-05	-7.4955783	41.2499717
human_ecologist	2025-09-05	-7.4957800	41.2496867
human_ecologist	2025-09-05	-7.4957833	41.2497117
human_ecologist	2025-09-05	-7.4957833	41.2499467
human_ecologist	2025-09-05	-7.4958500	41.2498700
human_ecologist	2025-09-05	-7.4958450	41.2498667
human_ecologist	2025-09-05	-7.4958117	41.2499083
human_ecologist	2025-09-05	-7.4959700	41.2499550
human_ecologist	2025-09-05	-7.4957750	41.2497033
human_ecologist	2025-09-03	-69.2134890	44.1034840
human_ecologist	2025-08-28	8.6626167	50.1069445
human_ecologist	2025-08-23	30.3913297	0.3691646
human_ecologist	2025-08-22	-69.1068195	44.2099917
human_ecologist	2025-08-22	-69.1064695	44.2101333
human_ecologist	2025-08-21	-69.1070333	44.2100800
human_ecologist	2025-08-20	-69.0775972	44.1042112
human_ecologist	2025-08-21	-69.1064612	44.2101250
human_ecologist	2025-08-18	-69.0610055	44.1148917
human_ecologist	2025-08-19	-69.1065000	44.2101550
human_ecologist	2025-08-19	-69.1064917	44.2103083
human_ecologist	2025-08-13	-69.1085667	44.2006383
human_ecologist	2025-08-13	-69.1064917	44.2101533
human_ecologist	2025-08-12	-69.1049417	44.0986945
human_ecologist	2025-08-13	-69.0088806	44.2137450
human_ecologist	2025-08-13	-69.1894217	44.0824888
human_ecologist	2025-08-16	-69.1072612	44.2111667
human_ecologist	2025-08-13	-69.0643222	44.2098667
human_ecologist	2025-08-12	-69.1105500	44.1196278
human_ecologist	2025-08-13	-69.0528555	44.2076333
human_ecologist	2025-08-13	-69.0623472	44.2097050
human_ecologist	2025-08-13	-69.1892783	44.0840695
human_ecologist	2025-08-13	-69.1880033	44.0827862
human_ecologist	2025-08-09	-69.0886778	44.2211283
human_ecologist	2025-08-10	-69.1071917	44.2098200
human_ecologist	2025-08-08	-69.0714028	44.1801617
human_ecologist	2025-08-09	-69.1576695	44.2391167
human_ecologist	2025-08-07	-69.1066055	44.2103217
human_ecologist	2025-08-07	-69.1097395	44.1027766
human_ecologist	2025-08-07	-69.1098106	44.1026402
human_ecologist	2025-08-06	-69.5138033	44.0507500
human_ecologist	2025-08-06	-69.5125200	44.0519528
human_ecologist	2025-08-06	-69.5329750	44.0354833
human_ecologist	2025-08-06	-69.4570467	44.0758695
human_ecologist	2025-08-06	-69.4569083	44.0757722
human_ecologist	2025-08-06	-69.4570000	44.0758778
human_ecologist	2025-08-06	-69.5126033	44.0521250
human_ecologist	2025-08-06	-69.5126800	44.0522778
human_ecologist	2025-08-06	-69.5143550	44.0527445
human_ecologist	2025-08-06	-69.4570000	44.0758695
human_ecologist	2025-08-06	-69.4574967	44.0763250
human_ecologist	2025-08-06	-69.5146517	44.0529068
human_ecologist	2025-08-04	-69.1663278	44.2578967
human_ecologist	2025-08-04	-69.1070472	44.2099583
human_ecologist	2025-08-04	-69.1663667	44.2578783
human_ecologist	2025-08-04	-69.1064388	44.2103383
human_ecologist	2025-08-04	-69.1072222	44.2099883
human_ecologist	2025-08-04	-69.1071695	44.2099117
human_ecologist	2025-08-04	-69.1073388	44.2097783
human_ecologist	2025-08-04	-69.1073445	44.2097633
human_ecologist	2025-08-04	-69.1686633	44.2463500
human_ecologist	2025-08-04	-69.1658638	44.2577750
human_ecologist	2025-07-31	-69.1071028	44.2099117
human_ecologist	2025-08-01	-69.0867000	44.1477750
human_ecologist	2025-08-01	-69.0864555	44.1476778
human_ecologist	2025-08-02	-69.0886528	44.2210417
human_ecologist	2025-08-02	-69.1914833	44.0847278
human_ecologist	2025-07-29	-69.1068945	44.2098167
human_ecologist	2025-07-30	-69.1069028	44.2099883
human_ecologist	2025-07-30	-69.1068417	44.2100750
human_ecologist	2025-07-30	-69.1070638	44.2099833
human_ecologist	2025-07-30	-69.1070722	44.2099333
human_ecologist	2025-07-30	-69.1069250	44.2099833
human_ecologist	2025-07-30	-69.1068888	44.2099750
human_ecologist	2025-07-30	-69.1068722	44.2099633
human_ecologist	2025-07-30	-69.1912217	44.0848055
human_ecologist	2023-03-06	108.2965467	14.6496667
human_ecologist	2025-07-30	-69.1070112	44.2097867
human_ecologist	2025-07-24	7.1009333	50.7365083
human_ecologist	2025-07-04	7.1129118	50.7135854
human_ecologist	2025-06-29	-0.0002611	51.4960283
human_ecologist	2025-06-29	0.0007722	51.4958083
human_ecologist	2025-06-23	7.0976388	50.7407300
human_ecologist	2025-04-29	7.0977542	50.7406369
human_ecologist	2025-04-25	7.0730028	50.7294283
human_ecologist	2025-04-20	7.0948732	50.7514614
human_ecologist	2025-04-19	7.0977550	50.7406365
human_ecologist	2025-04-15	4.8694223	52.3553852
human_ecologist	2025-04-15	4.8694185	52.3554110
human_ecologist	2025-04-15	4.8693594	52.3554109
human_ecologist	2025-04-15	4.8696282	52.3551571
human_ecologist	2025-04-15	4.8692989	52.3553876
human_ecologist	2025-04-15	4.8693309	52.3552036
human_ecologist	2025-04-15	4.8693620	52.3553862
human_ecologist	2025-04-03	7.0951778	50.7406917
human_ecologist	2025-03-23	6.0904112	51.8058800
human_ecologist	2025-03-23	6.0907583	51.8063083
human_ecologist	2025-03-23	6.0906695	51.8062467
human_ecologist	2025-03-23	6.0906805	51.8062083
human_ecologist	2025-03-23	6.0905388	51.8060500
human_ecologist	2025-03-23	6.0904972	51.8059917
human_ecologist	2025-03-23	6.0904833	51.8059583
human_ecologist	2025-03-23	6.0902778	51.8057950
human_ecologist	2025-03-23	6.0901667	51.8056500
human_ecologist	2025-03-23	6.0908083	51.8059117
human_ecologist	2025-03-23	6.0934195	51.8046533
human_ecologist	2025-03-23	6.0907722	51.8063250
human_ecologist	2025-03-12	7.0278778	50.7457050
human_ecologist	2025-03-08	7.0923722	50.7420500
human_ecologist	2025-02-20	7.0977512	50.7406283
human_ecologist	2025-02-19	16.4425130	43.5099578
human_ecologist	2025-02-19	16.4425624	43.5101321
human_ecologist	2025-02-19	16.4425699	43.5101427
human_ecologist	2025-02-18	16.4420500	43.5203250
human_ecologist	2025-02-18	16.4407300	43.5200783
human_ecologist	2025-02-18	16.4471242	43.5197531
human_ecologist	2025-02-18	16.4400435	43.5202506
human_ecologist	2025-02-18	16.4400081	43.5203066
human_ecologist	2025-02-18	16.4400191	43.5202413
human_ecologist	2025-02-18	16.4394327	43.5204199
human_ecologist	2025-02-18	16.4391082	43.5204646
human_ecologist	2025-02-18	16.4393755	43.5206045
human_ecologist	2025-02-18	16.4400213	43.5164140
human_ecologist	2025-02-18	16.4399402	43.5168158
human_ecologist	2025-02-18	16.4391756	43.5206013
human_ecologist	2025-02-18	16.4391085	43.5205814
human_ecologist	2025-02-18	16.4391333	43.5206698
human_ecologist	2025-02-18	16.4391299	43.5206382
human_ecologist	2025-02-18	16.4390866	43.5206913
human_ecologist	2025-02-18	16.4390353	43.5206363
human_ecologist	2025-02-18	16.4390771	43.5206259
human_ecologist	2025-02-17	16.5472367	43.3877950
human_ecologist	2025-02-17	16.5548167	43.3847967
human_ecologist	2025-02-17	16.5548000	43.3848217
human_ecologist	2025-02-17	16.5502783	43.3856367
human_ecologist	2025-02-17	16.5465367	43.3863450
human_ecologist	2025-02-17	16.5465583	43.3863867
human_ecologist	2025-02-17	16.5464300	43.3868133
human_ecologist	2025-02-17	16.5465000	43.3868867
human_ecologist	2025-02-17	16.5473033	43.3873450
human_ecologist	2025-02-17	16.5473117	43.3873550
human_ecologist	2025-02-17	16.5472583	43.3876583
human_ecologist	2025-02-17	16.5502300	43.3856417
human_ecologist	2025-02-17	16.5504550	43.3853717
human_ecologist	2025-02-17	16.5507717	43.3853156
human_ecologist	2025-02-17	16.5535563	43.3852384
human_ecologist	2025-02-17	16.4402533	43.5087667
human_ecologist	2025-02-17	16.4462750	43.5108033
human_ecologist	2025-02-17	16.4371883	43.5091333
human_ecologist	2025-02-17	16.4372633	43.5091867
human_ecologist	2025-02-16	16.4700561	43.5040531
human_ecologist	2025-02-16	16.4706219	43.5050769
human_ecologist	2025-02-15	16.4886831	43.5312980
human_ecologist	2025-02-15	16.4886426	43.5312565
human_ecologist	2025-02-15	16.4886470	43.5316295
human_ecologist	2025-02-15	16.4886463	43.5316202
human_ecologist	2025-02-15	16.4886110	43.5311647
human_ecologist	2025-02-15	16.4480328	43.5107550
human_ecologist	2025-02-14	16.4480733	43.5105072
human_ecologist	2025-02-14	16.4479000	43.5105919
human_ecologist	2025-02-14	16.4479839	43.5106298
human_ecologist	2025-02-14	16.4479503	43.5106633
human_ecologist	2025-02-14	16.4480536	43.5107289
human_ecologist	2025-02-14	16.4480464	43.5106925
human_ecologist	2025-02-14	16.4475392	43.5107941
human_ecologist	2025-02-14	16.4478151	43.5106970
human_ecologist	2025-02-14	16.4481371	43.5106334
human_ecologist	2025-02-14	16.4481188	43.5106155
human_ecologist	2025-02-09	10.9969750	49.4735633
human_ecologist	2025-02-09	10.9988050	49.4721200
human_ecologist	2025-02-09	10.9907700	49.4709917
human_ecologist	2025-02-08	9.9381000	49.8016883
human_ecologist	2025-02-08	6.9597283	50.9430383
human_ecologist	2025-02-08	7.0948362	50.7363800
human_ecologist	2025-01-19	105.8323283	21.2913333
human_ecologist	2025-01-19	105.8302167	21.2886883
human_ecologist	2025-01-19	105.8295283	21.2911800
human_ecologist	2025-01-19	105.8294917	21.2911500
human_ecologist	2025-01-19	105.8304833	21.2911383
human_ecologist	2025-01-19	105.8219133	21.2345783
human_ecologist	2025-01-19	105.8270067	21.2914196
human_ecologist	2025-01-10	105.9486300	20.9899450
human_ecologist	2025-01-10	105.9486383	20.9899117
human_ecologist	2025-01-10	105.9485167	20.9899667
human_ecologist	2025-01-10	105.9485083	20.9900250
human_ecologist	2025-01-10	105.9485550	20.9899250
human_ecologist	2025-01-10	105.9486000	20.9899333
human_ecologist	2025-01-07	105.7773967	21.0752333
human_ecologist	2025-01-04	105.3698200	21.1049888
human_ecologist	2025-01-06	105.8471450	21.0390028
human_ecologist	2023-07-26	105.9385750	21.0222945
human_ecologist	2025-01-06	105.7263633	20.9999300
human_ecologist	2025-01-06	105.7265383	20.9999450
human_ecologist	2025-01-06	105.7266217	21.0002028
human_ecologist	2025-01-06	105.7255633	21.0010583
human_ecologist	2025-01-06	105.7248833	21.0014556
human_ecologist	2025-01-06	105.7250583	21.0013861
human_ecologist	2025-01-04	105.3645633	21.1075417
human_ecologist	2025-01-04	105.3640133	21.1076195
human_ecologist	2025-01-05	105.3618000	21.1071131
human_ecologist	2025-01-05	105.3667000	21.0761389
human_ecologist	2025-01-05	105.3667611	21.0760667
human_ecologist	2025-01-05	105.3667528	21.0760528
human_ecologist	2025-01-05	105.3667972	21.0760417
human_ecologist	2025-01-05	105.3667972	21.0760556
human_ecologist	2025-01-05	105.3667972	21.0760528
human_ecologist	2025-01-05	105.3667917	21.0760778
human_ecologist	2025-01-05	105.3668278	21.0761444
human_ecologist	2025-01-05	105.3668667	21.0761389
human_ecologist	2025-01-05	105.3668750	21.0761611
human_ecologist	2025-01-05	105.3668833	21.0761694
human_ecologist	2025-01-05	105.3668667	21.0761694
human_ecologist	2025-01-05	105.3668889	21.0761694
human_ecologist	2025-01-05	105.3669056	21.0761667
human_ecologist	2025-01-05	105.3668889	21.0761722
human_ecologist	2025-01-05	105.3668972	21.0761806
human_ecologist	2025-01-05	105.3668833	21.0762056
human_ecologist	2025-01-05	105.3669056	21.0762417
human_ecologist	2025-01-05	105.3669444	21.0762417
human_ecologist	2025-01-05	105.3668972	21.0761778
human_ecologist	2025-01-05	105.3718944	21.0826056
human_ecologist	2025-01-05	105.3718111	21.0826750
human_ecologist	2025-01-05	105.3721556	21.0820472
human_ecologist	2025-01-05	105.3721611	21.0820528
human_ecologist	2025-01-05	105.3721556	21.0820556
human_ecologist	2025-01-05	105.3721389	21.0820722
human_ecologist	2025-01-05	105.3721556	21.0821333
human_ecologist	2025-01-05	105.3721556	21.0821278
human_ecologist	2025-01-05	105.3721472	21.0820917
human_ecologist	2025-01-05	105.3721389	21.0820778
human_ecologist	2025-01-05	105.3801889	21.0841444
human_ecologist	2025-01-05	105.3799444	21.0839528
human_ecologist	2025-01-05	105.3801889	21.0841417
human_ecologist	2025-01-05	105.3799833	21.0842556
human_ecologist	2025-01-05	105.3800139	21.0843250
human_ecologist	2025-01-05	105.3800194	21.0843278
human_ecologist	2025-01-05	105.3800417	21.0844139
human_ecologist	2025-01-05	105.3800194	21.0842389
human_ecologist	2025-01-05	105.3800194	21.0842333
human_ecologist	2025-01-05	105.3800194	21.0842111
human_ecologist	2025-01-05	105.3799528	21.0841667
human_ecologist	2025-01-05	105.3791361	21.0840556
human_ecologist	2025-01-05	105.3790806	21.0840889
human_ecologist	2025-01-05	105.3790278	21.0841167
human_ecologist	2025-01-05	105.3790806	21.0840833
human_ecologist	2025-01-05	105.3789889	21.0841111
human_ecologist	2025-01-05	105.3789750	21.0841056
human_ecologist	2025-01-05	105.3788139	21.0841000
human_ecologist	2025-01-05	105.3784167	21.0840833
human_ecologist	2025-01-05	105.3786000	21.0841056
human_ecologist	2025-01-05	105.3785639	21.0841139
human_ecologist	2025-01-05	105.3784250	21.0840833
human_ecologist	2025-01-05	105.3784167	21.0840444
human_ecologist	2025-01-05	105.3783278	21.0840361
human_ecologist	2025-01-05	105.3780833	21.0839778
human_ecologist	2025-01-05	105.3779750	21.0839694
human_ecologist	2025-01-05	105.3778694	21.0839167
human_ecologist	2025-01-05	105.3779361	21.0839139
human_ecologist	2025-01-05	105.3779833	21.0839583
human_ecologist	2025-01-05	105.3777472	21.0837778
human_ecologist	2025-01-05	105.3777306	21.0837944
human_ecologist	2025-01-05	105.3777389	21.0838222
human_ecologist	2025-01-05	105.3778222	21.0839056
human_ecologist	2025-01-05	105.3780278	21.0840083
human_ecologist	2025-01-05	105.3781500	21.0840083
human_ecologist	2025-01-05	105.3783194	21.0840444
human_ecologist	2025-01-05	105.3667300	21.0762055
human_ecologist	2025-01-05	105.3667300	21.0762028
human_ecologist	2025-01-05	105.3668750	21.0763333
human_ecologist	2025-01-05	105.3674467	21.0762638
human_ecologist	2025-01-05	105.3674867	21.0762417
human_ecologist	2025-01-05	105.3676700	21.0764167
human_ecologist	2025-01-05	105.3676917	21.0764333
human_ecologist	2025-01-05	105.3677367	21.0764333
human_ecologist	2025-01-05	105.3677217	21.0762972
human_ecologist	2025-01-05	105.3679283	21.0760583
human_ecologist	2025-01-05	105.3675383	21.0762417
human_ecologist	2025-01-05	105.3673700	21.0762445
human_ecologist	2025-01-05	105.3708950	21.0775138
human_ecologist	2025-01-05	105.3798833	21.0839472
human_ecologist	2025-01-05	105.3797750	21.0838333
human_ecologist	2025-01-05	105.3797833	21.0838945
human_ecologist	2025-01-05	105.3797617	21.0839000
human_ecologist	2025-01-05	105.3797617	21.0839083
human_ecologist	2025-01-05	105.3797617	21.0839862
human_ecologist	2025-01-05	105.3797617	21.0839833
human_ecologist	2025-01-05	105.3797617	21.0839888
human_ecologist	2025-01-05	105.3797533	21.0839917
human_ecologist	2025-01-05	105.3797300	21.0840028
human_ecologist	2025-01-05	105.3799583	21.0836555
human_ecologist	2025-01-05	105.3811283	21.0845000
human_ecologist	2025-01-05	105.3800717	21.0839362
human_ecologist	2025-01-05	105.3800967	21.0840000
human_ecologist	2025-01-05	105.3801200	21.0840138
human_ecologist	2025-01-05	105.3801800	21.0838805
human_ecologist	2025-01-05	105.3801633	21.0838250
human_ecologist	2025-01-05	105.3801283	21.0838862
human_ecologist	2025-01-05	105.3799583	21.0842388
human_ecologist	2025-01-05	105.3798533	21.0841112
human_ecologist	2025-01-05	105.4018250	21.0964083
human_ecologist	2025-01-05	105.4017417	21.0965222
human_ecologist	2025-01-05	105.4018783	21.0967250
human_ecologist	2025-01-05	105.4019167	21.0967888
human_ecologist	2025-01-05	105.4018700	21.0967612
human_ecologist	2025-01-05	105.4018250	21.0967222
human_ecologist	2025-01-05	105.3791117	21.0841055
human_ecologist	2025-01-05	105.3788306	21.0841611
human_ecologist	2025-01-05	105.3788750	21.0841472
human_ecologist	2025-01-05	105.3789583	21.0841139
human_ecologist	2025-01-05	105.3789361	21.0841250
human_ecologist	2025-01-05	105.3789833	21.0841028
human_ecologist	2025-01-05	105.3791111	21.0841056
human_ecologist	2025-01-05	105.3792194	21.0841417
human_ecologist	2025-01-05	105.3794639	21.0841611
human_ecologist	2025-01-05	105.3796167	21.0841722
human_ecologist	2025-01-05	105.3797389	21.0841833
human_ecologist	2025-01-05	105.3800278	21.0839639
human_ecologist	2025-01-05	105.3800194	21.0839694
human_ecologist	2025-01-05	105.3790056	21.0842278
human_ecologist	2025-01-05	105.4378883	21.1076612
human_ecologist	2025-01-05	105.3618083	21.1078083
human_ecologist	2025-01-05	105.3617778	21.1073056
human_ecologist	2025-01-05	105.3618083	21.1075639
human_ecologist	2025-01-05	105.3617861	21.1071861
human_ecologist	2025-01-05	105.3618000	21.1072167
human_ecologist	2025-01-04	105.3618472	21.1071139
human_ecologist	2025-01-04	105.3618472	21.1071222
human_ecologist	2025-01-04	105.3618556	21.1070944
human_ecologist	2025-01-04	105.3618472	21.1071306
human_ecologist	2025-01-04	105.3618250	21.1071611
human_ecologist	2025-01-04	105.3617861	21.1071083
human_ecologist	2025-01-04	105.3617861	21.1071528
human_ecologist	2025-01-04	105.3621139	21.1136389
human_ecologist	2025-01-04	105.3628528	21.1068333
human_ecologist	2025-01-04	105.3628694	21.1068306
human_ecologist	2025-01-04	105.3628167	21.1067556
human_ecologist	2025-01-04	105.3628472	21.1067861
human_ecologist	2025-01-04	105.3629444	21.1068083
human_ecologist	2025-01-04	105.3628694	21.1068361
human_ecologist	2025-01-04	105.3628000	21.1068333
human_ecologist	2025-01-04	105.3631583	21.1062861
human_ecologist	2025-01-04	105.3628528	21.1066917
human_ecologist	2025-01-04	105.3633333	21.1061611
human_ecologist	2025-01-04	105.3634194	21.1060250
human_ecologist	2025-01-04	105.3634417	21.1059222
human_ecologist	2025-01-04	105.3633722	21.1058833
human_ecologist	2025-01-04	105.3643500	21.1071528
human_ecologist	2025-01-04	105.3642806	21.1063583
human_ecologist	2025-01-04	105.3634417	21.1055278
human_ecologist	2025-01-04	105.3634333	21.1055250
human_ecologist	2025-01-04	105.3634194	21.1055556
human_ecologist	2025-01-04	105.3634250	21.1055444
human_ecologist	2025-01-04	105.3634250	21.1056528
human_ecologist	2025-01-04	105.3635167	21.1056250
human_ecologist	2025-01-04	105.3635167	21.1057083
human_ecologist	2025-01-04	105.3635111	21.1056944
human_ecologist	2025-01-04	105.3635167	21.1057111
human_ecologist	2025-01-04	105.3634639	21.1057389
human_ecologist	2025-01-04	105.3634417	21.1057472
human_ecologist	2025-01-04	105.3633889	21.1058111
human_ecologist	2025-01-04	105.3633889	21.1058278
human_ecologist	2025-01-04	105.3633028	21.1059028
human_ecologist	2025-01-04	105.3632750	21.1059139
human_ecologist	2025-01-04	105.3632972	21.1059167
human_ecologist	2025-01-04	105.3633111	21.1059139
human_ecologist	2025-01-04	105.3633500	21.1059528
human_ecologist	2025-01-04	105.3633333	21.1060250
human_ecologist	2025-01-04	105.3633333	21.1060333
human_ecologist	2025-01-04	105.3633333	21.1060306
human_ecologist	2025-01-04	105.3628694	21.1066222
human_ecologist	2025-01-04	105.3634194	21.1060278
human_ecologist	2025-01-04	105.3633944	21.1060917
human_ecologist	2025-01-04	105.3632972	21.1064806
human_ecologist	2025-01-04	105.3633278	21.1060778
human_ecologist	2025-01-04	105.3633194	21.1060778
human_ecologist	2025-01-04	105.3633722	21.1060639
human_ecologist	2025-01-04	105.3632583	21.1061361
human_ecologist	2025-01-04	105.3630750	21.1065556
human_ecologist	2025-01-04	105.3627917	21.1067306
human_ecologist	2025-01-04	105.3633889	21.1068972
human_ecologist	2025-01-04	105.3636083	21.1071389
human_ecologist	2025-01-04	105.3631528	21.1070111
human_ecologist	2025-01-04	105.3635167	21.1071139
human_ecologist	2025-01-04	105.3633278	21.1069889
human_ecologist	2025-01-04	105.3632444	21.1069778
human_ecologist	2025-01-04	105.3634639	21.1070944
human_ecologist	2025-01-04	105.3638444	21.1076194
human_ecologist	2025-01-04	105.3634722	21.1072611
human_ecologist	2025-01-04	105.3634556	21.1073444
human_ecologist	2025-01-04	105.3636778	21.1077556
human_ecologist	2025-01-04	105.3634806	21.1073583
human_ecologist	2025-01-04	105.3634722	21.1073444
human_ecologist	2025-01-04	105.3635111	21.1069722
human_ecologist	2025-01-04	105.3635556	21.1071306
human_ecologist	2025-01-04	105.3635333	21.1074861
human_ecologist	2025-01-04	105.3701389	21.1048361
human_ecologist	2025-01-04	105.3703167	21.1048944
human_ecologist	2025-01-04	105.3704000	21.1050306
human_ecologist	2025-01-04	105.3645639	21.1075417
human_ecologist	2025-01-04	105.3640833	21.1076556
human_ecologist	2025-01-04	105.3699111	21.1049972
human_ecologist	2025-01-04	105.3694167	21.1051528
human_ecologist	2025-01-04	105.3699028	21.1050250
human_ecologist	2025-01-04	105.3600222	21.1105528
human_ecologist	2025-01-04	105.3596333	21.1119944
human_ecologist	2025-01-04	105.3594139	21.1128194
human_ecologist	2025-01-04	105.3592833	21.1132833
human_ecologist	2025-01-04	105.3592139	21.1136278
human_ecologist	2025-01-04	105.3592528	21.1134611
human_ecologist	2025-01-04	105.3589472	21.1142806
human_ecologist	2025-01-03	105.6670917	20.2930306
human_ecologist	2025-01-03	105.5910000	20.3500000
human_ecologist	2025-01-04	105.5910000	20.3500000
human_ecologist	2025-01-03	105.6686472	20.2934750
vietanhnguyen	2022-12-26	107.3779137	11.3966496
vietanhnguyen	2022-12-26	107.4250348	11.4162005
vietanhnguyen	2022-12-26	107.4268158	11.4191977
vietanhnguyen	2022-12-26	107.4279101	11.4211854
vietanhnguyen	2022-12-25	107.4294443	11.4254865
vietanhnguyen	2022-11-09	105.7126312	20.2519866
vietanhnguyen	2022-11-08	105.7076075	20.2573289
vietanhnguyen	2022-11-06	105.8827399	20.3725061
vietanhnguyen	2022-11-05	105.8827399	20.3725061
vietanhnguyen	2022-10-25	105.8210170	21.0324266
vietanhnguyen	2022-10-29	105.8208581	21.0323787
vietanhnguyen	2022-11-02	105.8320513	21.0401738
vietanhnguyen	2022-10-23	105.8493353	21.0617322
vietanhnguyen	2022-10-19	105.8191456	21.0314175
vietanhnguyen	2022-10-17	105.8191456	21.0314175
vietanhnguyen	2022-10-15	105.8493353	21.0617322
vietanhnguyen	2022-10-14	105.8191456	21.0314175
vietanhnguyen	2022-10-08	105.8493353	21.0617322
vietanhnguyen	2022-10-07	105.8493353	21.0617322
vietanhnguyen	2022-09-10	105.8493353	21.0617322
vietanhnguyen	2022-07-21	105.8182751	21.0315442
vietanhnguyen	2022-09-02	105.8493353	21.0617322
vietanhnguyen	2022-09-02	105.8493353	21.0617353
vietanhnguyen	2022-07-26	105.8191456	21.0314175
vietanhnguyen	2022-08-05	105.8191456	21.0314175
vietanhnguyen	2022-08-27	105.8419790	20.9368263
vietanhnguyen	2022-06-22	107.0516234	20.7183033
vietanhnguyen	2022-06-22	106.9153060	20.8196403
vietanhnguyen	2022-06-22	106.9150118	20.8182067
vietanhnguyen	2022-06-23	107.0517113	20.7178442
vietanhnguyen	2022-06-23	106.9974744	20.7955775
vietanhnguyen	2022-06-23	107.0517434	20.7178846
vietanhnguyen	2022-06-23	107.0682860	20.7542187
vietanhnguyen	2022-06-24	107.0517326	20.7180961
vietanhnguyen	2022-03-19	105.8914200	20.2209790
vietanhnguyen	2022-05-03	105.7107107	20.2535920
vietanhnguyen	2022-05-29	105.8320513	21.0401738
vietanhnguyen	2022-05-29	105.8312917	21.0403144
vietanhnguyen	2022-05-11	105.8191456	21.0314175
vietanhnguyen	2022-04-21	105.8191456	21.0314175
vietanhnguyen	2022-04-09	105.3907614	21.0898541
vietanhnguyen	2022-04-09	105.3916197	21.0890461
vietanhnguyen	2022-04-10	105.3916197	21.0890461
vietanhnguyen	2022-04-03	105.7996907	21.3034749
vietanhnguyen	2022-04-02	105.7996733	21.3054436
vietanhnguyen	2022-03-19	105.8853678	20.2222346
vietanhnguyen	2022-03-19	105.8863175	20.2216921
vietanhnguyen	2022-03-19	105.8853132	20.2222462
vietanhnguyen	2022-03-19	105.8851770	20.2222585
vietanhnguyen	2022-03-19	105.8853048	20.2222063
vietanhnguyen	2022-03-19	105.8851465	20.2221657
vietanhnguyen	2022-03-19	105.8852659	20.2221604
vietanhnguyen	2022-03-19	105.8852236	20.2224784
vietanhnguyen	2022-03-24	105.8851874	20.2218759
vietanhnguyen	2022-03-19	105.8854208	20.2222318
vietanhnguyen	2022-03-19	105.8866237	20.2209403
vietanhnguyen	2022-03-19	105.8854969	20.2220874
vietanhnguyen	2022-03-19	105.8852055	20.2221657
vietanhnguyen	2022-03-19	105.8852260	20.2222588
vietanhnguyen	2022-03-19	105.8850563	20.2221629
vietanhnguyen	2022-02-19	105.8272979	21.0253784
vietanhnguyen	2021-05-21	105.6529829	20.2960996
vietanhnguyen	2021-12-19	105.6947787	20.9402837
vietanhnguyen	2021-12-19	105.6970660	20.9409572
vietanhnguyen	2022-01-02	105.8090228	21.2869691
vietanhnguyen	2022-01-02	105.8092332	21.2878170
vietanhnguyen	2021-12-05	105.7143846	20.2499006
vietanhnguyen	2021-11-23	105.4771085	18.2865589
vietanhnguyen	2021-11-19	105.3893909	21.0923380
vietanhnguyen	2021-11-19	105.3892300	21.0921478
vietanhnguyen	2021-11-19	105.3789196	21.0806458
vietanhnguyen	2021-11-14	105.6947787	20.9402837
vietanhnguyen	2021-11-15	105.8187253	21.0313294
vietanhnguyen	2021-11-15	105.8187789	21.0313102
vietanhnguyen	2021-11-07	105.8312774	21.0403270
vietanhnguyen	2021-11-07	105.8312917	21.0403144
vietanhnguyen	2021-10-24	105.7989719	21.3047681
vietanhnguyen	2021-10-24	105.7988968	21.3046482
vietanhnguyen	2021-10-24	105.7988860	21.3045482
vietanhnguyen	2021-06-27	105.8399787	21.0486258
vietanhnguyen	2021-06-14	105.7177116	20.2436498
vietanhnguyen	2021-06-18	105.7177116	20.2436498
vietanhnguyen	2021-06-09	105.7140440	20.2512383
vietanhnguyen	2021-06-05	105.7106479	20.2542701
vietanhnguyen	2021-05-27	105.7175105	20.2439493
vietanhnguyen	2021-05-28	105.7174649	20.2439859
vietanhnguyen	2021-06-02	105.7177116	20.2436498
vietanhnguyen	2021-06-04	105.7177116	20.2436498
vietanhnguyen	2021-05-14	105.7177116	20.2436498
vietanhnguyen	2021-05-13	105.7177116	20.2436498
vietanhnguyen	2021-05-12	105.7177116	20.2436498
vietanhnguyen	2021-05-11	105.7177116	20.2436498
vietanhnguyen	2021-04-29	105.7177116	20.2436498
vietanhnguyen	2021-04-27	104.8604709	19.0575853
vietanhnguyen	2021-04-22	105.7177116	20.2436498
vietanhnguyen	2021-04-19	105.7177116	20.2436498
vietanhnguyen	2021-04-15	105.7183474	20.2425510
vietanhnguyen	2021-04-08	107.4287282	11.4238458
vietanhnguyen	2021-03-29	106.9906143	20.7942611
vietanhnguyen	2021-03-30	106.9906143	20.7942611
vietanhnguyen	2021-03-31	106.9906143	20.7942611
vietanhnguyen	2021-03-26	106.9906143	20.7942611
vietanhnguyen	2021-03-25	106.9916764	20.7941207
vietanhnguyen	2021-03-24	106.9906143	20.7942611
vietanhnguyen	2021-03-23	106.9906032	20.7941624
vietanhnguyen	2021-03-23	106.9906143	20.7942611
vietanhnguyen	2021-03-18	106.9915795	20.7940454
vietanhnguyen	2021-03-17	106.9919017	20.7941809
vietanhnguyen	2021-03-16	106.9914136	20.7940505
vietanhnguyen	2021-03-15	106.9913707	20.7939552
vietanhnguyen	2021-03-14	106.9906143	20.7942611
vietanhnguyen	2021-03-12	106.9919455	20.7941463
vietanhnguyen	2021-03-04	106.9906143	20.7942611
vietanhnguyen	2021-03-03	106.9904963	20.7943815
vietanhnguyen	2021-02-26	106.9919661	20.7941809
vietanhnguyen	2021-03-02	106.9915477	20.7939903
vietanhnguyen	2021-03-01	106.9913438	20.7940405
vietanhnguyen	2021-03-01	106.9875458	20.7944517
vietanhnguyen	2021-02-22	106.9906143	20.7942611
vietanhnguyen	2021-02-24	106.9917408	20.7940104
vietanhnguyen	2021-02-25	106.9919983	20.7942411
vietanhnguyen	2021-02-16	105.7177041	20.2439496
vietanhnguyen	2021-02-07	105.8232962	21.0192998
vietanhnguyen	2021-02-01	105.8145736	21.0195803
vietanhnguyen	2021-02-01	105.8211397	21.0189481
vietanhnguyen	2021-02-01	105.8211289	21.0188980
vietanhnguyen	2021-01-28	106.9906143	20.7942611
vietanhnguyen	2021-01-26	106.9906143	20.7942611
vietanhnguyen	2021-01-25	106.9906143	20.7942611
vietanhnguyen	2021-01-22	105.8212255	21.0189994
vietanhnguyen	2021-01-21	106.9673656	20.7798693
vietanhnguyen	2021-01-15	107.0172298	20.7734569
vietanhnguyen	2021-01-13	107.0237651	20.7673328
vietanhnguyen	2021-01-12	106.9902280	20.7942411
vietanhnguyen	2021-01-05	106.9906143	20.7942611
vietanhnguyen	2021-01-03	106.9906143	20.7942611
vietanhnguyen	2020-12-31	106.9906143	20.7937195
vietanhnguyen	2021-01-02	106.9906143	20.7942611
vietanhnguyen	2020-12-28	106.9912899	20.7957138
vietanhnguyen	2020-12-27	106.9886992	20.7952842
vietanhnguyen	2020-12-26	106.9886992	20.7952842
vietanhnguyen	2020-12-27	106.9906143	20.7942611
vietanhnguyen	2020-12-26	106.9906143	20.7942611
vietanhnguyen	2020-12-25	106.9906143	20.7942611
vietanhnguyen	2020-12-24	106.9906143	20.7942611
vietanhnguyen	2020-12-23	106.9906143	20.7942611
vietanhnguyen	2020-12-22	106.9906143	20.7942611
vietanhnguyen	2020-12-22	106.9890049	20.7944567
vietanhnguyen	2020-12-15	106.9914833	20.7940756
vietanhnguyen	2020-12-15	106.9906143	20.7942611
vietanhnguyen	2020-12-14	106.9906143	20.7942611
vietanhnguyen	2020-12-14	106.9674561	20.7796887
vietanhnguyen	2020-12-13	106.9906143	20.7942611
vietanhnguyen	2020-12-13	107.0354448	20.7587157
vietanhnguyen	2020-12-13	106.9906840	20.7945670
vietanhnguyen	2020-12-13	106.9906518	20.7945803
vietanhnguyen	2020-12-12	106.9906143	20.7942611
vietanhnguyen	2020-12-12	106.9914189	20.7940555
vietanhnguyen	2020-12-11	106.9914189	20.7940555
vietanhnguyen	2020-12-10	106.9912902	20.7939853
vietanhnguyen	2020-12-11	106.9912902	20.7939853
vietanhnguyen	2020-12-10	106.9913921	20.7940254
vietanhnguyen	2020-12-09	106.9913921	20.7940254
vietanhnguyen	2020-12-08	106.9906143	20.7942611
vietanhnguyen	2020-12-09	106.9906143	20.7942611
vietanhnguyen	2020-12-07	106.9906143	20.7942611
vietanhnguyen	2020-12-07	105.8215141	21.0214039
vietanhnguyen	2020-12-07	105.8214837	21.0189527
vietanhnguyen	2020-12-03	106.9906143	20.7942611
vietanhnguyen	2020-12-02	106.9906143	20.7942611
vietanhnguyen	2020-12-08	106.9874212	20.7942627
vietanhnguyen	2020-12-01	106.9906143	20.7942611
vietanhnguyen	2020-11-30	106.9906143	20.7942611
vietanhnguyen	2020-11-28	106.9906143	20.7942611
vietanhnguyen	2020-11-28	106.9905905	20.7931058
vietanhnguyen	2020-11-27	106.9906143	20.7942611
vietanhnguyen	2020-11-26	106.9906143	20.7942611
vietanhnguyen	2020-11-25	106.9906143	20.7942611
vietanhnguyen	2020-11-24	106.9906143	20.7942611
vietanhnguyen	2020-11-24	105.4707794	21.1721578
vietanhnguyen	2020-11-22	105.4707794	21.1721578
vietanhnguyen	2020-11-22	105.4785534	21.1597368
vietanhnguyen	2020-11-22	105.4764752	21.1822521
vietanhnguyen	2020-11-18	106.9906143	20.7942611
vietanhnguyen	2020-11-17	106.9906143	20.7942611
vietanhnguyen	2020-11-16	106.9906143	20.7942611
vietanhnguyen	2020-11-15	106.9906143	20.7942611
vietanhnguyen	2020-11-14	106.9906143	20.7942611
vietanhnguyen	2020-11-13	106.9906143	20.7942611
vietanhnguyen	2020-11-12	106.9906143	20.7942611
vietanhnguyen	2020-11-08	106.9906143	20.7942611
vietanhnguyen	2020-11-07	106.9906143	20.7942611
vietanhnguyen	2020-11-06	106.9906143	20.7942611
vietanhnguyen	2020-11-11	106.9906143	20.7942611
vietanhnguyen	2020-11-09	106.9906143	20.7942611
vietanhnguyen	2020-10-30	106.9906143	20.7942611
vietanhnguyen	2020-10-28	106.9906143	20.7942611
vietanhnguyen	2020-10-27	106.9906143	20.7942611
vietanhnguyen	2020-10-26	106.9907645	20.7943915
vietanhnguyen	2020-10-24	106.9907645	20.7943915
vietanhnguyen	2020-10-23	106.9907645	20.7943915
vietanhnguyen	2020-10-22	106.9907645	20.7943915
vietanhnguyen	2020-10-21	106.9907645	20.7943915
vietanhnguyen	2020-10-20	106.9907645	20.7943915
vietanhnguyen	2020-10-20	106.9917086	20.7946874
vietanhnguyen	2020-10-20	106.9906143	20.7942611
vietanhnguyen	2020-10-19	106.9906143	20.7942611
vietanhnguyen	2020-10-18	106.9906143	20.7942611
vietanhnguyen	2020-11-03	106.9898871	20.7934007
vietanhnguyen	2020-10-25	107.0229185	20.7675558
vietanhnguyen	2020-10-23	106.9877282	20.7942711
vietanhnguyen	2020-10-23	106.9876585	20.7942810
vietanhnguyen	2020-10-23	106.9876317	20.7942559
vietanhnguyen	2020-10-22	107.0170877	20.7741020
vietanhnguyen	2020-10-16	106.9906143	20.7942611
vietanhnguyen	2020-10-15	106.9906143	20.7942611
vietanhnguyen	2020-10-17	107.0468427	20.7263087
vietanhnguyen	2020-10-14	106.9906143	20.7942611
vietanhnguyen	2020-10-13	106.9906143	20.7942611
vietanhnguyen	2020-10-12	106.9906032	20.7941624
vietanhnguyen	2020-10-12	106.9918370	20.7940521
vietanhnguyen	2020-10-12	106.9917405	20.7940721
vietanhnguyen	2020-10-12	106.9917083	20.7939718
vietanhnguyen	2020-10-12	106.9917619	20.7939718
vietanhnguyen	2020-10-12	106.9916654	20.7941022
vietanhnguyen	2020-10-12	106.9915795	20.7941824
vietanhnguyen	2020-10-12	106.9914722	20.7939116
vietanhnguyen	2020-10-12	106.9912577	20.7938916
vietanhnguyen	2020-10-12	106.9912791	20.7940420
vietanhnguyen	2020-10-12	106.9909799	20.7938617
vietanhnguyen	2020-10-13	106.9874266	20.7942809
vietanhnguyen	2020-10-13	106.9873098	20.7944216
vietanhnguyen	2020-10-12	106.9872550	20.7945016
vietanhnguyen	2020-10-12	106.9873622	20.7945317
vietanhnguyen	2020-10-12	106.9873408	20.7945116
vietanhnguyen	2020-10-12	106.9875446	20.7944414
vietanhnguyen	2020-10-12	106.9875875	20.7944514
vietanhnguyen	2020-10-12	106.9875339	20.7944815
vietanhnguyen	2020-10-12	106.9876841	20.7944715
vietanhnguyen	2020-10-12	106.9876197	20.7944113
vietanhnguyen	2020-10-12	106.9873086	20.7944815
vietanhnguyen	2020-10-12	106.9873944	20.7944113
vietanhnguyen	2020-10-12	106.9873730	20.7945317
vietanhnguyen	2020-10-12	106.9874695	20.7944013
vietanhnguyen	2020-10-12	106.9873515	20.7945116
vietanhnguyen	2020-10-12	106.9873301	20.7945618
vietanhnguyen	2020-10-12	106.9873086	20.7945016
vietanhnguyen	2020-10-12	106.9872335	20.7945417
vietanhnguyen	2020-10-11	106.9905083	20.7946342
vietanhnguyen	2020-10-11	106.9927357	20.7945740
vietanhnguyen	2020-10-11	106.9905941	20.7945941
vietanhnguyen	2020-10-11	106.9927059	20.7945548
vietanhnguyen	2020-10-11	106.9916385	20.7941527
vietanhnguyen	2020-10-11	106.9917132	20.7941427
vietanhnguyen	2020-10-11	106.9914396	20.7939252
vietanhnguyen	2020-10-11	106.9914656	20.7939514
vietanhnguyen	2020-10-11	106.9914495	20.7940969
vietanhnguyen	2020-10-11	106.9914531	20.7941069
vietanhnguyen	2020-10-11	106.9914174	20.7940818
vietanhnguyen	2020-10-11	106.9910526	20.7939538
vietanhnguyen	2020-10-11	106.9911422	20.7940288
vietanhnguyen	2020-10-11	106.9907291	20.7941843
vietanhnguyen	2020-10-11	106.9903833	20.7942376
vietanhnguyen	2020-10-11	106.9906293	20.7946001
vietanhnguyen	2020-10-11	106.9906032	20.7941624
vietanhnguyen	2020-10-11	106.9906400	20.7946213
vietanhnguyen	2020-10-11	106.9906710	20.7945835
vietanhnguyen	2020-10-11	106.9905828	20.7945781
vietanhnguyen	2020-10-11	106.9905092	20.7946133
vietanhnguyen	2020-10-11	106.9873795	20.7943636
vietanhnguyen	2020-10-11	106.9874077	20.7943674
onidiras	2026-09-10	-117.0357390	34.8972910
onidiras	2026-09-10	-116.1623103	34.7269961
onidiras	2026-09-09	-114.5712623	35.1618504
onidiras	2026-09-09	-112.1344814	35.9608282
onidiras	2026-09-09	-112.1104153	36.0624094
onidiras	2026-09-09	-112.1344822	35.9608306
onidiras	2026-09-09	-111.8304390	36.0355302
onidiras	2026-09-09	-111.4133424	35.8754438
onidiras	2026-09-08	-111.4802981	36.9072227
onidiras	2026-09-09	-111.5077449	36.8783954
onidiras	2026-09-09	-111.3395940	36.7998650
onidiras	2026-09-08	-111.4828351	36.9022855
onidiras	2026-09-08	-112.5265051	37.0435452
onidiras	2026-09-08	-112.1688658	37.6222523
onidiras	2026-09-08	-112.1661909	37.6227890
onidiras	2026-09-08	-112.1689782	37.6405275
onidiras	2026-09-08	-112.1572395	37.6727003
onidiras	2026-09-08	-112.1567684	37.6738856
onidiras	2026-09-08	-113.2012610	37.4353640
onidiras	2026-09-08	-113.2260043	37.4536475
onidiras	2026-09-08	-113.7841287	36.9591674
onidiras	2026-09-08	-114.1398338	36.7837006
onidiras	2026-09-08	-114.1402554	36.7830513
onidiras	2026-09-07	-115.1632450	36.1293406
onidiras	2026-09-07	-115.2050790	36.1250000
onidiras	2026-09-07	-115.1764047	36.1122599
onidiras	2026-09-07	-115.1753564	36.1122744
onidiras	2026-09-07	-115.1726866	36.0817874
onidiras	2026-09-07	-115.4171600	35.5414060
onidiras	2026-09-07	-117.0820060	34.8500056
onidiras	2026-09-07	-117.4700115	34.3090955
onidiras	2026-09-07	-117.4701570	34.3093630
onidiras	2026-09-07	-118.2874210	34.0524228
onidiras	2026-09-06	-118.3117030	34.0581600
onidiras	2026-09-06	-118.3078197	34.0560843
onidiras	2026-09-06	-118.3077810	34.0578488
onidiras	2026-09-06	-118.4075830	33.9432410
onidiras	2026-07-28	7.6973056	45.9878064
onidiras	2026-07-28	7.7041334	45.9734795
onidiras	2026-07-28	7.7041045	45.9732086
onidiras	2026-07-28	7.7426641	46.0148676
onidiras	2026-07-28	7.7441679	46.0172355
onidiras	2026-07-27	7.7705428	46.0159026
onidiras	2026-07-27	7.7719268	46.0155301
onidiras	2026-07-27	7.7732972	46.0136489
onidiras	2026-07-27	7.7909548	46.0134956
onidiras	2026-07-27	7.7927008	46.0153845
onidiras	2026-07-27	7.7441679	46.0172355
onidiras	2026-07-26	7.7456698	46.0204540
onidiras	2026-07-26	7.8600117	46.6878754
onidiras	2026-07-26	7.8582092	46.6891855
onidiras	2026-07-26	7.8608446	46.6895078
onidiras	2026-07-26	7.8645675	46.6901113
onidiras	2026-07-26	7.9077181	46.6571338
onidiras	2026-07-26	7.9080829	46.6562355
onidiras	2026-07-26	7.9089411	46.6576494
onidiras	2026-07-26	7.9080771	46.6551730
onidiras	2026-07-25	7.9707078	46.5767777
onidiras	2026-07-25	7.9692487	46.5778397
onidiras	2026-07-25	7.9702760	46.5824847
onidiras	2026-07-25	7.9822948	46.5848008
onidiras	2026-07-25	7.9745029	46.5763215
onidiras	2026-07-25	7.9215399	46.6054335
onidiras	2026-07-24	8.0393632	46.6588476
onidiras	2026-07-24	8.0241055	46.6687519
onidiras	2026-07-24	8.0367730	46.6662979
onidiras	2026-07-24	8.0530531	46.6629417
onidiras	2026-07-24	8.0538357	46.6599985
onidiras	2026-07-24	7.9257788	46.6025059
onidiras	2026-07-23	7.9610321	46.5856642
onidiras	2026-07-23	7.9603028	46.5856722
onidiras	2026-07-23	7.9509410	46.6026937
onidiras	2026-07-23	7.9426996	46.6121601
onidiras	2026-07-23	7.9212791	46.6062916
onidiras	2026-07-23	7.9207483	46.6075467
onidiras	2026-07-29	7.7759045	46.0679692
onidiras	2026-07-29	7.7754472	46.0612493
onidiras	2026-07-29	7.7544210	45.9929910
onidiras	2026-07-29	7.7554525	45.9861019
onidiras	2026-07-29	7.7596153	45.9839996
onidiras	2026-07-29	7.7626968	45.9833117
onidiras	2026-07-29	7.7830708	45.9832373
onidiras	2026-07-29	7.7481176	46.0238905
onidiras	2026-07-29	6.8711866	45.9246148
onidiras	2026-07-30	6.8753563	45.9227925
onidiras	2026-07-30	6.9208010	45.9300632
onidiras	2026-07-30	6.8701566	45.9245775
onidiras	2026-07-30	6.8841091	45.9041073
onidiras	2026-07-30	6.8866518	45.8808648
onidiras	2026-07-30	6.8690622	45.9221816
onidiras	2026-07-31	6.8908723	45.9774046
onidiras	2026-07-31	6.8834478	45.9768071
onidiras	2026-07-31	6.8852914	45.9415177
onidiras	2026-08-01	7.4548172	46.9481802
onidiras	2026-08-01	7.0608434	46.1272072
onidiras	2026-08-01	6.8709076	45.9252044
onidiras	2026-07-23	7.9206628	46.6056430
onidiras	2026-07-23	7.9090981	46.5935058
onidiras	2026-08-02	28.7485322	41.2667193
onidiras	2026-08-01	8.5617641	47.4512786
onidiras	2026-08-01	7.4521340	46.9465620
onidiras	2026-08-01	7.4594183	46.9476117
onidiras	2026-08-01	7.4397453	46.9482972
onidiras	2026-08-01	7.0608423	46.1270165
onidiras	2026-08-01	7.0607683	46.1271332
onidiras	2026-08-01	6.9999913	46.0544909
onidiras	2026-07-31	6.8798527	45.9729807
onidiras	2026-07-31	6.8914354	45.9794726
onidiras	2026-07-31	6.8907677	45.9817639
onidiras	2026-07-31	6.8867409	45.9604683
onidiras	2026-07-30	6.9222565	45.9270371
onidiras	2026-07-30	6.9032968	45.9321439
onidiras	2026-07-30	6.8825909	45.9054900
onidiras	2026-07-30	6.8707178	45.9238811
onidiras	2026-07-30	6.8686705	45.9223702
onidiras	2026-07-29	6.9480916	46.0511758
onidiras	2026-07-29	6.9997268	46.0567518
onidiras	2026-07-29	6.9997531	46.0567579
onidiras	2026-07-29	7.7547293	45.9913120
onidiras	2026-07-29	7.7483826	46.0243909
onidiras	2026-07-29	7.7512943	46.0023923
onidiras	2026-07-29	7.7544698	45.9971549
onidiras	2026-07-29	7.7627501	45.9835672
onidiras	2026-07-29	7.7829282	45.9830139
onidiras	2026-07-29	7.7828725	45.9830782
onidiras	2026-07-29	7.7656262	45.9844024
onidiras	2026-07-29	7.7545800	46.0049850
onidiras	2026-07-29	7.7486900	46.0094640
onidiras	2026-07-28	7.7461855	46.0195045
onidiras	2026-07-28	7.6924618	45.9795968
onidiras	2026-07-28	7.6989550	45.9895575
onidiras	2026-07-28	7.7218615	45.9713513
onidiras	2026-07-28	7.7300264	45.9362197
onidiras	2026-07-27	7.7722434	46.0154264
onidiras	2026-07-27	7.7989387	46.0133461
onidiras	2026-07-27	7.7470190	46.0197610
onidiras	2026-07-27	7.7477761	46.0190697
onidiras	2026-07-26	7.7455791	46.0191626
onidiras	2026-07-26	7.7758690	46.0664323
onidiras	2026-07-26	7.7766247	46.0678799
onidiras	2026-07-26	7.7825396	46.1013702
onidiras	2026-07-26	7.7916683	46.1320983
onidiras	2026-07-26	7.8021457	46.1771026
onidiras	2026-07-26	7.8373085	46.2144154
onidiras	2026-07-26	7.6795830	46.6864910
onidiras	2026-07-26	7.8668140	46.6904347
onidiras	2026-07-26	7.8694579	46.6658088
onidiras	2026-07-26	7.9084226	46.6571112
onidiras	2026-07-26	7.8953401	46.6597081
onidiras	2026-07-26	7.8935447	46.6593150
onidiras	2026-07-26	7.8691676	46.6651583
onidiras	2026-07-26	7.9209439	46.6060118
onidiras	2026-07-25	8.0099625	46.5948823
onidiras	2026-07-25	7.9741670	46.5751250
onidiras	2026-07-25	7.9854230	46.5474837
onidiras	2026-07-25	7.9200162	46.6059136
onidiras	2026-07-24	7.9189131	46.6093295
onidiras	2026-07-24	8.0247517	46.6680691
onidiras	2026-07-24	7.9245840	46.6042550
onidiras	2026-07-23	7.9601995	46.5871437
onidiras	2026-07-23	7.9477902	46.6065563
onidiras	2026-07-23	7.9088523	46.5990204
onidiras	2026-07-23	28.7482347	41.2644729
onidiras	2026-06-29	128.1259949	42.4185565
onidiras	2026-06-29	128.1237419	42.4154516
onidiras	2026-06-29	128.1136105	42.4299970
onidiras	2026-06-29	128.1147263	42.4382956
onidiras	2026-06-29	128.1139902	42.4247205
onidiras	2026-06-29	128.1200562	42.4314526
onidiras	2026-06-29	128.1238243	42.4374879
onidiras	2026-06-29	128.1197798	42.4384069
onidiras	2026-06-29	128.1152198	42.4379472
onidiras	2026-06-27	128.1148121	42.4380106
onidiras	2026-06-27	123.4625190	41.7586857
onidiras	2026-06-28	127.9400000	41.9475900
onidiras	2026-06-28	127.9162644	41.9020947
onidiras	2026-06-28	127.9189145	41.9016874
onidiras	2026-06-28	128.1147048	42.4385490
onidiras	2026-06-28	127.9563800	41.9463300
onidiras	2026-06-28	128.0270363	41.9929300
onidiras	2026-06-28	128.0267173	41.9929314
onidiras	2026-06-28	128.0251712	41.9911251
onidiras	2026-06-28	128.0280378	41.9933892
onidiras	2026-06-28	128.1158099	42.4359281
onidiras	2026-06-28	128.1062501	42.4326375
onidiras	2026-06-26	123.6290476	41.9315568
onidiras	2026-06-26	123.6525818	41.9267314
onidiras	2026-06-26	123.6460211	41.9288619
onidiras	2026-06-26	123.6563433	41.9238936
onidiras	2026-06-30	129.5010983	42.9203420
onidiras	2026-06-30	129.5009683	42.9210017
onidiras	2026-06-30	128.2413700	43.3799800
onidiras	2026-06-30	128.1241117	42.4370271
onidiras	2026-06-30	128.1168556	42.4332489
onidiras	2026-06-30	128.1054479	42.4344930
onidiras	2026-07-01	129.8476610	42.9431168
onidiras	2026-07-01	129.8068800	42.8021700
onidiras	2026-07-01	129.5059207	42.8033525
onidiras	2026-07-01	129.5079225	42.9008222
onidiras	2026-07-02	129.5038880	42.9108190
onidiras	2026-07-02	129.5017591	42.9113804
onidiras	2026-07-02	129.4394736	42.8858527
onidiras	2026-07-02	129.4956104	42.9063139
onidiras	2026-07-02	129.4912980	42.9113478
onidiras	2026-07-02	129.4899138	42.9113651
onidiras	2026-07-02	129.4970508	42.9056036
onidiras	2026-07-01	129.8466888	42.9484796
onidiras	2026-07-01	129.8476700	42.9467058
onidiras	2026-07-01	129.8004358	42.8004304
onidiras	2026-07-01	129.4981641	42.8031477
onidiras	2026-07-01	129.5033336	42.8969151
onidiras	2026-06-30	129.4933835	42.9186086
onidiras	2026-06-30	129.4954568	42.9127336
onidiras	2026-06-30	129.4996162	42.9048704
onidiras	2026-06-30	128.2400640	43.3777370
onidiras	2026-06-30	128.1201606	42.4381311
onidiras	2026-06-30	128.1135560	42.4336161
onidiras	2026-06-30	128.1137551	42.4335223
onidiras	2026-06-29	128.1185852	42.4160519
onidiras	2026-06-29	128.1072414	42.4212740
onidiras	2026-06-29	128.1094198	42.4251385
onidiras	2026-06-29	128.1094200	42.4251130
onidiras	2026-06-29	128.1181329	42.4378569
onidiras	2026-06-29	128.1084970	42.4357000
onidiras	2026-06-28	128.0252517	41.9951124
onidiras	2026-06-28	127.9335330	41.9452149
onidiras	2026-06-28	127.9335382	41.9451963
onidiras	2026-06-28	127.6602541	42.0518788
onidiras	2026-06-28	128.1086407	42.4339909
onidiras	2026-06-27	128.1088580	42.4353150
onidiras	2026-06-27	128.1084606	42.4356582
onidiras	2026-06-27	128.1242532	42.4601299
onidiras	2026-06-27	123.4542283	41.7558070
onidiras	2026-06-26	123.4050230	41.8053180
onidiras	2026-06-26	123.4036259	41.8061115
onidiras	2026-06-26	123.6449428	41.9311701
onidiras	2026-06-26	123.6270213	41.9392222
onidiras	2026-06-26	123.6258666	41.9382790
onidiras	2026-06-26	123.6448372	41.9169269
onidiras	2026-06-25	123.4227023	41.8366091
onidiras	2026-06-25	123.4233410	41.8155970
onidiras	2026-06-25	123.4293089	41.8119360
onidiras	2026-06-25	123.4887208	41.6308715
onidiras	2026-04-23	106.7837900	26.5339900
onidiras	2026-04-23	105.6676213	25.9887018
onidiras	2026-04-23	105.6663658	25.9819331
onidiras	2026-04-23	105.6773060	25.9456683
onidiras	2026-04-23	105.6757120	25.9942240
onidiras	2026-04-23	105.9652400	26.2460350
onidiras	2026-04-22	104.9558799	25.1361100
onidiras	2026-04-22	104.8954670	25.0920400
onidiras	2026-04-22	104.9235650	25.0048100
onidiras	2026-04-22	104.9234375	24.9900812
onidiras	2026-04-22	105.0318027	24.9491306
onidiras	2026-04-22	105.9652400	26.2460350
onidiras	2026-04-21	105.8961680	26.1201390
onidiras	2026-04-21	105.6377219	25.4724688
onidiras	2026-04-21	104.9240400	25.1179940
onidiras	2026-04-23	106.6462250	29.7182130
onidiras	2026-04-23	106.4365972	29.5037284
onidiras	2026-04-23	106.6699067	26.6221950
onidiras	2026-04-23	106.7837956	26.5339977
onidiras	2026-04-23	106.6392286	26.3455793
onidiras	2026-04-23	105.6728008	25.9979495
onidiras	2026-04-22	105.6000838	25.8408770
onidiras	2026-04-22	104.9501326	25.1347170
onidiras	2026-04-22	104.9524133	25.1392961
onidiras	2026-04-22	104.9231761	24.9851738
onidiras	2026-04-22	104.9315954	24.9639080
onidiras	2026-04-22	105.0288973	24.9526545
onidiras	2026-04-21	104.9162800	25.1050737
onidiras	2026-04-21	105.6054232	25.4530744
onidiras	2026-04-21	105.8727432	26.2026554
onidiras	2026-04-21	106.6530604	29.7590629
onidiras	2026-04-21	106.6506345	29.7111305
onidiras	2026-03-23	107.5748134	11.4287492
onidiras	2026-03-23	107.5764196	11.4261070
onidiras	2026-03-23	107.5727416	11.4303181
onidiras	2026-03-23	107.5671101	11.4307051
onidiras	2026-03-23	107.5723243	11.4265828
onidiras	2026-03-23	107.5768519	11.4238065
onidiras	2026-03-22	107.7420667	11.6227833
onidiras	2026-03-22	107.7389673	11.6394136
onidiras	2026-03-22	107.7329616	11.6451350
onidiras	2026-03-21	107.7986076	11.5402673
onidiras	2026-03-21	107.8073516	11.5079766
onidiras	2026-03-21	107.8059354	11.5073668
onidiras	2026-03-21	107.8059783	11.5044442
onidiras	2026-03-20	107.8060426	11.5042181
onidiras	2026-03-20	107.8057530	11.5043548
onidiras	2026-03-20	107.8056993	11.5025097
onidiras	2026-03-20	107.8059139	11.5041498
onidiras	2026-03-20	108.4294661	11.9300626
onidiras	2026-03-20	108.4369527	11.9503882
onidiras	2026-03-20	108.4208479	11.9418046
onidiras	2026-03-20	107.8078994	11.5185831
onidiras	2026-03-20	108.4296378	11.9299576
onidiras	2026-03-19	108.4400195	12.0489428
onidiras	2026-03-19	108.4360712	12.0433105
onidiras	2026-03-19	108.4286794	12.0306539
onidiras	2026-03-18	108.5685037	11.9638849
onidiras	2026-03-18	108.5503696	11.9573212
onidiras	2026-03-18	108.4350031	11.9035820
onidiras	2026-03-18	108.4355878	11.9036502
onidiras	2026-03-18	108.4359070	11.9038353
onidiras	2026-03-18	108.4368737	11.9039666
onidiras	2026-03-17	108.4336966	11.9373609
onidiras	2026-03-17	108.4157986	11.9426668
onidiras	2026-03-17	108.4270960	11.9417536
onidiras	2026-03-17	108.4496999	11.9034324
onidiras	2026-03-17	108.4204982	11.8821144
onidiras	2026-03-16	108.4494856	11.9516544
onidiras	2026-03-16	108.4486572	11.9426445
onidiras	2026-03-16	109.2064290	12.2728728
onidiras	2026-03-16	109.2062493	12.2690483
onidiras	2026-03-16	109.1988545	12.2604232
onidiras	2026-03-16	109.1968804	12.2505260
onidiras	2026-03-23	107.8025843	11.5439670
onidiras	2026-03-24	107.5778622	11.4202767
onidiras	2026-03-15	109.0985032	12.2189106
onidiras	2026-03-15	109.1008206	12.2215111
onidiras	2026-03-14	109.2064798	12.2900644
onidiras	2026-03-14	109.2071664	12.2919094
onidiras	2026-03-14	109.2080182	12.2912527
onidiras	2026-03-14	109.2353121	12.3003101
onidiras	2026-03-24	106.6645627	10.8045937
onidiras	2026-03-24	106.6653397	10.8083456
onidiras	2026-03-24	106.8935564	10.8984964
onidiras	2026-03-24	107.1717391	11.0103019
onidiras	2026-03-23	107.5772456	11.4192781
onidiras	2026-03-20	108.4336553	11.9387456
onidiras	2026-03-23	107.5778964	11.4210507
onidiras	2026-03-23	107.5770156	11.4235152
onidiras	2026-03-23	107.8024225	11.5439206
onidiras	2026-03-22	107.7413520	11.6224358
onidiras	2026-03-22	107.7391781	11.6435050
onidiras	2026-03-22	107.7338530	11.6446711
onidiras	2026-03-21	107.8082630	11.5443909
onidiras	2026-03-21	107.8109615	11.5434332
onidiras	2026-03-21	107.7983535	11.5399958
onidiras	2026-03-21	107.8081909	11.5213469
onidiras	2026-03-21	107.8026939	11.5096202
onidiras	2026-03-21	107.8059432	11.5042242
onidiras	2026-03-20	107.8056084	11.5020267
onidiras	2026-03-20	107.8060462	11.5041629
onidiras	2026-03-20	107.8082526	11.5184686
onidiras	2026-03-20	108.4289441	11.9303420
onidiras	2026-03-20	108.4366289	11.9501348
onidiras	2026-03-20	108.4206450	11.9421855
onidiras	2026-03-19	108.4388665	12.0478261
onidiras	2026-03-19	108.4265687	12.0391011
onidiras	2026-03-18	108.4438482	11.9230927
onidiras	2026-03-18	108.4431480	11.9221739
onidiras	2026-03-17	108.4160901	11.9422497
onidiras	2026-03-17	108.4309105	11.9404368
onidiras	2026-03-17	108.4330439	11.9350223
onidiras	2026-03-17	108.4488800	11.8977633
onidiras	2026-03-16	108.4418475	11.9396008
onidiras	2026-03-16	108.4418268	11.9395052
onidiras	2026-03-16	108.4306979	11.9546177
onidiras	2026-03-16	108.8149330	12.2553312
onidiras	2026-03-16	109.0957382	12.2444903
onidiras	2026-03-16	109.1762125	12.2414679
onidiras	2026-03-16	109.1799545	12.2422915
onidiras	2026-03-16	109.1858897	12.2407945
onidiras	2026-03-16	109.2063315	12.2728568
onidiras	2026-03-16	109.1967405	12.2401602
onidiras	2026-03-15	109.1940687	12.2365090
onidiras	2026-03-15	109.1937339	12.2328741
onidiras	2026-03-15	109.1975440	12.2363237
onidiras	2026-03-15	109.1941805	12.2376495
onidiras	2026-03-15	109.1939872	12.2369317
onidiras	2026-03-15	109.1956589	12.2361772
onidiras	2026-03-14	109.1887058	12.2367038
onidiras	2026-03-14	109.2020651	12.2822701
onidiras	2026-03-14	109.2087372	12.2915572
onidiras	2026-03-14	109.1973843	12.2386108
onidiras	2026-03-13	109.2154102	12.0072990
onidiras	2026-03-13	106.6552667	10.8117953
onidiras	2026-03-13	106.6640962	10.8153165
onidiras	2025-09-17	79.0553544	43.3544126
onidiras	2008-10-03	127.3397583	36.8480573
onidiras	2008-10-03	127.3364986	36.8426990
onidiras	2008-10-02	127.1223667	36.7984225
onidiras	2008-10-01	127.1157217	36.7955874
onidiras	2008-10-01	127.1107005	36.7967215
onidiras	2008-10-01	127.1119646	36.7947248
onidiras	2008-10-01	127.1169857	36.7964431
onidiras	2008-09-26	127.1131662	36.7946561
onidiras	2008-09-25	127.1196699	36.7962394
onidiras	2026-01-05	126.8064793	33.4842720
onidiras	2008-09-24	127.1120505	36.7951372
aarnheim	Fri Sep 11 2015 13:05:25 GMT-0400 (EDT)	-71.0872561272	42.362413879
aarnheim	Fri Sep 11 2015 14:12:06 GMT-0400 (EDT)	-71.340924	42.253654
aarnheim	Fri Sep 11 2015 14:14:10 GMT-0400 (EDT)	-71.338813	42.255273
aarnheim	Fri Sep 11 2015 14:15:51 GMT-0400 (EDT)	-71.348392	42.259207
aarnheim	Fri Sep 11 2015 15:27:10 GMT-0400 (EDT)	-71.337447	42.255132
aarnheim	Fri Sep 11 2015 15:13:45 GMT-0400 (EDT)	-71.336468	42.252976
aarnheim	Fri Sep 11 2015 15:08:55 GMT-0400 (EDT)	-71.336816	42.251975
aarnheim	Fri Sep 11 2015 14:55:43 GMT-0400 (EDT)	-71.3426716667	42.2500533333
aarnheim	Fri Sep 11 2015 14:40:50 GMT-0400 (EDT)	-71.341238	42.252944
aarnheim	Fri Sep 11 2015 15:12:15 GMT-0400 (EDT)	-71.33668	42.2521166667
aarnheim	Fri Sep 11 2015 14:36:26 GMT-0400 (EDT)	-71.35736	42.261456
aarnheim	Fri Sep 11 2015 14:19:18 GMT-0400 (EDT)	-71.338842	42.255319
aarnheim	Fri Sep 11 2015 14:21:13 GMT-0400 (EDT)	-71.339923	42.254684
aarnheim	Fri Sep 11 2015 14:28:36 GMT-0400 (EDT)	-71.341582	42.252938
aarnheim	Fri Sep 11 2015 14:29:22 GMT-0400 (EDT)	-71.341846	42.252507
aarnheim	Fri Sep 11 2015 14:31:57 GMT-0400 (EDT)	-71.341301	42.252783
aarnheim	Fri Sep 11 2015 14:37:56 GMT-0400 (EDT)	-71.341784	42.251382
aarnheim	Fri Sep 11 2015 14:44:26 GMT-0400 (EDT)	-71.342723	42.251336
aarnheim	Fri Sep 11 2015 14:45:15 GMT-0400 (EDT)	-71.342704	42.251352
aarnheim	Fri Sep 11 2015 14:49:10 GMT-0400 (EDT)	-71.341425	42.252957
aarnheim	Fri Sep 11 2015 14:52:45 GMT-0400 (EDT)	-71.342504	42.250358
aarnheim	Fri Sep 11 2015 15:18:46 GMT-0400 (EDT)	-71.3370033333	42.2532166667
aarnheim	Fri Sep 11 2015 15:19:40 GMT-0400 (EDT)	-71.337547	42.254061
aarnheim	Fri Sep 11 2015 15:24:02 GMT-0400 (EDT)	-71.3376966667	42.2543383333
alaingoyette	Sun Mar 06 2016 10:39:52 GMT+0100 (GMT+1)	105.31851457	20.6394469969
aleksei	2018-03-28 2:26:10 ПП GMT+03:00	113.2958297729	23.1749992371
aleksei	2018-03-27 5:57:32 ПП GMT+03:00	113.3366699219	23.1238880157
aleksei	2018-03-18 3:46:17 ПП GMT+03:00	98.9530563354	18.8377780914
aleksei	2018-02-17 4:28:36 ПП GMT+03:00	99.006942749	18.7950000763
aleksei	2018-02-17 4:28:13 ПП GMT+03:00	99.006942749	18.7947216034
aleksei	2018-01-27 2:28:04 ПП GMT+03:00	98.8891677856	18.7411117554
aleksei	2017-10-22 1:16:59 ПП GMT+03:00	98.9502792358	18.8097229004
aleksei	2017-10-22 12:34:37 ПП GMT+03:00	98.9652786255	18.8105564117
aleksei	2017-10-21 5:08:43 ПП GMT+03:00	98.8930587769	18.697221756
aleksei	2017-10-21 5:00:11 ПП GMT+03:00	98.8930587769	18.697221756
aleksei	2017-10-21 4:56:27 ПП GMT+03:00	98.8930587769	18.697221756
aleksei	2017-10-21 4:55:50 ПП GMT+03:00	98.8930587769	18.697221756
aleksei	2017-10-14 1:58:47 ПП GMT+03:00	98.8972244263	18.906665802
aleksei	2017-10-14 1:59:14 ПП GMT+03:00	98.8972244263	18.906665802
aleksei	2018-03-07 12:19:17 ПП GMT+03:00	98.9655532837	18.8105564117
aleksei	2018-02-18 2:33:40 ПП GMT+03:00	98.9986114502	18.7963886261
aleksei	2018-04-07 11:52:00 ПП GMT+03:00	98.9392685518	18.8040164377
aleksei	2018-02-04 2:15:42 ПП GMT+03:00	98.9872207642	18.7900009155
aleksei	2018-01-20 5:09:09 ПП GMT+03:00	98.8947219849	18.8255558014
aleksei	2018-01-20 5:05:20 ПП GMT+03:00	98.8947219849	18.8252773285
aleksei	2017-11-18 2:17:31 ПП GMT+03:00	98.9647019282	18.7917219058
aleksei	2017-10-22 2:05:08 ПП GMT+03:00	98.9516677856	18.8097229004
aleksei	2018-04-08 11:43:12 ДП GMT+03:00	98.9774689078	18.7835260046
aleksei	2017-07-03 1:46:32 ПП GMT+03:00	114.1561126709	22.2772216797
aleksei	2017-07-03 1:32:15 ПП GMT+03:00	114.1561126709	22.2766666412
aleksei	2017-07-03 11:48:13 ДП GMT+03:00	114.1622238159	22.2772216797
aleksei	2017-07-03 11:45:36 ДП GMT+03:00	114.1622238159	22.2769451141
aleksei	2017-07-03 11:45:07 ДП GMT+03:00	114.1622238159	22.2783336639
aleksei	2017-06-30 5:38:57 ДП GMT+03:00	105.7891693115	21.2194442749
aleksei	2017-05-13 2:48:56 ПП GMT+03:00	105.8550033569	21.021944046
aleksei	2017-01-02 3:17:45 ПП GMT+03:00	100.5761108398	13.8047218323
aleksei	2016-11-05 12:08:13 ПП GMT+03:00	108.3344421387	11.8236112595
aleksei	2016-08-14 9:32:22 ПП GMT+03:00	108.2452774048	16.0497226715
aleksei	2016-08-14 2:40:39 ПП GMT+03:00	107.7927780151	16.2469444275
aleksei	2016-07-09 6:16:03 ПП GMT+03:00	108.2469482422	16.0697231293
aleksei	2016-06-21 11:05:02 ДП GMT+03:00	98.9880523682	18.7791671753
aleksei	2016-06-12 1:18:51 ПП GMT+03:00	99.0169448853	18.7833328247
aleksei	2016-05-28 1:59:54 ПП GMT+03:00	98.8616638184	18.8875007629
aleksei	2018-04-08 12:10:46 ПП GMT+03:00	98.9446255937	18.809142068
aleksei	2018-04-14 2:19:00 ПП GMT+03:00	100.5742308497	13.8207003977
aleksei	2018-05-07 9:08:29 ДП GMT+03:00	32.0224990845	54.7738876343
aleksei	2018-05-06 5:53:50 ПП GMT+03:00	32.0727767944	54.7841682434
aleksei	2018-06-03 2:34:00 ПП GMT+03:00	33.4074037895	53.6949810482
aleksei	2018-06-04 3:17:00 ПП GMT+03:00	33.600567095	53.6638194856
alidm	2018-06-02 7:29:23 PM EDT	-73.6839835484	45.5126485882
alidm	2018-05-14 9:46:05 PM EDT	-73.7152786255	45.5411109924
aleksei	2016/06/02 8:40 AM UTC	99.7471106518	19.8981200508
alidm	2018-06-21 11:10:04 PM EDT	-73.7155532837	45.5366668701
alidm	2018-06-23 10:25:59 PM EDT	-73.7166671753	45.5372238159
alidm	2018-06-24 1:32:31 AM EDT	-74.0863167867	45.9768967663
alidm	2018-06-24 1:33:02 AM EDT	-74.0861618891	45.977003247
alidm	2018-06-24 5:54:00 PM EDT	-74.0913932025	45.9738718829
alidm	2018-06-25 12:00:00 AM EDT	-73.6833402226	45.5122576268
alidm	2018-07-01 7:02:57 PM EDT	-73.5911102295	45.469165802
aleksei	2018-07-28 8:18:39 ДП GMT+03:00	38.9638900757	45.0713882446
aleksei	2018-07-31 12:15:00 ПП GMT+03:00	38.9289905503	45.0548831688
aleksei	2018-07-03 11:07:52 ДП GMT+03:00	38.9524993896	45.0672225952
aleksei	2018-08-15 12:06:59 ПП GMT+03:00	38.9652786255	45.0716667175
aleksei	2018-08-16 5:43:20 ПП GMT+03:00	39.0952758789	44.6247215271
alidm	2018-09-15 1:38:51 PM EDT	-73.5433349609	45.4727783203
alidm	2018-10-11 12:05:43 PM EDT	-73.5719451904	45.5022239685
akuma19	Wed Nov 14 2018 17:52:05 GMT+0700 (GMT+7)	105.816027202	21.0257716017
agbanker	Fri Jan 25 2019 11:46:36 GMT-0700 (MST)	-104.8313119943	38.7274270148
agbanker	Fri Jan 25 2019 11:51:07 GMT-0700 (MST)	-104.8277784168	38.728944976
agbanker	Fri Jan 25 2019 11:53:26 GMT-0700 (MST)	-104.8220408925	38.7308394869
agbanker	Fri Jan 25 2019 11:53:50 GMT-0700 (MST)	-104.8267180939	38.7309962092
agbanker	Fri Jan 25 2019 11:54:08 GMT-0700 (MST)	-104.8267111369	38.7310209358
agbanker	Fri Jan 25 2019 11:54:27 GMT-0700 (MST)	-104.8267102149	38.7309674593
agbanker	Fri Jan 25 2019 11:55:16 GMT-0700 (MST)	-104.8205307073	38.7309147173
agbanker	Fri Jan 25 2019 11:56:28 GMT-0700 (MST)	-104.8263705802	38.731034305
agbanker	Fri Jan 25 2019 11:57:10 GMT-0700 (MST)	-104.822908336	38.7309456551
agbanker	Fri Jan 25 2019 11:57:58 GMT-0700 (MST)	-104.8208978063	38.7309111568
agbanker	Fri Jan 25 2019 11:58:22 GMT-0700 (MST)	-104.8266518769	38.7309168326
agbanker	Fri Jan 25 2019 11:59:09 GMT-0700 (MST)	-104.8211532125	38.7308819661
agbanker	Fri Jan 25 2019 11:59:59 GMT-0700 (MST)	-104.8209234459	38.7308622177
agbanker	Fri Jan 25 2019 12:00:21 GMT-0700 (MST)	-104.8266784475	38.7308764737
agbanker	Fri Jan 25 2019 12:01:17 GMT-0700 (MST)	-104.8186896881	38.7307458733
agbanker	Fri Jan 25 2019 12:02:04 GMT-0700 (MST)	-104.8211589301	38.730750037
agbanker	Fri Jan 25 2019 12:03:42 GMT-0700 (MST)	-104.826529	38.728375
agbanker	Fri Jan 25 2019 12:04:02 GMT-0700 (MST)	-104.826957062	38.7308102567
agbanker	Fri Jan 25 2019 12:07:04 GMT-0700 (MST)	-104.8218926956	38.7307816712
agbanker	Fri Jan 25 2019 12:13:21 GMT-0700 (MST)	-104.8241614582	38.7298222365
agbanker	Fri Jan 25 2019 12:18:24 GMT-0700 (MST)	-104.8221786291	38.7303531345
akihisa	Fri Jun 07 2019 18:11:41 GMT+0700 (GMT+7)	105.830445	21.039225
alidm	2019-06-22 3:35:00 p.m. EDT	-78.3671971411	45.6495156503
alcypian	2019-07-06 5:46:33 PM GMT+02:00	4.4317866	50.8320783
alcypian	2019-07-06 5:51:04 PM GMT+02:00	4.4326156	50.8323725
alcypian	2019-07-06 5:53:29 PM GMT+02:00	4.4315514	50.8330643
alcypian	2019-07-06 5:59:01 PM GMT+02:00	4.4342012	50.8300324
alcypian	2019-07-06 6:01:35 PM GMT+02:00	4.4329532	50.832034
alcypian	2019-07-06 6:07:15 PM GMT+02:00	4.4329532	50.832034
alcypian	2019-07-06 6:12:00 PM GMT+02:00	4.4337168	50.831012
alcypian	2019-07-06 6:13:27 PM GMT+02:00	4.4337168	50.831012
alcypian	2019-06-25 8:40:14 PM GMT+02:00	6.3082595542	45.0274359914
alcypian	2019-06-26 11:49:59 AM GMT+02:00	6.2759808451	45.039886541
alcypian	2019-06-26 11:01:31 AM GMT+02:00	6.2860468403	45.0354009306
alcypian	2019-06-26 10:28:24 AM GMT+02:00	6.2798438966	45.0353554401
alexp1	2019-07-10 5:00:51 PM CDT	-95.16570613	29.66254566
alcypian	2019-07-11 3:25:59 PM GMT+02:00	4.42628513	50.8193961
alcypian	2019-07-11 3:27:55 PM GMT+02:00	4.42631389	50.81938478
alcypian	2019-07-11 3:39:01 PM GMT+02:00	4.42927985	50.82471954
alcypian	2019-07-11 4:12:17 PM GMT+02:00	4.4311894	50.82877797
alcypian	2017-08-05 4:58:28 PM GMT+02:00	105.8321252838	21.0179494547
alcypian	2019-05-26 10:01:55 AM GMT+02:00	4.9669082835	45.6539020094
alcypian	2019-05-27 2:43:37 PM GMT+02:00	4.9669810385	45.6564486868
alcypian	2019-05-27 2:44:40 PM GMT+02:00	4.963209182	45.6575775119
alcypian	2019-05-27 2:53:53 PM GMT+02:00	4.9668201059	45.6533336958
alcypian	2019-06-15 6:47:16 PM GMT+02:00	4.9676549435	45.6571376548
alcypian	2019-05-28 5:06:29 PM GMT+02:00	4.9610184878	45.6566837336
alcypian	2019-05-29 3:13:04 PM GMT+02:00	4.9616079032	45.656214342
alcypian	2019-05-29 3:11:09 PM GMT+02:00	4.9648141488	45.6555973075
alcypian	2019-05-30 5:03:21 PM GMT+02:00	4.9642378092	45.655121345
alcypian	2019-06-15 5:43:25 PM GMT+02:00	4.9643035233	45.656591871
alcypian	2019-06-15 6:29:55 PM GMT+02:00	4.9643102288	45.656294488
alcypian	2019-06-15 6:14:00 PM GMT+02:00	4.970099777	45.65839746
alcypian	2019-06-15 5:41:43 PM GMT+02:00	4.9704715982	45.6584433899
alcypian	2019-06-21 10:50:05 AM GMT+02:00	4.9686134979	45.6582809949
alcypian	2019-06-21 10:41:01 AM GMT+02:00	4.9659996852	45.6588194978
aleksei	2019/07/13 4:21 AM UTC	49.1724601768	55.7562574635
alcypian	2019-06-21 5:46:34 PM GMT+02:00	4.9663731828	45.6594521971
alcypian	2019-06-15 7:01:49 PM GMT+02:00	4.9606349319	45.6594864095
alcypian	2019-06-21 5:48:58 PM GMT+02:00	4.9664318562	45.6586887391
alcypian	2019-06-15 6:49:56 PM GMT+02:00	4.9641821533	45.6582167866
alcypian	2019-06-25 3:19:19 PM GMT+02:00	6.2723595276	45.0238958995
alcypian	2019-06-26 6:04:34 AM GMT+02:00	6.2882499397	45.0329654805
alcypian	2019-06-26 9:38:03 AM GMT+02:00	6.2967699766	45.0258589844
alcypian	2019-05-27 2:42:42 PM GMT+02:00	4.9627049267	45.6578814495
alcypian	2019-06-26 8:35:52 AM GMT+02:00	6.3056806102	45.0344354348
alcypian	2019-06-26 8:57:18 AM GMT+02:00	6.3069704175	45.0348931885
alcypian	2017-12-03 12:58:23 PM GMT+01:00	105.7946166992	20.9976978302
alcypian	2019-07-18 3:41:07 PM GMT+02:00	4.9541852251	45.6549711265
alcypian	2019-04-05 7:54:18 AM GMT+02:00	108.3433456421	15.8717536926
alcypian	2019-05-21 8:39:41 PM GMT+02:00	4.9668227881	45.6613687635
alcypian	2019-07-18 8:27:17 PM GMT+02:00	4.9539351091	45.6572888048
alcypian	2019-07-28 5:19:07 PM GMT+02:00	4.948507	45.6669235
alcypian	2019-07-28 5:33:44 PM GMT+02:00	4.9469281	45.6578069
alcypian	2019-07-28 5:41:57 PM GMT+02:00	4.9469281	45.6578069
alcypian	2019-07-28 5:44:06 PM GMT+02:00	4.9469281	45.6578069
alcypian	2019-07-28 5:37:12 PM GMT+02:00	4.9649418	45.6419195
alcypian	2019-07-28 6:28:13 PM GMT+02:00	4.9537539482	45.6643257141
alcypian	2019-08-01 4:42:46 PM GMT+02:00	4.9534281716	45.6578043521
alcypian	2019/07/28 5:28 PM CEST	4.9532038	45.6629628
alcypian	2019/07/28 5:32 PM CEST	4.9532038	45.6629628
alcypian	2019/07/28 5:34 PM CEST	4.9532038	45.6629628
alcypian	2019/07/28 5:41 PM CEST	4.9532038	45.6629628
alcypian	2019/07/28 5:48 PM CEST	4.9532038	45.6629628
alcypian	2019/07/28 5:51 PM CEST	4.9532038	45.6629628
alcypian	2019-08-02 5:09:53 PM GMT+02:00	4.39140909	45.13674828
alcypian	2019-08-04 8:03:06 PM GMT+02:00	4.3881201744	45.1394805908
alcypian	2019-08-06 11:44:03 AM GMT+02:00	-3.5069158673	48.4420268255
alcypian	2019-08-06 2:54:01 PM GMT+02:00	4.95067373	45.65819191
alcypian	2019-08-06 4:38:46 PM GMT+02:00	4.9541110992	45.6600608826
alcypian	2019-08-06 4:18:41 PM GMT+02:00	4.964176178	45.661529541
alcypian	2019-08-06 4:08:45 PM GMT+02:00	4.9699325562	45.6595039368
alcypian	2019-08-06 4:07:32 PM GMT+02:00	4.9698543549	45.6594314575
alcypian	2019-08-06 4:00:58 PM GMT+02:00	4.9697303772	45.6591720581
alcypian	2019-08-06 3:33:39 PM GMT+02:00	4.9591593742	45.6563529968
alcypian	2019-08-06 9:03:43 PM GMT+02:00	4.9579510689	45.6594657898
alcypian	2019-08-06 7:53:47 PM GMT+02:00	4.9506301	45.6581377
alcypian	2019-08-07 12:24:58 PM GMT+02:00	-3.9985788614	48.5805264013
alcypian	2019-08-07 2:58:45 PM GMT+02:00	4.9498149	45.6585575
alcypian	2019-08-07 3:08:37 PM GMT+02:00	4.9571488	45.6567763
alcypian	2019-08-07 3:44:12 PM GMT+02:00	4.9515833855	45.6576042175
alcypian	2019-08-07 3:19:01 PM GMT+02:00	4.951505661	45.6590919495
alcypian	2019-08-07 3:15:35 PM GMT+02:00	4.951505661	45.6590919495
alcypian	2019/08/07 2:53 PM CEST	4.9532038	45.6629628
alcypian	2019/08/07 2:56 PM CEST	4.9532038	45.6629628
alcypian	2019/08/07 3:09 PM CEST	4.9532038	45.6629628
alcypian	2019/08/07 3:12 PM CEST	4.9532038	45.6629628
alcypian	2019/08/07 3:23 PM CEST	4.9532038	45.6629628
alcypian	2019/08/07 3:28 PM CEST	4.9532038	45.6629628
alcypian	2019/08/07 3:35 PM CEST	4.9532038	45.6629628
alcypian	2019/08/07 3:51 PM CEST	4.9532038	45.6629628
alcypian	2019/08/09 8:30 AM CEST	4.9532038	45.6629628
alcypian	2018-04-06	114.2522301525	22.2602266984
alcypian	2017-04-14 8:38:54 AM GMT+02:00	114.1737956554	22.309072546
alidm	2019-08-15 7:44:31 a.m. GMT+07:00	106.7107334402	10.8064120876
alexis354	2019-08-21 12:45:25 a.m. ADT	-65.981981	45.425254
alidm	2019-08-22 3:09:03 p.m. GMT+07:00	105.6189365762	22.4021892367
alcypian	2019/08/19 3:03 PM CEST	4.955795221	45.6612277004
alcypian	2019/08/12 4:33 PM CEST	4.953204	45.662963
alcypian	2019/08/14 3:50 PM CEST	4.953204	45.662963
alcypian	2019/08/14 5:16 PM CEST	4.953204	45.662963
alcypian	2019/08/19 3:05 PM CEST	4.9532038	45.6629628
alidm	2019-08-22 2:55:56 p.m. GMT+07:00	105.6188828829	22.402202249
alexp1	2019-08-24 8:47:58 AM CDT	-95.16505209	29.66474435
alidm	2019-08-25	105.8398321523	21.0491106977
alidm	2019-08-25 1:31:45 p.m. GMT+07:00	105.8397180187	21.0490129426
alexis354	2019-08-25 1:57:01 p.m. ADT	-63.58199775	44.64356215
alidm	2019-08-25 5:33:51 p.m. GMT+07:00	105.8356436715	21.0390164517
alcypian	2019/08/24 5:46 PM CEST	4.9532038	45.6629628
alcypian	2019/08/24 5:51 PM CEST	4.9532038	45.6629628
alcypian	2019/08/24 6:06 PM CEST	4.9532038	45.6629628
alcypian	2019/08/24 6:08 PM CEST	4.9532038	45.6629628
alcypian	2019/08/24 6:10 PM CEST	4.9532038	45.6629628
alcypian	2019/08/27 11:07 AM CEST	4.9532038	45.6629628
alexis354	2019-10-06 6:46:10 PM ADT	-65.98156311	45.42496999
achilles2b31	Thu Oct 24 2019 13:04:00 GMT+0800 (GMT+8)	114.2497503619	22.2642226672
achilles2b31	Sun Oct 27 2019 18:20:04 GMT+0800 (GMT+8)	114.1499682517	22.2838726687
achilles2b31	Sun Oct 27 2019 19:53:59 GMT+0800 (GMT+8)	114.137056334	22.2598789155
achilles2b31	Sun Nov 03 2019 21:03:06 GMT+0800 (GMT+8)	114.1504601872	22.284033479
achilles2b31	Mon Nov 04 2019 13:42:54 GMT+0800 (GMT+8)	114.2493202911	22.2640538262
achilles2b31	Mon Nov 04 2019 13:44:08 GMT+0800 (GMT+8)	114.2491319497	22.2641483741
achilles2b31	Mon Nov 04 2019 13:46:01 GMT+0800 (GMT+8)	114.2492834107	22.2643534793
achilles2b31	Mon Nov 04 2019 13:46:51 GMT+0800 (GMT+8)	114.2492944748	22.2641284252
achilles2b31	Mon Nov 04 2019 13:48:04 GMT+0800 (GMT+8)	114.2494317704	22.2639702168
achilles2b31	Mon Nov 04 2019 13:49:56 GMT+0800 (GMT+8)	114.2495600135	22.2639574763
achilles2b31	Mon Nov 04 2019 13:50:39 GMT+0800 (GMT+8)	114.2494593469	22.2639692947
achilles2b31	Mon Nov 04 2019 13:51:25 GMT+0800 (GMT+8)	114.2496101373	22.2640347993
achilles2b31	Mon Nov 04 2019 13:53:08 GMT+0800 (GMT+8)	114.2498211936	22.2639621282
achilles2b31	Mon Nov 04 2019 13:54:23 GMT+0800 (GMT+8)	114.2500927673	22.2643174371
achilles2b31	Mon Nov 04 2019 13:55:20 GMT+0800 (GMT+8)	114.2499160768	22.2643646691
achilles2b31	Mon Nov 04 2019 13:56:28 GMT+0800 (GMT+8)	114.2496450898	22.2644819319
achilles2b31	Mon Nov 04 2019 13:57:25 GMT+0800 (GMT+8)	114.249472255	22.2646364104
achilles2b31	Mon Nov 04 2019 13:58:26 GMT+0800 (GMT+8)	114.2496119813	22.2643980291
achilles2b31	Mon Nov 04 2019 13:58:55 GMT+0800 (GMT+8)	114.2490157765	22.265185928
achilles2b31	Mon Nov 04 2019 14:00:00 GMT+0800 (GMT+8)	114.2493689061	22.2644699877
achilles2b31	Mon Nov 04 2019 14:00:31 GMT+0800 (GMT+8)	114.249471333	22.2641087696
achilles2b31	Mon Nov 04 2019 14:01:13 GMT+0800 (GMT+8)	114.2498057072	22.2643882949
achilles2b31	Mon Nov 04 2019 14:01:41 GMT+0800 (GMT+8)	114.249925716	22.2640947299
achilles2b31	Mon Nov 04 2019 14:02:35 GMT+0800 (GMT+8)	114.2820592906	22.2334830895
achilles2b31	Mon Nov 04 2019 14:03:58 GMT+0800 (GMT+8)	114.2493208243	22.264525595
achilles2b31	Mon Nov 04 2019 14:05:59 GMT+0800 (GMT+8)	114.2493711289	22.2645098199
alexp1	2019-09-23 10:56:05 AM CDT	-95.6428353488	29.705683284
alcypian	2019/11/20 4:10 PM CET	4.4602368244	50.7865544865
alcypian	2019/08/30 5:17 PM CEST	4.9662528894	45.650484594
acoghill	Sat Dec 28 2019 12:23:59 GMT+0700 (GMT+7)	99.864681624	19.9252428347
acoghill	Sat Dec 28 2019 13:06:22 GMT+0700 (GMT+7)	99.8637795635	19.9249617895
acoghill	Sat Dec 28 2019 13:37:23 GMT+0700 (GMT+7)	99.8652954307	19.9257892929
acoghill	Sat Dec 28 2019 13:40:05 GMT+0700 (GMT+7)	99.865545882	19.9258692982
acoghill	Sat Dec 28 2019 13:40:45 GMT+0700 (GMT+7)	99.8654679303	19.925893941
acoghill	Sat Dec 28 2019 13:41:17 GMT+0700 (GMT+7)	99.8654499092	19.9259035383
acoghill	Sat Dec 28 2019 13:42:42 GMT+0700 (GMT+7)	99.8654885498	19.9259507284
alexp1	2020-02-02 11:35:08 AM CST	-95.6087008864	29.3772499185
acoghill	Mon Feb 03 2020 14:50:53 GMT+0700 (GMT+7)	105.82666167	21.06057217
achilles2b31	Wed Feb 05 2020 16:55:11 GMT+0800 (GMT+8)	114.1557401979	22.2776501952
achilles2b31	Wed Feb 05 2020 16:55:39 GMT+0800 (GMT+8)	114.1095111244	22.2509933162
achilles2b31	Wed Feb 05 2020 17:02:04 GMT+0800 (GMT+8)	114.1563747917	22.2778130137
achilles2b31	Wed Feb 05 2020 17:05:07 GMT+0800 (GMT+8)	114.15636817	22.2778272629
achilles2b31	Wed Feb 05 2020 17:17:25 GMT+0800 (GMT+8)	114.157067556	22.277465039
alexp1	2020-02-16 2:23:41 PM CST	-95.16579311	29.66260869
achilles2b31	Wed Feb 05 2020 17:21:33 GMT+0800 (GMT+8)	114.1570206174	22.2775803739
achilles2b31	Wed Feb 05 2020 17:45:04 GMT+0800 (GMT+8)	114.1565279291	22.2781624552
achilles2b31	Tue Feb 18 2020 17:19:54 GMT+0800 (GMT+8)	114.1568831542	22.2777514905
achilles2b31	Tue Feb 18 2020 17:33:32 GMT+0800 (GMT+8)	114.1565534101	22.2773691919
achilles2b31	Tue Feb 18 2020 17:35:05 GMT+0800 (GMT+8)	114.1565728561	22.2774142446
achilles2b31	Tue Feb 18 2020 17:39:09 GMT+0800 (GMT+8)	114.1562881229	22.2775312979
achilles2b31	Tue Feb 18 2020 17:42:20 GMT+0800 (GMT+8)	114.1559700296	22.277445551
achilles2b31	Tue Feb 18 2020 17:43:02 GMT+0800 (GMT+8)	114.1556215101	22.277635485
achilles2b31	Tue Feb 18 2020 17:43:39 GMT+0800 (GMT+8)	114.1558224243	22.2776815854
achilles2b31	Tue Feb 18 2020 17:45:10 GMT+0800 (GMT+8)	114.1558054091	22.2775927792
achilles2b31	Tue Feb 18 2020 17:50:29 GMT+0800 (GMT+8)	114.1556681135	22.2772821877
achilles2b31	Tue Feb 18 2020 17:53:07 GMT+0800 (GMT+8)	114.1553865654	22.2771804733
achilles2b31	Tue Feb 18 2020 17:55:14 GMT+0800 (GMT+8)	114.1553969589	22.2770087281
achilles2b31	Thu Feb 20 2020 17:20:00 GMT+0800 (GMT+8)	114.1458669865	22.2677345295
achilles2b31	Fri Feb 21 2020 16:45:15 GMT+0800 (GMT+8)	114.139166074	22.2730160505
alexp1	2020-03-01	-95.3888345137	29.7181039975
alexp1	2020-03-02 9:35:41 PM CST	-95.16576161	29.66257781
alexp1	2020-04-07 11:22:00 AM CDT	-95.16581705	29.66259609
alexp1	2020-04-20 11:05:15 AM CDT	-95.16585175	29.66275325
agbanker	2020/04/07 7:41 PM UTC	-104.8472395381	38.7199466841
agbanker	2020/04/19 7:48 PM UTC	-104.8282122436	38.72096374
agbanker	Sat Apr 25 2020 11:14:03 GMT-0600 (MDT)	-104.8185261715	38.7298009662
agbanker	Sat Apr 25 2020 12:51:02 GMT-0600 (MDT)	-104.8298956621	38.7173357118
agbanker	Sat Apr 25 2020 13:08:36 GMT-0600 (MDT)	-104.8297103267	38.7182518807
agbanker	Sat Apr 25 2020 13:11:55 GMT-0600 (MDT)	-104.8294717041	38.7186647669
agbanker	Sat Apr 25 2020 13:16:10 GMT-0600 (MDT)	-104.8290875192	38.7191026819
agbanker	2020/04/25 11:15 PM UTC	-104.8279878812	38.7288031943
agbanker	Sun Apr 26 2020 10:27:58 GMT-0600 (MDT)	-104.8064675867	38.7283280562
agbanker	Sun Apr 26 2020 10:28:30 GMT-0600 (MDT)	-104.8291653292	38.7302192529
agbanker	Sun Apr 26 2020 10:28:49 GMT-0600 (MDT)	-104.829367697	38.7302279387
agbanker	Sun Apr 26 2020 10:30:00 GMT-0600 (MDT)	-104.8199599895	38.7293547864
agbanker	Sun Apr 26 2020 10:31:46 GMT-0600 (MDT)	-104.8244766172	38.7301669055
agbanker	Sun Apr 26 2020 10:32:28 GMT-0600 (MDT)	-104.8289793788	38.7303313399
agbanker	Sun Apr 26 2020 10:34:34 GMT-0600 (MDT)	-104.8284748205	38.7302891197
agbanker	Sun Apr 26 2020 10:35:17 GMT-0600 (MDT)	-104.8284660182	38.7302120643
agbanker	Sun Apr 26 2020 10:36:29 GMT-0600 (MDT)	-104.8108377264	38.7284359097
agbanker	Sun Apr 26 2020 10:36:41 GMT-0600 (MDT)	-104.8282196072	38.7302700395
agbanker	Sun Apr 26 2020 10:37:56 GMT-0600 (MDT)	-104.8281896665	38.7303237654
agbanker	Sun Apr 26 2020 10:40:14 GMT-0600 (MDT)	-104.8054123064	38.7278796473
agbanker	Sun Apr 26 2020 10:41:01 GMT-0600 (MDT)	-104.8273560864	38.7303060641
agbanker	Sun Apr 26 2020 10:43:06 GMT-0600 (MDT)	-104.8069792363	38.7280498025
agbanker	Sun Apr 26 2020 10:43:31 GMT-0600 (MDT)	-104.8271394871	38.7303894076
agbanker	Sun Apr 26 2020 10:44:56 GMT-0600 (MDT)	-104.805557184	38.7279054742
agbanker	Sun Apr 26 2020 10:46:49 GMT-0600 (MDT)	-104.8266173349	38.7308379371
agbanker	Sun Apr 26 2020 10:50:05 GMT-0600 (MDT)	-104.8076226086	38.7282231874
agbanker	Sun Apr 26 2020 10:51:12 GMT-0600 (MDT)	-104.826257847	38.7313088831
agbanker	Sun Apr 26 2020 10:53:48 GMT-0600 (MDT)	-104.8259521654	38.7310350407
agbanker	Sun Apr 26 2020 10:55:24 GMT-0600 (MDT)	-104.8212809694	38.7303518249
agbanker	Sun Apr 26 2020 10:56:01 GMT-0600 (MDT)	-104.8255452946	38.7309890845
agbanker	Sun Apr 26 2020 10:57:44 GMT-0600 (MDT)	-104.8047747903	38.7278049409
agbanker	Sun Apr 26 2020 11:01:36 GMT-0600 (MDT)	-104.8048018438	38.7278084192
agbanker	Sun Apr 26 2020 11:02:58 GMT-0600 (MDT)	-104.8166934249	38.7298558417
agbanker	Sun Apr 26 2020 11:04:23 GMT-0600 (MDT)	-104.8061374776	38.7280438176
agbanker	Sun Apr 26 2020 11:04:47 GMT-0600 (MDT)	-104.8245102093	38.7313215818
agbanker	Sun Apr 26 2020 11:07:20 GMT-0600 (MDT)	-104.8028392847	38.7264573851
agbanker	Sun Apr 26 2020 11:08:49 GMT-0600 (MDT)	-104.824425005	38.7313338047
agbanker	Sun Apr 26 2020 11:09:48 GMT-0600 (MDT)	-104.8244449201	38.7312797601
agbanker	Sun Apr 26 2020 11:16:00 GMT-0600 (MDT)	-104.823995331	38.7316293762
agbanker	Sun Apr 26 2020 11:17:44 GMT-0600 (MDT)	-104.8237903418	38.7315038384
agbanker	Sun Apr 26 2020 11:20:43 GMT-0600 (MDT)	-104.8227044342	38.7311555228
agbanker	Sun Apr 26 2020 11:23:07 GMT-0600 (MDT)	-104.8220318849	38.7305800309
agbanker	Sun Apr 26 2020 11:23:57 GMT-0600 (MDT)	-104.8223020767	38.7306585965
agbanker	Sun Apr 26 2020 11:24:12 GMT-0600 (MDT)	-104.8221178092	38.7306751772
agbanker	Sun Apr 26 2020 11:25:47 GMT-0600 (MDT)	-104.8216720138	38.7309318288
agbanker	Sun Apr 26 2020 11:26:45 GMT-0600 (MDT)	-104.8216593629	38.7309601702
agbanker	Sun Apr 26 2020 11:27:33 GMT-0600 (MDT)	-104.8213051929	38.7309635753
agbanker	Sun Apr 26 2020 11:31:44 GMT-0600 (MDT)	-104.8049294296	38.7278242264
agbanker	Sun Apr 26 2020 11:43:50 GMT-0600 (MDT)	-104.8196928955	38.7347204642
agbanker	Sun Apr 26 2020 11:55:01 GMT-0600 (MDT)	-104.805784362	38.7422314466
agbanker	Sun Apr 26 2020 12:53:48 GMT-0600 (MDT)	-104.8303528882	38.758369942
agbanker	Sun Apr 26 2020 12:54:17 GMT-0600 (MDT)	-104.8303775315	38.758286457
agbanker	Sun Apr 26 2020 12:54:46 GMT-0600 (MDT)	-104.830354275	38.7588538936
agbanker	Sun Apr 26 2020 12:55:08 GMT-0600 (MDT)	-104.8303944601	38.7581238169
agbanker	Sun Apr 26 2020 12:56:29 GMT-0600 (MDT)	-104.8302784979	38.7593050793
agbanker	Sun Apr 26 2020 12:57:05 GMT-0600 (MDT)	-104.8303734548	38.7579373292
agbanker	Sun Apr 26 2020 12:57:42 GMT-0600 (MDT)	-104.8303101061	38.7587806715
agbanker	Sun Apr 26 2020 12:58:00 GMT-0600 (MDT)	-104.8303397438	38.7588585551
agbanker	Sun Apr 26 2020 12:58:44 GMT-0600 (MDT)	-104.8302650864	38.7593400165
agbanker	Sun Apr 26 2020 12:59:09 GMT-0600 (MDT)	-104.8304277333	38.7580351147
agbanker	Sun Apr 26 2020 12:59:45 GMT-0600 (MDT)	-104.8304333498	38.7590451991
agbanker	Sun Apr 26 2020 13:03:16 GMT-0600 (MDT)	-104.8305321141	38.7583369054
agbanker	Sun Apr 26 2020 13:03:34 GMT-0600 (MDT)	-104.8304625556	38.7580004226
agbanker	Sun Apr 26 2020 13:03:51 GMT-0600 (MDT)	-104.8310645127	38.7578641813
agbanker	Sun Apr 26 2020 13:07:29 GMT-0600 (MDT)	-104.8302736095	38.759038307
agbanker	2020/04/27 1:44 PM UTC	-104.8471440088	38.7205246214
agbanker	2020/04/27 4:46 PM UTC	-104.8413497625	38.721155156
agbanker	2020/04/27 2:27 PM UTC	-104.8374528492	38.7338181543
agbanker	2020-04-26	-104.8212628294	38.7314912279
agbanker	2020/04/26 1:00 PM UTC	-104.8460133806	38.7194726062
agbanker	2020/04/27 5:26 PM UTC	-104.8404460281	38.7281015919
agbanker	2020/04/26 10:54 AM UTC	-104.8434510429	38.7171010241
agbanker	2020/04/27 5:40 PM UTC	-104.8309978873	38.7575930043
agbanker	2020/04/27 5:31 PM UTC	-104.8309200007	38.7575399583
agbanker	2020/04/27 5:26 PM UTC	-104.8309594832	38.7576066208
agbanker	2020/04/26 10:07 AM UTC	-104.8287937879	38.720942128
agbanker	2020/04/25 5:28 PM UTC	-104.8310468049	38.7576030888
agbanker	Tue Apr 28 2020 10:34:28 GMT-0600 (MDT)	-104.8553601779	38.7233551406
alcypian	2020-04-28 10:07:32 PM GMT+02:00	4.4267816544	50.8202171326
agbanker	Thu Apr 30 2020 09:21:08 GMT-0600 (MDT)	-104.6852587219	38.7100795173
agbanker	Thu Apr 30 2020 09:22:06 GMT-0600 (MDT)	-104.6852614247	38.7100802742
agbanker	Thu Apr 30 2020 09:22:34 GMT-0600 (MDT)	-104.6852636855	38.7100869637
agbanker	Thu Apr 30 2020 09:23:36 GMT-0600 (MDT)	-104.6853315097	38.7100714447
agbanker	Thu Apr 30 2020 09:25:59 GMT-0600 (MDT)	-104.685720303	38.7098877824
agbanker	Thu Apr 30 2020 09:27:02 GMT-0600 (MDT)	-104.6854919448	38.7099683229
agbanker	Thu Apr 30 2020 09:27:39 GMT-0600 (MDT)	-104.6855736721	38.7099712928
agbanker	Thu Apr 30 2020 11:38:06 GMT-0600 (MDT)	-104.8875416894	38.6204250307
agbanker	Thu Apr 30 2020 11:44:45 GMT-0600 (MDT)	-104.8861748987	38.6212529341
agbanker	Thu Apr 30 2020 12:12:01 GMT-0600 (MDT)	-104.8864955137	38.6261241428
agbanker	2020/04/30 9:22 AM UTC	-104.6842215979	38.7105318839
agbanker	2020/04/30 8:05 AM UTC	-104.684666793	38.7113873848
agbanker	2020/04/30 8:00 AM UTC	-104.6846610004	38.711502708
agbanker	2020/04/30 8:16 AM UTC	-104.6847466228	38.7111002536
agbanker	2020/04/30 9:21 AM UTC	-104.6861262483	38.710545541
agbanker	2020/04/30 8:50 AM UTC	-104.6850103611	38.7102456034
agbanker	Thu Apr 30 2020 13:51:32 GMT-0600 (MDT)	-104.9059122937	38.6421646368
agbanker	Fri May 01 2020 17:55:18 GMT-0600 (MDT)	-104.8310330241	38.757630439
alcypian	2017/02/16 3:12 PM CET	105.5340772471	21.1642179341
alcypian	2017/02/17 3:12 PM CET	105.7210082407	21.300119374
alcypian	2017/02/23 3:12 PM CET	105.5292782986	21.1136078564
alcypian	2017/03/15 3:12 PM CET	105.8506285657	21.203277724
alcypian	2017/03/24 3:12 PM CET	106.1073533093	22.4869782085
alcypian	2017/01/31 3:12 PM CET	106.0710255	21.1781766
alcypian	2017/02/24 3:12 PM CET	105.8806359585	21.1936465367
agbanker	Mon May 04 2020 13:32:46 GMT-0600 (MDT)	-104.8036494613	38.7255680383
agbanker	Mon May 04 2020 13:33:33 GMT-0600 (MDT)	-104.8381900342	38.7333942346
agbanker	Mon May 04 2020 13:37:26 GMT-0600 (MDT)	-104.8051371829	38.7275079247
agbanker	Mon May 04 2020 15:52:34 GMT-0600 (MDT)	-104.8308638614	38.7572446719
agbanker	Tue May 05 2020 14:40:33 GMT-0600 (MDT)	-104.823293696	38.7306933467
alexp1	2020-05-06 4:17:20 PM CDT	-95.16576425	29.66268131
agbanker	Thu May 07 2020 10:07:25 GMT-0600 (MDT)	-104.8283997804	38.7334460252
agbanker	Thu May 07 2020 10:14:06 GMT-0600 (MDT)	-104.8031050228	38.7255289731
agbanker	Thu May 07 2020 10:24:55 GMT-0600 (MDT)	-104.8224969691	38.7355304298
agbanker	2020/05/09 1:45 PM UTC	-104.7248185883	38.7209474782
alexp1	2020-05-10 1:30:21 PM CDT	-95.16501672	29.66475545
agbanker	Tue May 12 2020 15:41:30 GMT-0600 (MDT)	-104.803379668	38.742598351
agbanker	Tue May 12 2020 16:14:59 GMT-0600 (MDT)	-104.8204614624	38.7314481702
agbanker	Tue May 12 2020 16:15:12 GMT-0600 (MDT)	-104.8297093189	38.7300905991
agbanker	Tue May 12 2020 16:15:35 GMT-0600 (MDT)	-104.8296665007	38.7300250503
agbanker	Tue May 12 2020 16:20:54 GMT-0600 (MDT)	-104.8052995792	38.7269258602
agbanker	Tue May 12 2020 16:21:18 GMT-0600 (MDT)	-104.8292265023	38.7301332987
agbanker	Tue May 12 2020 16:21:46 GMT-0600 (MDT)	-104.829196995	38.7300783122
agbanker	Tue May 12 2020 16:44:32 GMT-0600 (MDT)	-104.8054332965	38.7269428309
agbanker	Tue May 12 2020 16:53:51 GMT-0600 (MDT)	-104.8054368366	38.7269434592
agbanker	2020/05/08 2:02 PM UTC	-104.8310718834	38.7574595421
alcypian	2020-05-13 8:27:30 AM GMT+02:00	4.4185658544	50.8151502737
alcypian	2020-05-17 8:50:23 PM GMT+02:00	4.4243777778	50.8173784722
alcypian	2020-05-17 8:49:32 PM GMT+02:00	4.4243777778	50.8173784722
alcypian	2020-05-17 8:48:42 PM GMT+02:00	4.4243777778	50.8173784722
alcypian	2020-05-17 8:37:39 PM GMT+02:00	4.4271397778	50.8224840833
alcypian	2020-05-17 8:35:28 PM GMT+02:00	4.4277125	50.8211597778
alcypian	2020-05-17 3:16:38 PM GMT+02:00	4.4256513889	50.8185925833
alcypian	2020-05-17 9:33:50 PM GMT+02:00	4.4199067778	50.8177547778
alcypian	2020-05-17 9:35:52 PM GMT+02:00	4.4198945833	50.8177392778
alcypian	2020-05-17 9:36:30 PM GMT+02:00	4.4198902778	50.8177476944
alcypian	2020-05-17 9:36:36 PM GMT+02:00	4.4199036944	50.8177406944
alcypian	2020-05-17 9:36:48 PM GMT+02:00	4.4199036944	50.8177406944
alcypian	2020-05-17 9:36:55 PM GMT+02:00	4.4199045	50.8177355833
alcypian	2020-05-17 9:37:05 PM GMT+02:00	4.4199176944	50.8177801944
alcypian	2020-05-17 9:37:31 PM GMT+02:00	4.4199167778	50.8177501944
alcypian	2020-05-17 9:38:54 PM GMT+02:00	4.4199203889	50.8177623889
alcypian	2020-05-17 9:39:19 PM GMT+02:00	4.4199273889	50.8177671944
alcypian	2020-05-18 12:22:00 PM GMT+02:00	4.4199106944	50.8177503889
alcypian	2020-05-18 12:19:41 PM GMT+02:00	4.4199137778	50.8177409722
alcypian	2020-05-18 12:20:03 PM GMT+02:00	4.4199095	50.8177625
alcypian	2020/05/18 7:58 PM +0200	4.3517103	50.8503396
alcypian	2020/04/15 7:58 PM CEST	4.3517103	50.8503396
alcypian	2020/04/16 7:58 PM CEST	4.3517103	50.8503396
alcypian	2020-05-18 3:16:16 PM GMT+02:00	4.4256936944	50.8186148889
agbanker	Mon May 18 2020 13:02:46 GMT-0600 (MDT)	-104.8310209948	38.75759782
alexp1	2020-05-24 12:58:33 PM CDT	-95.16568594	29.66260156
alexp1	2020-05-24 1:21:24 PM CDT	-95.16575912	29.66258967
alexp1	2020-05-26 7:06:11 PM CDT	-95.1657949	29.66256616
alcypian	2020-06-02 11:24:18 PM GMT+02:00	4.4211705833	50.8178263889
agbanker	Fri Jun 05 2020 11:50:38 GMT-0600 (MDT)	-104.8402685283	38.7338408404
alcypian	2020-06-07 5:11:04 PM GMT+02:00	4.419907	50.817747
alcypian	2020-06-13 7:28:22 PM GMT+02:00	4.4467866944	50.81063075
alcypian	2020-06-13 7:29:59 PM GMT+02:00	4.4468301667	50.8104631111
a7v	2020-06-14 7:41:56 PM GMT+05:30	73.1606292216	19.0279713734
alcypian	2020/05/22 9:21 AM CEST	4.3517103	50.8503396
alcypian	2020/05/30 5:31 PM CEST	4.3517103	50.8503396
alcypian	2020/06/16 2:41 PM CEST	4.3517103	50.8503396
alcypian	2020/06/16 2:45 PM CEST	4.3517103	50.8503396
alcypian	2020/06/16 3:07 PM CEST	4.3517103	50.8503396
alcypian	2020/06/16 3:08 PM CEST	4.3517103	50.8503396
alcypian	2020/06/16 3:27 PM CEST	4.3517103	50.8503396
alcypian	2020/06/16 3:30 PM CEST	4.3517103	50.8503396
alcypian	2020/05/22 9:16 AM CEST	4.3517103	50.8503396
alcypian	2020/05/22 9:17 AM CEST	4.3517103	50.8503396
alcypian	2020-06-22 5:16:15 PM GMT+02:00	4.4198749	50.8177118
alexp1	2020-06-22 6:40:19 PM CDT	-95.16574851	29.66254238
alexp1	2020-06-23 6:16:36 PM CDT	-95.16577228	29.66255966
alexis354	2020-06-24 2:54:41 PM ADT	-66.10938545	45.24865597
alexis354	2020-06-24 2:55:27 PM ADT	-66.10937167	45.24865382
a7v	2020-06-27 12:14:34 PM GMT+05:30	73.1831948416	19.0305839032
alcypian	2020-06-27 3:49:27 PM GMT+02:00	4.4198719722	50.8177184722
alexis354	2020-06-27 12:29:53 PM ADT	-67.0824011	45.12380211
alexp1	2020-06-27 10:49:01 AM CDT	-95.16575577	29.66258366
alexp1	2020-06-27 10:52:13 AM CDT	-95.1657142	29.66258975
alexp1	2020-06-30 11:09:19 AM CDT	-95.1657381	29.6625771
acoghill	Thu Jul 02 2020 18:10:13 GMT+0700 (GMT+7)	108.4199938831	11.9018786727
acoghill	Thu Jul 02 2020 18:11:10 GMT+0700 (GMT+7)	108.4200338648	11.9018804329
alexp1	2020-07-09 12:21:41 PM CDT	-95.16578875	29.66265576
alcypian	2020/06/23 8:16 AM CEST	4.3517103	50.8503396
alcypian	2020/07/18 01:00 AM CEST	4.3517103	50.8503396
alexp1	2020-07-24 5:41:40 PM CDT	-95.16579972	29.66244985
alexp1	2020-08-02 9:18:25 AM CDT	-95.08546921	29.59365667
alexp1	2020-08-08 12:20:59 PM CDT	-95.16579385	29.66260349
alcypian	2020/08/10 9:37 AM CEST	5.577952784	50.4077318471
alexp1	2020-08-10 2:30:26 PM CDT	-95.16580504	29.66257051
alcypian	2020/08/17 5:18 PM CEST	5.60564	50.40029
alcypian	2020-08-20 8:11:14 PM GMT+02:00	4.419893	50.8177408
alexp1	2020-08-20 6:32:24 PM CDT	-95.16578069	29.66271439
alexp1	2020-08-22 10:45:21 AM CDT	-95.00188059	30.66520998
alexp1	2020-08-22 10:47:21 AM CDT	-95.00193446	30.66509644
alexp1	2020-08-22 10:49:47 AM CDT	-95.00225058	30.66523247
alexp1	2020-08-22 10:52:59 AM CDT	-95.00238453	30.66504647
alexp1	2020-08-22 10:59:44 AM CDT	-95.00108402	30.66607026
alexp1	2020-08-22 11:08:42 AM CDT	-95.00220295	30.66638116
alexp1	2020-08-31 10:26:06 AM CDT	-95.1657197	29.6625552
alexis354	2020-06-27 4:54:20 PM ADT	-67.04585389	45.07970171
alexis354	2020-06-27 4:56:10 PM ADT	-67.04589067	45.07938836
alexis354	2020-06-27 4:56:50 PM ADT	-67.04578567	45.07935349
alexis354	2020-06-27 4:57:30 PM ADT	-67.04579675	45.07931341
alexis354	2020-06-27 4:57:49 PM ADT	-67.04579396	45.07932009
alexis354	2020-06-27 4:58:23 PM ADT	-67.04579141	45.07930794
alexis354	2020-06-27 5:00:14 PM ADT	-67.04605853	45.07932409
alexis354	2020-06-27 5:02:40 PM ADT	-67.04620321	45.07929779
alexis354	2020-06-27 5:41:14 PM ADT	-67.04793148	45.07907554
ajlymcdonald	Sat Jul 06 2019 20:45:41 GMT-0400 (EDT)	-78.6047907223	45.0809827621
ajlymcdonald	Wed Aug 14 2019 13:30:41 GMT-0400 (EDT)	-78.8359216667	45.1950083333
ajlymcdonald	Sat Nov 02 2019 04:33:27 GMT-0400 (EDT)	105.835975	21.0288695
ajlymcdonald	Sat Nov 09 2019 03:55:08 GMT-0500 (EST)	107.02855	20.7457966667
ajlymcdonald	Sun Nov 10 2019 22:49:47 GMT-0500 (EST)	105.9471283333	20.2175616667
ajlymcdonald	Tue Nov 12 2019 01:59:58 GMT-0500 (EST)	105.741563416	20.2777645339
ajlymcdonald	Tue Nov 12 2019 02:09:36 GMT-0500 (EST)	105.7145395791	20.2298010541
ajlymcdonald	Sun Jun 21 2020 10:54:43 GMT-0400 (EDT)	-78.49390333	45.03007783
ajlymcdonald	Mon Aug 24 2020 10:18:33 GMT-0400 (EDT)	-76.853325	45.43008333
ajlymcdonald	Sat Aug 22 2020 10:11:07 GMT-0400 (EDT)	-76.85275333	45.42990833
ajlymcdonald	Fri Aug 07 2020 17:42:17 GMT-0400 (EDT)	-78.320211687	45.7942775707
ajlymcdonald	Fri Aug 14 2020 12:39:07 GMT-0400 (EDT)	-76.85285333	45.42982833
ajlymcdonald	Mon Jul 13 2020 19:29:47 GMT-0400 (EDT)	-76.6777209218	45.4735448252
ajlymcdonald	Wed Jul 08 2020 08:33:33 GMT-0400 (EDT)	-76.852845	45.43003333
ajlymcdonald	Fri Jul 17 2020 18:58:10 GMT-0400 (EDT)	-76.85273667	45.42992833
ajlymcdonald	Fri Sep 18 2020 07:22:14 GMT-0400 (EDT)	-75.634995	45.36833667
ajlymcdonald	Sun Sep 06 2020 09:10:34 GMT-0400 (EDT)	-75.7625820949	45.3908334867
ajlymcdonald	Sun Sep 13 2020 23:31:19 GMT-0400 (EDT)	-75.63498667	45.36833667
ajlymcdonald	Wed Jul 01 2020 12:19:09 GMT-0400 (EDT)	-76.85260833	45.42988667
ajlymcdonald	Tue Nov 12 2019 02:16:53 GMT-0500 (EST)	105.7677076234	20.3839851684
ajlymcdonald	Tue Aug 18 2020 21:40:47 GMT-0400 (EDT)	-76.85301167	45.43010333
ajlymcdonald	Tue Jul 21 2020 16:23:30 GMT-0400 (EDT)	-76.85279167	45.429875
ajlymcdonald	Mon Jun 29 2020 12:15:30 GMT-0400 (EDT)	-76.852945	45.43002167
ajlymcdonald	Sun Jun 21 2020 15:49:16 GMT-0400 (EDT)	-78.687605	44.96415333
ajlymcdonald	Fri Mar 20 2020 12:22:44 GMT-0400 (EDT)	-77.0133138833	44.4224283333
ajlymcdonald	Mon Aug 12 2019 19:54:17 GMT-0400 (EDT)	-78.8090216667	45.2269883333
ajlymcdonald	Fri Nov 01 2019 05:06:29 GMT-0400 (EDT)	105.8589466667	21.0400721667
ajlymcdonald	Sat Nov 02 2019 01:55:19 GMT-0400 (EDT)	105.85298	21.0307528333
ajlymcdonald	Mon Nov 11 2019 05:20:58 GMT-0500 (EST)	108.4447721472	14.754002078
ajlymcdonald	Mon Nov 11 2019 21:49:08 GMT-0500 (EST)	105.9329916667	20.2462216667
ajlymcdonald	Sat Nov 02 2019 04:36:34 GMT-0400 (EDT)	105.8363116667	21.0292555
ajlymcdonald	Mon Nov 04 2019 23:49:30 GMT-0500 (EST)	106.7249533333	22.854125
ajlymcdonald	Tue Nov 05 2019 00:00:49 GMT-0500 (EST)	106.7226783333	22.851225
ajlymcdonald	Sat Nov 02 2019 04:30:07 GMT-0400 (EDT)	105.836105	21.0283916667
ajlymcdonald	Mon Sep 21 2020 08:02:17 GMT-0400 (EDT)	-75.63498	45.36838
ajlymcdonald	Mon Sep 21 2020 10:35:00 GMT-0400 (EDT)	-75.634955	45.36838667
ajlymcdonald	Mon Sep 21 2020 10:45:01 GMT-0400 (EDT)	-75.63488	45.368405
alexp1	2020-09-21 2:06:37 PM CDT	-94.09529659	30.09905292
ajlymcdonald	Mon Sep 21 2020 17:16:44 GMT-0400 (EDT)	-75.634995	45.36838833
ajlymcdonald	Tue Sep 22 2020 14:13:50 GMT-0400 (EDT)	-75.63491167	45.36838667
ajlymcdonald	Fri Sep 25 2020 15:07:38 GMT-0400 (EDT)	-75.63500333	45.36842833
alexp1	2020-09-26 11:00:00 AM CDT	-95.1657208	29.6625741
ajlymcdonald	Tue Sep 29 2020 17:16:02 GMT-0400 (EDT)	-75.634995	45.36837
ajlymcdonald	Tue Sep 29 2020 16:17:06 GMT-0400 (EDT)	-75.63493333	45.36834667
alcypian	2020-09-30 5:56:57 PM GMT+02:00	4.4198566944	50.8177226944
alcypian	2020-10-06 10:43:09 AM GMT+02:00	4.4198553	50.8177266
ajlymcdonald	Thu Oct 08 2020 15:29:52 GMT-0400 (EDT)	-75.64485833	45.44392
ajlymcdonald	Sat Oct 10 2020 11:04:55 GMT-0400 (EDT)	-76.86042	45.42995833
ajlymcdonald	Sun Oct 11 2020 11:40:25 GMT-0400 (EDT)	-76.852875	45.43000333
ajlymcdonald	Mon Oct 12 2020 09:05:29 GMT-0400 (EDT)	-75.635025	45.368405
ajlymcdonald	Mon Oct 12 2020 07:46:24 GMT-0400 (EDT)	-75.63498	45.36837
ajlymcdonald	Sat Oct 10 2020 11:04:44 GMT-0400 (EDT)	-76.86045	45.429945
ajlymcdonald	Mon Oct 12 2020 20:00:01 GMT-0400 (EDT)	-75.634739116	45.3674086984
ajlymcdonald	Tue Oct 13 2020 16:08:59 GMT-0400 (EDT)	-75.783675	45.33192
ajlymcdonald	Wed Oct 14 2020 23:11:52 GMT-0400 (EDT)	-75.63503333	45.36833667
ajlymcdonald	Thu Oct 15 2020 20:18:14 GMT-0400 (EDT)	-75.6333374596	45.3669483966
ajlymcdonald	Fri Oct 16 2020 13:13:54 GMT-0400 (EDT)	-76.85288833	45.42997833
ajlymcdonald	Sat Oct 17 2020 09:52:54 GMT-0400 (EDT)	-76.85288833	45.43008833
ajlymcdonald	Sat Oct 17 2020 12:47:45 GMT-0400 (EDT)	-76.85278333	45.4299
alidm	2020-10-17 22:30:00	-73.6935485154	45.4324903926
ajlymcdonald	Mon Oct 19 2020 22:28:39 GMT-0400 (EDT)	-75.63494167	45.36842
ajlymcdonald	Mon Oct 19 2020 18:05:28 GMT-0400 (EDT)	-75.634995	45.36836167
ajlymcdonald	Mon Oct 19 2020 22:28:35 GMT-0400 (EDT)	-75.6139489595	45.3597577479
ajlymcdonald	Tue Oct 20 2020 13:27:34 GMT-0400 (EDT)	-75.48265	45.44623667
a7v	2020-01-03 2:35:03 PM GMT+05:30	77.5645848146	12.9391455518
a7v	2019-08-06 12:25:38 PM GMT+05:30	77.4841505916	12.9122188894
a7v	2019-07-14 10:18:50 AM GMT+05:30	77.5244303991	12.9580586745
a7v	2020-01-01 11:40:40 AM GMT+05:30	77.4764226016	12.906377561
a7v	2020-01-21 1:02:03 AM GMT+05:30	77.4895636958	12.9635783868
ajlymcdonald	Wed Oct 21 2020 17:52:18 GMT-0400 (EDT)	-75.63500333	45.368355
ajlymcdonald	Thu Oct 22 2020 19:46:33 GMT-0400 (EDT)	-75.63503333	45.36835833
ajlymcdonald	Sat Oct 24 2020 19:43:17 GMT-0400 (EDT)	-75.634955	45.36837833
ajlymcdonald	Sat Oct 24 2020 19:18:26 GMT-0400 (EDT)	-75.63501667	45.36836167
ajlymcdonald	Sun Oct 25 2020 08:42:46 GMT-0400 (EDT)	-75.63495	45.36838
ajlymcdonald	Sun Oct 25 2020 08:47:20 GMT-0400 (EDT)	-75.634955	45.368375
ajlymcdonald	Thu Oct 29 2020 23:11:04 GMT-0400 (EDT)	-75.635095	45.36857
ajlymcdonald	Mon Nov 02 2020 06:52:05 GMT-0500 (EST)	-75.635025	45.3684083333
ajlymcdonald	Thu Nov 05 2020 12:29:26 GMT-0500 (EST)	-75.48278	45.446105
ajlymcdonald	Thu Nov 05 2020 14:44:28 GMT-0500 (EST)	-75.482575	45.446145
aleksei	2020-09-27	29.9033947662	60.3112116824
aleksei	2020-09-18	31.0232404992	61.6410670731
aleksei	2020-09-15 1:29:12 PM GMT+03:00	29.9506386997	60.7130212
aleksei	2020-09-03 5:37:11 PM GMT+03:00	28.3444485361	57.8188326028
a7v	2020-12-15 5:47:52 PM GMT+05:30	72.9540519448	19.1621621936
a7v	2016-10-15 5:45:00 PM GMT+05:30	72.9896577954	19.0057645366
a7v	2020-11-28 5:11:12 PM GMT+05:30	72.8220884129	19.0553175742
a7v	2019-12-28 7:29:24 AM GMT+05:30	77.3060365466	13.4324584113
a7v	2019-05-28 9:35:02 PM GMT+05:30	77.438706654	12.9947502065
a7v	2016-12-05 6:35:00 PM GMT+05:30	77.5655501549	12.9145648292
achilles2b31	Mon Mar 16 2020 15:19:56 GMT+0800 (GMT+8)	114.1279682993	22.2811569886
achilles2b31	Fri Dec 25 2020 12:05:27 GMT+0800 (GMT+8)	114.1758679652	22.2448014575
achilles2b31	Fri Dec 25 2020 12:28:46 GMT+0800 (GMT+8)	114.17593692	22.2453415525
achilles2b31	Fri Dec 25 2020 12:30:03 GMT+0800 (GMT+8)	114.1752342459	22.2448715102
achilles2b31	Fri Dec 25 2020 12:30:34 GMT+0800 (GMT+8)	114.1749107721	22.2449591228
achilles2b31	Fri Dec 25 2020 12:30:51 GMT+0800 (GMT+8)	114.1748112913	22.244999025
achilles2b31	Fri Dec 25 2020 12:31:13 GMT+0800 (GMT+8)	114.1747347768	22.2450606348
achilles2b31	Fri Dec 25 2020 12:31:34 GMT+0800 (GMT+8)	114.1746327009	22.2451449533
achilles2b31	Fri Dec 25 2020 12:31:58 GMT+0800 (GMT+8)	114.1744936433	22.24533341
achilles2b31	Fri Dec 25 2020 12:32:55 GMT+0800 (GMT+8)	114.1739685948	22.2457041698
achilles2b31	Fri Dec 25 2020 12:33:14 GMT+0800 (GMT+8)	114.1739042943	22.2458812629
achilles2b31	Fri Dec 25 2020 12:34:13 GMT+0800 (GMT+8)	114.1739362142	22.2464592782
achilles2b31	Fri Dec 25 2020 12:34:51 GMT+0800 (GMT+8)	114.1739896671	22.246862969
achilles2b31	Fri Dec 25 2020 12:35:16 GMT+0800 (GMT+8)	114.1740223872	22.2470292793
achilles2b31	Fri Dec 25 2020 12:35:55 GMT+0800 (GMT+8)	114.1740088758	22.2473773301
achilles2b31	Fri Dec 25 2020 12:38:03 GMT+0800 (GMT+8)	114.1744893151	22.2484915319
achilles2b31	Fri Dec 25 2020 12:41:26 GMT+0800 (GMT+8)	114.1753544829	22.2481288703
achilles2b31	Fri Dec 25 2020 12:41:59 GMT+0800 (GMT+8)	114.1753312762	22.2481525458
achilles2b31	Fri Dec 25 2020 12:42:46 GMT+0800 (GMT+8)	114.1753543565	22.2481288421
achilles2b31	Fri Dec 25 2020 12:43:07 GMT+0800 (GMT+8)	114.175353864	22.2481293015
achilles2b31	Fri Dec 25 2020 12:43:32 GMT+0800 (GMT+8)	114.175330066	22.248150732
achilles2b31	Fri Dec 25 2020 12:44:12 GMT+0800 (GMT+8)	114.1753542102	22.2481287832
achilles2b31	Fri Dec 25 2020 12:45:00 GMT+0800 (GMT+8)	114.1751554384	22.2482827017
achilles2b31	Fri Dec 25 2020 12:45:27 GMT+0800 (GMT+8)	114.1753626487	22.248385265
achilles2b31	Fri Dec 25 2020 12:46:55 GMT+0800 (GMT+8)	114.1753412986	22.2481390452
a7v	2020-12-18 10:35:50 PM GMT+05:30	73.0176019861	19.1903142215
a7v	2020-12-27 11:57:27 AM GMT+05:30	73.1113211321	19.0220191535
a7v	2019-11-30 5:52:59 PM GMT+05:30	77.5624098048	12.9933288877
a7v	2019-11-11 12:35:13 PM GMT+05:30	77.5849947104	12.8685552852
a7v	2021-01-03 8:32:35 AM GMT+05:30	72.9222992099	19.0397897517
a7v	2021-01-03 7:34:20 AM GMT+05:30	72.8869125475	19.0148298951
a7v	2021-01-28 5:48:33 PM GMT+05:30	73.1543317863	19.1383864426
a7v	2021-01-28 5:46:42 PM GMT+05:30	73.1887164092	19.1555730564
a7v	2019-09-30 5:59:07 PM GMT+05:30	76.4283008798	9.7512958798
a7v	2019-10-02 6:11:38 PM GMT+05:30	76.4033544243	9.7598589189
a7v	2021-01-03 8:31:26 AM GMT+05:30	72.8028552558	19.1976329949
a7v	2017-10-20 10:40:10 AM GMT+05:30	73.3457332696	18.8836986161
a7v	2019-10-02 8:44:02 AM GMT+05:30	76.4156763447	9.7130320742
a7v	2019-10-03 2:25:21 PM GMT+05:30	76.4524708496	9.7120140795
a7v	2017-10-20 12:18:44 PM GMT+05:30	73.201320725	18.9643013039
achilles2b31	Sat Feb 06 2021 14:11:11 GMT+0800 (GMT+8)	114.0185506102	22.1994386693
achilles2b31	Sat Feb 06 2021 14:12:17 GMT+0800 (GMT+8)	114.0184534312	22.19946542
achilles2b31	Sat Feb 06 2021 14:12:37 GMT+0800 (GMT+8)	114.0182265355	22.1994629657
achilles2b31	Sat Feb 06 2021 14:12:57 GMT+0800 (GMT+8)	114.018211861	22.199409383
achilles2b31	Sat Feb 06 2021 14:13:22 GMT+0800 (GMT+8)	114.0181865749	22.1994784034
achilles2b31	Sat Feb 06 2021 14:13:41 GMT+0800 (GMT+8)	114.018180341	22.1995033626
a7v	2019-09-19 9:53:06 AM GMT+05:30	77.427084398	12.9356035839
a7v	2017-06-11 7:43:17 AM GMT+05:30	77.5646542999	12.8078394329
a7v	2019-12-10 9:11:46 PM GMT+05:30	77.5966474673	12.8502488294
a7v	2016-09-28 2:12:07 AM GMT+05:30	77.4564332525	12.9766714007
a7v	2019-06-03 1:58:53 AM GMT+05:30	77.5048969749	12.9576874537
a7v	2018-02-19 4:47:20 PM GMT+05:30	77.2723233173	28.6058478351
a7v	2020-01-02 12:24:36 PM GMT+05:30	77.4064286137	12.9332412508
a7v	2019-12-08 6:22:18 PM GMT+05:30	77.5313034762	12.9638710027
a7v	2019-11-12 10:36:04 PM GMT+05:30	77.4329070816	12.84214794
a7v	2019-09-30 12:20:25 AM GMT+05:30	77.4260013187	12.8547738557
a7v	2019-09-13 2:39:07 PM GMT+05:30	77.4537470282	12.9257887721
a7v	2019-09-08 9:15:14 PM GMT+05:30	77.5945626944	12.9714785136
a7v	2019-07-24 7:35:55 PM GMT+05:30	77.5033811256	12.8886857064
a7v	2019-07-20 9:03:26 PM GMT+05:30	77.5008686987	12.9521581917
a7v	2019-07-11 8:43:51 PM GMT+05:30	77.4048436348	12.8073110936
a7v	2019-05-10 12:40:34 PM GMT+05:30	77.4036553595	12.8476893966
a7v	2019-04-25 10:34:50 AM GMT+05:30	77.4974903753	12.8064420185
a7v	2017-05-22 7:36:02 PM GMT+05:30	77.4270241773	12.8098954835
a7v	2017-01-19 12:46:08 AM GMT+05:30	77.4513217074	12.8560007582
a7v	2016-12-16 7:44:00 PM GMT+05:30	77.4289572491	12.899069453
a7v	2016-12-03 9:57:34 PM GMT+05:30	77.5344540375	12.8189388363
a7v	2016-12-11 12:05:38 AM GMT+05:30	77.5666428284	12.8690977382
a7v	2016-08-30 2:36:02 PM GMT+05:30	77.472067485	12.8999198849
a7v	2016-08-24 10:10:24 PM GMT+05:30	77.5945626944	12.9714785136
a7v	2021-02-14 10:13:04 AM GMT+05:30	73.0891187201	18.9134594085
achilles2b31	Fri Feb 26 2021 11:35:26 GMT+0800 (GMT+8)	114.1741252557	22.2318708933
a7v	2019-08-16 12:13:35 AM GMT+05:30	77.5510203469	12.8950688009
a7v	2019-09-30 1:15:25 PM GMT+05:30	77.539796995	12.9350290744
achilles2b31	Sat Feb 06 2021 14:14:32 GMT+0800 (GMT+8)	114.0185611733	22.1994407809
a7v	2019-04-15	77.5022846499	12.9685280005
ad-d-linhnguyen	2021/02/26 4:22 PM WIB	106.7199039	10.7300455
ad-d-linhnguyen	2021/02/26 3:45 PM WIB	106.7152111	10.7406097
a7v	2021-03-20 9:06:41 PM GMT+05:30	77.5935174702	12.968594767
achilles2b31	Fri Apr 02 2021 17:38:54 GMT+0800 (GMT+8)	114.2877388153	22.3648015971
a7v	2021-04-02 12:30:13 AM GMT+05:30	77.4905156887	12.8623469957
a7v	2021-04-08 11:56:48 AM GMT+05:30	77.5800222868	12.924829382
a7v	2021-04-13 4:28:16 PM GMT+05:30	77.4567861394	12.891466526
alexp1	2021-04-17 4:15:36 PM CDT	-95.15094743	29.5442046
a7v	2021-04-20 10:47:10 PM GMT+05:30	77.4927543406	12.9453503424
a7v	2021-04-23 8:25:50 PM GMT+05:30	77.4182309181	12.9731235165
alexp1	2021-04-24 1:45:46 PM CDT	-95.1657176	29.6625776
alexp1	2021-04-24 1:49:34 PM CDT	-95.1657699	29.6625772
ahmuvan	Fri May 07 2021 14:37:01 GMT+0800 (GMT+8)	103.8227526474	1.3816985892
ahmuvan	Tue Apr 20 2021 23:04:08 GMT+0800 (GMT+8)	103.9502445035	1.3777664669
ahmuvan	Sun Feb 07 2021 02:13:33 GMT+0800 (GMT+8)	103.8076836353	1.3993461311
ahmuvan	Sun Feb 07 2021 15:13:36 GMT+0800 (GMT+8)	103.8076485213	1.3992335793
ahmuvan	Thu Dec 31 2020 14:15:13 GMT+0800 (GMT+8)	103.8077235676	1.3993264144
ahmuvan	Sun Jan 31 2021 07:16:36 GMT+0800 (GMT+8)	103.7800417517	1.3294663723
ahmuvan	Fri May 07 2021 11:35:52 GMT+0800 (GMT+8)	103.8223722132	1.3817976342
a7v	2021-05-14 12:57:45 AM GMT+05:30	73.1713754095	19.0072405651
alexp1	2021-05-26 09:00:11	-95.16576752	29.66259388
alidm	2021-05-24 17:31:23	-74.6064319722	46.1852609722
a7v	2017-01-31 5:22:31 PM GMT+05:30	77.5866781783	12.9230434195
a7v	2021-06-02 9:36:57 AM GMT+05:30	72.8634938816	19.0513707152
a7v	2021-04-24 6:08:22 PM GMT+05:30	77.5945626944	12.9714785136
alexp1	2021-06-19 12:04:40	-95.1659325	29.66253666
a7v	2021-06-20 5:13:02 PM GMT+05:30	72.9321542252	19.0923730467
a7v	2015-04-18	76.5532702524	26.1039483681
ahmuvan	Fri Jul 16 2021 15:45:16 GMT+0800 (GMT+8)	103.8071078761	1.2591571845
achilles2b31	Fri Apr 02 2021 17:40:54 GMT+0800 (GMT+8)	114.2877003524	22.3647819536
achilles2b31	Sun Jul 11 2021 15:43:19 GMT+0800 (GMT+8)	114.1409711308	22.2658469014
achilles2b31	Sat Jul 17 2021 12:23:58 GMT+0800 (GMT+8)	114.1881751087	22.2825482126
achilles2b31	Sat Jul 17 2021 12:25:11 GMT+0800 (GMT+8)	114.1887556988	22.2831543219
achilles2b31	Sat Jul 17 2021 12:25:48 GMT+0800 (GMT+8)	114.1886891708	22.2832102676
achilles2b31	Sat Jul 17 2021 12:26:27 GMT+0800 (GMT+8)	114.1887812225	22.2831463172
achilles2b31	Sat Jul 17 2021 12:27:28 GMT+0800 (GMT+8)	114.1886854828	22.2833615975
achilles2b31	Sat Jul 17 2021 12:28:19 GMT+0800 (GMT+8)	114.1886521499	22.2833357621
achilles2b31	Sat Jul 17 2021 12:28:53 GMT+0800 (GMT+8)	114.1886598153	22.2833071562
achilles2b31	Sat Jul 17 2021 12:30:30 GMT+0800 (GMT+8)	114.1886766576	22.2833798126
achilles2b31	Sat Jul 17 2021 12:32:19 GMT+0800 (GMT+8)	114.1890960788	22.2836429379
achilles2b31	Sat Jul 17 2021 12:38:56 GMT+0800 (GMT+8)	114.1894365588	22.282117755
achilles2b31	Sat Jul 17 2021 12:39:22 GMT+0800 (GMT+8)	114.189627394	22.2822602147
achilles2b31	Sat Jul 17 2021 12:40:43 GMT+0800 (GMT+8)	114.1899102078	22.2824501523
ahmuvan	Sat Jul 17 2021 15:42:50 GMT+0800 (GMT+8)	103.8095044921	1.2567475693
ahmuvan	Sat Jul 10 2021 23:18:25 GMT+0800 (GMT+8)	103.9501605314	1.3779972269
ahmuvan	Wed Jul 21 2021 19:49:29 GMT+0800 (GMT+8)	103.9076189626	1.2988976258
ajlymcdonald	Sat Jul 31 2021 09:10:31 GMT-0400 (EDT)	-75.6350466667	45.3683966667
alexis354	2021-08-01 18:49:16	-66.08807346	45.29704192
a7v	2021-08-05 09:28:13	72.8863274776	19.1677475381
abbie108	Wed Aug 11 2021 16:12:32 GMT +1200 (GMT+12)	172.6297302246	-43.578666687
abbie108	Wed Aug 11 2021 16:14:40 GMT +1200 (GMT+12)	172.6309204102	-43.5783729553
abbie108	2021-08-11 04:15:33Z	172.6296813136	-43.5785735166
abbie108	Wed Aug 11 2021 16:21:57 GMT +1200 (GMT+12)	172.6293334961	-43.5785598755
abbie108	Wed Aug 11 2021 16:23:52 GMT +1200 (GMT+12)	172.6294403076	-43.5781211853
alexp1	2021-08-12 10:14:02	-94.09236035	30.09933218
alexp1	2021-08-13 10:06:55	-95.16574845	29.66260588
ahmuvan	Thu Aug 12 2021 11:11:08 GMT+0800 (GMT+8)	103.821715231	1.3824489385
aleksei	2021-08-26 14:45:32	20.4649019997	44.8112873997
aleksei	2021-08-18 15:28:18	19.8616129	45.2535906
aleksei	2021-05-18 19:09:46	30.3168269997	60.0230674
alisa_palagina	2021-09-03 13:35:49	37.4211595914	55.6330589068
alisa_palagina	2021-09-03 13:41:38	37.4208637611	55.6333950893
alisa_palagina	2021-09-03 13:46:17	37.42048437	55.6337783393
alisa_palagina	2021-09-03 13:50:14	37.4199679034	55.6341388421
alisa_palagina	2021-09-03 13:53:17	37.4204546271	55.6338284782
alisa_palagina	2021-07-15	37.4294191226	55.6332580957
alisa_palagina	2021-07-29 10:46:28	19.4998607039	40.4404920288
alisa_palagina	2021-07-29 10:43:37	19.4987750798	40.4445422516
alexp1	2021-09-06 19:14:53	-95.16582206	29.66253742
alexp1	2021-09-06 19:18:46	-95.16571607	29.6626016
ahmuvan	Wed Sep 08 2021 21:42:44 GMT+0800 (GMT+8)	103.8218351107	1.3827015724
ahmuvan	Wed Sep 08 2021 21:45:49 GMT+0800 (GMT+8)	103.8216496875	1.3823609313
ahmuvan	Wed Sep 08 2021 20:59:19 GMT+0800 (GMT+8)	103.8216616005	1.382508757
ahmuvan	Wed Sep 08 2021 21:00:56 GMT+0800 (GMT+8)	103.8215478215	1.3827163956
ahmuvan	Wed Sep 08 2021 22:02:15 GMT+0800 (GMT+8)	103.8203911376	1.3896265648
ahmuvan	Wed Sep 08 2021 22:04:06 GMT+0800 (GMT+8)	103.8203804764	1.3899136777
alisa_palagina	2021-09-11 09:33:19	37.5281525776	55.6324855314
alisa_palagina	2021-09-13 09:52:59	12.9922114313	55.5899907409
alidm	2021-09-26 08:54:35	-73.535171	45.507358
a7v	2021-09-26 16:54:00	72.8725532186	19.0711016208
aleksei	2021-10-06 16:41:00	39.7341541573	43.6027881734
ahmuvan	Tue Oct 05 2021 21:32:33 GMT+0800 (GMT+8)	103.8155924413	1.3466405436
ahmuvan	Tue Oct 05 2021 21:34:50 GMT+0800 (GMT+8)	103.8156922914	1.3460172189
ahmuvan	Wed Sep 01 2021 12:14:56 GMT+0800 (GMT+8)	103.8241590654	1.3887041736
ahmuvan	Tue Oct 05 2021 23:34:33 GMT+0800 (GMT+8)	103.8164689104	1.34920654
a7v	2021-10-24 11:20:00	72.9267231705	19.1314844595
alexp1	2021-09-14 17:56:01	-95.1658374	29.6626092
alexp1	2021-10-31 11:51:49	-95.16575095	29.66256604
ahmuvan	Fri Oct 29 2021 23:52:15 GMT+0800 (GMT+8)	103.7813251283	1.3718971719
achilles2b31	Sat Jul 17 2021 12:45:56 GMT+0800 (GMT+8)	114.18902	22.2832883333
achilles2b31	Sat Jul 17 2021 12:42:50 GMT+0800 (GMT+8)	114.1893166714	22.2820989213
achilles2b31	Fri Nov 12 2021 11:45:14 GMT+0800 (GMT+8)	114.2496725799	22.2639743697
achilles2b31	Fri Nov 12 2021 11:50:01 GMT+0800 (GMT+8)	114.2495331842	22.2640170267
achilles2b31	Fri Nov 12 2021 11:50:45 GMT+0800 (GMT+8)	114.2493933091	22.2640429262
achilles2b31	Fri Nov 12 2021 11:51:10 GMT+0800 (GMT+8)	114.2494576948	22.2642936329
achilles2b31	Fri Nov 12 2021 11:52:06 GMT+0800 (GMT+8)	114.2493678201	22.2640546599
achilles2b31	2021-11-12 11:45:11+08:00	114.2494588361	22.2643077342
abbie108	Thu Nov 18 2021 18:28:48 GMT +1300 (GMT+13)	172.711531017	-43.5409185156
abbie108	Sat Nov 20 2021 18:02:00 GMT +1300 (GMT+13)	172.6298370361	-43.578453064
a7v	2021-06-13 23:47:24	72.998487772	19.1370078122
a7v	2021-04-15 20:39:42	77.5335042144	12.9438852422
a7v	2021-04-14 14:44:37	77.48564087	12.8218682983
achilles2b31	Fri Nov 12 2021 11:52:03 GMT+0800 (GMT+8)	114.2494416667	22.2640533333
achilles2b31	Fri Nov 12 2021 11:56:49 GMT+0800 (GMT+8)	114.249275	22.26432
alidm	2021-12-04 17:00:00	-78.4556044266	22.5286450768
alexander941	Sat Oct 16 2021 14:54:09 GMT+0700 (GMT+7)	105.7846025592	21.2673647595
alexander941	Sat Oct 16 2021 15:04:11 GMT+0700 (GMT+7)	105.7844102148	21.2672792761
alexander941	Sat Oct 16 2021 18:47:53 GMT+0700 (GMT+7)	105.7844081452	21.2673293491
abbie108	Mon Dec 13 2021 14:27:39 GMT +1300 (GMT+13)	172.6297607422	-43.5783920288
a7v	2021-12-12 02:52:17	72.9541272755	19.1054504235
ahmuvan	Fri Dec 10 2021 22:34:00 GMT+0800 (GMT+8)	103.7958017098	1.3937956132
a7v	2021-12-25 10:16:48	72.9998012512	19.0811640175
alexp1	2021-12-30 14:16:08	-95.59953089	29.37643966
abbie108	Tue Jan 25 2022 13:00:15 GMT +1300 (GMT+13)	172.5875244141	-43.5229682922
achilles2b31	Fri Nov 12 2021 11:49:59 GMT+0800 (GMT+8)	114.2496	22.2639
achilles2b31	Fri Nov 12 2021 11:46:04 GMT+0800 (GMT+8)	114.2494133333	22.2649416667
achilles2b31	Sat Nov 27 2021 19:34:13 GMT+0800 (GMT+8)	114.138746978	22.2664020856
ahmuvan	Tue Feb 01 2022 15:53:00 GMT+0800 (GMT+8)	103.7786975218	1.4110642366
aleriva	2022-02-28 15:54:12	9.82861526	45.72531548
aleriva	2022-03-02 17:19:26	9.86944769	45.78430117
aleriva	2022-03-03 18:06:39	9.87100015	45.78282404
aleriva	2022-03-03 18:18:28	9.86994131	45.78363163
aleriva	2022-03-04 09:27:25	9.86934593	45.78291083
aleriva	2022-03-04 10:35:14	9.87109324	45.78299215
aleriva	2022-03-06 10:14:27	9.82679209	45.71693525
aleriva	2022-03-06 10:19:10	9.82596643	45.71685617
aleriva	2022-03-06 10:23:17	9.82576783	45.71751643
aleriva	2022-03-06 10:29:41	9.82604712	45.71820219
aleriva	2022-03-06 10:51:21	9.82642819	45.72090549
aleriva	2022-03-06 13:36:32	9.83260032	45.73194462
aleriva	2022-03-13 11:32:41	9.94046724	45.8035075
achilles2b31	Sun Nov 28 2021 14:49:56 GMT+0800 (GMT+8)	113.9104890221	22.2538291991
achilles2b31	Mon Feb 07 2022 15:02:43 GMT+0800 (GMT+8)	114.2209041038	22.281281865
achilles2b31	Mon Mar 14 2022 08:49:37 GMT+0800 (GMT+8)	114.0192063242	22.1990328138
achilles2b31	Mon Mar 14 2022 14:40:37 GMT+0800 (GMT+8)	114.0187467238	22.1996458526
achilles2b31	Mon Mar 14 2022 14:43:52 GMT+0800 (GMT+8)	114.0187139928	22.1995024819
abbie108	2022-03-17 23:13:56Z	172.6340530628	-43.5753689474
aleriva	2022-03-13 12:21:55	9.96344827	45.80845728
aleriva	2022-03-18 09:54:30	9.86950033	45.78318792
aleriva	2022-03-18 10:01:28	9.86958516	45.78314145
aleriva	2022-03-18 10:07:23	9.86965501	45.78312578
aleriva	2022-03-18 10:10:24	9.86966945	45.78304132
aleriva	2022-03-18 10:16:34	9.86975689	45.78308384
aleriva	2022-03-18 10:19:45	9.86974285	45.78309607
aleriva	2022-03-18 10:35:11	9.86993187	45.78284315
aleriva	2022-03-18 10:36:15	9.86996833	45.78289129
aleriva	2022-03-18 10:54:37	9.87044748	45.78299543
aleriva	2022-03-18 11:24:36	9.86897208	45.78370186
aihe	2022-03-23	175.0795827806	-36.7922635858
aihe	2022-03-26 16:41:24	175.0795827806	-36.7922635858
aihe	2022-03-26 17:08:42	175.0795827806	-36.7922635858
aleriva	2022-03-28 14:48:53	9.2532769	45.5935084
achilles2b31	Tue Mar 15 2022 11:25:08 GMT+0800 (GMT+8)	114.018645035	22.1995330989
aleriva	2022-04-03 15:58:10	7.29784666	45.78576709
aihe	2022-04-11 12:56:51	175.0863683333	-36.7932933333
aleriva	2022-04-12 15:26:58	9.45780516	45.70168832
aleriva	2022-04-12 15:28:10	9.45779034	45.70181753
aleriva	2022-04-15 09:53:06	9.86942005	45.78402564
aleriva	2022-04-15 09:57:32	9.86932444	45.78398319
aleriva	2022-04-15 09:59:08	9.86918376	45.78435367
aleriva	2022-04-15 10:07:31	9.8690476	45.7840259
aleriva	2022-04-15 10:09:44	9.86948772	45.78392408
aleriva	2022-04-15 10:10:34	9.86904213	45.78396118
aleriva	2022-04-15 10:35:14	9.87000854	45.78322585
aleriva	2022-04-15 10:39:45	9.8706143	45.7834805
aleriva	2022-04-15 10:42:02	9.87003753	45.7832177
aleriva	2022-04-15 11:14:06	9.8359314	45.7934202
aleriva	2022-04-15 11:27:34	9.86920577	45.78326234
abbie108	2022-04-17 06:13:32Z	173.29245	-41.308255
aleksei	2022-04-09 15:44:42	29.1107745	36.6552641997
aleksei	2022-04-09 15:45:22	29.1106197997	36.6552282997
aleriva	2022-04-19 14:37:01	10.35520557	43.46319761
aleriva	2022-04-19 14:37:54	10.35520958	43.46315755
aleriva	2022-04-22 11:54:16	9.8705206	45.7834621
achilles2b31	2022-03-23 11:41:48+08:00	114.22106859	22.2814357027
achilles2b31	2022-03-23 11:42:46+08:00	114.1359385911	22.2627461276
achilles2b31	2022-03-29 12:33:15+08:00	114.2209959041	22.281632772
achilles2b31	2022-04-22 19:30:46+08:00	114.2209639026	22.2815971445
achilles2b31	2022-04-24 20:53:59+08:00	114.1371046323	22.2599715821
aihe	2022/04/22 10:20 AM	172.8263615	-34.4366408
aihe	2022/04/22 10:42 AM	172.8263615	-34.4366408
aihe	2022/04/22 12:53 PM	172.8263615	-34.4366408
aihe	2022/04/22 10:13 AM	172.8263615	-34.4366408
aihe	2022/04/22 1:30 PM	172.776143	-34.453459
aihe	2022/04/22 10:25 AM	175.0795828	-36.7923096
aihe	2022/04/22 11:21 AM	175.0795828	-36.7923096
aihe	2022-04-25 12:08:38	175.0795827806	-36.7922635858
aihe	2022-04-25 12:55:12	175.08647	-36.79434
abbie108	2022-04-17 06:11:46Z	173.292205	-41.3086916667
aihe	2022-04-28 16:09:09	175.0795827806	-36.7922635858
aihe	2022-04-28 16:15:22	175.0795827806	-36.7922635858
aihe	2022-04-28 20:20:00	175.0775671005	-36.7870114097
aleriva	2022-04-29 14:33:43	9.8890358	45.7992933
aleriva	2022-04-29 14:35:02	9.8890389	45.7992946
achilles2b31	2022-05-01 20:13:23+08:00	114.1476074574	22.2448009449
alexis354	2022-05-05 00:43:45	-65.98176995	45.42476931
aleriva	2022-05-05 12:40:23	9.4505229	45.7099158
aihe	2022-05-10 14:58:07	175.0526701659	-36.7906434805
aleriva	2022-05-10 18:57:49	9.8691343	45.7833654
aleriva	2022-05-12 15:06:29	9.460946	45.6860296
aleriva	2022-05-13 09:00:59	9.8792165	45.8022281
aihe	2022-05-14 16:50:47	175.0795827806	-36.7922635858
aleriva	2022-05-14 15:39:01	9.73841431	45.8831069
aihe	2022-05-15 14:54:37	175.0795827806	-36.7922635858
aihe	2022-05-15 15:10:09	175.0865505	-36.7943043
aihe	2022-05-15 15:15:38	175.086565	-36.7943083333
aihe	2022-05-15 12:27:53	175.0795827806	-36.7922635858
aleriva	2022-05-17 16:38:24	9.4844689	45.66380835
aleriva	2022-05-18 10:18:16	9.89204814	45.8203301
aleriva	2022-05-18 10:27:03	9.89148176	45.82001379
aleriva	2022-05-18 10:50:23	9.5594278	45.6149285
aleriva	2022-05-18 11:43:06	9.8768473	45.82592498
aleriva	2022-05-18 11:44:45	9.87685463	45.82599605
aleriva	2022-05-18 11:53:10	9.8661359	45.8321034
aleriva	2022-05-19 11:51:01	9.71585318	45.89263838
aleriva	2022-05-19 12:03:10	9.71259395	45.89121586
aleriva	2022-05-19 12:47:26	9.70974096	45.89150967
aleriva	2022-05-19 12:48:39	9.70974291	45.89151042
aleriva	2022-05-19 13:27:26	9.71305868	45.89671134
aihe	2022-05-22 10:51:53	175.0846796483	-36.7901623289
aihe	2022-05-22 12:45:26	175.0795827806	-36.7922635858
aihe	2022-05-22 12:59:45	175.086775	-36.794175
aihe	2022-05-22 13:05:37	175.0865596	-36.7943037
aihe	2022-05-22 10:43:49	175.0852060318	-36.7899851183
aihe	2022-05-22 11:07:42	175.0795827806	-36.7922635858
aleriva	2022-05-28 19:09:29	9.86898722	45.78420252
agbanker	2022-05-28 20:58:19-06:00	-105.2994794957	36.3464592291
aihe	2022-05-30 15:39:04	175.0795827806	-36.7922635858
aihe	2022-05-30 15:36:02	175.0795827806	-36.7922635858
aleksei	2022-05-01 16:19:26	29.0876316997	36.5753689
aihe	2022-05-31 14:19:46	175.0795827806	-36.7922635858
aihe	2022-06-01 17:27:44	175.08635	-36.7945383333
aleksei	2022-05-31 18:12:28	29.1457371	36.6214220997
aleksei	2022-05-31 18:41:04	29.1471723	36.6284682
aihe	2022-06-03 16:24:20	175.0714540109	-36.7892190806
aihe	2022-06-03 15:42:40	175.0720045343	-36.788835119
aihe	2022-06-03 15:46:21	175.0720410794	-36.7889159391
aihe	2022-06-03 15:52:43	175.0775671005	-36.7870114097
aihe	2022-06-03 16:11:43	175.0719475374	-36.7890034716
aihe	2022-06-03 16:23:37	175.070785135	-36.7894905375
aihe	2022-06-03 16:07:57	175.0713437051	-36.7892521065
aihe	2022-06-03 16:16:28	175.0715146959	-36.7892043128
aihe	2022-06-05 14:21:03	175.0795827806	-36.7922635858
aleksei	2022-06-06 08:47:30	29.1458908	36.6175185
aleksei	2022-06-06 18:48:10	29.1394373	36.6165665997
aihe	2022-06-08 12:10:54	175.0795827806	-36.7922635858
alisa_palagina	2022-06-08 10:38:12	33.9857041463	62.1035220436
aihe	2022-06-09 08:43:44	175.0865833333	-36.7943333333
aihe	2022-06-12 16:22:47	175.0156255066	-36.7838525737
agbanker	2022-06-13 12:56:01+02:00	15.0229909719	44.0624160634
aihe	2022-06-14 15:11:44	175.1009720564	-36.7996578009
aleriva	2022-06-15 15:55:38	9.8883011	45.79975033
aihe	2022-06-19 10:49:41	175.0569606945	-36.8156591969
aihe	2022-06-19 13:48:59	175.0569606945	-36.8156591969
aihe	2022-06-24 14:26:10	175.0795827806	-36.7922635858
aihe	2022-06-24 14:28:03	175.0795827806	-36.7922635858
aihe	2022-06-26 11:24:16	175.0864847749	-36.7945065454
achilles2b31	2022-06-26 11:23:41+08:00	114.0406027635	22.3099593351
achilles2b31	2022-06-26 11:24:44+08:00	114.0405911764	22.3100390616
aihe	2022-06-26 12:38:55	175.0579474121	-36.7895952536
aihe	2022-06-26 17:09:05	175.0650659949	-36.7858949302
aihe	2022-06-29 11:04:59	175.0865216667	-36.7944233333
aihe	2022-06-29 15:24:09	175.0795827806	-36.7922635858
alexander941	2022-06-30 08:21:48+07:00	106.7247849012	21.1329562236
alexander941	2022-06-30 08:03:38+07:00	106.7247073532	21.1327761938
alexander941	2022-06-30 08:04:23+07:00	106.7245736133	21.1323656275
aleksei	2022-06-30 20:33:12	29.1183158	36.6197295997
aleksei	2022-06-29 09:06:02	29.1454424	36.6172897
aleksei	2022-07-03 18:48:51	29.0907735	36.6275479997
aleksei	2022-07-08 14:40:58	29.145982	36.6174697
aleksei	2022-07-11 12:34:34	29.1461359	36.6174820997
aihe	2022-07-12 08:38:12	147.1047197655	-43.2455651503
aihe	2022-07-12 09:48:19	147.0974908769	-43.246963312
aihe	2022-07-12 09:50:55	147.0974908769	-43.246963312
aihe	2022-07-12 10:53:27	147.0974908769	-43.246963312
ahmuvan	2022-02-19 21:04:14+05:29	103.7801070181	1.3712281455
alisa_palagina	2022-07-16 13:05:55	41.7773262039	41.8248804725
aleriva	2022-07-17 15:05:51	9.8693962768	45.7844240074
ahmuvan	2022-06-21 20:08:00+05:30	76.9677466609	10.9998360091
ahmuvan	2022-06-22 19:11:00+05:30	76.9676741406	10.9998108042
ahmuvan	2022-07-16 07:29:00+05:29	80.2250457698	12.9433186752
ahmuvan	2022-07-16 07:44:00+05:29	80.2241810323	12.9467502663
aihe	2022-07-19 10:02:44	175.0828306004	-36.7922163309
aihe	2022-07-19 09:56:37	175.0828865916	-36.7930282507
aihe	2022-07-19 10:00:31	175.0795827806	-36.7922635858
aleriva	2022-07-24 13:10:54	9.8695193231	45.7836145577
alexr7	2022-07-24 12:06:12-04:00	-77.0375619941	39.1424022451
aleksei	2022-08-02 14:09:04	29.145884375	36.61748805
aihe	2022-07-12 12:38:25	147.1292894706	-43.2438751025
aihe	2022-07-12 12:38:51	147.1292894706	-43.2438751025
aihe	2022-07-12 13:17:42	147.1292894706	-43.2438751025
alexp1	2022-08-03 08:00:45	-95.16576925	29.66258443
alexp1	2022-08-03 08:01:19	-95.1657898	29.66271372
aihe	2022-08-04 10:28:27	175.0795827806	-36.7922635858
aleriva	2022-08-12 18:52:46	9.76002095	46.05175244
aleriva	2022-08-12 18:58:55	9.76041948	46.05248578
akornblue	2022-08-15 21:14:58+07:00	105.7693427204	21.119222987
ahmuvan	2022-07-27 19:44:01+08:00	76.9857584853	10.9972830732
a7v	2022-08-15 10:56:04	72.9768360266	19.1012948073
a7v	2022-08-07 09:27:05	72.9073130371	19.135654532
aleksei	2022-08-26 21:34:34	29.1458204997	36.6173801997
agbanker	2022-08-28 16:22:50-06:00	-105.2996217257	36.346416491
alexp1	2022-09-05 08:30:54	-95.16574651	29.66250828
alexis354	2022-09-09 18:47:43	-66.12302452	45.2888761
alidm	2022-09-05 16:22:08	-74.0239777778	45.7991777778
agbanker	2022-09-14 10:42:50-06:00	-104.8289696676	38.730315896
aleriva	2022-09-22 09:29:56	14.3456019722	37.021503
aleriva	2022-09-22 12:50:45	14.3473489722	37.0199399722
aleriva	2022-09-22 22:57:38	14.4465809315	36.8806965627
aleksei	2022-09-25 11:29:30	29.1773373997	36.7101572997
aleksei	2022-09-29 10:12:38	29.1381838	36.6218757997
aleriva	2022-10-01 22:15:11	14.473795	36.808582
aleriva	2022-10-07 07:57:41	9.91193884	45.79634402
abbie108	2022-10-08 02:01:49Z	172.6426426528	-43.5814633307
agbanker	2022-10-12 13:35:05-06:00	-104.8310709286	38.7574838492
agbanker	2022-10-15 20:08:12-06:00	-105.2988927202	36.3504562263
a7v	2022-10-02 13:50:57	73.5999344668	18.6758261515
a7v	2022-10-16 14:28:54	72.958122442	19.1448821646
aleriva	2022-10-21 16:40:05	9.7398006544	45.7216359833
aleriva	2022-10-21 16:41:50	9.723815	45.732227
aleksei	2022-10-23 14:19:25	28.6238658	36.839305
aleksei	2022-10-23 12:59:38	28.6228228997	36.8260189
aleksei	2022-10-27 10:25:46	29.1429283997	36.6193129997
a7v	2022-10-25 17:15:00	72.8706854385	18.863517605
aleksei	2022-10-30 17:38:37	29.1457607	36.6215584997
alexr7	2022-11-01 15:25:20+07:00	105.8359814622	21.0293316795
aleksei	2022-11-06 18:33:23	29.1226055	36.6339166
aleksei	2022-11-18 13:11:53	29.1473419997	36.6195895997
aihe	2022-11-19 08:50:09	175.0867949054	-36.7943752559
aleksei	2022-11-18 13:20:51	29.1476995997	36.6201091
aleksei	2022-11-20 11:18:48	29.0529356897	36.5869316723
aleksei	2022-11-20 12:55:00	29.0407249997	36.5756549997
aleksei	2022-11-20 13:01:43	29.0420614997	36.5747763997
ahmuvan	2022-08-06 11:31:13+08:00	77.196919113	10.8620493648
achilles2b31	2022-06-26 11:25:12+08:00	114.0405762383	22.3100214996
aihe	2022-11-30 20:23:08	175.0795827806	-36.7923089611
aleksei	2022-12-03 13:54:51	29.1285461	36.5753543
aleksei	2022-12-03 13:57:25	29.1756470874	36.6054498293
aleksei	2022-12-03 14:07:40	29.1266664997	36.5771809
aleksei	2022-11-20 12:34:18	29.0881403536	36.601352503
aleksei	2022-11-20 11:51:22	29.0380526	36.5790761
aleriva	2022-12-12 15:12:31	30.2165958	60.0071241
aihe	2022-11-30 16:43:37	175.0775671005	-36.7870165114
aihe	2022-12-16 17:13:48	175.0573771074	-36.8102738734
ad-d-linhnguyen	Tue Dec 20 2022 08:51:28 GMT +0700 (GMT)	106.7087936401	10.7218780518
ad-d-linhnguyen	Tue Dec 20 2022 08:54:11 GMT +0700 (GMT)	106.7363813435	10.7824259043
ad-d-linhnguyen	Tue Dec 20 2022 08:57:38 GMT +0700 (GMT)	106.7087860107	10.7217788696
ad-d-linhnguyen	Tue Dec 20 2022 08:59:16 GMT +0700 (GMT)	106.7092285156	10.7222900391
ad-a-andybuihuyanh	Tue Dec 20 2022 10:19:26 GMT +0700 (GMT)	106.7086334229	10.7231903076
ad-a-andybuihuyanh	Tue Dec 20 2022 10:22:37 GMT +0700 (GMT)	106.7092132568	10.7228832245
ad-a-andybuihuyanh	Tue Dec 20 2022 10:26:06 GMT +0700 (GMT)	106.709236145	10.7224731445
ad-a-andybuihuyanh	Tue Dec 20 2022 10:27:34 GMT +0700 (GMT)	106.708694458	10.7223129272
ad-a-andybuihuyanh	Tue Dec 20 2022 10:28:31 GMT +0700 (GMT)	106.7087249756	10.7216644287
ad-a-andybuihuyanh	Tue Dec 20 2022 10:29:18 GMT +0700 (GMT)	106.7087860107	10.7216491699
ad-a-andybuihuyanh	Tue Dec 20 2022 10:33:07 GMT +0700 (GMT)	106.7093963623	10.7214279175
ad-a-andybuihuyanh	Tue Dec 20 2022 10:31:44 GMT +0700 (GMT)	106.7086486816	10.7213230133
ad-a-andybuihuyanh	Tue Dec 20 2022 10:33:39 GMT +0700 (GMT)	106.7085876465	10.7214584351
ad-a-andybuihuyanh	Tue Dec 20 2022 10:34:55 GMT +0700 (GMT)	106.7089920044	10.7212905884
ad-a-andybuihuyanh	Tue Dec 20 2022 10:36:23 GMT +0700 (GMT)	106.7087936401	10.7210893631
ad-a-andybuihuyanh	Tue Dec 20 2022 10:39:52 GMT +0700 (GMT)	106.7097320557	10.7215023041
aihe	2022-12-20 13:11:17	175.0867975876	-36.7943288078
aihe	2022-12-22 15:37:53	175.0867814943	-36.7944007621
ad-a-andybuihuyanh	Sat Dec 24 2022 08:12:55 GMT +0800 (GMT)	103.8451156616	1.2810230255
ad-a-andybuihuyanh	Sat Dec 24 2022 08:17:29 GMT +0800 (GMT)	103.8464050293	1.2803258896
ad-a-andybuihuyanh	Sat Dec 24 2022 08:18:32 GMT +0800 (GMT)	103.8448867798	1.2812690735
a7v	2022-12-24 18:33:39	72.9077419291	19.018758166
ad-d-phuongquach	Sun Dec 25 2022 21:28:11 GMT +0700 (GMT)	106.7291259766	10.7181739807
ad-d-phuongquach	Sat Dec 24 2022 12:13:01 GMT +0700 (GMT)	106.7546539307	10.7760848999
ad-d-phuongquach	Wed Dec 07 2022 09:53:57 GMT +0700 (GMT)	104.4873352051	10.3884477615
ad-a-andybuihuyanh	Mon Dec 26 2022 14:27:20 GMT +0800 (GMT)	100.2688217163	5.4249191284
ad-a-andybuihuyanh	Mon Dec 26 2022 14:28:14 GMT +0800 (GMT)	100.2685852051	5.4237556458
ad-a-andybuihuyanh	Mon Dec 26 2022 14:31:55 GMT +0800 (GMT)	100.2685317993	5.4234657288
ad-d-phuongquach	Wed Dec 28 2022 07:29:22 GMT +0700 (GMT)	107.2899780273	10.9020767212
ad-d-phuongquach	Wed Dec 28 2022 12:40:00 GMT +0700 (GMT)	109.0108184814	11.5641555786
ad-d-phuongquach	Wed Dec 28 2022 12:40:34 GMT +0700 (GMT)	109.010848999	11.5641784668
ad-d-phuongquach	Wed Dec 28 2022 12:42:03 GMT +0700 (GMT)	109.0106582642	11.5643081665
ad-d-phuongquach	Wed Dec 28 2022 12:42:49 GMT +0700 (GMT)	109.0106735229	11.5642547607
ad-d-phuongquach	Wed Dec 28 2022 20:50:51 GMT +0700 (GMT)	108.9999847412	11.5648651123
ad-d-phuongquach	Wed Dec 28 2022 20:57:25 GMT +0700 (GMT)	108.9976959229	11.5653381348
ad-d-phuongquach	Wed Dec 28 2022 21:31:35 GMT +0700 (GMT)	108.9992523193	11.570892334
ad-d-phuongquach	Wed Dec 28 2022 21:35:13 GMT +0700 (GMT)	108.9992828369	11.5709457397
ad-d-phuongquach	Wed Dec 28 2022 21:37:23 GMT +0700 (GMT)	108.9992218018	11.5708770752
alisa_palagina	2022-12-19	98.2961070165	7.8324709119
alisa_palagina	2022-12-14 22:38:00	98.3005521074	7.832520402
alisa_palagina	2022-12-06 18:57:33	98.2961941883	7.8492586749
alisa_palagina	2022-11-25 14:21:17	98.2997467741	7.8322646478
alisa_palagina	2022-12-12 14:51:56	98.2999388874	7.8365566476
alisa_palagina	2022-12-10 08:19:55	98.2996156812	7.8362102202
alisa_palagina	2022-12-14 09:21:58	98.3019133285	7.8440557498
alisa_palagina	2022-12-07 10:37:39	98.3158930019	7.7705093725
alisa_palagina	2022-12-16 07:11:06	98.3016095683	7.8278530291
ad-d-phuongquach	Thu Dec 29 2022 09:24:25 GMT +0700 (GMT)	108.9892730713	11.5678863525
ad-d-phuongquach	Thu Dec 29 2022 09:25:03 GMT +0700 (GMT)	108.9894332886	11.5674285889
ad-d-phuongquach	Thu Dec 29 2022 09:25:51 GMT +0700 (GMT)	108.9893264771	11.5676269531
ad-d-phuongquach	Thu Dec 29 2022 09:27:53 GMT +0700 (GMT)	108.9895782471	11.5671005249
ad-d-phuongquach	Thu Dec 29 2022 10:15:42 GMT +0700 (GMT)	108.9469680786	11.5994949341
ad-d-phuongquach	Thu Dec 29 2022 10:30:10 GMT +0700 (GMT)	108.9462509155	11.6012496948
ad-d-phuongquach	Thu Dec 29 2022 11:15:58 GMT +0700 (GMT)	108.9448013306	11.6016464233
ad-d-phuongquach	Thu Dec 29 2022 11:21:01 GMT +0700 (GMT)	108.9486541748	11.6026077271
ad-d-phuongquach	Fri Dec 30 2022 08:51:43 GMT +0700 (GMT)	108.9871444702	11.5721817017
ad-d-phuongquach	Fri Dec 30 2022 09:01:11 GMT +0700 (GMT)	108.9862747192	11.5722122192
ad-d-phuongquach	Fri Dec 30 2022 09:02:14 GMT +0700 (GMT)	108.9863891602	11.5724182129
ad-d-phuongquach	Fri Dec 30 2022 09:02:51 GMT +0700 (GMT)	108.9862823486	11.5721588135
ad-d-phuongquach	Fri Dec 30 2022 09:04:53 GMT +0700 (GMT)	108.9863128662	11.5722579956
ad-d-phuongquach	Fri Dec 30 2022 09:39:36 GMT +0700 (GMT)	109.0389785767	11.6324539185
ad-d-phuongquach	Fri Dec 30 2022 09:40:44 GMT +0700 (GMT)	109.0389328003	11.632484436
ad-d-phuongquach	Fri Dec 30 2022 09:41:21 GMT +0700 (GMT)	109.0388336182	11.6324768066
ad-d-phuongquach	Fri Dec 30 2022 09:43:41 GMT +0700 (GMT)	109.0389785767	11.6322631836
ad-d-phuongquach	Fri Dec 30 2022 10:24:03 GMT +0700 (GMT)	109.0330352783	11.5869674683
ad-d-phuongquach	Fri Dec 30 2022 10:25:29 GMT +0700 (GMT)	109.032989502	11.5869674683
ad-d-phuongquach	Fri Dec 30 2022 19:28:21 GMT +0700 (GMT)	108.997718811	11.5670623779
alisa_palagina	2023-01-02 13:01:21	98.3297992498	7.7974912444
alisa_palagina	2023-01-02 12:55:56	98.3270208165	7.7920943447
alisa_palagina	2023-01-02 11:12:37	98.3189121634	7.7755949529
alisa_palagina	2022-12-30 06:38:01	98.302785717	7.8310124464
ad-a-andybuihuyanh	Mon Dec 26 2022 14:39:19 GMT +0800 (GMT)	100.2699127197	5.4234542847
ad-a-andybuihuyanh	Tue Jan 03 2023 16:51:21 GMT +0700 (GMT)	105.8029785156	21.0083770752
ad-a-andybuihuyanh	Tue Jan 03 2023 16:51:38 GMT +0700 (GMT)	105.8031234741	21.0082550049
ad-d-phuongquach	Tue Jan 03 2023 21:03:53 GMT +0700 (GMT)	109.0008773804	11.5679540634
ad-d-linhnguyen	Thu Jan 05 2023 13:24:53 GMT +0100 (GMT)	7.4623522758	46.3150939941
aihe	2023-01-09 16:09:37	175.0864916667	-36.7940266667
ad-d-phuongquach	Mon Jan 09 2023 15:39:39 GMT +0700 (GMT)	103.0155410767	21.3807678223
ad-d-phuongquach	Mon Jan 09 2023 15:44:46 GMT +0700 (GMT)	103.0155105591	21.3807983398
ad-d-phuongquach	Mon Jan 09 2023 15:45:10 GMT +0700 (GMT)	103.0155181885	21.3807678223
ad-d-phuongquach	Mon Jan 09 2023 16:36:04 GMT +0700 (GMT)	103.0161056519	21.3827056885
ad-d-phuongquach	Mon Jan 09 2023 16:53:34 GMT +0700 (GMT)	103.0168228149	21.3823852539
ad-d-phuongquach	Mon Jan 09 2023 16:55:16 GMT +0700 (GMT)	103.0168609619	21.3831787109
ad-d-phuongquach	Mon Jan 09 2023 16:56:24 GMT +0700 (GMT)	103.0165939331	21.3833312988
ad-d-phuongquach	Mon Jan 09 2023 17:49:38 GMT +0700 (GMT)	103.0188903809	21.391998291
ad-d-phuongquach	Mon Jan 09 2023 17:50:09 GMT +0700 (GMT)	103.0174179077	21.3924407959
ad-d-phuongquach	Mon Jan 09 2023 17:50:38 GMT +0700 (GMT)	103.0165481567	21.3927307129
ad-d-phuongquach	Mon Jan 09 2023 17:53:22 GMT +0700 (GMT)	103.0206069946	21.391708374
ad-d-phuongquach	Mon Jan 09 2023 17:53:48 GMT +0700 (GMT)	103.020652771	21.3918399811
ad-d-phuongquach	Mon Jan 09 2023 18:18:53 GMT +0700 (GMT)	103.0165023804	21.3935546875
ad-d-phuongquach	Tue Jan 10 2023 10:50:52 GMT +0700 (GMT)	103.0929336548	21.4539489746
ad-d-phuongquach	Tue Jan 10 2023 10:52:04 GMT +0700 (GMT)	103.092956543	21.453994751
ad-d-phuongquach	Tue Jan 10 2023 12:34:00 GMT +0700 (GMT)	103.0632171631	21.3884277344
ad-d-phuongquach	Tue Jan 10 2023 12:34:41 GMT +0700 (GMT)	103.0632095337	21.3884277344
alisa_palagina	2023-01-10	103.8768388331	13.3498831873
ad-d-phuongquach	Tue Jan 10 2023 17:39:58 GMT +0700 (GMT)	103.0145645142	21.3915863037
ad-d-phuongquach	Wed Jan 11 2023 16:05:45 GMT +0700 (GMT)	103.9082565308	21.330789566
ad-d-phuongquach	Wed Jan 11 2023 16:26:05 GMT +0700 (GMT)	103.9103851318	21.3247833252
ad-d-phuongquach	Wed Jan 11 2023 16:28:30 GMT +0700 (GMT)	103.9104232788	21.3254547119
ad-d-phuongquach	Wed Jan 11 2023 16:30:59 GMT +0700 (GMT)	103.910446167	21.3240203857
ad-d-phuongquach	Wed Jan 11 2023 16:36:22 GMT +0700 (GMT)	103.9111175537	21.3229522705
ad-d-phuongquach	Wed Jan 11 2023 16:37:12 GMT +0700 (GMT)	103.9141235352	21.3251190186
ad-d-phuongquach	Wed Jan 11 2023 17:28:43 GMT +0700 (GMT)	103.910949707	21.3249359131
ad-d-phuongquach	Wed Jan 11 2023 17:29:34 GMT +0700 (GMT)	103.9112243652	21.3234519958
ad-d-phuongquach	Wed Jan 11 2023 17:38:59 GMT +0700 (GMT)	103.9115371704	21.324005127
ad-d-phuongquach	Wed Jan 11 2023 17:39:26 GMT +0700 (GMT)	103.9111175537	21.3236541748
ad-d-phuongquach	Wed Jan 11 2023 17:40:12 GMT +0700 (GMT)	103.9118499756	21.3238220215
alisa_palagina	2023-01-09 22:33:00	103.8744493201	13.3515762443
ad-a-andybuihuyanh	Thu Jan 12 2023 07:55:56 GMT +0700 (GMT)	104.0296859741	10.0372390747
ad-a-andybuihuyanh	Thu Jan 12 2023 07:58:03 GMT +0700 (GMT)	104.0288314819	10.0375289917
ad-d-phuongquach	Thu Jan 12 2023 10:26:43 GMT +0700 (GMT)	103.9122390747	21.3317565918
ad-d-phuongquach	Wed Jan 11 2023 17:33:46 GMT +0700 (GMT)	103.9112472534	21.3227844238
ad-d-phuongquach	Wed Jan 11 2023 17:41:03 GMT +0700 (GMT)	103.9117050171	21.3241577148
ad-d-phuongquach	Thu Jan 12 2023 10:39:12 GMT +0700 (GMT)	103.9142990112	21.3280334473
ad-d-phuongquach	Thu Jan 12 2023 16:26:34 GMT +0700 (GMT)	103.9108123779	21.3248596191
ad-d-phuongquach	Thu Jan 12 2023 16:29:05 GMT +0700 (GMT)	103.9105682373	21.3244476318
ad-d-phuongquach	Thu Jan 12 2023 16:29:50 GMT +0700 (GMT)	103.9097976685	21.325302124
ad-d-phuongquach	Thu Jan 12 2023 16:33:45 GMT +0700 (GMT)	103.9114990234	21.3243865967
ad-d-phuongquach	Thu Jan 12 2023 16:35:21 GMT +0700 (GMT)	103.9118270874	21.3241424561
ad-d-phuongquach	Thu Jan 12 2023 16:37:16 GMT +0700 (GMT)	103.9109802246	21.3251800537
ad-d-phuongquach	Thu Jan 12 2023 16:43:18 GMT +0700 (GMT)	103.911529541	21.3244476318
ad-d-phuongquach	Thu Jan 12 2023 17:02:24 GMT +0700 (GMT)	103.9117584229	21.323059082
ad-d-phuongquach	Thu Jan 12 2023 17:03:02 GMT +0700 (GMT)	103.9116210938	21.3229980469
ad-d-phuongquach	Thu Jan 12 2023 18:53:48 GMT +0700 (GMT)	103.905090332	21.3347473145
ad-d-phuongquach	Thu Jan 12 2023 18:55:00 GMT +0700 (GMT)	103.9049987793	21.3347625732
ad-d-phuongquach	Thu Jan 12 2023 18:54:36 GMT +0700 (GMT)	103.9050292969	21.334777832
ad-d-phuongquach	Thu Jan 12 2023 18:57:53 GMT +0700 (GMT)	103.9049377441	21.3347930908
ad-d-phuongquach	Fri Jan 13 2023 09:49:55 GMT +0700 (GMT)	105.3174285889	21.3663482666
ad-d-phuongquach	Fri Jan 13 2023 09:50:19 GMT +0700 (GMT)	105.3173828125	21.3662261963
ad-d-phuongquach	Fri Jan 13 2023 09:52:00 GMT +0700 (GMT)	105.3189239502	21.3664245605
ad-d-phuongquach	Fri Jan 13 2023 09:53:36 GMT +0700 (GMT)	105.3192749023	21.3661346436
ad-d-phuongquach	Fri Jan 13 2023 10:03:31 GMT +0700 (GMT)	105.3223953247	21.3378143311
ad-d-phuongquach	Fri Jan 13 2023 10:33:31 GMT +0700 (GMT)	105.3241119385	21.3690643311
ad-d-phuongquach	Fri Jan 13 2023 10:34:04 GMT +0700 (GMT)	105.3241119385	21.3690643311
ad-d-phuongquach	Fri Jan 13 2023 11:00:53 GMT +0700 (GMT)	105.3241577148	21.3686523438
ad-d-phuongquach	Fri Jan 13 2023 10:59:25 GMT +0700 (GMT)	105.3241043091	21.3690643311
ad-d-phuongquach	Fri Jan 13 2023 11:24:02 GMT +0700 (GMT)	105.3249282837	21.3681335449
ad-d-phuongquach	Fri Jan 13 2023 11:24:37 GMT +0700 (GMT)	105.3229293823	21.3531494141
ad-d-phuongquach	Fri Jan 13 2023 11:25:19 GMT +0700 (GMT)	105.3219680786	21.3361816406
ad-d-phuongquach	Fri Jan 13 2023 11:25:36 GMT +0700 (GMT)	105.3193130493	21.3289337158
ad-d-phuongquach	Fri Jan 13 2023 11:25:52 GMT +0700 (GMT)	105.3209075928	21.33203125
ad-d-phuongquach	Fri Jan 13 2023 11:26:14 GMT +0700 (GMT)	105.3216629028	21.3335876465
ad-d-phuongquach	Fri Jan 13 2023 11:26:45 GMT +0700 (GMT)	105.3220291138	21.3345184326
ad-d-phuongquach	Fri Jan 13 2023 11:27:59 GMT +0700 (GMT)	105.3246765137	21.3679962158
ad-d-phuongquach	Fri Jan 13 2023 11:28:55 GMT +0700 (GMT)	105.3249816895	21.3682098389
ad-d-phuongquach	Fri Jan 13 2023 11:30:14 GMT +0700 (GMT)	105.3249664307	21.3681945801
ad-d-phuongquach	Fri Jan 13 2023 11:42:22 GMT +0700 (GMT)	105.3266601563	21.3683624268
ad-d-phuongquach	Fri Jan 13 2023 11:46:57 GMT +0700 (GMT)	105.3267440796	21.3683776855
ad-d-phuongquach	Fri Jan 13 2023 11:48:50 GMT +0700 (GMT)	105.3266906738	21.3684082031
ad-d-phuongquach	Fri Jan 13 2023 11:49:28 GMT +0700 (GMT)	105.3268508911	21.3683166504
ad-d-phuongquach	Fri Jan 13 2023 11:50:20 GMT +0700 (GMT)	105.3268661499	21.3683166504
ad-d-phuongquach	Fri Jan 13 2023 12:00:56 GMT +0700 (GMT)	105.3268585205	21.3683166504
ad-d-phuongquach	Fri Jan 13 2023 13:14:27 GMT +0700 (GMT)	105.3613395701	21.3430476729
ad-d-phuongquach	Fri Jan 13 2023 13:14:50 GMT +0700 (GMT)	105.3840255737	21.3232116699
ad-d-phuongquach	Fri Jan 13 2023 13:13:48 GMT +0700 (GMT)	105.3393923591	21.2529415768
ad-d-phuongquach	Fri Jan 13 2023 13:15:14 GMT +0700 (GMT)	105.3839111328	21.3233337402
ad-d-phuongquach	Fri Jan 13 2023 17:28:13 GMT +0700 (GMT)	105.4061737061	21.3183898926
ad-d-phuongquach	Fri Jan 13 2023 17:29:00 GMT +0700 (GMT)	105.4058456421	21.318145752
ad-d-phuongquach	Fri Jan 13 2023 17:30:11 GMT +0700 (GMT)	105.4054489136	21.3199310303
ad-d-phuongquach	Fri Jan 13 2023 17:30:48 GMT +0700 (GMT)	105.404800415	21.3186035156
ad-d-phuongquach	Fri Jan 13 2023 17:32:27 GMT +0700 (GMT)	105.4029388428	21.3204956055
ad-d-phuongquach	Fri Jan 13 2023 17:34:27 GMT +0700 (GMT)	105.4028167725	21.3189544678
ad-d-phuongquach	Fri Jan 13 2023 17:44:26 GMT +0700 (GMT)	105.40184021	21.3199157715
ad-d-phuongquach	Fri Jan 13 2023 17:42:28 GMT +0700 (GMT)	105.399887085	21.31640625
ad-d-phuongquach	Sat Jan 14 2023 11:19:42 GMT +0700 (GMT)	105.8515853882	21.0289154053
ad-d-phuongquach	Sat Jan 14 2023 17:23:12 GMT +0700 (GMT)	105.833694458	21.0357818604
ad-d-linhnguyen	Sat Jan 14 2023 13:51:15 GMT +0000 (GMT)	-0.1385846287	51.5082397461
ad-d-linhnguyen	Sat Jan 14 2023 13:52:15 GMT +0000 (GMT)	-0.1381568015	51.5079650879
ad-d-phuongquach	Sat Jan 14 2023 18:57:36 GMT +0700 (GMT)	105.8513870239	21.030166626
ad-d-phuongquach	Sat Jan 14 2023 21:36:14 GMT +0700 (GMT)	105.8532180786	21.0258026123
ad-d-phuongquach	Sat Jan 14 2023 21:36:31 GMT +0700 (GMT)	105.8531188965	21.0256500244
ad-d-phuongquach	Sun Jan 15 2023 09:43:08 GMT +0700 (GMT)	105.8536071777	21.0290679932
alisa_palagina	2023-01-14 22:51:00	103.8906341046	13.3647966864
ad-d-phuongquach	Sun Jan 15 2023 12:07:43 GMT +0700 (GMT)	105.9416656494	20.9556274414
ad-d-phuongquach	Sun Jan 15 2023 12:04:24 GMT +0700 (GMT)	105.9406661987	20.9551086426
ad-d-phuongquach	Wed Jan 18 2023 09:43:30 GMT +0700 (GMT)	106.6881790161	20.861038208
ad-d-phuongquach	Wed Jan 18 2023 09:42:49 GMT +0700 (GMT)	106.6876525879	20.8603973389
ad-d-phuongquach	Wed Jan 18 2023 09:50:15 GMT +0700 (GMT)	106.6886749268	20.8618164063
ad-d-phuongquach	Wed Jan 18 2023 09:50:59 GMT +0700 (GMT)	106.6888961792	20.8621368408
ad-d-phuongquach	Wed Jan 18 2023 09:46:53 GMT +0700 (GMT)	106.6884307861	20.8610076904
ad-d-phuongquach	Wed Jan 18 2023 09:45:53 GMT +0700 (GMT)	106.6882019043	20.8608551025
ad-d-phuongquach	Wed Jan 18 2023 09:45:18 GMT +0700 (GMT)	106.6880569458	20.8606567383
ad-d-phuongquach	Wed Jan 18 2023 09:55:02 GMT +0700 (GMT)	106.6890182495	20.8634338379
ad-d-phuongquach	Wed Jan 18 2023 09:57:37 GMT +0700 (GMT)	106.6885986328	20.864654541
ad-d-linhnguyen	Wed Jan 18 2023 10:47:10 GMT +0700 (GMT)	105.8006515503	20.9281616211
ad-d-phuongquach	Wed Jan 18 2023 10:36:06 GMT +0700 (GMT)	106.6765899658	20.8555145264
ad-d-phuongquach	Thu Jan 19 2023 09:44:07 GMT +0700 (GMT)	106.6843490601	20.8578033447
ad-d-phuongquach	Fri Jan 20 2023 08:43:17 GMT +0700 (GMT)	106.6866455078	20.8589935303
ad-d-phuongquach	Fri Jan 20 2023 08:46:49 GMT +0700 (GMT)	106.6867752075	20.8589019775
ad-d-phuongquach	Fri Jan 20 2023 08:48:46 GMT +0700 (GMT)	106.6861038208	20.8588104248
ad-d-phuongquach	Fri Jan 20 2023 21:29:40 GMT +0700 (GMT)	106.6777648926	20.8515930176
achilles2b31	2022-11-27 16:14:47+08:00	114.1595471667	22.2545383333
ad-d-phuongquach	Sat Jan 21 2023 16:49:39 GMT +0700 (GMT)	106.6792221069	20.8492279053
ad-d-phuongquach	Sat Jan 21 2023 17:09:36 GMT +0700 (GMT)	106.6777496338	20.8515167236
ad-d-phuongquach	Sat Jan 21 2023 17:10:01 GMT +0700 (GMT)	106.6777496338	20.8515167236
ad-d-phuongquach	Sat Jan 21 2023 17:10:36 GMT +0700 (GMT)	106.6777496338	20.8515167236
ad-d-phuongquach	Sat Jan 21 2023 23:51:42 GMT +0700 (GMT)	106.6701049805	20.8543548584
ad-d-phuongquach	Sun Jan 22 2023 11:20:27 GMT +0700 (GMT)	106.677520752	20.8508300781
ad-d-phuongquach	Sun Jan 22 2023 11:30:48 GMT +0700 (GMT)	106.6775970459	20.8509674072
ad-d-phuongquach	Sun Jan 22 2023 11:31:11 GMT +0700 (GMT)	106.6775436401	20.8508453369
ad-d-phuongquach	Sun Jan 22 2023 11:32:02 GMT +0700 (GMT)	106.6775054932	20.8510131836
ad-d-phuongquach	Sun Jan 22 2023 11:35:27 GMT +0700 (GMT)	106.6775817871	20.8509674072
ad-d-phuongquach	Sun Jan 22 2023 12:00:47 GMT +0700 (GMT)	106.6775512695	20.8507995605
ad-d-phuongquach	Sun Jan 22 2023 12:03:12 GMT +0700 (GMT)	106.6775512695	20.850982666
ad-d-phuongquach	Mon Jan 23 2023 10:08:10 GMT +0700 (GMT)	106.7817001343	20.7024383545
ad-d-phuongquach	Mon Jan 23 2023 10:10:15 GMT +0700 (GMT)	106.7810821533	20.7017822266
ad-d-phuongquach	Mon Jan 23 2023 10:46:44 GMT +0700 (GMT)	106.802520752	20.6767272949
ad-d-phuongquach	Mon Jan 23 2023 14:13:21 GMT +0700 (GMT)	106.7004318237	20.85887146
ad-d-phuongquach	Mon Jan 23 2023 14:13:39 GMT +0700 (GMT)	106.700378418	20.8587493896
ad-d-phuongquach	Mon Jan 23 2023 14:14:00 GMT +0700 (GMT)	106.7004165649	20.858795166
ad-d-phuongquach	Mon Jan 23 2023 14:14:20 GMT +0700 (GMT)	106.7003555298	20.8587493896
ad-d-phuongquach	Mon Jan 23 2023 14:15:29 GMT +0700 (GMT)	106.7004241943	20.8587188721
ad-d-phuongquach	Mon Jan 23 2023 14:16:01 GMT +0700 (GMT)	106.7004394531	20.8589019775
ad-d-phuongquach	Mon Jan 23 2023 14:20:15 GMT +0700 (GMT)	106.7003555298	20.8589019775
ad-d-phuongquach	Mon Jan 23 2023 14:39:01 GMT +0700 (GMT)	106.7003936768	20.8588409424
ad-d-phuongquach	Tue Jan 24 2023 14:30:28 GMT +0700 (GMT)	106.6777801514	20.8515167236
achilles2b31	2023-01-21 11:45:58+07:00	105.8513866667	21.0304971667
achilles2b31	2023-01-25 09:09:44+08:00	114.0455166667	22.3136583333
ad-d-linhnguyen	2023-01-06 12:19:29+01:00	7.962495	46.7117583333
ad-d-linhnguyen	2022-12-24 14:02:58+07:00	-0.1265971667	51.504795
ad-d-phuongquach	Sun Jan 29 2023 09:55:48 GMT +0700 (GMT)	106.6964416504	10.7751541138
ad-d-phuongquach	Sun Jan 29 2023 09:56:55 GMT +0700 (GMT)	106.6964797974	10.775177002
ad-d-phuongquach	Sun Jan 29 2023 09:57:28 GMT +0700 (GMT)	106.6964874268	10.775177002
ad-d-phuongquach	Sun Jan 29 2023 09:58:06 GMT +0700 (GMT)	106.6965179443	10.7752227783
ad-d-phuongquach	Sun Jan 29 2023 09:58:27 GMT +0700 (GMT)	106.6964950562	10.7751846313
ad-d-phuongquach	Sun Jan 29 2023 09:59:04 GMT +0700 (GMT)	106.6965484619	10.7752227783
ad-d-phuongquach	Sun Jan 29 2023 09:59:28 GMT +0700 (GMT)	106.6964797974	10.775177002
ad-d-phuongquach	Sun Jan 29 2023 10:00:20 GMT +0700 (GMT)	106.696472168	10.775177002
ad-d-phuongquach	Sun Jan 29 2023 10:00:42 GMT +0700 (GMT)	106.6965408325	10.7752304077
ad-d-phuongquach	Sun Jan 29 2023 10:03:42 GMT +0700 (GMT)	106.6964797974	10.775177002
ad-d-phuongquach	Sun Jan 29 2023 11:32:38 GMT +0700 (GMT)	106.7154388428	10.842414856
ad-d-linhnguyen	2023-01-03 08:02:06+01:00	7.4835216667	46.3101666667
ad-d-linhnguyen	2022-12-22 13:53:42+07:00	-0.1442666667	51.4829133333
ad-d-linhnguyen	2023-01-29 13:38:18+07:00	106.7081572662	10.7254398936
ad-d-linhnguyen	2023-01-29 13:39:10+07:00	106.7081572662	10.7254398936
ad-d-linhnguyen	2023-01-29 19:14:09+07:00	106.7040103999	10.7218236894
ad-d-linhnguyen	2023-01-24 17:04:42+07:00	105.7937866667	21.0923945
alisa_palagina	2023-02-12 12:43:48	106.9926685095	20.7516832041
alexp1	2023-02-12 13:51:02	-95.1657015458	29.6629282058
alexp1	2023-02-22 12:27:55	-95.16547326	29.66275013
ahmuvan	2022-02-10 11:17:00+08:00	103.8242667382	1.3790879454
aihe	2023-02-27 14:53:04	175.0579474121	-36.7896011606
aleksei	2023-03-01 09:36:27	29.1536770306	36.6116964083
abbie108	Sat Mar 04 2023 14:41:03 GMT +1300 (GMT)	172.6295318604	-43.5779724121
abbie108	Sat Mar 04 2023 15:00:04 GMT +1300 (GMT)	172.62940979	-43.5781517029
ahmuvan	2022-08-10 23:25:40+08:00	77.007571849	10.9742000019
alisa_palagina	2023-03-07 17:40:35	98.3117959276	7.9211861985
alisa_palagina	2023-02-28 15:38:29	105.8397913724	21.0307399725
alisa_palagina	2023-01-24 09:04:11	103.8537326083	13.3632554044
alisa_palagina	2023-01-14 16:44:14	103.9110621437	13.3760002872
alisa_palagina	2023-01-13 10:20:52	103.8798757643	13.3507897409
alisa_palagina	2023-01-12 18:18:36	103.8646599278	13.3715648365
alisa_palagina	2023-01-12 08:14:58	103.8903886825	13.3526902628
abbie108	Sat Mar 11 2023 15:09:29 GMT +1300 (GMT)	172.6861754365	-43.5848422785
ad-d-phuongquach	Sun Mar 12 2023 21:11:13 GMT +0700 (GMT)	106.7275161743	10.7241897583
ad-d-phuongquach	Sat Mar 18 2023 19:57:47 GMT +0700 (GMT)	106.7291183472	10.7181854248
alexp1	2023-03-18 10:06:58	-90.11553941	29.78372224
alexp1	2023-03-18 10:08:56	-90.109293	29.7973824
alexp1	2023-03-18 10:13:09	-90.109293	29.7811005
alexp1	2023-03-18 10:14:57	-90.11661479	29.78360343
alexp1	2023-03-18 10:18:13	-90.1049095	29.7691627
alexp1	2023-03-18 10:30:49	-90.1072473	29.77676
alexp1	2023-03-18 11:11:42	-90.1002343	29.7720613
alexp1	2023-03-18 11:29:00	-90.12340698	29.79379732
alexp1	2023-03-18 11:29:58	-90.1037406	29.8165609
alexp1	2023-03-18 11:39:18	-90.109293	29.7973824
alexp1	2023-03-18 11:39:52	-90.12435802	29.79305519
alexp1	2023-03-18 11:47:06	-90.1008186	29.78364
alexp1	2023-03-18 11:53:28	-90.12906253	29.79115149
alexp1	2023-03-18 11:54:11	-90.12906842	29.79117126
aleksei	2023-03-19 13:12:59	29.0770834	36.5800632
aleksei	2023-03-19 14:34:44	29.1494221	36.5072637
aleksei	2023-03-19 16:25:54	29.0840949	36.5712212997
aleksei	2023-03-21 17:57:30	29.1336193	36.617475
aleksei	2023-03-19 16:26:02	29.0840822997	36.5712808997
agbanker	2023-03-25 10:45:44-07:00	-110.9141434772	32.2842169269
ad-d-phuongquach	Sun Mar 26 2023 16:35:55 GMT +0700 (GMT)	106.7070541382	10.7847061157
agbanker	2023-03-31 12:05:06-07:00	-110.9077822062	32.2486337107
agbanker	2023-03-31 12:21:55-07:00	-110.9082946843	32.2482710812
alexp1	2023-04-01 13:35:15	-95.16577133	29.66256858
alexp1	2023-04-01 18:42:03	-95.163008	29.66454476
achilles2b31	2023-04-09 17:10:07+08:00	114.1495326306	22.2711694044
aleriva	2023-04-19 13:30:38	9.3196019	45.68113222
alexp1	2023-04-22 11:48:54	-97.77087466	30.26932583
alexp1	2023-04-22 12:05:55	-97.7716588	30.2698747
aleksei	2023-04-28 19:38:12	29.1424094997	36.61874
aleksei	2023-04-02 15:27:31	29.0367187	36.714138
aleksei	2023-04-02 15:25:59	29.0349003	36.7090616997
aleksei	2023-04-02 15:23:53	29.0367187	36.714138
aarnheim	Fri Apr 28 2023 19:47:37 GMT -0700 (PDT)	-118.4478149414	34.058013916
aarnheim	Sat Apr 29 2023 16:25:08 GMT -0700 (PDT)	-118.4638748169	33.9900512695
aarnheim	Sat Apr 29 2023 16:26:07 GMT -0700 (PDT)	-118.4639205933	33.9899597168
aarnheim	Sat Apr 29 2023 16:40:27 GMT -0700 (PDT)	-118.4666137695	33.9908752441
aarnheim	Sat Apr 29 2023 16:42:51 GMT -0700 (PDT)	-118.4677200317	33.9910583496
achilles2b31	2023-04-30 17:00:13+08:00	114.2091	22.2755866667
aarnheim	Mon May 01 2023 11:20:38 GMT -0700 (PDT)	-118.4261169434	34.022857666
aarnheim	Mon May 01 2023 11:21:19 GMT -0700 (PDT)	-118.4259796143	34.0230102539
aarnheim	Mon May 01 2023 11:26:48 GMT -0700 (PDT)	-118.4269866943	34.0250549316
aarnheim	Mon May 01 2023 12:27:36 GMT -0700 (PDT)	-118.4255752563	34.0231323242
aarnheim	Mon May 01 2023 12:28:40 GMT -0700 (PDT)	-118.4261245728	34.0228881836
aarnheim	Mon May 01 2023 15:33:57 GMT -0700 (PDT)	-118.4473724365	34.0713195801
aarnheim	Mon May 01 2023 16:30:51 GMT -0700 (PDT)	-118.4428482056	34.0678710938
aarnheim	Mon May 01 2023 16:31:20 GMT -0700 (PDT)	-118.4425506592	34.0679016113
aarnheim	Mon May 01 2023 16:31:48 GMT -0700 (PDT)	-118.4426651001	34.0678100586
aarnheim	Tue May 02 2023 16:45:57 GMT -0700 (PDT)	-118.4440841675	34.0701599121
aleriva	2023-04-24 14:31:41	9.8058879722	45.8084849722
alexp1	2023-05-03 10:30:20	-90.9861104563	30.4800186381
alexp1	2023-05-03 10:37:15	-90.98316065	30.47994012
alexp1	2023-05-03 11:08:30	-90.99016149	30.47694468
alexp1	2023-05-03 10:51:51	-90.9714631	30.4654664
alexp1	2023-05-03 11:04:38	-90.99040409	30.475343
alexp1	2023-05-03 11:17:42	-90.98659354	30.47979979
aleksei	2023-04-29 18:38:44	29.0885609	36.6212502997
aarnheim	Fri May 05 2023 15:01:16 GMT -0700 (PDT)	-118.4268035889	34.0200500488
aarnheim	Wed Nov 30 2022 14:00:11 GMT -0800 (PST)	-118.4441375732	34.0696678162
aarnheim	Sat May 06 2023 19:40:59 GMT -0700 (PDT)	-118.4540634155	33.9620666504
aarnheim	Sat May 06 2023 19:42:25 GMT -0700 (PDT)	-118.4534606934	33.962677002
aihe	2023-05-10 17:21:05	175.0836285576	-36.7931241017
aarnheim	Fri May 12 2023 11:17:19 GMT -0700 (PDT)	-118.4261245728	34.022857666
aarnheim	Sat May 13 2023 14:07:13 GMT -0600 (MDT)	-104.8704681396	38.8826904297
aarnheim	Sat May 13 2023 14:07:41 GMT -0600 (MDT)	-104.8715896606	38.8830566406
aarnheim	Sat May 13 2023 14:07:56 GMT -0600 (MDT)	-104.8706817627	38.8766479492
aarnheim	Sat May 13 2023 14:09:31 GMT -0600 (MDT)	-104.8715591431	38.8832702637
adam1997	2023-05-13 14:07:39	105.8232766762	21.0711222584
adam1997	2023-05-13 10:44:57	105.8234617487	21.0712567872
adam1997	2023-05-15 07:51:57	105.8232910931	21.0711335213
alexp1	2023-05-14 22:01:15	-95.16565823	29.66256494
aleriva	2023-05-16 10:57:54	9.4555019722	45.708316
aleriva	2023-05-17 11:08:04	9.4570959722	45.708542
aleriva	2023-05-17 11:21:08	9.45766	45.701675
aleriva	2023-05-17 12:27:44	9.45766	45.701675
adam1997	2023-05-18 22:22:55	105.39687577	21.08772334
aarnheim	Thu May 18 2023 14:49:18 GMT -0700 (PDT)	-118.2389984131	34.0495300293
alexis354	2023-05-19 10:02:26	-66.12296975	45.28891158
alexis354	2023-05-20 18:18:04	-66.12261868	45.28903327
alexp1	2023-05-21 10:53:08	-94.17013705	30.25003093
alexp1	2023-05-21 11:16:25	-94.17390159	30.24829654
adam1997	2023-05-13 11:03:52	105.8072441071	21.0045872462
adam1997	2023-05-13 11:03:05	105.8231858164	21.0712996487
adam1997	2023-05-13 11:23:24	105.8235975355	21.0713196716
alexp1	2023-05-21 11:26:32	-94.17273192	30.25160857
alexp1	2023-05-21 11:26:58	-94.17277575	30.25172138
aarnheim	Sat May 27 2023 12:40:17 GMT -0700 (PDT)	-118.4237594604	34.0214538574
aarnheim	Sun May 28 2023 11:06:17 GMT -0700 (PDT)	-118.4033432007	34.0723571777
aarnheim	Sun May 28 2023 14:33:29 GMT -0700 (PDT)	-118.4748077393	34.0762329102
alexis354	2023-05-29 16:18:56	-66.1230244	45.2888946
aleksei	2023-05-29 10:34:44	29.162536785	36.6149856392
aarnheim	Mon May 29 2023 16:42:14 GMT -0700 (PDT)	-118.1163330078	34.1251525879
aarnheim	Wed May 31 2023 18:15:01 GMT -0700 (PDT)	-118.4430770874	34.0679016113
aleksei	2023-06-04 10:27:21	29.1458606	36.6174822
aleriva	2023-05-19 13:13:14	9.7634849722	45.8806119722
aarnheim	Sat Jun 10 2023 10:35:04 GMT -0700 (PDT)	-122.0655670166	37.6275749207
aarnheim	Sat Jun 10 2023 16:26:43 GMT -0700 (PDT)	-122.2360610962	37.8889160156
aarnheim	Sat Jun 10 2023 16:27:15 GMT -0700 (PDT)	-122.2360534668	37.8889160156
aarnheim	Sat Jun 10 2023 16:35:23 GMT -0700 (PDT)	-122.2489547729	37.8930969238
aarnheim	Sat Jun 10 2023 16:27:32 GMT -0700 (PDT)	-122.2360305786	37.8889770508
ad-d-phuongquach	Sun Jun 11 2023 12:20:52 GMT -0400 (EDT)	-75.4425430298	40.2138671875
alexp1	2023-06-12 11:51:07	-95.1658036	29.662614
aarnheim	Mon Jun 12 2023 17:09:02 GMT -0700 (PDT)	-118.4544906616	34.0470275879
aleksei	2023-06-14 10:37:48	29.1182349997	36.6312591
aleksei	2023-06-14 10:42:31	29.1182502997	36.6312587997
alisa_palagina	2023-06-12 18:40:58	45.0194108114	41.5446201882
alisa_palagina	2023-06-04 16:04:09	45.0159453973	41.5501036139
alexp1	2023-06-17 09:18:21	-95.1657912	29.6626032
a7v	2023-01-26 13:33:00	76.862594638	30.4312156656
a7v	2023-06-13 14:39:28	72.9687031039	19.136529822
a7v	2023-06-19 21:02:23	72.8755654384	19.1633085972
aarnheim	Wed Jun 21 2023 19:31:27 GMT -0700 (PDT)	-118.4333572388	34.0165100098
alexp1	2023-06-23 10:55:32	-95.1657536	29.6625534
a7v	2022-10-02 23:22:50	73.6737400998	18.8850539434
a7v	2022-10-03 07:52:20	73.6917451	18.9455367586
a7v	2022-10-03 09:31:05	73.6929691501	18.9119710302
a7v	2022-10-03 07:18:26	73.6805619962	18.9860514608
a7v	2022-10-02 18:41:11	73.723544296	18.8333869533
aleriva	2023-06-25 10:59:56	9.8493371	45.8009347
aleriva	2023-06-25 11:01:22	9.8493371	45.8009347
aleriva	2023-06-25 11:10:39	9.86922161	45.78367209
alisa_palagina	2023-05-02 14:00:00	45.015165545	41.5477384684
alisa_palagina	2023-03-23 14:03:00	105.8190361038	21.0104248504
alexp1	2023-06-25 22:06:27	-95.16575886	29.66253068
aihe	2023-06-28 09:00:13	105.8341597393	21.0277610409
alisa_palagina	2023-07-01 16:06:25	45.0107898563	41.5433670122
aleriva	2023-07-02 19:27:08	9.8849339722	45.8140739722
alisa_palagina	2023-07-09 09:06:57	43.3880775422	41.8374770788
a7v	2023-07-09 10:47:21	78.1334046824	30.4672046958
alisa_palagina	2023-07-09 09:47:00	43.3871230111	41.8384362809
a7v	2023-07-09 10:56:56	78.178806572	30.4956397632
a7v	2023-07-09 10:32:13	78.1160545349	30.4542680997
a7v	2023-07-09 09:44:07	78.0712250229	30.5150660742
alisa_palagina	2023-07-09 10:39:12	43.3907567337	41.8399482439
alisa_palagina	2023-07-09 10:43:29	43.3907567337	41.8399482439
alisa_palagina	2023-07-09 10:44:53	43.3907567337	41.8399482439
alisa_palagina	2023-07-09 12:06:36	43.3907567337	41.8399482439
alisa_palagina	2023-07-09 12:14:27	43.3907567337	41.8399482439
alisa_palagina	2023-07-09 12:16:59	43.3907567337	41.8399482439
alisa_palagina	2023-07-09 12:19:27	43.3551634848	41.841074512
alisa_palagina	2023-07-09 12:45:41	43.3553978428	41.8408362214
alisa_palagina	2023-07-09 12:50:38	43.3534907922	41.8384670051
alisa_palagina	2023-07-11	43.350760974	41.8444449551
alisa_palagina	2023-07-12 15:24:40	43.3916016296	41.8359528172
alisa_palagina	2023-07-12 14:43:14	43.3920049667	41.8356702928
alisa_palagina	2023-07-12 15:27:02	43.3940112591	41.8310820309
alisa_palagina	2023-07-11 14:52:34	43.378527537	41.8435899974
alisa_palagina	2023-07-13 12:22:11	43.1131822988	42.039122077
adam1997	2023-07-16 16:13:22	-2.47487616	50.59844134
alisa_palagina	2023-07-15 14:01:13	43.3907567337	41.8399482439
aarnheim	Sun Jul 23 2023 13:01:52 GMT -0700 (PDT)	-118.4215087891	33.991607666
aarnheim	Fri Jul 28 2023 19:55:07 GMT +0700 (GMT)	104.0348205566	10.0540313721
aarnheim	Mon Jul 31 2023 08:16:19 GMT +0700 (GMT)	105.8442764282	21.0428314209
aihe	2023-08-05 16:19:47	175.0795827806	-36.7923089611
alisa_palagina	2023-07-13 21:32:36	43.3907567337	41.8399482439
achilles2b31	2023-08-06 12:11:25+08:00	115.8777083333	-31.95965
aleriva	2023-08-15 16:44:18	9.77985579	46.05164526
alexp1	2023-07-31 16:40:32	-95.16575398	29.66252055
alexis354	2023-08-19 09:37:13	-65.92954398	45.8472974
alexis354	2023-08-19 09:42:46	-65.9299886	45.84767416
alexp1	2023-09-09 08:38:38	-95.16571727	29.66264134
alexis354	2023-09-11 13:33:23	-66.1226984	45.2890732997
alexis354	2023-09-21 12:07:44	-65.51733374	44.74806431
alexis354	2023-09-21 12:40:22	-65.51037053	44.74344853
alexis354	2023-09-28 17:36:18	-66.12990191	45.29684723
abbie108	Fri Sep 29 2023 14:53:57 GMT +1300 (GMT)	172.0946502686	-43.2603759766
alexis354	2023-09-29 17:45:30	-66.11864679	45.2926148
adam1997	2023-10-03 15:19:33	106.302258186	17.5518634267
alessia157	2023-10-05 11:48:27+07:00	105.8465416667	21.0258388333
alexis354	2023-10-18 11:20:06	-66.12101805	45.29588317
alexp1	2023-10-21 15:01:25	-95.16578008	29.66251403
alisa_palagina	2023-10-23 15:08:58	45.0107898563	41.5433670122
alisa_palagina	2023-10-28 13:21:40	45.0137895718	41.5464168499
alec_borsook	2023-11-03 14:34:12-07:00	-122.4533662636	37.7838967495
abbie108	Sun Nov 05 2023 14:57:09 GMT +1300 (GMT)	172.6295013428	-43.5784988403
alec_borsook	2023-11-12 11:14:30+07:00	105.3568498326	21.0868956149
alec_borsook	2023-11-12 11:21:54+07:00	105.3568234296	21.0870093573
abbie108	2023-11-27 00:46:12Z	169.8490796094	-44.2314982
a7v	2023-12-10 17:18:18	72.9631013211	19.1427487013
a7v	2024-01-06 10:02:34	72.9459166505	19.0814210767
aleksei	2024-01-12 20:32:00	20.4482888058	44.8257921655
a7v	2024-01-12 12:32:29	72.7069228251	19.4283802189
aihe	2024-01-21 13:01:57	175.0874030963	-36.7953431412
a7v	2024-01-27 17:40:58	72.809968457	19.0846583358
a7v	2024-01-27 17:44:14	72.9290708092	19.0483798991
ahmuvan	2023-12-21 10:41:00+08:00	76.986594602	10.995962344
abbie108	2024-01-22 13:03:43Z	172.7669417996	-43.6322612922
a7v	2023-06-25 11:37:10	72.9272461406	19.1788091368
a7v	2023-06-25 11:48:12	72.8921275958	19.1630743143
a7v	2023-06-25 11:51:03	72.8921275958	19.1630743143
a7v	2023-06-25 12:14:51	72.8921275958	19.1630743143
a7v	2023-07-07 19:35:28	78.1647002661	30.525899877
a7v	2023-07-09 11:24:15	78.1089422291	30.402727269
a7v	2023-07-10 11:20:59	78.1125840942	30.5081896064
a7v	2024-02-04 10:08:18	72.9065017819	19.1780696818
alexp1	2024-02-07 16:30:12	-95.16571061	29.66274827
abbie108	Sat Feb 10 2024 13:30:55 GMT +1300 (GMT)	172.6155700684	-43.6638793945
a7v	2024-02-10 18:07:08	72.8254066408	19.0865921249
a7v	2024-02-11 17:14:40	72.7585126832	19.3872275465
a7v	2024-02-11 17:33:23	72.758695744	19.3866959044
a7v	2024-02-11 17:39:11	72.7588177845	19.3870725767
a7v	2024-02-11 17:47:14	72.7583825961	19.386333147
a7v	2024-02-13 16:40:22	72.7582910657	19.3866503621
a7v	2024-02-11 18:18:33	72.7589005977	19.3870997755
a7v	2024-02-11 18:19:38	72.7583369985	19.3866468832
a7v	2024-02-11 18:04:42	72.7581120282	19.3862929812
a7v	2024-02-11 18:37:01	72.7588077262	19.3871927574
a7v	2024-02-11 18:37:55	72.7585006133	19.3861857667
a7v	2024-02-11 18:45:08	72.7585582808	19.3870637212
alisa_palagina	2024-02-14 13:28:03	45.0125638023	41.5504809853
alexp1	2024-02-24 13:45:44	-95.1228192	29.6419985
abbie108	Sun Feb 25 2024 11:58:08 GMT +1300 (GMT)	171.5135192871	-43.4855270386
aarnheim	Sat Feb 10 2024 16:56:55 GMT -0800 (PST)	-118.0043258667	33.7023620605
aleksei	2024-03-03 08:26:05	20.4601749997	44.8242893997
aleksei	2024-03-10 13:29:46	20.4352117806	44.7672841278
aleksei	2024-03-10 14:53:02	20.4398951679	44.7766538133
achilles2b31	2024-03-14 11:40:10+08:00	114.0419471667	22.48817
aleriva	2023-09-07 11:02:05	9.8636923	45.7858591
abbie108	Sat Mar 23 2024 16:23:06 GMT +1300 (GMT)	172.7191467285	-43.6253662109
abbie108	Sat Mar 23 2024 16:23:47 GMT +1300 (GMT)	172.7191467285	-43.6253662109
aleksei	2024-03-23 15:36:07	20.390118	44.7906789
aleriva	2023-09-07 11:07:26	9.8749777	45.8028963
aleriva	2023-11-20 08:43:11	9.36279627	45.6523338
aleriva	2024-01-07 12:17:49	9.8734167	45.8702354
adam1997	2024-03-27 13:37:02	105.81383386	21.53478049
abbie108	Sat Mar 23 2024 16:24:13 GMT +1300 (GMT)	172.7191467285	-43.6253662109
abbie108	Thu Apr 04 2024 10:25:06 GMT +1300 (GMT)	172.5851135254	-43.5231437683
aleriva	2024-04-05 08:41:43	116.0381991	-8.45332579
aleriva	2024-04-05 08:43:48	116.03817266	-8.45339342
abbie108	Sat Apr 06 2024 16:59:09 GMT +1300 (GMT)	172.7129821777	-43.638671875
alexp1	2024-04-09 11:53:26	-95.16583516	29.66280687
aleriva	2024-04-11 17:04:05	116.0421711579	-8.3450504154
alexander1294	2023-09-20 10:03:50	105.8732170612	21.0400300134
ad-d-phuongquach	Mon Apr 15 2024 17:11:20 GMT +0700 (GMT)	106.7261199951	10.7169647217
alisa_palagina	2024-04-01 13:40:42	28.9783588797	41.0076620388
alisa_palagina	2024-03-29 16:53:46	19.6576299146	46.096887798
alisa_palagina	2024-03-30 14:15:00	19.7571787611	46.0962184432
alisa_palagina	2024-03-30 14:18:00	19.9230911583	45.1729552189
aleriva	2024-04-17 10:04:50	115.1625531167	-8.8231990192
alexis354	2024-04-21 13:12:45	-66.2240397	45.1589778997
a7v	2024-04-11 23:37:00	72.9857283935	19.2000006989
aihe	2024-04-26 09:16:01	175.0804495	-36.791034
aleriva	2024-04-28 09:40:12	105.8361006	21.0292414
abbie108	2024-04-27 11:39:24+12:00	172.3972466667	-42.3754916667
adam1997	2024-05-07 09:13:26	105.7105689123	20.2484034955
aleriva	2024-04-28 09:41:46	105.83600678	21.0296311
aleriva	2024-05-10 09:41:32	107.54460289	16.45390261
aleriva	2024-05-15 09:10:17	108.32445293	15.89702636
alexis354	2024-05-20 17:20:30	-66.10912045	45.2485262
alisa_palagina	2024-05-21 10:05:33	45.0135441497	41.5516660278
alexis354	2024-05-22 16:36:26	-66.1224643	45.2891367
alexp1	2024-05-25 19:20:59	-115.17156594	36.11673827
alexis354	2024-05-31 17:55:00	-66.1228654	45.289104
alexis354	2024-05-31 17:57:01	-66.12282788	45.28910727
alexis354	2024-05-31 18:02:37	-66.12284121	45.28908307
alexis354	2024-05-31 18:03:26	-66.12272998	45.28913618
aihe	2024-06-05 08:25:35	174.9138175696	-36.745159431
alexis354	2024-06-07 18:47:33	-66.12285813	45.28904097
agbanker	2024-06-09 15:20:48+02:00	7.997589268	44.6533553309
alexis354	2024-06-12 12:50:00	-66.11965775	45.29378121
alexis354	2024-06-12 12:56:11	-66.12043535	45.29228031
alexis354	2024-06-12 13:03:02	-66.12318668	45.28947914
ad-d-phuongquach	2024-06-14 09:59:56+07:00	105.4717862209	21.1578837084
alexcg	2018/07/07 2:30 PM	9.1126	41.1351861111
alexcg	2016/09/18 4:35 AM	-83.521507538	10.5740994384
alexcg	2022/04/14 9:11 AM	1.1796555987	42.4568927308
alexcg	2021/06/10 9:18 AM	1.1693116929	42.4990434497
alexcg	2019/07/22 12:19 PM	98.9823083333	18.7852694444
alexcg	2017/11/05 10:51 AM	-100.5963888889	20.9904416667
alexcg	2023/09/03 2:03 PM	-106.2674944444	32.8233916667
alexcg	2023/09/09 5:24 PM	-8.0029222222	31.6418138889
alexcg	2021/05/23 1:15 PM	-87.9002	14.8715361111
alexcg	2019/07/18 6:57 AM	100.5924508	14.3455168
alexcg	2019/07/22 6:05 AM	98.985301	18.788344
alexcg	2017/07/22 10:03 AM	1.5171244962	42.5498835878
alexcg	2017/06/04 10:16 AM	-6.8080199663	33.9023220601
alexcg	2013/08/10 10:20 AM	1.3966430881	42.5703880357
alexcg	2013/08/10 11:13 AM	1.4017757474	42.5661683766
alexcg	2021/10/02 11:32 AM	0.8756559628	41.3642368371
alexcg	2021/08/25 12:30 PM	25.1892911389	37.0458345265
a7v	2024-06-08 19:15:42	73.3212446261	18.8058637549
a7v	2024-06-08 22:31:10	73.3716366391	18.8974616715
adam1997	2024-06-21 13:05:02	105.8103118837	21.055683487
alexcg	2016-06-16	-45.484055	-22.42366
alexis354	2024-06-24 17:44:04	-67.05947335	45.07857467
alexis354	2024-06-24 18:30:11	-67.04690834	45.0687912
alexis354	2024-06-24 18:42:02	-67.04235525	45.06878818
alexis354	2024-06-24 19:24:59	-67.049158	45.0782859722
alexis354	2024-06-24 19:28:54	-67.05048059	45.0788781
alexcg	2024/06/22 12:23 PM	0.167760766	40.1384770131
alexis354	2024-06-25 12:39:17	-67.04969445	45.08996093
aleksei	2024-06-29 14:09:18	20.4596124997	44.8162564
alisa_palagina	2024-06-30 14:24:43	33.225992918	57.9274442953
alisa_palagina	2024-06-29 19:11:43	33.2295860723	57.925288119
alisa_palagina	2024-06-29 11:07:51	33.2458898798	57.9804537214
alisa_palagina	2024-06-29 11:07:40	33.2458898798	57.9804537214
alisa_palagina	2024-06-29 11:06:27	33.2458898798	57.9804537214
alisa_palagina	2024-06-28 14:27:08	33.225992918	57.9274442953
alexis354	2024-07-04 14:19:40	-66.12636432	45.29694361
alexis354	2024-07-04 14:08:41	-66.124086	45.2961779722
alexis354	2024-07-04 14:27:08	-66.127386	45.298447
alexis354	2024-07-06 19:13:04	-66.122015	45.2890179722
alexis354	2024-07-06 19:16:17	-66.1214339722	45.2888969722
alexis354	2024-07-07 13:15:44	-66.52302776	45.12135908
alexis354	2024-07-07 13:21:33	-66.52238955	45.11975251
alexis354	2024-07-07 13:40:27	-66.52328038	45.11754594
alexis354	2024-07-07 14:20:12	-66.51946793	45.1221749
aleksei	2024-07-16 09:33:03	20.4600815997	44.8242413997
aihe	2024-07-08 23:12:17	174.5664128289	-36.9983498825
aihe	2024-07-09 00:04:05	174.5664128289	-36.9983498825
aihe	2024-07-08 23:21:46	174.5664128289	-36.9983498825
alfonso18169	2024-07-18 09:57:36	100.4776211	13.7454606
aleksei	2024-07-21 13:52:52	20.4555648	44.8243829997
alfonso18169	2024-07-22 12:39:11	99.9043757317	20.3210895434
alexis354	2024-07-23 16:24:13	-78.50034027	45.56330356
alexis354	2024-07-24 08:10:01	-78.4769339722	45.564785
alexis354	2024-07-24 12:33:43	-78.4857604	45.5515656997
abbie108	2024-07-25 15:49:57+12:00	168.3385657604	-46.615650614
alfonso18169	2024-07-29 16:52:05	105.8392508	21.0337085
alisa_palagina	2024-07-25 22:59:23	45.0139790028	41.5575317056
alexis354	2024-07-29 15:56:42	-77.8842779722	45.114502
alexis354	2024-08-04 13:16:29	-66.13022084	45.29809435
alexis354	2024-08-04 13:52:20	-66.12961362	45.29690789
alexis354	2024-08-04 13:53:34	-66.12964616	45.2969443
alexis354	2024-08-04 13:55:03	-66.12972687	45.29685988
alexis354	2024-08-04 14:05:23	-66.1299043	45.2966462997
alisa_palagina	2024-08-02 22:04:32	45.0107898563	41.5433670122
alfonso18169	2024-08-07 11:30:00	106.3488404453	11.030557354
alfonso18169	2024-08-07 10:50:59	106.4551269	11.1332037
alberto24680	2024-08-10 15:38:35+07:00	105.9180203219	21.6000883194
alberto24680	2024-08-10 15:38:42+07:00	105.847683271	21.1479441456
alberto24680	2024-08-07 17:35:40+07:00	105.9606267637	21.5745602494
alexis354	2024-08-04 14:37:05	-66.1222632	45.2886667
alexis354	2024-08-10 14:49:33	-66.11855592	45.29392263
abbie108	Wed Aug 14 2024 16:16:47 GMT +1200 (GMT)	172.5804901123	-43.5989189148
alexp1	2024-08-26 16:40:52	-95.16579021	29.66264587
a7v	2024-08-31 13:31:45	73.3880840524	18.8812481188
a7v	2024-08-31 14:53:26	73.3585222298	18.9321151021
a7v	2024-08-31 12:29:02	73.2481197088	18.8399196417
a7v	2024-08-31 11:35:31	73.3434197864	18.8403995807
agbanker	2024-09-06 14:03:49-06:00	-104.8310969073	38.7576444717
allemint	2024-09-07 11:12:13	25.16563449	60.20208328
allemint	2024-09-07 11:34:07	25.1667652	60.2001994997
allemint	2024-09-07 11:42:53	25.1663436997	60.2002974997
allemint	2024-09-07 11:46:05	25.1664306	60.2003841
allemint	2024-09-07 11:48:02	25.1664221997	60.2003782997
allemint	2024-09-07 11:49:45	25.1665948997	60.2003484997
allemint	2024-09-07 11:51:41	25.1665926997	60.2003395997
allemint	2024-09-07 11:10:57	25.1654137997	60.2021269
allemint	2024-09-07 12:02:55	25.1661920997	60.2007276
allemint	2024-09-07 12:04:22	25.1660293	60.2006885997
allemint	2024-09-07 12:08:10	25.1659612997	60.2006913
allemint	2024-09-07 13:11:06	25.1657250997	60.1999044
allemint	2024-09-07 13:15:49	25.1657273	60.1998709
allemint	2024-09-07 13:20:09	25.1660152	60.1997232
allemint	2024-09-07 13:23:00	25.1660065997	60.1997007
allemint	2024-09-07 13:40:12	25.1645114997	60.1997411997
allemint	2024-09-07 13:43:57	25.1643173	60.1995538997
allemint	2024-09-07 15:18:09	25.1360280812	60.2096504092
allemint	2024-09-07 12:11:39	25.1657028997	60.2007541997
allemint	2024-08-19 15:53:57	24.8189383373	60.1894690335
allemint	2024-06-22 20:53:16	24.8837608997	60.1816418
allemint	2024-07-06 17:06:22	24.8269407	60.1855973997
allemint	2024-07-01 14:14:45	24.5589143997	65.0375783
allemint	2024-06-22 21:13:46	24.8846646997	60.1870612
allemint	2024-07-18 12:52:01	24.1682527	60.5403937
allemint	2024-03-15 16:54:38	24.9404384997	60.1699477
allemint	2024-05-26 17:20:12	14.2519968997	40.8357821997
allemint	2023-04-08 16:59:03	24.8228637502	60.2039125819
allemint	2024-05-17 11:57:53	24.9703569937	60.055813673
allemint	2024-05-24 12:28:41	12.4044207184	41.9231969789
allemint	2024-05-07 21:02:12	25.1937673677	60.2561457029
allemint	2023-04-11 17:09:46	24.9424608698	60.0082964369
allemint	2023-12-26 11:00:03	16.3166088	48.190398
allemint	2024-04-11 16:31:47	24.9068316676	60.0970817676
allemint	2024-03-31 13:40:35	24.9435503663	60.3446205841
alfonso18169	2024-09-11 21:54:35	-99.2690415	19.3716267
allemint	2023-08-27 18:08:47	22.3131623506	60.4525795937
allemint	2023-08-26 19:05:05	22.3471627644	60.4248370941
allemint	2023-08-26 18:45:21	22.2159755181	60.4732207253
allemint	2023-08-26 18:44:10	22.3220618547	60.4088231113
allemint	2023-07-30 10:36:45	106.1921677308	21.008192415
allemint	2023-07-30 10:17:30	106.1621764412	21.0949439941
allemint	2023-07-18 09:16:51	108.1918678414	15.9349973338
allemint	2023-09-09 19:50:53	25.0899824231	60.2765727102
agbanker	2024-09-18 09:53:15-06:00	-104.8206064997	38.7219541624
alexis354	2024-09-20 12:35:21	-67.0491012	45.0796549
alexis354	2024-09-20 14:11:05	-67.0450972	45.0787735997
alexis354	2024-09-20 14:13:21	-67.04519507	45.07858428
allemint	2024-09-21 15:53:52	24.9494959997	60.1796415997
allemint	2024-09-22 17:36:59	24.9451387997	60.1879703997
allemint	2024-09-22 17:36:31	24.9449509997	60.1878559
allemint	2024-09-22 17:36:22	24.9449509997	60.1878559
abbie108	2024-09-26 11:39:15+12:00	172.491590061	-43.553101632
allemint	2024-09-23 15:25:34	25.0545354907	60.2505708362
allemint	2024-09-26 16:42:25	25.0074705236	60.3255645893
alexis354	2024-09-27 18:19:25	-66.1203373997	45.2945266997
alexis354	2024-09-27 19:07:18	-66.130836	45.2980409722
alexis354	2024-09-28 17:43:46	-66.1134919722	45.289487
allemint	2024-09-29 16:08:08	24.8190124638	60.1449527818
alexis354	2024-09-30 11:57:03	-64.8503675	45.3587862997
allemint	2024-10-01 18:04:20	24.8948118466	60.182840091
allemint	2024-09-29 15:55:47	24.8071384003	60.0369628104
a7v	2024-08-31 11:19:47	73.2051968976	18.8240335777
a7v	2024-09-04 16:03:04	73.3987558308	18.9902990492
a7v	2024-08-31 10:40:17	73.2678950117	18.9973244387
a7v	2024-08-31 10:38:46	73.2745009661	18.9588803462
a7v	2024-08-31 10:34:37	73.282513395	18.9505435757
aleksei	2024-10-12 15:46:30	20.4612297937	44.8124143646
aleksei	2024-10-12 16:04:41	20.4612297937	44.8124143646
aleksei	2024-10-12 16:48:32	20.3637291491	44.6926576874
allemint	2024-10-19 14:21:43	25.2853596623	61.9115737136
allemint	2024-10-19 14:19:38	25.375836041	61.8554982583
aleriva	2024-10-23 16:01:18	9.236836	45.6677433
aleriva	2024-10-23 16:03:25	9.2368283	45.6677363
aleriva	2024-10-23 16:06:46	9.2368229722	45.667731
aleriva	2024-10-23 16:09:09	9.2368159722	45.667732
aleriva	2024-10-23 16:12:07	9.236814	45.667731
aleriva	2024-10-23 16:17:50	9.2368129722	45.667726
aarnheim	Thu Oct 24 2024 12:21:50 GMT -0700 (PDT)	-118.4317245483	34.0041809082
agbanker	2024-10-25 15:47:46-06:00	-108.6894425424	38.9951952175
aleksei	2024-10-27 11:13:05	21.6321615502	44.6529103917
aleksei	2024-11-04 09:46:38	20.4601369997	44.8242606
aleksei	2024-11-04 09:46:46	20.4601369997	44.8242606
alexis354	2024-11-08 10:52:04	-66.11901679	45.29364543
alexis354	2024-11-08 10:54:04	-66.11903838	45.29370375
alexis354	2024-11-08 11:29:30	-66.11911712	45.29157729
alexp1	2024-11-11 16:34:58	-95.16577412	29.66265054
alexis354	2024-11-17 13:34:01	-66.119802	45.2951389722
aihe	2009/05/05 9:27 PM	168.2539721842	-44.7137510917
aihe	2009/05/05 8:16 PM	168.1764392	-44.7634933
ahmuvan	2021-12-20 22:57:00+08:00	103.780222594	1.3747243237
abbie108	Mon Dec 09 2024 11:55:04 GMT +1300 (GMT)	172.5889434814	-43.5218963623
ahmuvan	2024-12-25 15:36:52+11:00	150.4040419116	-33.5773012873
alexis354	2025-01-07 17:12:26	105.85277087	21.03153578
alexis354	2025-01-07 17:21:30	105.85360398	21.02933323
alexis354	2025-01-14 16:05:00	105.3788055	23.2683002
alexis354	2025-01-18 15:11:32	105.88988958	20.22297254
alexis354	2025-01-18 15:16:41	105.89050948	20.22243597
alexis354	2025-01-19 14:08:04	108.43713443	11.94118765
alexis354	2025-01-23 14:41:21	107.4301207	11.4204065997
alexis354	2025-01-23 15:25:21	107.430902	11.4265378
alexis354	2025-01-23 15:28:38	107.4282299722	11.4266179722
alexis354	2025-01-23 15:44:44	107.4271219	11.4271767
alexis354	2025-01-23 20:21:39	107.4300729722	11.420374
a7v	2025-01-23 16:55:28	72.7972886118	23.1474607391
a7v	2025-03-09 13:05:37	72.8787272075	19.0702399237
alexis354	2025-03-19 12:40:42	-66.1163185	45.2923316997
a7v	2025-03-22 23:06:34	72.8741484254	19.0568721643
aleriva	2025-03-26 15:21:11	9.235889	45.6677589722
agbanker	2025-03-27 16:23:07+01:00	-3.6910128483	40.4098565849
aleriva	2025-03-26 16:04:44	9.2358639722	45.667712
aleriva	2025-04-02 09:52:24	9.3250039722	45.6523699722
aleriva	2025-04-03 11:04:44	9.9106269722	45.8174479722
aleriva	2025-04-09 14:44:21	9.3215299722	45.6288169722
alessia_cudini	2025-04-21 14:20:00+07:00	107.9720190163	16.0493664985
alessia_cudini	2025-04-20 08:37:17+07:00	108.2627633333	16.0040416667
alessia_cudini	2025-04-20 08:17:40+07:00	108.2637866667	16.0039888833
alessia_cudini	2025-04-16 11:59:27+07:00	108.0595388333	16.2734916717
alessia_cudini	2025-04-18 12:00:00+07:00	108.2755585	16.1032757
alessia_cudini	2025-04-11 12:20:39+07:00	105.9068833333	20.2836583333
alessia_cudini	2025-04-09 11:24:37+07:00	105.85527	21.0298528333
alessia_cudini	2025-03-24 04:46:51+07:00	98.3884151	19.36482425
alexp1	2025-04-27 10:06:04	-87.93869782	42.04215187
alexp1	2025-04-27 10:10:37	-87.93864853	42.0421228
abbie108	2025-04-28 12:31:56	172.5821838333	-43.5215721111
abbie108	2025-04-28 12:24:51	172.5828704722	-43.5218315
abbie108	2025-04-28 12:22:23	172.5830840833	-43.5219268611
abbie108	2025-04-28 12:51:31	172.5822143333	-43.5216064444
abbie108	2025-04-28 12:46:47	172.5826873611	-43.5218887222
alexp1	2025-04-28 19:22:31	-87.93873331	42.04214821
abbie108	2025-04-28 12:49:04	172.582489	-43.5218696389
abbie108	2025-04-28 12:48:59	172.582489	-43.5218696389
abbie108	2025-04-28 12:46:16	172.5828094444	-43.5218696389
abbie108	2025-04-28 12:45:40	172.5828094444	-43.5218696389
abbie108	2025-04-28 12:45:37	172.5830383056	-43.5215339444
abbie108	2025-04-28 12:44:16	172.5827178889	-43.5223503056
abbie108	2025-04-28 12:51:48	172.5822143333	-43.5216064444
alessia_cudini	2025-05-03 13:30:00+07:00	103.9024540083	10.3609965134
alessia_cudini	2025-05-04 17:35:07+07:00	103.96425	10.1915383333
agbanker	2025-05-04 13:35:53+02:00	-7.0799117039	42.698722845
allemint	2025-05-05 19:25:51	24.9351025345	60.1775417872
allemint	2025-05-05 19:26:03	24.8239208358	60.148015521
alessia_cudini	2025-05-08 02:16:16+07:00	104.0351698704	10.0524488794
alessia_cudini	2025-05-08 01:51:20+07:00	104.035165785	10.0524428815
alessia_cudini	2025-05-08 02:34:54+07:00	104.0351694918	10.0525284175
alessia_cudini	2025-05-08 02:43:19+07:00	104.0351666327	10.0524473351
alessia_cudini	2025-05-08 02:30:38+07:00	104.0351558415	10.0524623656
aleriva	2025-04-21 13:39:22	9.901711	45.792366
alexis354	2025-05-09 19:07:12	-66.12308648	45.28881834
alessia_cudini	2025-05-10 05:50:32+07:00	103.9424216667	10.382255
a7v	2025-03-31 14:51:49	72.8041829914	18.9539803124
alexcg	2025/05/19 10:31 AM	0.9736514043	41.0809275631
alexis354	2025-05-21 11:57:50	-66.69563624	44.62258827
alessia_cudini	2025-03-16 02:32:15+01:00	100.63321435	13.72429295
alessia_cudini	2025-03-15 02:05:29+01:00	100.63321435	13.72429295
alessia_cudini	2025-03-15 02:08:15+01:00	100.63321435	13.7242929533
alessia_cudini	2025-03-15 02:12:18+01:00	100.63321435	13.72429295
alessia_cudini	2025-03-22 08:05:17+01:00	98.92796035	18.7935994
alessia_cudini	2025-03-22 08:16:50+01:00	98.92796035	18.7935994
alessia_cudini	2025-03-22 08:54:30+01:00	98.92796035	18.7935994
alessia_cudini	2025-03-24 02:41:33+01:00	98.95511875	18.7874993
alessia_cudini	2025-03-30 01:03:22+01:00	99.73895405	19.87776225
alessia_cudini	2025-03-28 02:17:50+01:00	99.73895405	19.87776225
alessia_cudini	2025-03-27 03:57:40+01:00	99.6295970087	19.9901214441
alessia_cudini	2025-03-30 01:12:36+01:00	99.73895405	19.87776225
alessia_cudini	2025-03-30 01:42:14+01:00	99.73895405	19.87776225
alessia_cudini	2025-03-30 01:05:35+01:00	99.73895405	19.87776225
alessia_cudini	2025-04-02 02:10:00+02:00	98.92796035	18.7935994
alessia_cudini	2025-04-02 02:25:46+02:00	98.92796035	18.7935994
alessia_cudini	2025-04-21 04:32:54+02:00	107.8227747522	16.1373272975
alessia_cudini	2025-04-16 04:11:15+02:00	107.8245601292	16.1374952798
alessia_cudini	2025-04-16 02:34:44+02:00	107.8247919037	16.1363308004
alessia_cudini	2025-04-14 03:06:15+02:00	107.5901059796	16.4700171527
alessia_cudini	2025-04-16 02:44:44+02:00	107.8334689529	16.1381384761
a7v	2024-06-15 20:16:15	72.8615601208	18.7909650921
a7v	2024-06-15 20:28:14	72.9828086452	18.6365094142
alexp1	2025-05-28 07:07:21	105.83086368	21.05762664
aleriva	2025-05-29	9.732929	45.8897759722
alexis354	2025-05-29 21:05:00	-66.12262586	45.28902498
alexis354	2025-06-02 19:21:25	-66.0546958997	45.3030767997
allemint	2025-06-03 15:11:20	24.9024073448	60.0786754026
alexis354	2025-06-10 14:13:53	-66.1230314	45.2889376997
alexp1	2025-06-11 14:47:15	-87.93869989	42.04204942
allemint	2025-06-14 13:13:46	24.9838321407	60.0843525158
allemint	2025-06-14 13:13:38	24.8311562104	60.014666782
allemint	2025-06-12 18:58:32	24.873954672	60.2994493149
allemint	2025-06-12 18:32:38	24.9535791891	60.2294235311
alexis354	2025-06-14 18:54:57	-66.1200938	45.288249
alessia_cudini	2025-06-14 16:38:00+02:00	10.4141241116	43.4019569347
alessia_cudini	2025-06-18 11:24:16+02:00	12.1674833333	43.1151471667
alessia_cudini	2025-06-18 15:22:30+02:00	12.8970866667	43.047325
alessia_cudini	2025-06-21 12:36:34+02:00	13.5572616735	42.4450336508
allemint	2025-06-12 18:52:47	24.8939534997	60.2210055997
allemint	2025-06-12 18:28:20	24.8923163	60.2233684997
alessia_cudini	2025-06-21 10:11:16+02:00	13.4975113696	42.4913630721
alessia_cudini	2025-06-22 09:20:49+02:00	13.3726918	42.8907272
alessia_cudini	2025-06-21 11:24:33+02:00	13.5878716	43.1309715
alessia_cudini	2025-06-21 15:24:05+02:00	13.509329828	42.4200692386
alessia_cudini	2025-06-21 11:38:24+02:00	13.4975639271	42.4922886938
alessia_cudini	2025-06-21 16:07:07+02:00	13.5526285953	42.5939683411
alessia_cudini	2025-06-21 14:33:49+02:00	13.5559011044	42.4490824228
alessia_cudini	2025-06-22 09:25:07+02:00	13.3726918	42.8907272
alessia_cudini	2025-06-21 09:42:58+02:00	13.4977128474	42.5078556469
a7v	2025-05-31 21:16:45	72.8381060634	18.6385882549
a7v	2025-06-28 09:10:54	72.8032293537	19.1265500287
a7v	2025-06-28 10:53:12	72.9533282418	19.1208037077
a7v	2025-06-28 10:57:50	72.9208757989	19.188637554
alexis354	2025-06-14 19:08:21	-66.1195593	45.2882140997
alexis354	2025-06-29 14:31:08	-66.09547718	45.30659894
alexis354	2025-06-29 14:36:50	-66.09478083	45.30638208
alexis354	2025-06-29 15:59:24	-66.09050653	45.30348601
alexis354	2025-06-29 14:42:09	-66.094368	45.3060649722
a7v	2025-06-28 09:48:08	72.8971433267	19.1623177214
a7v	2025-07-08 23:53:19	108.3663041564	15.8464753386
a7v	2025-07-13 18:17:43	105.9762315219	21.1568391008
aleriva	2025-07-20 14:55:48	9.18614664	44.9225037
aleriva	2025-07-20 15:14:30	9.18552455	44.92289848
alexis354	2025-07-29 09:57:37	-66.122973	45.288916
alexis354	2025-07-29 10:44:01	-66.1229129997	45.2890121
aleriva	2025-07-27 20:00:22	9.99662166	45.890087
aleriva	2025-08-15 17:30:26	9.426424	45.568818
aleriva	2025-08-15 17:32:50	9.4265369722	45.568742
alessia_cudini	2025-08-09 15:48:01+02:00	13.8346883333	43.1062055
alexcg	2025/08/03 3:55 PM	-102.0522013609	26.9254639788
alexcg	2025/08/03 4:06 PM	-101.2509189116	26.6534694597
alexcg	2025/08/03 4:06 PM	-101.2807719629	26.738255065
alexcg	2025/05/16 4:23 PM	-87.8541141284	14.8709814028
alexis354	2025-08-23 15:50:57	-66.2542480997	45.3789038
alexcg	2025-09-03 14:27:39+07:00	105.8355633333	21.0282833333
alexcg	2025-09-06 09:17:51+07:00	105.0644305	20.6625133333
alexcg	2025-09-06 09:13:33+07:00	105.0653489474	20.6632506584
alexcg	2025-09-06 19:49:23+07:00	105.0680778333	20.6615716667
alexcg	2025-09-07 10:00:02+07:00	105.0989111504	20.7577651968
alexcg	2024-07-07 15:38:39-06:00	-85.980055	11.833825
alexcg	2024-07-08 08:41:52-06:00	-87.0592638333	12.603445
alexcg	2024-07-13 09:03:51-06:00	-85.6344966667	11.480055
alexcg	2024-07-13 09:22:23-06:00	-85.6348283333	11.47717
alexcg	2024-07-13 09:26:18-06:00	-85.634605	11.476075
alexcg	2024-07-13 09:59:54-06:00	-85.6341866667	11.4796866667
alexcg	2024-07-13 14:31:09-06:00	-85.5597533333	11.4806166667
alexcg	2024-07-13 15:06:31-06:00	-85.559805	11.4835133333
alexcg	2024-10-07 13:47:41+08:00	121.2627116667	31.4512283333
alexcg	2024-10-07 13:39:24+08:00	121.262095	31.4526866667
alexcg	2021-05-23 11:52:10-06:00	-87.8957366667	14.8663866667
alexcg	2025-09-07 12:28:37+07:00	105.5673833333	20.405925
alexcg	2025-09-07 14:47:04+07:00	105.922605	20.27348
alexcg	2025-09-09 10:17:58+07:00	105.7152033333	20.2462116667
alexcg	2025-09-09 09:50:15+07:00	105.7159633333	20.2463033333
alexcg	2025-09-09 10:38:06+07:00	105.715775	20.2457633333
alexcg	2025-09-09 12:38:09+07:00	105.6019966667	20.34935
alexcg	2025-09-09 12:26:58+07:00	105.6032866667	20.3505616667
alexcg	2025-09-09 10:42:08+07:00	105.7159883333	20.24742
alexcg	2025-09-09 12:05:41+07:00	105.60337	20.3510383333
alexcg	2025-09-09 12:06:59+07:00	105.6032716667	20.351255
alexcg	2025-09-09 12:06:09+07:00	105.6033166667	20.3510916667
alexcg	2025-09-09 09:38:21+07:00	105.7151633333	20.249805
alexcg	2025-09-09 12:41:26+07:00	105.6007616667	20.3493033333
alexcg	2025-09-10 10:36:53+07:00	107.5790333333	16.4266
alexcg	2025-09-10 20:22:53+07:00	107.5954883333	16.4702416667
alexcg	2025-09-11 09:58:53+07:00	107.5790116667	16.4264783333
a_wyrn	2025/09/11 11:01 AM	115.8706248694	-31.8271789585
alexcg	2025-09-11 21:49:11+07:00	107.578645	16.4249966667
alexcg	2025-09-12 08:24:53+07:00	107.578855	16.4258716667
alexherpeto	2025-09-13 16:30:00+07:00	105.3521693073	21.0400871943
alexp1	2025-09-25 20:21:16	-87.9387233	42.04192521
aihe	2025-09-27 10:53:06	138.6126883333	-34.9168533333
alexherpeto	2025-09-27 15:44:07+07:00	105.8112091978	21.0689915731
alexherpeto	2025-10-04 10:42:16+07:00	105.8320654443	21.0411241521
alexis354	2025-10-06 17:03:56	-114.35208183	62.44595395
alexis354	2025-10-06 17:13:02	-114.3511767	62.44510388
alexis354	2025-10-06 17:14:41	-114.35118365	62.44514693
alexis354	2025-10-06 17:18:33	-114.3513098	62.44415272
alexis354	2025-10-06 17:24:19	-114.3551	62.4425487
alexis354	2025-10-06 17:48:48	-114.36175118	62.44719992
alexis354	2025-10-06 17:49:32	-114.36173511	62.44718145
alexis354	2025-10-07 17:37:24	-114.27408381	62.51088454
alexis354	2025-10-07 17:40:23	-114.27415303	62.51111861
alexis354	2025-10-07 17:40:59	-114.27413225	62.51112825
alexis354	2025-10-07 18:12:53	-114.27265025	62.51260682
alexis354	2025-10-07 18:13:16	-114.2726151	62.51259451
alexis354	2025-10-07 18:13:52	-114.27249372	62.51250641
alexis354	2025-10-07 18:14:41	-114.27290018	62.51234048
alexis354	2025-10-13 14:28:33	-113.5521389722	62.4965059722
alexherpeto	2025-10-17 10:09:11+07:00	105.918796654	21.1372186445
alexcg	2025-10-18 13:21:49-07:00	-109.3454283333	32.00496945
alexcg	2025-10-18 15:39:41-07:00	-109.52973	32.089025
alexis354	2025-10-19 18:43:58	-66.123034	45.2890689722
alexis354	2025-10-20 14:51:02	-65.9246859722	45.4140379722
alexis354	2025-10-20 14:52:44	-65.92471035	45.41406466
agbanker	2025-10-23 16:24:42-06:00	-104.8310403303	38.7574156992
allahisgoodbinladen123	Mon Oct 27 2025 15:41:03 GMT +0700 (GMT+7)	105.7946395874	20.994594574
allahisgoodbinladen123	Mon Oct 27 2025 15:42:11 GMT +0700 (GMT+7)	105.7945861816	20.994556427
allahisgoodbinladen123	Mon Oct 27 2025 15:42:55 GMT +0700 (GMT+7)	105.7947311401	20.9945373535
allahisgoodbinladen123	Mon Oct 27 2025 15:44:00 GMT +0700 (GMT+7)	105.7672334978	20.8770855928
allahisgoodbinladen123	Mon Oct 27 2025 15:48:31 GMT +0700 (GMT+7)	105.6244380612	20.9953231874
ad-d-phuongquach	Tue Oct 28 2025 08:20:36 GMT +0700 (GMT)	106.7273864746	10.720459938
abbie108	2025-11-03 14:51:18	172.5758514167	-43.4597778056
a_wyrn	2025-11-04 17:52:42	115.9105216667	-31.9171116667
a_wyrn	2025-11-05 16:01:02	115.8449466667	-31.94437
ahmuvan	2025-11-18 12:14:12+08:00	103.79206902	1.2824523695
a7v	2025-11-22 15:33:15	-73.9645719901	40.6615254931
ahmuvan	2025-11-23 18:37:14+08:00	103.820795	1.3849033333
ahmuvan	2025-07-17 16:55:00+05:30	76.9921237065	11.013867666
a_wyrn	2025-11-26 14:43:03	115.8103817436	-31.9192952264
a_wyrn	2025-11-26 11:01:23	115.8376383333	-31.94487
ahmuvan	2021-08-12 07:51:00+08:00	103.8253068338	1.3605503417
ahmuvan	2022-10-26 16:27:00+08:00	103.7837366501	1.3782045435
ahmuvan	2021-10-26 16:34:00+08:00	103.8272189398	1.339177413
ahmuvan	2022-10-29 00:18:00+05:30	103.7843318315	1.349940494
ahmuvan	2023-05-16 11:21:00+05:30	118.3524586608	5.7438941224
ahmuvan	2024-03-14 16:25:00+05:30	76.9858007137	10.9975079041
ahmuvan	2024-03-15 15:27:00+05:30	76.9857273738	10.9976172183
ahmuvan	2021-08-29 20:29:00+05:30	103.782034135	1.3775024311
ahmuvan	2023-05-29 22:33:00+05:30	118.2818914801	5.4993726176
ahmuvan	2023-07-29 16:35:00+05:30	103.9062419586	1.2993336052
ahmuvan	2023-01-29 23:37:00+05:30	103.78068307	1.3717558251
ahmuvan	2023-05-29 22:41:00+05:30	77.0569251602	10.08472478
ahmuvan	2022-03-29 23:43:00+05:30	103.7848357448	1.3697231746
ahmuvan	2021-03-29 23:44:00+05:30	103.7821474192	1.3810662977
ahmuvan	2022-01-28 21:45:00+05:30	103.7658444585	1.350987634
ahmuvan	2022-10-29 23:17:00+08:00	103.7886634643	1.3699587057
ahmuvan	2022-09-29 20:49:00+05:30	103.77647307	1.3544734538
ahmuvan	2022-09-18 23:20:00+08:00	103.7787496089	1.3556922942
ahmuvan	2021-12-29 22:52:00+05:30	103.7851287472	1.3913768748
ahmuvan	2024-01-29 20:56:00+05:30	103.8246984403	1.3418293414
ahmuvan	2023-05-09 00:39:00+08:00	103.779469892	1.3489341886
ahmuvan	2023-05-29 10:18:00+05:30	118.2774869885	5.5083984584
ahmuvan	2022-07-29 21:12:00+05:30	103.7782006893	1.3455735423
ahmuvan	2022-08-29 21:15:00+05:30	103.7805846058	1.3503383726
ahmuvan	2022-06-29 23:18:00+05:30	103.7708016837	1.3511955118
ahmuvan	2022-11-29 23:21:00+05:30	103.7829144458	1.3487680645
ahmuvan	2022-01-03 01:29:43+08:00	103.7829293891	1.3765999349
ahmuvan	2022-01-27 00:32:49+08:00	103.7795620349	1.3603337065
ahmuvan	2021-12-21 22:40:45+08:00	103.6595970692	1.3478466917
ahmuvan	2021-12-12 23:35:58+08:00	103.7897724296	1.3729821271
ahmuvan	2023-03-02 16:33:39+08:00	103.7830753102	1.3786019263
ahmuvan	2021-10-29 23:40:04+08:00	103.7896237652	1.377059306
ahmuvan	2023-01-07 05:03:00+08:00	103.7963671919	1.3740839325
ahmuvan	2023-11-30 01:40:00+05:30	77.0092907577	10.9750850912
ahmuvan	2023-06-30 08:15:00+05:30	80.1469515557	13.1089611789
ahmuvan	2022-10-15 23:04:33+08:00	103.7803678476	1.3496443291
ahmuvan	2023-01-11 14:43:59+07:00	105.8964384206	21.0199528764
ahmuvan	2023-01-08 02:05:43+07:00	105.8889537946	21.0057711519
ahmuvan	2022-12-18 01:49:09+08:00	103.7831471819	1.3753455479
ahmuvan	2022-01-26 16:41:18+08:00	103.9515403327	1.3792186891
ahmuvan	2022-09-09 10:54:31+08:00	103.7796805964	1.3506338892
ahmuvan	2022-09-09 11:55:49+08:00	103.7804510203	1.3511448893
ahmuvan	2022-01-24 02:37:43+08:00	103.7655066211	1.3503209402
ahmuvan	2022-08-30 11:24:00+05:30	103.8150810409	1.4013279266
ahmuvan	2022-08-30 02:34:00+05:30	103.814710738	1.4010619109
ahmuvan	2021-12-17 23:10:00+08:00	103.9522850523	1.3793731064
ahmuvan	2021-12-31 02:06:00+08:00	103.9523608899	1.3794331675
ahmuvan	2022-01-28 23:38:00+05:30	103.8116425559	1.2545264381
ahmuvan	2023-05-30 23:42:00+05:30	118.303163992	5.5262206385
ahmuvan	2021-12-27 22:34:19+08:00	103.7914424984	1.421471847
ahmuvan	2022-01-08 23:37:51+08:00	103.7739934038	1.3510144205
ahmuvan	2022-12-13 02:24:00+08:00	103.7907258933	1.3775925333
ahmuvan	2021-10-05 00:03:00+05:30	103.8276467649	1.3492368779
ahmuvan	2022-06-20 15:55:30+05:30	76.986818447	10.997050302
ahmuvan	2021-12-13 01:29:00+08:00	103.788183013	1.3691514897
ahmuvan	2022-08-11 04:20:43+05:30	77.0075591422	10.9782267784
ahmuvan	2022-12-18 02:09:09+08:00	103.8233639039	1.3813616054
a_wyrn	2025-12-13 08:57:25	115.9698716667	-32.0534138333
a_wyrn	2025-12-13 08:49:56	115.969475	-32.0534638333
a_wyrn	2025-12-18 17:24:05	117.0345528333	-33.338325
a_wyrn	2025-12-19 08:41:39	117.9044033333	-34.99615
a_wyrn	2025-12-19 08:32:18	117.90483	-34.9966883333
a_wyrn	2025-12-19 09:46:34	117.8919666667	-35.1184888333
a_wyrn	2025-12-20 13:04:43	118.9205633333	-33.9396133333
a_wyrn	2025-12-21 09:43:27	122.1684883333	-33.9699366667
a_wyrn	2025-12-22 15:08:10	121.8309383333	-33.86538
a_wyrn	2025-12-22 15:21:56	121.859	-33.86182
a_wyrn	2025-12-22 15:14:17	121.8492966667	-33.8598666667
a_wyrn	2025-12-22 18:47:12	121.8314583333	-33.86532
a_wyrn	2025-12-22 18:37:01	121.8585966667	-33.8622633333
a_wyrn	2025-12-22 18:51:36	121.835555	-33.8649333333
ahmuvan	2022-03-25 10:41:56+05:30	103.8260498566	1.3596465523
ahmuvan	2022-03-12 03:02:02+08:00	103.8262485194	1.360514885
ahmuvan	2022-03-06 01:55:25+08:00	103.7738859391	1.3508021973
ahmuvan	2022-02-13 01:02:31+05:30	103.7849320101	1.3927851913
ahmuvan	2022-02-13 02:11:07+08:00	103.7851177135	1.3671098137
ahmuvan	2022-02-12 22:52:58+05:30	103.7880277891	1.3693510733
ahmuvan	2022-02-12 22:58:39+05:30	103.7880714535	1.3692054161
ahmuvan	2022-02-07 00:25:08+05:30	103.7954606096	1.3868373406
ahmuvan	2022-01-29 22:00:39+05:30	103.7743365082	1.3518186738
ahmuvan	2022-01-22 21:20:15+05:30	103.7739300553	1.3507919702
ahmuvan	2022-01-22 21:29:36+05:30	103.7798546943	1.3511882321
ahmuvan	2022-01-22 23:06:11+05:30	103.7802960997	1.3493316882
ahmuvan	2022-01-26 16:45:15+05:30	103.7945761927	1.386317603
ahmuvan	2022-01-26 17:00:45+05:30	103.7934529479	1.3794754383
ahmuvan	2022-01-29 00:23:38+05:30	103.8020431851	1.3905715404
a_wyrn	2025-12-23 12:47:16	119.6756216667	-33.087975
a_wyrn	2025-12-23 09:08:11	121.859405	-33.8619333333
a_wyrn	2025-12-23 12:46:04	119.6756533333	-33.0879666667
a_wyrn	2025-12-23 08:47:12	121.85923	-33.8620116667
ahmuvan	2021-12-27 20:54:52+05:30	103.7859289692	1.3792608021
ahmuvan	2021-12-21 23:20:41+05:30	103.8242264769	1.3837113427
aleksandra96475	2025-12-21	40.2430684492	64.4055925232
aleksandra96475	2025-12-21	40.2605061606	64.4029007121
ahmuvan	2021-12-22 01:12:14+05:30	103.7810299939	1.392923257
ahmuvan	2022-09-13 16:16:00+08:00	103.8264764896	1.360647963
ahmuvan	2021-07-30 12:33:15+05:30	103.826137299	1.3605553131
ahmuvan	2022-02-17 10:31:08+05:30	103.7703913234	1.3560460639
ahmuvan	2022-02-13 00:57:56+05:30	103.7735799209	1.3503311829
ahmuvan	2022-02-05 21:36:08+05:30	103.9525091093	1.3799833343
ahmuvan	2021-08-27 12:36:17+05:30	103.7886884223	1.3810276483
ahmuvan	2022-02-05 21:43:13+05:30	103.7896999748	1.3537323944
a_wyrn	2025-12-23 18:26:05	118.8975	-32.443795
a_wyrn	2025-12-24 09:29:13	118.8555216667	-32.45152
ahmuvan	2025-12-12 23:24:59+05:30	103.8203180989	1.3834119169
ahmuvan	2025-12-13 23:26:57+05:30	103.8194667661	1.3829188205
ahmuvan	2025-12-14 00:17:28+05:30	103.8192415343	1.3813387996
ahmuvan	2025-12-14 00:56:45+05:30	103.8174808137	1.387617103
ahmuvan	2022-02-13 00:44:12+05:30	103.7854914343	1.3813824636
ahmuvan	2025-01-07 18:24:56+08:00	151.6960471895	-32.9373842848
ahmuvan	2024-12-28 21:48:00+05:30	151.1515245304	-33.9233871516
aleksandra96475	2025-12-07 11:15:00	39.8140424117	64.6216476867
aleksandra96475	2025-12-30 13:00:00	29.8313526437	59.8906698222
aleksandra96475	2025-12-31 13:00:00	29.8332000151	59.8925800898
aleksandra96475	2025-12-31 13:00:00	29.8330907151	59.892744067
aleksandra96475	2025-12-31 14:00:00	29.8421049491	59.8998597288
aleksandra96475	2025-12-31 14:00:00	29.8349635676	59.890318804
a_wyrn	2026-01-07T13:12	105.4237279574	21.3308478715
a_wyrn	2026-01-07T13:19	105.4612224002	21.2567180909
a_wyrn	2026-01-07T13:22	105.4895189274	21.2260276277
aleksandra96475	2026-01-08 14:02:00	30.1137017459	59.7112614957
aleksandra96475	2026-01-08 14:33:50	30.1141037419	59.7108808513
aleksandra96475	2025-09-13 15:28:55	28.8605944812	60.2851237813
aleksandra96475	2026-01-18 14:11:44	30.2036462724	59.8421585407
aleksandra96475	2026-01-18 15:43:58	30.1957612485	59.8453608854
aleksandra96475	2026-01-18 16:11:03	30.2049481496	59.8448569656
aleksandra96475	2026-01-18 15:44:01	30.2078348771	59.8447527112
aleksandra96475	2026-01-18 16:22:00	30.2103293315	59.8454328012
abbie108	2026-01-23 10:47:21	172.5849833333	-43.523845
abbie108	2026-01-23 10:48:45	172.58492	-43.524625
abbie108	2026-01-23 10:52:04	172.5843366667	-43.5251316667
abbie108	2026-01-23 10:56:42	172.581405	-43.52379
abbie108	2026-01-23 10:58:05	172.580585	-43.5235566667
abbie108	2026-01-23 11:02:56	172.5795583333	-43.5214066667
abbie108	2026-01-23 11:04:54	172.5805416667	-43.5213383333
abbie108	2026-01-23 11:07:02	172.5820416667	-43.52135
abbie108	2026-01-23 11:08:04	172.5822983333	-43.5214266667
abbie108	2026-01-25 14:05:03	172.630145	-43.57831
aleksandra96475	2026-01-25 16:11:27	30.339574255	60.0186960926
alexherpeto	2026-01-28 11:47:50	105.9494936406	21.1552171067
alexherpeto	2026-01-28 11:39:04	105.8313172683	21.0401094959
alexherpeto	2026-01-28 11:26:22	105.831573084	21.0411340024
alexherpeto	2026-01-28 11:44:06	105.8310416713	21.0404133439
aleksandra96475	2026-02-08 09:39:30	39.8249965534	64.5647244307
aleksandra96475	2026-02-08 10:58:44	39.5464826748	64.4767409764
aleksandra96475	2026-02-08 12:30:01	39.5649047568	64.4751888227
aleksandra96475	2026-02-08 10:59:22	39.5620371401	64.4737024634
aleksandra96475	2026-02-08 15:29:00	39.6232997999	64.4897233785
aleksandra96475	2026-02-08 14:32:00	39.5607352629	64.4778014582
abbie108	2026-02-20 09:14:53	103.8160883333	1.315
abbie108	2026-02-20 09:20:12	103.8165359444	1.3139530278
abbie108	2026-02-20 09:26:07	103.8157283333	1.3127233333
abbie108	2026-02-21 10:19:13	103.8053333333	1.279375
abbie108	2026-02-21 10:43:28	103.8006716667	1.2788916667
abbie108	2026-02-21 10:50:47	103.7963366667	1.2794283333
aleksandra96475	2026-02-22 14:30:34	40.2338530496	64.5408885105
aleksandra96475	2025-11-29 12:53:02	39.883001335	64.5810995859
aleksandra96475	2026-02-22 14:21:35	40.2357342839	64.5407626898
aleksandra96475	2026-02-22 14:06:48	40.2328911424	64.541163642
aleksandra96475	2026-02-22 15:13:35	40.2502654865	64.5324769963
aleksandra96475	2026-02-22 14:35:30	40.245118998	64.5368524489
aleksandra96475	2026-02-22 14:31:00	40.2371236682	64.5407675901
aleksandra96475	2026-02-22 14:26:40	40.2454683557	64.5380845762
abbie108	2026-03-04 08:32:47	123.501125	9.1505466667
aleksandra96475	2026-03-14 13:32:28	29.7541194409	60.3717210693
aleksandra96475	2026-03-14 16:11:20	29.7926215455	60.535424241
abbie108	2026-03-18 12:16:37	108.12505	15.7638816667
abbie108	2026-03-18 12:17:12	108.1701364418	15.7230335594
abbie108	2026-03-19 20:51:24	106.2879858	17.5934664
alexcg	2017-04-02 15:59:23-04:00	-55.0704083333	-25.3805716667
acoghill	2026-03-06 10:11:44+02:00	29.19815	-2.4684533333
aleksandra96475	2026-03-14 15:42:54	29.7825434804	60.5383451265
aleksandra96475	2026-03-14 16:02:35	29.7869583964	60.5332597925
aleksandra96475	2026-03-14 13:08:20	29.765223451	60.3617864425
aihe	2026-03-21	138.6007455736	-34.9279021454
abbie108	2026-03-22 08:37:01	106.2881666667	17.5935266667
alexcg	2026-03-22 14:15:04-03:00	-54.4450616667	-25.7012366667
abbie108	2026-03-23 09:15:12	105.9420733333	20.2328533333
aleksandra96475	2026-03-23 16:47:20	106.7006855831	10.7934892155
aleksandra96475	2026-03-23 17:06:50	106.7007348686	10.7934918503
aleksandra96475	2026-03-24 13:53:16	106.7061267793	10.788582929
aleksandra96475	2026-03-24 13:42:38	106.7065334693	10.7881929783
aleksandra96475	2026-03-23 22:17:27	106.6928347573	10.7770729151
aleksandra96475	2026-03-23 17:07:37	106.706882827	10.7916903299
aleksandra96475	2026-03-25 17:15:36	106.6952712089	10.777301822
aleksandra96475	2026-03-25 17:35:23	106.6954418644	10.7773034688
aleksandra96475	2026-03-25 13:36:22	106.6437258571	10.8654729992
aleksandra96475	2026-03-25 13:42:58	106.6388667002	10.8659468118
aleksandra96475	2026-03-25 12:24:16	106.6265463084	10.8567565567
aleksandra96475	2026-03-24 21:54:11	106.7019817606	10.787195045
aleksandra96475	2026-03-24 21:16:35	106.6945617646	10.7876884131
abbie108	2026-03-26 09:15:03	105.8527283333	21.0307733333
abbie108	2026-03-26 09:18:03	105.85246275	21.0304488889
aleksandra96475	2026-03-26 15:08:53	106.7486391217	10.8147213115
aleksandra96475	2026-03-26 15:38:41	106.7489475757	10.8145596147
aleksandra96475	2026-03-26 15:32:00	106.7489452288	10.8136776905
aleksandra96475	2026-03-28 09:01:43	108.2071864977	10.9491404361
aleksandra96475	2026-03-28 09:01:46	108.2082332298	10.9493698695
aleksandra96475	2026-03-28 09:03:08	108.2069933787	10.9485568121
aleksandra96475	2026-03-28 09:58:34	108.2087572664	10.9500723229
aleksandra96475	2026-03-28 10:00:50	108.2035095245	10.9474060195
aleksandra96475	2026-03-28 15:54:27	108.2238916308	10.9546908962
agbanker	2026-03-30 17:31:26+07:00	105.9923042586	20.6306524451
aleksandra96475	2026-03-29 16:20:34	108.0676874891	10.9242749952
aleksandra96475	2026-03-29 16:56:52	108.0675674602	10.92405476
aleksandra96475	2026-03-28 16:18:11	108.2369144261	10.9544032044
aleksandra96475	2026-03-30 08:57:01	108.2064975053	10.9492809929
aleksandra96475	2026-03-31 14:22:23	105.8282934129	21.0394792676
aleksandra96475	2026-03-31 14:22:23	105.8283587918	21.0394902199
aleksandra96475	2026-03-31 15:55:38	105.8281616494	21.0357144269
aleksandra96475	2026-03-31 17:06:26	105.8334858343	21.0353101179
aleksandra96475	2026-03-31 17:30:55	105.8357298374	21.0421319038
aleksandra96475	2026-04-01 11:33:51	105.8183300123	21.0377250032
aleksandra96475	2026-04-01 13:07:24	105.8360527083	21.0443420328
aleksandra96475	2026-04-01 13:10:53	105.8362770081	21.0453092473
aleksandra96475	2026-04-01 13:14:19	105.8365016431	21.0460386436
aleksandra96475	2026-04-01 13:22:20	105.8365257829	21.0495826267
aleksandra96475	2026-04-01 13:29:56	105.8370085806	21.0478866821
aleksandra96475	2026-04-01 17:10:00	105.8513986319	21.0279190801
aleksandra96475	2026-04-01 13:34:00	105.8370172977	21.0478923144
aleksandra96475	2026-04-01 16:56:18	105.827447176	21.0372537328
aleksandra96475	2026-04-01 17:30:00	105.8520654961	21.0288504123
aleksandra96475	2026-04-01 13:33:52	105.8369686827	21.047870098
aleksandra96475	2026-04-02 16:59:12	105.748023279	20.9538160396
aleksandra96475	2026-04-03 07:18:00	105.8201394975	21.039010819
aleksandra96475	2026-04-03 12:49:59	105.853311047	21.0476823539
aleksandra96475	2026-04-03 10:31:56	105.8479208127	21.0583145584
aleksandra96475	2026-04-03 10:32:56	105.8473317325	21.0582282022
aleksandra96475	2026-04-02 14:21:31	105.7486770675	20.9536134612
aleksandra96475	2026-04-03 11:12:09	105.8518539369	21.0516164832
aleksandra96475	2026-04-03 13:38:05	105.8305172995	21.0406183079
aleksandra96475	2026-04-03 13:41:31	105.8321081847	21.0408426728
aleksandra96475	2026-04-03 13:57:43	105.8316294104	21.0403908134
aleksandra96475	2026-04-03 14:12:01	105.8313323557	21.0402781613
aleksandra96475	2026-04-03 14:13:14	105.8313648775	21.0402111958
aleksandra96475	2026-04-03 14:39:54	105.8321977034	21.040976916
aleksandra96475	2026-04-03 14:41:12	105.8321494237	21.0408745908
aleksandra96475	2026-04-03 14:56:37	105.8308046311	21.0409509436
aleksandra96475	2026-04-03 15:07:43	105.8314413205	21.0403908134
aleksandra96475	2026-04-03 15:08:45	105.8313725889	21.0401439174
aleksandra96475	2026-04-03 15:13:02	105.8299305663	21.0397756066
alessia_cudini	2026-04-05 16:01:45+02:00	7.6885863144	45.0551661729
alessia_cudini	2026-04-05 16:12:29+02:00	7.6876635313	45.0549207235
alessia_cudini	2026-04-05 15:35:45+02:00	7.6860630964	45.0520301748
agbanker	2026-04-07 12:28:31+07:00	107.5781878728	16.4712015602
agbanker	2026-04-07 12:28:31+07:00	107.5778029044	16.4681160926
aleksandra96475	2026-04-06 18:25:00	30.3292732313	59.8621736546
aleksandra96475	2026-04-06 12:16:13	30.3322149441	59.8601160195
aleksandra96475	2026-04-07 12:09:32	30.3297100961	59.8656866422
agbanker	2026-04-10 12:33:40+07:00	106.3402856994	10.4147182068
alessia_cudini	2026-04-18 12:06:39+02:00	7.8760451547	45.4955118726
alessia_cudini	2026-04-18 12:27:46+02:00	7.8751238475	45.4958521925
alessia_cudini	2026-04-18 12:55:13+02:00	7.8737818293	45.4908307124
alessia_cudini	2026-04-18 11:56:29+02:00	7.8742603989	45.4955719942
alessia_cudini	2026-04-18 07:48:59+02:00	7.8775111154	45.4673329466
alessia_cudini	2026-04-18 10:25:07+02:00	7.8792837939	45.4925332998
agbanker	2026-04-19 10:05:40+07:00	100.0646804428	20.3172183649
agbanker	2026-04-20 07:55:34+07:00	100.0777982603	20.3693513995
agbanker	2026-04-20 08:24:16+07:00	100.0774725109	20.369922818
alexp1	2026-04-24 07:57:24	-87.93884441	42.04193582
abbie108	2026-04-30 12:29:28	84.4941711389	27.5792655833
abbie108	2026-04-30 10:07:14	84.4470748889	27.5707168333
alessia_cudini	2026-05-01 14:28:33+02:00	8.77355	44.5518916667
alessia_cudini	2026-05-01 15:21:42+02:00	8.7751866667	44.555095
a7v	2026-02-28 17:13:08	-118.3504024521	34.1094511137
a7v	2026-02-28 17:04:46	-118.349199146	34.1081005894
a7v	2026-02-14 16:58:24	-118.4975675493	34.0132679939
a7v	2026-02-14 16:55:36	-118.4978649393	34.0135503531
a7v	2025-11-26 14:30:13	-73.9633871242	40.6598239963
a7v	2025-11-17 11:09:35	-73.9639299363	40.659998726
a7v	2019-05-19 10:18:30	77.5928869843	12.9752485132
a7v	2026-05-02 06:57:05	72.8236491233	19.0808492192
a7v	2026-05-02 07:13:29	72.8245322406	19.081569747
alessia_cudini	2026-05-02 13:27:32+02:00	8.8305	44.5435033333
alessia_cudini	2026-05-03 09:06:56+02:00	8.7894	44.573155
alessia_cudini	2026-05-03 08:46:09+02:00	8.7894	44.573155
alessia_cudini	2026-05-03 08:36:30+02:00	8.7894	44.573155
alessia_cudini	2026-05-03 08:25:02+02:00	8.7893458712	44.5731849916
alessia_cudini	2026-05-03 06:08:45+02:00	8.772125	44.54858
aleriva	2026-04-26 19:14:36	10.080913	45.9133309722
aleriva	2026-05-09 14:32:00	9.7629524767	45.7425290286
alexherpeto	2026-04-30 10:44:09	105.362698473	21.0812012578
alexherpeto	2026-04-30 10:40:31	105.362698473	21.0812012578
alexherpeto	2026-04-30 10:47:41	105.362698473	21.0812012578
alexherpeto	2026-04-30 10:29:06	105.362698473	21.0812012578
alexherpeto	2026-04-30 10:27:27	105.362698473	21.0812012578
alexherpeto	2026-04-30 10:04:58	105.362698473	21.0812012578
alexherpeto	2026-04-30 10:48:05	105.362698473	21.0812012578
alexherpeto	2026-04-30 09:46:02	105.362698473	21.0812012578
alexherpeto	2026-04-30 10:24:11	105.362698473	21.0812012578
alexherpeto	2026-04-30 09:44:24	105.362698473	21.0812012578
alexherpeto	2026-04-30 09:35:35	105.362698473	21.0812012578
alexherpeto	2026-04-30 08:48:03	105.362698473	21.0812012578
alexherpeto	2026-04-30 09:17:32	105.362698473	21.0812012578
alexherpeto	2026-04-30 07:29:47	105.362698473	21.0812012578
alexherpeto	2026-04-30 07:22:12	105.362698473	21.0812012578
alexherpeto	2026-04-30 07:12:52	105.362698473	21.0812012578
alexherpeto	2026-04-30 07:10:51	105.362698473	21.0812012578
alexherpeto	2026-04-30 07:10:02	105.362698473	21.0812012578
alexherpeto	2026-04-30 07:08:30	105.362698473	21.0812012578
alexherpeto	2026-04-30 07:06:16	105.362698473	21.0812012578
alexherpeto	2026-04-30 07:05:27	105.362698473	21.0812012578
alexherpeto	2026-04-30 06:13:05	105.362698473	21.0812012578
alexherpeto	2026-04-30 06:11:32	105.362698473	21.0812012578
agbanker	2026-05-03 11:06:31-06:00	-104.8311808299	38.7299057438
abbie108	2026-05-13 10:58:07	21.6265697222	39.7259063611
a7v	2026-05-16 12:16:36	-87.7333869201	41.6146059887
alessia_cudini	2026-05-17 06:52:02+02:00	7.6844348641	45.0502959563
alessia_cudini	2026-05-17 06:25:58+02:00	7.6853028849	45.0520688677
abbie108	2026-05-17 13:41:03	20.1920661667	39.5186271667
aleksandra96475	2026-05-17 17:48:48	40.2304972708	64.4112685924
aleksandra96475	2026-05-17 15:54:42	40.1993440837	64.4028750731
al13n_pr1nc3ss	2026-04-30 12:35:54	107.5629475	16.4540264
al13n_pr1nc3ss	2026-05-18 09:22:35	105.8551623	21.0412318997
aleksandra96475	2026-05-03	40.229001604	64.4091815319
aleksandra96475	2026-05-17 13:06:04	40.2294944599	64.4073067784
aleksandra96475	2026-05-17 13:07:32	40.2287571877	64.4068289818
aleksandra96475	2026-05-17 13:14:41	40.2261272818	64.4055806464
aleksandra96475	2026-05-17 13:24:13	40.2264830098	64.4082468504
aleksandra96475	2026-05-17 14:08:09	40.2122032642	64.40829667
aleksandra96475	2026-05-17 14:14:23	40.2122716606	64.4044608765
aleksandra96475	2026-05-17 14:22:01	40.2102170885	64.4053525247
aleksandra96475	2026-05-17 14:27:45	40.2115843445	64.4061743334
aleksandra96475	2026-05-17 14:48:26	40.2150222659	64.4020906837
aleksandra96475	2026-05-17 15:15:25	40.1987415925	64.4026998006
aleksandra96475	2026-05-17 15:16:52	40.1993970573	64.4023890875
aleksandra96475	2026-05-17 15:18:30	40.2003727108	64.4027961282
aleksandra96475	2026-05-17 15:31:23	40.1987516508	64.402935187
aleksandra96475	2026-05-17 15:44:19	40.1982561126	64.4030147109
aleksandra96475	2026-05-17 15:54:36	40.1921470463	64.4013998519
aleksandra96475	2026-05-17 16:02:31	40.1930891722	64.4008566191
aleksandra96475	2026-05-17 16:02:31	40.19152008	64.3997989502
aleksandra96475	2026-05-17 16:06:44	40.1908471808	64.4000459509
aleksandra96475	2026-05-17 16:46:14	40.1920176297	64.3998096705
aleksandra96475	2026-05-17 16:46:13	40.1925812289	64.4007763646
aleksandra96475	2026-05-17 18:07:35	40.2324854583	64.4123067053
abbie108	2026-05-20 09:52:17	20.0242283333	39.8399316667
abbie108	2026-05-19 14:03:31	20.0203513889	39.7461929167
alexcg	2026-05-20 18:37:32+01:00	-5.5628345724	33.8919376915
a7v	2026-05-20 16:00:00	-87.6775695778	41.8294295
a7v	2026-05-25 01:33:32	-87.8624312952	41.9811124589
a7v	2026-05-24 06:43:10	-87.8721603379	41.9867478584
a7v	2026-05-26 05:46:49	-87.843959257	41.9554108884
a7v	2026-05-26 05:45:19	-87.8455545008	41.9560870766
a7v	2026-05-26 05:15:25	-87.8463960439	41.9561294628
a7v	2026-05-26 05:08:52	-87.8476087376	41.9565677841
a7v	2026-05-26 04:49:41	-87.8476087376	41.9565677841
a7v	2026-05-26 04:47:38	-87.8476087376	41.9565677841
a7v	2026-05-26 04:46:54	-87.8476087376	41.9565677841
a7v	2026-05-26 04:46:42	-87.8476087376	41.9565677841
a7v	2026-05-26 04:46:12	-87.8476087376	41.9565677841
a7v	2026-05-26 04:43:28	-87.8547457606	41.9705431202
a7v	2026-05-26 04:41:24	-87.8543011844	41.9737683951
a7v	2026-05-26 04:26:32	-87.8516883776	41.96669172
a7v	2026-05-26 04:01:44	-87.8522556648	41.9785186418
a7v	2026-05-26 03:39:46	-87.8528105468	41.9774688224
a7v	2026-05-26 00:50:39	-87.8521111608	41.9702828775
a7v	2026-05-26 00:26:41	-87.8509963676	41.9804158498
a7v	2026-05-24 06:29:16	-87.6172961667	41.8657110677
a7v	2026-05-21 04:34:17	-87.6110613719	41.8939785151
a7v	2026-05-21 04:25:37	-87.6106660813	41.8937489072
a7v	2026-05-21 04:10:04	-87.6110033691	41.8930895284
a7v	2026-05-21 04:06:26	-87.6104213297	41.8946571016
a7v	2026-01-07 14:10:04	72.8641340509	19.0538309696
a7v	2026-01-07 13:32:48	72.8627641127	19.0522581521
a7v	2026-01-07 13:09:03	72.8634229302	19.0539821342
aleksandra96475	2026-05-28 00:45:00	39.8057377202	64.4796497608
aleksandra96475	2026-05-28 00:46:00	39.84775286	64.5285393991
aleksandra96475	2026-05-28 00:47:00	39.8263845965	64.5922317509
aleksandra96475	2026-05-28 00:48:00	39.8258548602	64.5913958096
alexis354	2026-05-31 13:02:04	-66.11862939	45.28900573
aleksandra96475	2026-05-31 09:03:39	39.5306096971	64.5490209414
aleksandra96475	2026-05-31 09:42:49	39.5294858515	64.5492729382
aleksandra96475	2026-05-31 14:26:55	39.5347999781	64.5526194184
aleksandra96475	2026-05-31 14:25:44	39.5327252895	64.550900415
agbanker	2026-06-04 12:40:48-06:00	-104.8310982112	38.7575330898
alexp1	2026-06-07 14:07:06	-87.9384486	42.04110129
aleksandra96475	2026-06-08 12:24:36	30.3362640738	59.8606338492
aleksandra96475	2026-06-08 12:25:41	30.336208418	59.8605545591
aleksandra96475	2026-06-09 21:48:49	30.3245391324	59.9236977024
aleksandra96475	2026-05-31 10:03:19	39.5389101282	64.5496001414
aleksandra96475	2026-05-31 10:10:55	39.5393855497	64.5489346367
aleksandra96475	2026-05-31 10:25:30	39.5403695852	64.5491013386
aleksandra96475	2026-05-31 10:25:35	39.5419021323	64.549500007
aleksandra96475	2026-05-31 10:25:39	39.5390539616	64.5483134939
aleksandra96475	2026-05-31 10:44:30	39.5383760333	64.5480019807
aleksandra96475	2026-05-31 11:14:03	39.541076012	64.5530249502
aleksandra96475	2026-05-31 12:50:34	39.5487799868	64.5522416849
aleksandra96475	2026-05-31 11:43:00	39.5524576306	64.5539728483
aleksandra96475	2026-05-31 12:28:03	39.5753761008	64.5543097908
aleksandra96475	2026-05-31 12:45:02	39.5559019223	64.5562058969
aleksandra96475	2026-05-31 12:50:42	39.5498320833	64.5519587415
aleksandra96475	2026-05-31 13:41:15	39.5561788604	64.5523108356
aleksandra96475	2026-05-31 14:31:07	39.4005554706	64.4515658337
aleksandra96475	2026-05-31 13:55:04	39.5396758988	64.5493289852
aleksandra96475	2026-05-31 14:44:26	39.5399478078	64.5498711509
aleksandra96475	2026-05-31 15:47:46	39.5340536535	64.5524502889
aleksandra96475	2026-06-10 19:26:44	30.3381479904	59.9290360863
alexcg	2026-06-11 13:50:00+02:00	1.0091916667	41.1196278333
alexcg	2026-06-13 13:03:59+02:00	1.0092722167	41.1195861667
agbanker	2026-06-13 17:16:15-06:00	-105.2943909256	36.3469124413
allemint	2025-08-17 11:29:00	24.5120596997	60.307625
allemint	2026-06-13 12:03:01	24.7525635	60.0954577997
allemint	2026-05-24 19:09:31	24.8657424997	60.1594468997
allemint	2026-03-31 18:25:30	24.8349684997	60.1918884997
alexis354	2026-06-18 11:11:24	-66.1304719722	45.2977399722
a7v	2026-06-27 20:22:26	77.5732812271	12.9175000049
alexander941	2026-06-29 10:48:38	109.1963965818	12.2409639322
a7v	2026-07-04 17:09:49	77.5847860426	12.9463305446
a7v	2026-07-04 17:34:39	77.5819921866	12.9470572434
a7v	2026-07-04 16:45:08	77.5846804306	12.9494157323
abbie108	2026-05-19 11:52:05	20.0203037222	39.7454185278
abbie108	2026-07-07 14:40:10	-3.137012	52.0762481667
aihe	2026-05-28	138.5804824904	-34.8882400135
alexander941	2026-07-12 10:44:06	109.1947619	12.1666287997
abbie108	2026-07-15 12:07:32	-1.4018579722	50.9037437222
a7v	2026-07-04 17:22:59	77.5820803642	12.9470614912
aleksandra96475	2026-07-19 07:30:55	46.3111851364	56.3345881414
aleksandra96475	2026-07-19 10:16:15	46.3125460222	56.3219810064
aleksandra96475	2026-07-19 10:22:33	46.3234666362	56.3176458714
aleksandra96475	2026-07-19 10:23:29	46.2837548554	56.3488045336
aleksandra96475	2026-07-19 10:30:20	46.2513936684	56.3600354622
aleksandra96475	2026-07-19 10:31:59	46.2442797795	56.3791064717
aleksandra96475	2026-07-19 10:33:12	46.3045801967	56.3731885261
aleksandra96475	2026-07-19 11:49:55	46.2502322719	56.3641932562
aleksandra96475	2026-07-19 11:50:30	46.2592109665	56.3636856979
aleksandra96475	2026-07-19 11:52:05	46.2570289895	56.3638662134
aleksandra96475	2026-07-19 11:52:52	46.2978320941	56.3717179942
aleksandra96475	2026-07-19 11:59:22	46.2778898701	56.3805254836
aleksandra96475	2026-07-09	46.2730464712	56.3567606504
alexis354	2026-07-18 16:26:29	-64.9295319722	45.3316859722
alexis354	2026-07-26 09:36:59	-67.4844516997	45.2907476997
aleksandra96475	2026-07-26 20:46:16	30.2802216634	60.4785424702
aleksandra96475	2026-06-20 18:18:31	29.4058969617	60.3857468641
aleksandra96475	2026-06-20 18:04:44	29.4125277176	60.3881748057
aleksandra96475	2026-06-20 17:55:10	29.4138916209	60.3805330122
aleksandra96475	2026-06-20 18:49:10	29.4197787344	60.3696385099
aleksandra96475	2026-06-20 17:48:26	29.4253838807	60.3781386389
aleksandra96475	2026-06-20 14:08:43	29.4196764752	60.3776184455
aleksandra96475	2026-07-19 16:02:23	46.2810545415	56.3571533232
aleksandra96475	2026-07-30 12:33:20	46.2377013266	56.3676839523
aleksandra96475	2026-07-31 20:39:13	29.3823109567	60.1672363007
alexp1	2026-08-03 07:00:26	-87.93863723	42.0419298
adeebxm	2026-08-14 19:18:01	36.2323007735	26.652333653
adeebxm	2025-07-09 17:13:28	105.8442	21.03025
adeebxm	2025-05-09 16:17:36	35.7501193612	28.760007244
adeebxm	2024-10-24 12:55:07	35.6611633333	28.6092583333
adeebxm	2026-07-18 16:23:55	36.23455	26.66022
adeebxm	2026-06-06 09:12:56	-4.4935333333	56.0998028333
adeebxm	2025-12-02 10:58:17	19.1316083333	69.7409666667
adeebxm	2026-06-06 13:45:21	-4.5932133333	56.1207778333
adeebxm	2026-06-06 14:40:00	-4.6215133333	56.1297278333
adeebxm	2024-08-05 11:41:26	35.70636215	28.5882442109
adeebxm	2025-01-27 16:03:50	23.68447	37.9288716667
adeebxm	2025-07-07 11:43:29	106.22123	17.52175
adeebxm	2026-06-06 14:52:25	-4.626045	56.1349555
adeebxm	2026-02-26 17:52:17	35.5512616667	29.029425
adeebxm	2026-02-26 17:52:28	35.5514	29.0293666667
adeebxm	2026-02-26 17:17:34	35.546755	29.0306861667
adeebxm	2026-02-26 17:17:17	35.5467916667	29.0306805
adeebxm	2024-03-09 18:17:25	35.7830866667	28.3807716667
adeebxm	2025-05-23 13:28:08	35.7641116667	28.5584333333
adeebxm	2025-05-30 17:39:24	35.7834187504	28.3816507765
adeebxm	2023-12-31 14:13:01	35.771355	28.5772216667
adeebxm	2023-05-19 16:40:17	50.17648	26.176995
adeebxm	2023-12-31 12:45:58	35.71652	28.535345
adeebxm	2023-12-13 13:07:43	35.88017	28.4345666667
adeebxm	2024-06-03 18:11:54	35.7833910262	28.3817608947
adeebxm	2026-08-15 18:19:48	36.2425383333	26.6536166667
aleksandra96475	2026-08-20 12:10:42	30.3344448656	59.8610823141
alcypian	2026-08-23 11:12:11	4.8356590793	45.7640254256
aleksandra96475	2026-08-25 19:07:18	30.3352099657	59.8656097207
aleksandra96475	2026-08-25 19:07:27	30.3351348639	59.8656507904
alexcg	2026-08-27 10:15:13+08:00	114.0513221667	22.5498116667
alexcg	2026-08-30 16:47:53+08:00	123.640595	9.2855216667
alexcg	2026-08-30 16:26:23+08:00	123.6412716667	9.2846966667
alexcg	2026-08-30 21:00:02+08:00	123.5095283333	9.1437028333
aleksandra96475	2026-08-28 18:02:13	30.3271603212	59.8673588421
aleksandra96475	2026-08-28 18:10:13	30.3268330917	59.8672087094
alexcg	2026-09-01 13:23:44+08:00	123.9527133333	9.691475
alexcg	2026-09-01 20:03:05+08:00	123.7771916667	9.5562866667
alexcg	2026-09-01 14:50:31+08:00	124.0199195	9.6267216667
alexcg	2026-09-01 13:38:14+08:00	123.9526133333	9.6894716667
alexcg	2026-09-02 08:41:18+08:00	123.7771833333	9.5564166667
alexcg	2026-09-02 15:55:20+08:00	124.4204116667	9.8299116667
alexcg	2026-09-02 16:08:57+08:00	124.41948	9.8302533333
alexcg	2026-09-03 11:30:49+08:00	124.5629883333	9.7309633333
alexis354	2026-09-03 15:01:32	-66.12102482	45.29581444
alexis354	2026-09-03 15:17:42	-66.1269819722	45.297353
alexis354	2026-09-03 15:29:13	-66.129389	45.297722
aleksandra96475	2026-09-05 17:38:43	30.2770113945	60.5556300451
alexcg	2026-09-06 09:17:58+08:00	124.670555	9.2500783333
alexcg	2026-09-06 13:24:27+08:00	124.7978666667	9.1319833333
alexcg	2026-09-06 13:20:35+08:00	124.7978533333	9.1319611667
ary_snyder	2015-05-24	-99.296836853	19.3610327012
ary_snyder	2015-05-24	-99.3005275726	19.3658912381
ary_snyder	2015-05-24	-99.3011283875	19.3634619878
ary_snyder	2015-05-24	-99.3000984192	19.3660531868
ary_snyder	2015-05-25	-99.3012142181	19.365081492
ary_snyder	2015-05-25	-99.3011283875	19.3654053909
ary_snyder	2015-05-25	-99.3013000488	19.365081492
ary_snyder	2015-05-25	-99.3014717102	19.3660531868
ary_snyder	2015-05-25	-99.3013000488	19.3634619878
anhtaivu	Wed Oct 04 2017 11:40:24 GMT+0700 (GMT+7)	105.8020019109	21.0484441579
ary_snyder	Wed Apr 18 2018 15:05:07 GMT+0700 (GMT+7)	106.3128477496	21.1127674521
apmango	Thu Feb 07 2019 14:07:56 GMT+0700 (GMT+7)	105.8012534346	21.0765861052
apmango	Fri Mar 17 2017 10:30:41 GMT+0700 (GMT+7)	105.8086861191	21.0737298855
apmango	Mon Apr 03 2017 12:32:32 GMT+0700 (GMT+7)	105.5965850308	20.3124168517
apmango	Sat Nov 04 2017 09:53:57 GMT+0700 (GMT+7)	105.5885025032	20.3407548736
apmango	Mon Apr 03 2017 13:49:39 GMT+0700 (GMT+7)	105.4368992091	20.6724050915
apmango	Tue Jun 20 2017 09:15:07 GMT+0700 (GMT+7)	105.8008625297	21.0744291674
apmango	Mon Apr 29 2019 09:12:07 GMT+0700 (GMT+7)	105.7338234969	21.3153302623
apmango	Mon Apr 29 2019 09:01:20 GMT+0700 (GMT+7)	105.7337867004	21.3153384766
apmango	Sun May 19 2019 13:43:36 GMT+0700 (GMT+7)	105.801247107	21.0740630888
antoniro	Thu Jun 20 2019 09:55:03 GMT+0100 (GMT+1)	-0.3986143116	51.8535209689
anh11	2019-08-06 4:31:04 PM GMT+07:00	105.7931076692	21.0196129868
anh11	2019-08-06 8:01:18 PM GMT+07:00	105.7932733	21.0191606
apmango	Sun Sep 15 2019 10:00:47 GMT+0700 (GMT+7)	104.9298552332	11.513175373
apmango	Sun Sep 15 2019 10:05:36 GMT+0700 (GMT+7)	104.9299333525	11.5132231917
apmango	Sun Sep 15 2019 10:12:54 GMT+0700 (GMT+7)	104.9298545626	11.5133636305
apmango	Sun Sep 15 2019 10:16:55 GMT+0700 (GMT+7)	104.9300533813	11.5134000918
apmango	Sun Sep 15 2019 10:35:03 GMT+0700 (GMT+7)	104.9300510344	11.5136132855
apmango	Sun Sep 15 2019 10:46:54 GMT+0700 (GMT+7)	104.9302509428	11.5135640837
apmango	Sun Sep 15 2019 10:50:12 GMT+0700 (GMT+7)	104.9301073608	11.5137564484
apmango	Sun Sep 15 2019 10:52:44 GMT+0700 (GMT+7)	104.9302241207	11.5135022672
apmango	Sun Sep 15 2019 10:53:01 GMT+0700 (GMT+7)	104.9301764277	11.5136021795
apmango	Sun Sep 15 2019 11:03:27 GMT+0700 (GMT+7)	104.9301370327	11.5136810113
apmango	Sun Sep 15 2019 11:20:42 GMT+0700 (GMT+7)	104.9301836361	11.5131935617
apmango	Sun Aug 04 2019 09:37:26 GMT+0700 (GMT+7)	104.9587094446	11.5219881946
anhnguyen4	2019-10-09 11:03:24 AM GMT+07:00	105.7898484	21.0406241
anhnguyen4	2019-10-09 11:04:42 AM GMT+07:00	105.7898494	21.0406237
apmango	Fri Oct 25 2019 09:52:17 GMT+0700 (GMT+7)	104.9300761636	11.5133164927
apmango	Sun Nov 17 2019 08:03:58 GMT+0700 (GMT+7)	104.9582170953	11.5218084952
apmango	Sat Dec 07 2019 08:17:55 GMT+0700 (GMT+7)	104.9583967934	11.5218129691
apmango	Sun Dec 08 2019 09:35:09 GMT+0700 (GMT+7)	104.9582519476	11.5215978446
anh11	2019-12-08 9:49:38 AM GMT+07:00	105.8224545482	21.027447988
apmango	Fri Dec 13 2019 12:31:22 GMT+0700 (GMT+7)	104.8586317298	11.5807772337
apmango	Thu Dec 19 2019 15:41:33 GMT+0700 (GMT+7)	104.9584665244	11.5219708812
apmango	Sat Dec 21 2019 15:58:07 GMT+0700 (GMT+7)	104.9583900848	11.5215189383
apmango	Sat Dec 21 2019 21:26:31 GMT+0700 (GMT+7)	104.9583118532	11.5214501811
apmango	Tue Dec 24 2019 08:24:23 GMT+0700 (GMT+7)	104.958273432	11.5215391299
apmango	Wed Jan 29 2020 11:13:19 GMT+0700 (GMT+7)	104.92965833	11.51321667
apmango	Thu Jan 30 2020 15:09:46 GMT+0700 (GMT+7)	104.9299482275	11.5132635057
anhnguyen281	Sun Feb 02 2020 15:41:04 GMT-0500 (EST)	-77.1972308961	40.2026364953
apmango	Mon Feb 03 2020 17:33:52 GMT+0700 (GMT+7)	104.9584056717	11.5215557255
apmango	Mon Feb 03 2020 17:33:54 GMT+0700 (GMT+7)	104.9584200886	11.5215260955
apmango	Mon Feb 03 2020 17:34:02 GMT+0700 (GMT+7)	104.958374994	11.5214852337
apmango	Mon Feb 03 2020 17:34:09 GMT+0700 (GMT+7)	104.958416652	11.5215606289
apmango	Mon Feb 03 2020 17:34:15 GMT+0700 (GMT+7)	104.9584593132	11.5216207296
apmango	Mon Feb 03 2020 17:34:55 GMT+0700 (GMT+7)	104.9583824408	11.5215213758
apmango	Mon Feb 03 2020 17:34:59 GMT+0700 (GMT+7)	104.9583014918	11.5215116534
apmango	Mon Feb 03 2020 17:35:09 GMT+0700 (GMT+7)	104.9583925917	11.5215064529
apmango	Mon Feb 03 2020 17:35:27 GMT+0700 (GMT+7)	104.9583564702	11.521547656
apmango	Mon Feb 03 2020 17:35:51 GMT+0700 (GMT+7)	104.9583754299	11.5215087023
apmango	Mon Feb 03 2020 17:36:01 GMT+0700 (GMT+7)	104.9583620224	11.5215464326
anhnguyen281	Mon Feb 03 2020 11:43:51 GMT-0500 (EST)	-77.1984416667	40.2007533333
apmango	Thu Feb 06 2020 07:02:49 GMT+0700 (GMT+7)	104.9301211836	11.513067694
anhnguyen281	Fri Feb 14 2020 12:36:47 GMT-0500 (EST)	-77.2017216667	40.1879916667
anhnguyen281	Wed Feb 19 2020 11:48:52 GMT-0500 (EST)	-77.1972073749	40.2042749922
anhnguyen281	Wed Feb 19 2020 12:47:31 GMT-0500 (EST)	-77.1965716667	40.2041366667
anhnguyen281	Wed Feb 19 2020 12:54:01 GMT-0500 (EST)	-77.196455	40.204225
apmango	Thu Feb 20 2020 09:33:10 GMT+0700 (GMT+7)	104.9300445803	11.5133651812
anhnguyen281	Sat Feb 22 2020 14:58:44 GMT-0500 (EST)	-77.1438138333	40.1676
anhnguyen281	Sat Feb 22 2020 14:42:39 GMT-0500 (EST)	-77.1290361667	40.150425
anhnguyen281	Sat Feb 22 2020 14:28:56 GMT-0500 (EST)	-77.1264888333	40.14775
anhnguyen281	Sat Feb 22 2020 14:12:05 GMT-0500 (EST)	-77.1229861667	40.1481888333
anhnguyen281	Sat Feb 22 2020 13:50:21 GMT-0500 (EST)	-77.126975	40.1493083333
anhnguyen281	Sat Feb 22 2020 13:37:54 GMT-0500 (EST)	-77.1279055	40.1493
anhnguyen281	Sat Feb 22 2020 13:21:21 GMT-0500 (EST)	-77.1471945	40.1475528333
anhnguyen281	Sat Feb 22 2020 13:39:14 GMT-0500 (EST)	-77.1280445	40.1496195
anhnguyen281	Sat Feb 22 2020 17:39:42 GMT-0500 (EST)	-77.1270154685	40.1486011839
apmango	Tue Feb 25 2020 13:40:53 GMT+0700 (GMT+7)	104.9300280792	11.5133455338
anhnguyen281	Tue Feb 25 2020 22:45:53 GMT-0500 (EST)	-77.1979974844	40.200412975
anhnguyen281	Wed Feb 26 2020 15:12:45 GMT-0500 (EST)	-77.294205	40.28743
anhnguyen281	Wed Feb 26 2020 20:42:50 GMT-0500 (EST)	-77.3000416667	40.1355971667
anhnguyen281	Wed Feb 26 2020 20:47:12 GMT-0500 (EST)	-77.3302083333	40.0459861667
anhnguyen281	Wed Feb 26 2020 20:50:51 GMT-0500 (EST)	-77.3593903122	40.0954265153
anhnguyen281	Wed Feb 26 2020 21:06:57 GMT-0500 (EST)	-77.3299416667	40.0458333333
anhnguyen281	Wed Feb 26 2020 21:21:37 GMT-0500 (EST)	-77.3299466667	40.0456416667
apmango	Fri Feb 28 2020 19:53:56 GMT+0700 (GMT+7)	28.2775178425	-15.4275889121
apmango	Fri Feb 28 2020 19:59:58 GMT+0700 (GMT+7)	28.2945005314	-15.4082340066
apmango	Fri Feb 28 2020 20:07:06 GMT+0700 (GMT+7)	28.3348743069	-15.4416899979
apmango	Fri Feb 28 2020 20:15:50 GMT+0700 (GMT+7)	28.2838749363	-15.4257893759
apmango	Fri Feb 28 2020 20:18:09 GMT+0700 (GMT+7)	28.2829285086	-15.3868673604
apmango	Sat Feb 29 2020 16:20:06 GMT+0700 (GMT+7)	104.927304937	11.5633616284
anhnguyen281	Wed Mar 25 2020 10:31:58 GMT+0700 (GMT+7)	105.5902205885	21.3079625399
anibal13	2020-04-19 5:06:18 PM MST	-111.831397377	33.7691071211
anibal13	2020-04-19 5:31:36 AM MST	-111.8317947473	33.6859998785
an66	2020-04-22 9:17:16 AM GMT+07:00	105.805398412	21.0065957383
apmango	Sun May 03 2020 08:41:14 GMT+0700 (GMT+7)	104.9582676408	11.5213353039
anhnguyen281	Tue May 05 2020 22:45:54 GMT+0700 (GMT+7)	105.722795	21.0166333333
apmango	Wed May 06 2020 16:39:01 GMT+0700 (GMT+7)	104.9583228585	11.5215016203
apmango	Thu May 07 2020 14:00:34 GMT+0700 (GMT+7)	104.9583130994	11.5218077707
apmango	Tue May 19 2020 16:18:07 GMT+0700 (GMT+7)	104.9583350123	11.5216363594
anhnguyen281	Wed Jun 17 2020 16:45:41 GMT+0700 (GMT+7)	105.8006464461	21.0474804385
apmango	Tue Jun 16 2020 10:24:51 GMT+0700 (GMT+7)	104.2994959921	10.4852244745
anhnguyen281	Mon Jun 29 2020 17:57:32 GMT+0700 (GMT+7)	105.8008263153	21.0476223253
apmango	Mon Jul 06 2020 09:10:43 GMT+0700 (GMT+7)	107.2040262375	12.4540656161
apmango	Sat Jul 18 2020 08:59:13 GMT+0700 (GMT+7)	104.9583891765	11.5216358381
anhnguyen281	Wed Jul 22 2020 18:58:14 GMT+0700 (GMT+7)	109.3122403511	13.1053643162
anibal13	2020-07-24	-111.6563968596	33.6687561294
anhnguyen281	Sat Aug 01 2020 11:08:43 GMT+0700 (GMT+7)	105.8305715064	20.988373154
apmango	Sun Aug 23 2020 07:09:37 GMT+0700 (GMT+7)	104.9583162922	11.5217333896
apmango	Thu Sep 10 2020 12:12:17 GMT+0700 (GMT+7)	104.9299727219	11.5132808114
anibal13	2020-09-19 8:32:36 AM MST	-111.4215194444	33.4026388889
andreanne_charron	2020/08/26 4:11 PM EDT	-75.7837832567	45.4718408242
andreanne_charron	2020/06/14 4:27 PM EDT	-75.3773940712	46.4417648478
andreanne_charron	2020/06/01 9:36 AM EDT	-71.1048177108	46.067061198
andreanne_charron	2020/06/01 7:13 AM EDT	-71.1038238976	46.0633304544
andreanne_charron	2020-06-01	-71.10511404	46.0663285827
apmango	Sat Oct 31 2020 16:10:59 GMT+0700 (GMT+7)	104.9584560516	11.5216458072
andreanne_charron	2018/07/25 1:04 PM EDT	-71.1048516829	46.0677464915
andreanne_charron	2018/07/24 2:55 PM EDT	-71.1055555556	46.0691666667
andreanne_charron	2018/07/25 1:13 PM EDT	-71.1046471194	46.0684010342
andreanne_charron	2018/07/25 1:35 PM EDT	-71.1046471194	46.0684010342
andreanne_charron	2019/05/11 4:12 PM EDT	-75.5831849383	45.4995514074
andreanne_charron	2019/05/11 8:32 PM EDT	-75.5833351427	45.4995062882
andreanne_charron	2019/05/11 4:25 PM EDT	-75.5835497191	45.4994160512
apmango	Wed Nov 04 2020 06:28:42 GMT+0700 (GMT+7)	104.9299694861	11.5133008951
andreanne_charron	2020/05/30 9:56 AM EDT	-71.1051406459	46.0687434414
andreanne_charron	2020/05/30 9:20 AM EDT	-71.1046471194	46.0684010342
andreanne_charron	2020/05/30 9:24 AM EDT	-71.1046471194	46.0684010342
andreanne_charron	2020/05/30 10:02 AM EDT	-71.1046471194	46.0684010342
andreanne_charron	2020/05/30 10:54 AM EDT	-71.1097325923	46.0697334284
andreanne_charron	2020/05/30 9:23 AM EDT	-71.1046471194	46.0684010342
andreanne_charron	2020/05/30 9:14 AM EDT	-71.1046471194	46.0684010342
andreanne_charron	2020/05/30 11:35 AM EDT	-71.1043681697	46.0658552448
apmango	Sat Jan 09 2021 19:46:33 GMT+0700 (GMT+7)	104.9583104271	11.5215448578
anh_thi	Mon Jan 18 2021 06:58:31 GMT+0700 (GMT+7)	105.8647773136	20.9907632039
anh_thi	Mon Jan 18 2021 12:15:26 GMT+0700 (GMT+7)	105.8501712793	21.0022437691
anh_thi	Mon Jan 18 2021 12:23:11 GMT+0700 (GMT+7)	105.84993	21.0019333333
anh_thi	Tue Jan 19 2021 07:36:06 GMT+0700 (GMT+7)	105.8497644178	21.0021068478
anh_thi	Tue Jan 19 2021 12:26:13 GMT+0700 (GMT+7)	105.8501072949	21.0021548649
anh_thi	Sat Jan 23 2021 07:24:08 GMT+0700 (GMT+7)	106.3334095293	20.8578333724
anh_thi	Sat Jan 23 2021 11:02:19 GMT+0700 (GMT+7)	107.0490133391	20.9526605252
anh_thi	Sat Jan 23 2021 13:14:54 GMT+0700 (GMT+7)	107.0491725883	20.9531893874
anh_thi	Sat Jan 23 2021 15:04:00 GMT+0700 (GMT+7)	107.046081121	20.9507283377
anh_thi	Sat Jan 23 2021 21:21:00 GMT+0700 (GMT+7)	105.8648198668	20.9909194814
apmango	Thu Jan 28 2021 07:13:09 GMT+0700 (GMT+7)	104.9300180159	11.5132689042
apmango	Fri Jan 29 2021 09:11:10 GMT+0700 (GMT+7)	104.930099848	11.5133314273
apmango	Tue Feb 02 2021 11:15:42 GMT+0700 (GMT+7)	104.9299259682	11.5133693075
anh_thi	Sat Feb 27 2021 12:50:30 GMT+0700 (GMT+7)	105.8648034702	20.9907114864
apmango	Thu Oct 01 2020 08:44:09 GMT+0700 (GMT+7)	104.9584638682	11.5216810443
anh_thi	Sat Mar 13 2021 11:04:33 GMT+0700 (GMT+7)	105.8499916667	21.0023083333
apmango	Thu Apr 29 2021 13:57:01 GMT+0700 (GMT+7)	0.0998247313	46.5425175956
anh_thi	Sun May 02 2021 09:18:41 GMT+0700 (GMT+7)	105.8650476393	20.990814209
annidegn	Sat May 08 2021 13:29:41 GMT+0200 (GMT+2)	12.2356540754	55.8263259524
anh_thi	Tue May 25 2021 15:27:00 GMT+0700 (GMT+7)	105.8647383333	20.9907466667
apmango	Tue Jun 15 2021 09:19:13 GMT+0700 (GMT+7)	104.1689946839	10.6278310774
apmango	Fri Jun 25 2021 18:13:15 GMT+0700 (GMT+7)	104.9583861189	11.521743394
andrea_scazzola	Sat Jul 03 2021 12:44:21 GMT+0200 (GMT+2)	8.109736676	45.7878970221
andrea_scazzola	Sat Jul 03 2021 12:46:06 GMT+0200 (GMT+2)	8.1097368312	45.7878952762
andrea_scazzola	Sat Jul 03 2021 12:47:08 GMT+0200 (GMT+2)	8.1097306854	45.7878866661
apmango	Mon Jul 19 2021 08:47:02 GMT+0700 (GMT+7)	104.9542041456	11.5174015731
apmango	Mon Jul 19 2021 08:51:47 GMT+0700 (GMT+7)	104.9542134203	11.5174024011
anne_vargo	2021-08-08 20:46:53	-87.68689095	41.94447691
antoine200	Tue Aug 24 2021 14:50:16 GMT+0200 (GMT+2)	3.8599359518	43.6105845279
apmango	Mon Aug 30 2021 07:24:11 GMT+0700 (GMT+7)	104.930094612	11.5133396647
apmango	Mon Sep 27 2021 06:36:00 GMT+0700 (GMT+7)	104.9584258042	11.5216743363
apmango	Mon Oct 04 2021 18:34:06 GMT+0700 (GMT+7)	104.5901136904	11.8904299598
apmango	Mon Oct 04 2021 18:13:20 GMT+0700 (GMT+7)	104.5901425179	11.8904549554
apmango	Wed Oct 13 2021 07:19:12 GMT+0700 (GMT+7)	104.9300969676	11.5133620302
annjournal	Wed Oct 27 2021 16:31:59 GMT +0700 (GMT+7)	105.8085479736	21.0425872803
amore_smith_ii	Wed Feb 16 2022 11:09:47 GMT-0800 (PST)	-117.4732283333	34.1718166667
amore_smith_ii	Wed Feb 16 2022 12:29:58 GMT-0800 (PST)	-117.4796127158	34.1695416288
amore_smith_ii	Wed Feb 16 2022 11:45:17 GMT-0800 (PST)	-117.4767833333	34.1702083333
amore_smith_ii	Mon Feb 28 2022 13:02:37 GMT-0800 (PST)	-117.59407	34.1243695
amore_smith_ii	Sun Mar 06 2022 22:54:05 GMT-0800 (PST)	-117.5923616667	34.1668883333
amore_smith_ii	Thu Mar 10 2022 14:53:11 GMT-0800 (PST)	-117.5230682922	34.1675079614
anh_thi	Wed Feb 16 2022 19:09:54 GMT+0800 (GMT+8)	103.7807789732	1.3015815778
anh_thi	Sun Mar 20 2022 19:08:18 GMT+0800 (GMT+8)	103.7809931953	1.302088215
anh_thi	Mon Mar 21 2022 18:32:05 GMT+0800 (GMT+8)	103.7810398825	1.3022391312
anh_thi	Sun Mar 27 2022 12:33:58 GMT+0800 (GMT+8)	103.7806713728	1.3019990292
anh_thi	Sat Mar 26 2022 11:41:49 GMT+0800 (GMT+8)	103.7867295127	1.3099306494
amore_smith_ii	Sun Mar 27 2022 12:46:15 GMT-0700 (PDT)	-117.452705	34.180675
amore_smith_ii	Sun Mar 27 2022 12:55:57 GMT-0700 (PDT)	-117.4535659702	34.18091645
amore_smith_ii	Sun Mar 27 2022 13:06:51 GMT-0700 (PDT)	-117.4503930007	34.1798585281
alpinefish	2022-04-30 17:02:28	138.6078071594	-34.7724981731
alpinefish	2022-04-30 17:35:26	138.608033	-34.7718836
alpinefish	2022-04-30 17:43:32	138.6080118	-34.7718732
alpinefish	2022-04-30 17:50:49	138.60825162	-34.77192939
alpinefish	2022-04-30 17:57:58	138.60824825	-34.77193041
alpinefish	2022-04-30 18:02:08	138.6080113	-34.7718732
alpinefish	2022-04-30 18:09:19	138.60825831	-34.77190287
alpinefish	2022-04-30 18:12:44	138.6039693	-34.7749399
alpinefish	2022-04-30 18:19:33	138.6039693	-34.7749399
alpinefish	2022-04-30	138.6080467	-34.77202106
alpinefish	2022-04-30 18:40:57	138.60822092	-34.77197429
alpinefish	2022-04-30 18:57:12	138.6081492	-34.7718936
alpinefish	2022-04-30 19:02:36	138.60822109	-34.77196278
alpinefish	2022-04-30 19:09:07	138.60826569	-34.77187936
alpinefish	2022-04-30 19:16:21	138.60822514	-34.77187656
anh_thi	Sun May 01 2022 11:39:36 GMT+0800 (GMT+8)	103.8168316005	1.3219846399
anh_thi	Sun May 01 2022 11:33:31 GMT+0800 (GMT+8)	103.8169338741	1.3221677765
anh_thi	Sun May 01 2022 11:45:16 GMT+0800 (GMT+8)	103.8173606806	1.3212557836
anh_thi	Sun May 01 2022 11:55:15 GMT+0800 (GMT+8)	103.8170870115	1.3211030653
anh_thi	Sun May 01 2022 12:13:56 GMT+0800 (GMT+8)	103.8165508429	1.3195412548
anh_thi	Sun May 01 2022 12:20:02 GMT+0800 (GMT+8)	103.8164357802	1.3196081728
amore_smith_ii	2022-05-07 11:53:02-07:00	-117.8268366667	33.9963716667
antoniro	2022-05-15 13:46:32+02:00	11.6449442771	55.1834098741
alpinefish	2022-06-08 19:30:25	138.60837841	-34.77190662
anavale	2022-06-09 09:34:33+01:00	-9.1211023357	38.9086783009
anavale	2022-06-09 09:35:39+01:00	-9.1211434446	38.9087332768
anavale	2022-06-09 09:36:28+01:00	-9.1211047143	38.9089576297
anavale	2022-06-09 09:37:27+01:00	-9.1210359208	38.9092897173
anavale	2022-06-09 09:37:55+01:00	-9.1210753897	38.9095170085
anavale	2022-06-09 09:56:06+01:00	-9.120470479	38.9130608439
anavale	2022-06-09 09:57:24+01:00	-9.1204324907	38.9131642857
anavale	2022-06-09 10:00:03+01:00	-9.1203670591	38.912906435
anavale	2022-06-09 10:01:52+01:00	-9.1204745637	38.9140122057
anavale	2022-06-09 10:04:56+01:00	-9.1209069751	38.9141082722
anavale	2022-06-10 21:05:56+01:00	-9.1260933014	38.9085282554
anavale	2022-06-10 21:00:42+01:00	-9.1273	38.9076216667
anavale	2022-06-12 17:15:38+01:00	-9.0967323676	38.7573107297
anavale	2022-06-12 18:49:20+01:00	-9.097595591	38.7563611854
anavale	2022-06-12 20:32:26+01:00	-9.1221311718	38.904864227
amypor	2022-06-12	145.8199999854	-42.2699992161
amypor	2022-06-12 11:59:18	145.8199999854	-42.2699992161
amypor	2022-06-12 12:02:39	145.8199999854	-42.2699992161
amypor	2022-06-12 11:43:49	145.8199999854	-42.2699992161
amypor	2022-06-12 12:07:38	145.8199999854	-42.2699992161
amypor	2022-06-09 10:20:51	153.0359680206	-27.4865338113
amypor	2022-06-09 10:31:35	153.0359680206	-27.4865338113
anavale	2022-06-26 15:13:37+01:00	-9.0969107067	38.7568908097
antoine200	2022-06-30 23:00:45+02:00	3.8681144976	43.6095559596
anavale	2022-07-03 17:01:51+01:00	-9.098293399	38.7569501291
antoine200	2022-07-07 15:05:29+02:00	3.769645298	43.5982273154
antoniro	2022-07-29 14:38:15+02:00	8.7337749638	60.5352685322
antoniro	2022-07-29 14:40:37+02:00	8.7327097915	60.5356527167
anavale	2022-08-01 12:56:17+01:00	-9.4187083398	38.9881643844
anavale	2022-08-02 14:03:30+01:00	-9.0740638333	39.59012
anavale	2022-08-03 11:49:53+01:00	-9.4148916751	38.9426669798
antoine200	2022-06-10 11:04:16+02:00	2.701712096	45.0870644897
antoine200	2022-08-05 11:25:16+07:00	105.8934461405	21.0126707253
antoine200	2022-08-04 16:44:20+07:00	107.5754932399	16.4650732697
anavale	2022-08-09 08:56:06+07:00	106.698207493	10.7790513896
anavale	2022-08-08 14:53:57+07:00	106.3670083512	10.3350791757
anavale	2022-08-08 11:14:31+07:00	106.3639777231	10.341210093
anavale	2022-08-08 12:26:42+07:00	106.3910755239	10.324523478
anavale	2022-08-08 12:40:04+07:00	106.390972583	10.3241887514
anavale	2022-08-08 12:44:36+07:00	106.390013011	10.3224461599
anavale	2022-08-08 13:16:41+07:00	106.377100871	10.3314982721
anavale	2022-08-08 11:14:15+07:00	106.3639664126	10.3411969087
anavale	2022-08-08 10:57:11+07:00	106.3638825778	10.3413313308
anavale	2022-08-08 10:51:06+07:00	106.3639956386	10.3414470567
anavale	2022-08-08 10:55:10+07:00	106.3640357333	10.341391818
anavale	2022-08-08 10:47:02+07:00	106.3621106075	10.3411557265
anavale	2022-08-08 10:46:07+07:00	106.362224052	10.3416516506
anavale	2022-08-08 10:45:00+07:00	106.3622325959	10.3417081828
anavale	2022-08-08 10:43:33+07:00	106.3622343074	10.3421971066
anavale	2022-08-08 10:23:34+07:00	106.3624110323	10.3421743314
anavale	2022-08-08 10:23:06+07:00	106.3624022357	10.3421840053
anavale	2022-08-08 10:22:49+07:00	106.3623980599	10.3421988609
anavale	2022-08-10 09:53:59+07:00	107.5655086787	16.433302698
anavale	2022-08-11 08:09:55+07:00	108.3306347238	15.8801752901
anavale	2022-08-11 08:12:45+07:00	108.3310675396	15.8786352185
antoine200	2022-08-11 12:49:35+07:00	107.5892494132	16.3265705844
antoine200	2022-08-11 12:32:12+07:00	108.326862759	15.8634404598
anavale	2022-08-11 09:03:51+07:00	108.3307306408	15.8778501271
anavale	2022-08-11 09:04:18+07:00	108.3307643434	15.8778567139
antoine200	2022-08-11 16:47:17+07:00	108.3693604134	15.9001299647
anavale	2022-08-14 10:55:31+07:00	105.8330199373	21.0377803224
anavale	2022-08-14 10:55:49+07:00	105.8331057201	21.0376248187
anavale	2022-08-14 10:56:31+07:00	105.8330584845	21.0376408723
anavale	2022-08-14 19:09:19+07:00	105.8546501175	21.0316581412
apmango	2022-08-28 16:54:29+07:00	104.958361923	11.52155458
anavale	2022-09-06 17:17:04+01:00	-9.1381782964	38.8514012203
angelelaexplora	2022-09-13 15:56:53+02:00	7.65845	47.7099416667
angelelaexplora	2022-09-10 13:46:38+02:00	7.65922	47.710305
angelelaexplora	2022-09-10 13:47:13+02:00	7.659055	47.7103666667
angelelaexplora	2022-09-09 14:12:27+02:00	7.657625	47.71
angelelaexplora	2022-09-08 08:34:04+02:00	7.6584583333	47.7100833333
angelelaexplora	2022-09-14 16:58:25+02:00	7.6236866667	47.7018616667
angelelaexplora	2022-09-14 16:59:09+02:00	7.623745	47.70185
angelelaexplora	2022-09-14 17:01:34+02:00	7.624445	47.7019
angelelaexplora	2022-09-14 17:01:46+02:00	7.62445	47.7018783333
angelelaexplora	2022-09-14 17:02:27+02:00	7.62452	47.7018866667
angelelaexplora	2022-09-14 17:02:47+02:00	7.6245666667	47.701845
angelelaexplora	2022-09-14 17:03:09+02:00	7.624625	47.70183
angelelaexplora	2022-09-14 17:04:39+02:00	7.6250333333	47.7019
angelelaexplora	2022-09-14 17:02:06+02:00	7.6244783333	47.701875
angelelaexplora	2022-09-14 17:07:44+02:00	7.6250966667	47.7018133333
angelelaexplora	2022-09-14 17:09:37+02:00	7.6257533333	47.7017633333
angelelaexplora	2022-09-14 17:11:42+02:00	7.6262866667	47.7017666667
angelelaexplora	2022-09-14 17:16:14+02:00	7.6268466667	47.7014116667
angelelaexplora	2022-09-14 17:20:14+02:00	7.6268416667	47.7010783333
angelelaexplora	2022-09-14 17:22:56+02:00	7.626725	47.7004283333
angelelaexplora	2022-09-14 17:23:47+02:00	7.6267633333	47.7002866667
angelelaexplora	2022-09-14 17:34:03+02:00	7.6255333333	47.7006383333
angelelaexplora	2022-09-14 17:30:48+02:00	7.6259966667	47.7006633333
angelelaexplora	2022-09-14 17:36:53+02:00	7.6250666667	47.7009916667
angelelaexplora	2022-09-14 17:38:41+02:00	7.6248966667	47.7014366667
angelelaexplora	2022-09-14 17:43:51+02:00	7.6241883333	47.7029416667
angelelaexplora	2022-09-14 17:45:43+02:00	7.6241616667	47.7029283333
angelelaexplora	2022-09-14 17:46:33+02:00	7.624005	47.70317
angelelaexplora	2022-09-14 17:46:47+02:00	7.6239366667	47.703205
angelelaexplora	2022-09-14 17:48:40+02:00	7.62387	47.7031383333
angelelaexplora	2022-09-14 17:51:36+02:00	7.6227966667	47.7019366667
angelelaexplora	2022-09-14 17:52:33+02:00	7.6227166667	47.701675
angelelaexplora	2022-09-14 17:52:54+02:00	7.62272	47.7016833333
angelelaexplora	2022-09-14 17:54:21+02:00	7.6216616667	47.7016216667
angelelaexplora	2022-09-14 17:55:41+02:00	7.6215866667	47.7015083333
angelelaexplora	2022-09-15 12:39:24+02:00	7.6582716667	47.71008
angelelaexplora	2022-09-15 22:09:01+02:00	7.6216966667	47.701645
angelelaexplora	2022-09-18 14:14:47+02:00	7.6235	47.7027133333
angelelaexplora	2022-09-18 14:19:24+02:00	7.6236283333	47.7049166667
angelelaexplora	2022-09-18 14:20:53+02:00	7.622755	47.7056416667
angelelaexplora	2022-09-18 14:22:31+02:00	7.621875	47.7059533333
angelelaexplora	2022-09-18 14:24:14+02:00	7.6207783333	47.7064366667
angelelaexplora	2022-09-18 16:23:26+02:00	7.623175	47.7054133333
angelelaexplora	2022-09-18 14:29:12+02:00	7.6186333333	47.70667
angelelaexplora	2022-09-18 14:30:41+02:00	7.6186366667	47.706745
angelelaexplora	2022-09-18 14:31:33+02:00	7.618655	47.70672
angelelaexplora	2022-09-18 14:29:20+02:00	7.6186133333	47.7066716667
angelelaexplora	2022-09-18 14:31:52+02:00	7.6186383333	47.7067216667
angelelaexplora	2022-09-18 14:56:31+02:00	7.61035	47.7097366667
angelelaexplora	2022-09-18 15:01:18+02:00	7.6072666667	47.7116383333
angelelaexplora	2022-09-18 15:01:20+02:00	7.6072716667	47.7116466667
angelelaexplora	2022-09-18 15:07:21+02:00	7.608075	47.712745
angelelaexplora	2022-09-18 15:12:06+02:00	7.60745	47.7144916667
angelelaexplora	2022-09-18 15:22:18+02:00	7.6077633333	47.7147616667
angelelaexplora	2022-09-18 15:27:45+02:00	7.603945	47.7124633333
angelelaexplora	2022-09-18 15:16:31+02:00	7.6062416667	47.710125
angelelaexplora	2022-09-18 15:28:25+02:00	7.6066	47.71532
angelelaexplora	2022-09-18 15:32:10+02:00	7.6058633333	47.7160116667
angelelaexplora	2022-09-18 15:39:33+02:00	7.6059033333	47.7152783333
angelelaexplora	2022-09-18 15:41:30+02:00	7.60633	47.7148283333
angelelaexplora	2022-09-18 15:41:44+02:00	7.7623028672	47.6551918095
angelelaexplora	2022-09-18 15:41:59+02:00	7.606305	47.7148216667
angelelaexplora	2022-09-18 15:42:24+02:00	7.606475	47.7147616667
angelelaexplora	2022-09-18 15:57:18+02:00	7.6047166667	47.7118416667
angelelaexplora	2022-09-18 16:21:02+02:00	7.6217916667	47.7060883333
angelelaexplora	2022-09-18 16:23:27+02:00	7.6231866667	47.7054133333
amore_smith_ii	2022-09-22 00:22:30-07:00	-117.5087336671	34.0356299642
angelelaexplora	2022-09-18 16:24:04+02:00	7.6233533333	47.705355
angelelaexplora	2022-09-18 16:24:38+02:00	7.6235783333	47.70512
angelelaexplora	2022-09-19 12:44:55+02:00	7.6584883333	47.7098833333
angelelaexplora	2022-09-21 18:06:18+02:00	7.6223616667	47.69392
angelelaexplora	2022-09-22 17:06:11+02:00	7.6583966667	47.7099633333
andrea_scazzola	2022-10-04 11:01:03+02:00	9.2672908849	45.4655795472
andrea_scazzola	2022-10-07 18:23:13+02:00	9.2657340896	45.4658053412
angelelaexplora	2022-09-21 18:22:10+02:00	7.6221466667	47.701395
angelelaexplora	2022-09-27 07:22:45+02:00	7.6215883333	47.701695
angelelaexplora	2022-09-29 06:25:08+02:00	7.6215616667	47.7016533333
angelelaexplora	2022-09-30 10:35:02+02:00	-0.61855	49.3400166667
angelelaexplora	2022-10-01 14:25:42+02:00	-0.853005	49.35757
angelelaexplora	2022-10-01 16:38:14+02:00	-0.9893783333	49.3972166667
amore_smith_ii	2022-10-13 00:26:25-07:00	-117.514075861	34.1527556341
amore_smith_ii	2022-10-13 01:12:02-07:00	-117.47207	34.1618333333
amore_smith_ii	2022-10-18 16:16:28-07:00	-117.4796509856	34.168245394
amore_smith_ii	2022-10-18 16:19:10-07:00	-117.4799079449	34.1687140754
amore_smith_ii	2022-10-18 16:25:31-07:00	-117.4794939451	34.1691397866
amore_smith_ii	2022-10-18 16:31:18-07:00	-117.4794533333	34.1693583333
antoniro	2022-10-23 11:30:11+02:00	10.6344790555	59.9086547974
angelelaexplora	2022-10-09 12:58:06+02:00	7.6682583333	47.7193333333
angelelaexplora	2022-10-19 12:59:17+02:00	7.6584666667	47.709995
angelelaexplora	2022-10-24 15:30:56+02:00	7.6582133333	47.7100216667
angelelaexplora	2022-10-23 12:21:01+02:00	7.6215283333	47.701645
angelelaexplora	2022-10-18 13:15:03+02:00	7.6580533333	47.7101133333
angelelaexplora	2022-10-16 18:54:44+02:00	7.6215916667	47.7016416667
angelelaexplora	2022-10-07 15:17:44+02:00	7.658355	47.7101383333
angelelaexplora	2022-10-04 08:09:01+02:00	7.6215966667	47.7016533333
angelelaexplora	2022-10-04 17:51:47+02:00	7.6568533333	47.7154383333
angelelaexplora	2022-10-04 17:52:12+02:00	7.6570083333	47.7154783333
angelelaexplora	2022-10-04 17:52:02+02:00	7.6569633333	47.7154616667
angelelaexplora	2022-10-14 21:29:06+02:00	7.6581966667	47.7100616667
angelelaexplora	2022-10-14 21:29:19+02:00	7.65908	47.7103833333
angelelaexplora	2022-10-14 21:29:23+02:00	7.659095	47.710395
angelelaexplora	2022-10-14 21:29:29+02:00	7.6590783333	47.7103833333
alpinefish	2022-11-09 19:28:03	138.60836035	-34.77198473
alpinefish	2022-11-10 19:37:13	138.6123959722	-34.8664739722
apmango	2022-11-21 13:19:22+07:00	104.9298929369	11.5133876024
amore_smith_ii	2022-12-10 14:47:25-08:00	-117.4798133333	34.1642695
amore_smith_ii	2022-11-19 15:12:16-08:00	-117.5339744624	34.027243632
amore_smith_ii	2022-12-15 09:45:43-08:00	-117.4573064183	34.2191608521
amypor	2022-12-25 07:56:19	153.4154231474	-27.087296472
amypor	2022-12-24 10:17:36	153.3703697473	-27.1625623501
amypor	2022-12-25 07:52:58	153.3703697473	-27.1625623501
antoniro	2022-12-25 12:59:34+03:00	36.6821947508	-1.5734495642
antoniro	2022-12-25 13:38:26+03:00	36.6857109707	-1.5720906541
antoniro	2022-12-25 15:34:24+03:00	36.6772535351	-1.5725122578
antoniro	2022-12-27 11:24:13+03:00	36.6713311452	-1.5610124982
alpinefish	2023-01-08 00:03:18	136.94118246	-35.26974549
angelelaexplora	2022-10-17 15:19:35+02:00	7.6581966667	47.7100616667
angelelaexplora	2022-10-19 12:59:12+02:00	7.6581866667	47.71005
angelelaexplora	2022-12-16 16:20:33+01:00	7.6214716667	47.701625
angelelaexplora	2022-12-28 17:03:38+09:00	128.7017533333	34.8384383333
angelelaexplora	2022-12-28 11:57:40+09:00	128.70607	34.8433883333
angelelaexplora	2022-12-28 12:07:04+09:00	128.7024833333	34.8423633333
angelelaexplora	2022-12-28 17:20:19+09:00	128.7025916667	34.8412466667
angelelaexplora	2022-12-29 13:54:00+09:00	128.52057	34.9172633333
angelelaexplora	2022-12-29 13:54:27+09:00	128.5205833333	34.9174
angelelaexplora	2022-12-29 16:08:13+09:00	128.52597	34.9226
angelelaexplora	2022-12-29 16:12:44+09:00	128.5255133333	34.9214533333
angelelaexplora	2022-12-29 16:11:42+09:00	128.5258333333	34.9218416667
angelelaexplora	2022-12-29 13:54:29+09:00	128.5205833333	34.917405
angelelaexplora	2022-12-29 16:11:53+09:00	128.5258333333	34.921825
angelelaexplora	2022-12-29 16:12:00+09:00	128.5258333333	34.9218216667
angelelaexplora	2022-12-29 16:12:14+09:00	128.5258033333	34.9218333333
angelelaexplora	2022-12-29 16:13:00+09:00	128.5257866667	34.9217833333
angelelaexplora	2022-12-29 16:13:03+09:00	128.5257866667	34.9217866667
angelelaexplora	2022-12-29 16:13:14+09:00	128.5257866667	34.9217833333
angelelaexplora	2022-12-29 16:15:13+09:00	128.525755	34.9209666667
angelelaexplora	2022-12-29 16:15:48+09:00	128.525955	34.9212333333
angelelaexplora	2022-12-30 10:04:55+09:00	128.6252583333	34.89008
angelelaexplora	2022-12-30 10:05:02+09:00	128.625275	34.890075
angelelaexplora	2022-12-30 10:06:30+09:00	128.625595	34.889645
angelelaexplora	2022-12-30 10:06:34+09:00	128.6254716667	34.889575
angelelaexplora	2022-12-30 10:07:59+09:00	128.625795	34.8888166667
angelelaexplora	2022-12-30 10:08:15+09:00	128.6260083333	34.8887583333
angelelaexplora	2022-12-31 15:51:04+09:00	129.168305	35.1595305
angelelaexplora	2022-12-31 15:51:08+09:00	129.1682883333	35.1595333333
angelelaexplora	2022-12-31 15:51:12+09:00	129.1682583333	35.1595221667
angelelaexplora	2022-12-31 15:51:18+09:00	129.1682583333	35.1595195
angelelaexplora	2022-12-31 15:51:20+09:00	129.1682583333	35.1595195
angelelaexplora	2022-12-31 15:51:21+09:00	129.1682583333	35.1595195
angelelaexplora	2022-12-31 15:51:22+09:00	129.1682583333	35.1595195
angelelaexplora	2022-12-31 15:51:31+09:00	129.168245	35.1595028333
angelelaexplora	2023-01-01 12:19:23+09:00	128.52507	34.920095
angelelaexplora	2023-01-01 12:24:50+09:00	128.5251	34.92105
angelelaexplora	2023-01-01 12:34:51+09:00	128.52292	34.9208866667
angelelaexplora	2023-01-01 12:37:26+09:00	128.5223383333	34.92017
angelelaexplora	2023-01-01 12:37:28+09:00	128.522295	34.9201966667
angelelaexplora	2023-01-01 14:04:21+09:00	128.52565	34.921555
angelelaexplora	2023-01-01 14:04:30+09:00	128.5259083333	34.92172
angelelaexplora	2023-01-01 14:04:29+09:00	128.5259083333	34.9217116667
angelelaexplora	2023-01-01 14:04:41+09:00	128.5258783333	34.9217416667
angelelaexplora	2023-01-01 14:04:41+09:00	128.5258633333	34.9217333333
angelelaexplora	2023-01-01 16:35:14+09:00	128.5274666667	34.9239283333
angelelaexplora	2023-01-01 16:57:08+09:00	128.525895	34.9218366667
angelelaexplora	2023-01-02 10:30:48+09:00	128.52272	34.9206866667
angelelaexplora	2023-01-05 14:04:51+09:00	128.525405	34.9227533333
angelelaexplora	2023-01-05 14:04:52+09:00	128.525405	34.9227533333
angelelaexplora	2023-01-16 15:40:58+01:00	7.7310471706	47.6001917144
alpinefish	2023-02-02 13:20:16	105.77960573	21.21485954
alpinefish	2023-02-02 13:24:24	105.77961	21.2148204
apmango	2023-02-08 08:22:17+07:00	104.9298355058	11.5134286838
apmango	2020-10-27 11:19:16+07:00	104.9298151693	11.5133418764
alpinefish	2023-02-11 20:18:12	107.589967	16.4678289722
andy_prentice	2022-11-05 13:54:25	105.9769225213	21.1707150206
anh52	2023-02-18 15:58:49	105.93040876	20.96145551
alpinefish	2023-02-24 01:06:21	138.608214	-34.7718819722
apmango	2023-02-24 15:55:10+07:00	104.9584303831	11.5216888807
angelelaexplora	2023-01-24 11:44:39+01:00	7.6584666667	47.7102616667
angelelaexplora	2023-02-04 10:16:07+01:00	7.6462216667	47.716045
angelelaexplora	2023-02-15 15:30:34+01:00	7.6582116667	47.7100533333
angelelaexplora	2023-02-16 12:36:01+01:00	7.6582283333	47.7094216667
angelelaexplora	2023-02-16 12:36:13+01:00	7.6581583333	47.7094216667
angelelaexplora	2023-02-16 12:36:13+01:00	7.65817	47.70943
angelelaexplora	2023-02-24 14:21:13+01:00	2.17865	41.3750283333
angelelaexplora	2023-02-24 15:55:10+01:00	2.1643195	41.3858533333
angelelaexplora	2023-02-25 07:46:14+01:00	2.070275	41.4751883333
andrea_scazzola	2023-03-11 14:35:52+01:00	9.5210221655	45.5235836682
andrea_scazzola	2023-03-12 11:39:57+01:00	9.2670499581	45.469404762
andrea_scazzola	2023-03-12 11:40:25+01:00	9.2667681523	45.4688932824
andrea_scazzola	2023-03-19 18:16:43+01:00	8.109576923	45.7880359534
andrea_scazzola	2023-03-19 18:17:28+01:00	8.1097303061	45.7880843904
amore_smith_ii	2023-03-31 13:40:06-07:00	-117.1856066679	34.4748690399
alpinefish	2023-04-14	140.7054269722	-34.0388499722
amore_smith_ii	2023-04-18 10:44:37-07:00	-117.095370866	34.563069834
andrea_scazzola	2023-05-03 18:32:18+02:00	9.264825	45.4660533333
andrea_scazzola	2023-05-03 18:32:06+02:00	9.2642783333	45.466245
andrea_scazzola	2023-05-03 18:36:16+02:00	9.2646855201	45.4660234102
andrea_scazzola	2023-05-12 13:14:20+02:00	9.2251416667	45.47572
andrea_scazzola	2023-05-01 13:28:00+02:00	7.9983848293	45.8868315454
andrea_scazzola	2023-05-16 11:53:21+02:00	9.2646283333	45.4658966667
andrea_scazzola	2023-05-16 12:23:01+02:00	9.2654283333	45.4632866667
anavale	2023-05-18 19:16:15+01:00	-9.1387333333	38.9265333333
andrea_scazzola	2023-05-13 17:04:29+02:00	9.234795	45.474895
angelelaexplora	2023-03-09 17:26:59+01:00	7.658425	47.710195
angelelaexplora	2023-03-12 12:52:16+01:00	7.6218	47.701605
angelelaexplora	2023-04-04 11:08:20+07:00	105.812195	21.05255
angelelaexplora	2023-04-04 17:28:35+07:00	105.8145366667	21.0474695
angelelaexplora	2023-04-04 19:43:05+07:00	105.8162166667	21.0418305
angelelaexplora	2023-04-04 19:43:08+07:00	105.8161783333	21.0417971667
angelelaexplora	2023-04-05 15:56:25+07:00	105.8115533333	21.0549666667
angelelaexplora	2023-04-05 16:01:27+07:00	105.809525	21.0567
angelelaexplora	2023-04-05 16:01:25+07:00	105.809525	21.0567
angelelaexplora	2023-04-05 16:18:21+07:00	105.8110583333	21.0658221667
angelelaexplora	2023-04-09 13:25:55+07:00	105.8281116667	21.0423221667
angelelaexplora	2023-04-09 13:25:52+07:00	105.8281866667	21.0423333333
angelelaexplora	2023-04-09 13:25:58+07:00	105.828125	21.0423195
angelelaexplora	2023-04-09 13:39:35+07:00	105.8204716667	21.0443555
angelelaexplora	2023-04-10 10:17:10+07:00	105.9134	20.2512866667
angelelaexplora	2023-04-10 11:11:27+07:00	105.90548	20.2466866667
angelelaexplora	2023-04-10 11:15:02+07:00	105.9053583333	20.246455
angelelaexplora	2023-04-10 11:15:04+07:00	105.9053883333	20.24655
angelelaexplora	2023-04-10 11:15:27+07:00	105.9052883333	20.246525
angelelaexplora	2023-04-10 12:15:12+07:00	105.9186466667	20.2487216667
angelelaexplora	2023-04-11 12:36:18+07:00	105.8124083333	21.0527083333
angelelaexplora	2023-04-22 15:40:07+02:00	7.62163	47.7016366667
angelelaexplora	2023-05-09 13:09:27+02:00	7.6578033333	47.71037
angelelaexplora	2023-05-18 12:09:41+02:00	7.66917	47.7149116667
angelelaexplora	2023-05-18 12:09:43+02:00	7.66915	47.7149
anavale	2023-06-09 14:37:56+01:00	-9.1195388819	38.9795023568
apmango	2023-03-27 08:45:06+07:00	104.9298493458	11.5133265481
andrea_scazzola	2023-06-13 10:56:47+02:00	9.5753366667	45.8082783333
andreanne_charron	2023-06-14 17:38:31	-97.1446242929	49.882603923
apmango	2023-06-16 16:55:18+02:00	1.068448214	46.525005666
apmango	2023-06-13 09:45:22+02:00	0.1298314827	39.1519967212
apmango	2023-06-22 21:31:06+02:00	1.0637835452	46.5314051241
apmango	2023-06-24 11:56:21+02:00	1.0673945886	46.5300995434
apmango	2023-06-25 09:15:21+02:00	1.0672952786	46.5301128139
apmango	2023-06-25 09:08:08+02:00	1.0673888845	46.5300598091
apmango	2023-06-25 09:02:58+02:00	1.0673893121	46.5300597581
apmango	2023-06-25 08:55:49+02:00	1.0673410724	46.5300939154
apmango	2023-06-25 09:01:35+02:00	1.0673204355	46.5300909986
apmango	2023-06-25 08:57:27+02:00	1.0673889165	46.5300597944
apmango	2023-06-25 09:06:05+02:00	1.067368107	46.5300679965
apmango	2023-06-25 08:57:46+02:00	1.0673888685	46.530059815
apmango	2023-06-25 08:58:28+02:00	1.0673377535	46.5300785158
apmango	2023-06-25 09:08:01+02:00	1.0673888686	46.5300598149
apmango	2023-06-23 11:24:48+02:00	1.0673057849	46.5301652302
apmango	2023-06-25 12:09:34+02:00	1.0673888686	46.5300598149
apmango	2023-06-23 10:07:52+02:00	1.0673889022	46.5300597124
apmango	2023-06-25 12:08:37+02:00	1.067389911	46.5300603606
apmango	2023-06-25 12:08:58+02:00	1.0673888689	46.5300598152
apmango	2023-06-25 12:10:51+02:00	1.0673886547	46.5300598578
apmango	2023-06-25 15:29:00+02:00	1.0673873076	46.5300599414
apmango	2023-06-26 10:22:14+02:00	1.0673888686	46.5300598149
anavale	2023-06-27 10:13:57+01:00	-9.1382070384	38.922016358
alpinefish	2023-07-03 20:06:05	125.53636	-8.539075
annthermopolis	2023/07/06 8:33 PM	105.5239912	20.6901132
andreanne_charron	2023-06-09	-75.7669892907	45.2881850562
andreanne_charron	2023-07-27 12:43:12	-75.767704	45.286084
andreanne_charron	2023-08-06	-71.1035541818	46.068228699
andreanne_charron	2023-08-06 10:43:48	-71.1028568074	46.0701623937
andreanne_charron	2023-08-06 10:34:05	-71.1028212681	46.0692587086
andreanne_charron	2023-08-06 10:37:13	-71.1032001302	46.0689046741
andreanne_charron	2023-08-06 10:31:31	-71.1042069644	46.0677015909
andreanne_charron	2023-08-05 14:29:53	-71.1046619341	46.0668953337
andreanne_charron	2023-08-05 14:28:48	-71.1049033329	46.0667860019
andreanne_charron	2023-08-05 13:06:22	-71.1055805907	46.0668125207
andy1984	2023-09-01 13:32:29+08:00	120.3541331181	22.6408885606
andrea_scazzola	2023-09-02 19:37:24+08:00	116.0516954308	-8.3450464765
anh_quan	2023-09-02 01:47:00	105.7184867496	21.5131935506
anh_quan	2023-09-02	105.6005170696	21.4752077052
anh_quan	2023-09-02 23:30:00	105.6448018178	21.4145681451
anh_quan	2023-08-06	107.1946020443	11.333785127
anh_quan	2023-08-06 23:09:00	107.0776060224	11.3177941276
anh_quan	2023-06-16 21:48:00	105.6421839818	20.3133860421
anh52	2023-09-04 11:56:09	105.7919619	21.03537
andrea_scazzola	2023-09-07 20:14:24+08:00	116.0546787772	-8.504785057
andreanne_charron	2020/10/11 9:15 PM	-71.1046471194	46.0684010342
andreanne_charron	2022/08/03 3:27 PM	-71.1046471194	46.0684010342
andreanne_charron	2022/08/03 4:07 PM	-71.1046471194	46.0684010342
andreanne_charron	2021/06/05 10:34 PM	-71.1046471194	46.0684010342
andreanne_charron	2021/06/05 10:46 PM	-71.1046471194	46.0684010342
andreanne_charron	2021/06/05 10:51 PM	-71.1046471194	46.0684010342
andreanne_charron	2021/06/05 11:08 PM	-71.1046471194	46.0684010342
andreanne_charron	2022/08/03 5:00 PM	-71.1046471194	46.0684010342
andreanne_charron	2022/08/03 3:24 PM	-71.1046471194	46.0684010342
andreanne_charron	2018/07/24 2:54 PM	-71.1055555556	46.0688888889
andreanne_charron	2020/05/30 10:25 AM	-71.1046471194	46.0684010342
andreanne_charron	2020/05/30 10:26 AM	-71.1046471194	46.0684010342
andreanne_charron	2020/08/26 12:20 AM	-75.7850544784	45.4715482815
andreanne_charron	2020/08/26 12:24 AM	-75.7830751535	45.4718408242
apmango	2023-09-18 07:11:34+07:00	104.9300071902	11.5132028015
andreanne_charron	2022/08/03 4:58 PM	-71.1046471194	46.0684010342
andreanne_charron	2022/08/03 4:33 PM	-71.1046471194	46.0684010342
andreanne_charron	2021/06/06 9:33 PM	-71.102721691	46.0631518757
andreanne_charron	2020/09/11 3:35 PM	-75.7606164306	45.4696628506
andreanne_charron	2020/09/02 9:07 PM	-75.7628989231	45.4471706444
andreanne_charron	2021/08/05 12:04 PM	-75.7835579511	45.4718408242
andreanne_charron	2021/08/05 12:09 PM	-75.7842338842	45.4713141523
andrea_scazzola	2023-09-28 17:09:29+08:00	115.8734213189	-31.938125859
andrea_scazzola	2023-09-28 17:11:10+08:00	115.8734513946	-31.9383323071
andrea_scazzola	2023-09-28 17:11:55+08:00	115.873402292	-31.93824769
andrea_scazzola	2023-09-28 17:13:09+08:00	115.8734026273	-31.9383133622
andrea_scazzola	2023-09-28 17:13:51+08:00	115.8733816725	-31.9383774419
andrea_scazzola	2023-09-28 17:17:43+08:00	115.8734918946	-31.9383871649
andrea_scazzola	2023-09-28 17:21:03+08:00	115.8731914881	-31.9384610352
andrea_scazzola	2023-09-28 17:22:27+08:00	115.8731795848	-31.9386237022
andrea_scazzola	2023-09-28 17:23:16+08:00	115.8733503242	-31.938909106
andrea_scazzola	2023-09-28 17:26:20+08:00	115.8733344824	-31.9387706369
andrea_scazzola	2023-09-28 17:28:40+08:00	115.8736762126	-31.938896617
andrea_scazzola	2023-09-28 17:30:39+08:00	115.9740535997	-31.948938446
andrea_scazzola	2023-09-28 17:35:24+08:00	115.8744366667	-31.9386583333
andrea_scazzola	2023-09-28 17:37:40+08:00	115.875108177	-31.9385382487
andrea_scazzola	2023-09-28 17:38:21+08:00	115.8752458634	-31.9385674339
andrea_scazzola	2023-09-28 17:38:57+08:00	115.8754150384	-31.9386337605
andrea_scazzola	2023-09-28 17:41:02+08:00	115.8754165472	-31.9385926053
andrea_scazzola	2023-09-28 17:43:41+08:00	115.8756996879	-31.9378201291
andrea_scazzola	2023-09-28 17:45:18+08:00	115.8757155297	-31.9378071791
andrea_scazzola	2023-09-28 17:47:22+08:00	115.8755701875	-31.9377222285
andrea_scazzola	2023-09-28 17:47:55+08:00	115.8755793237	-31.937640924
andrea_scazzola	2023-09-29 18:47:06+08:00	115.8624354099	-31.9388801465
apmango	2023-10-02 08:20:41+07:00	104.9298937615	11.513355291
andrea_scazzola	2023-10-03 14:01:06+08:00	115.8223333333	-32.0344666667
andrea_scazzola	2023-10-03 15:18:38+08:00	115.7780866419	-31.9780845708
apmango	2023-10-08 14:30:16+07:00	103.1270357007	11.5797801246
andreanne_charron	2022/08/03 4:29 PM	-71.1090002983	46.0682973241
andreanne_charron	2022/08/03 4:22 PM	-71.1080803469	46.0685796817
andreanne_charron	2022/08/03 4:18 PM	-71.1142172412	46.0677757635
alpinefish	2023-10-23 14:59:01	138.6082319722	-34.771863
apmango	2023-10-29 14:51:09+07:00	104.9591468259	11.5205933991
andrea_scazzola	2023-11-07 10:37:06+08:00	120.0376971667	-33.9245333333
annidegn	2023-11-28 20:58:54+01:00	12.6084503188	55.6199760924
andreanne_charron	2023/07/18 4:23 PM	-112.7861846763	51.4813629643
andreanne_charron	2023/07/18 5:12 PM	-112.7863563377	51.4812560588
andreanne_charron	2023/07/19 10:40 AM	-112.534241	51.3806406
andreanne_charron	2023/07/19 11:42 AM	-112.534241	51.3806406
andreanne_charron	2023/07/19 11:43 AM	-112.534241	51.3806406
andreanne_charron	2023/07/18 5:25 PM	-112.788759597	51.4800266271
andreanne_charron	2023/07/18 5:16 PM	-112.7864248878	51.4810679016
andreanne_charron	2023/07/18 4:32 PM	-112.7866996604	51.4809887938
amore_smith_ii	2024-01-18 15:30:51-08:00	-117.252053012	34.4615926744
amore_smith_ii	2024-01-18 15:44:21-08:00	-117.254639647	34.4605331806
andrea_scazzola	2024-01-21 11:26:23+01:00	9.267555	45.4619866667
andreanne_charron	2023/07/18 4:53 PM	-112.7860130149	51.4813629643
amypor	2023-11-19 12:33:04	105.7727914676	21.275998183
amypor	2023-12-28 14:45:24	151.2699315324	-33.9003597894
apmango	2024-02-13 09:27:56+07:00	104.9298838591	11.5133341369
andreanne_charron	2023/08/09 12:54 PM	-71.1063637342	46.0682223874
andreanne_charron	2023/08/09 12:35 PM	-71.1097111501	46.0675673483
andreanne_charron	2023/08/06 11:52 AM	-71.1103119448	46.0671207104
andreanne_charron	2023/08/06 12:09 PM	-71.104346712	46.0652448334
andreanne_charron	2023/08/06 11:49 AM	-71.109582384	46.0670611597
andreanne_charron	2023/08/06 11:30 AM	-71.1054195956	46.0686690052
andreanne_charron	2023/07/18 4:33 PM	-112.7866138298	51.4810957
andreanne_charron	2023/07/18 4:38 PM	-112.7866996604	51.4810422469
andreanne_charron	2023/07/18 4:50 PM	-112.7861846763	51.4808818874
andy_prentice	2024-03-02 14:08:34	100.22950463	5.463077122
andy_prentice	2024-03-02 12:59:33	100.2293507382	5.4631462089
andy_prentice	2024-03-02 13:24:38	100.2300910279	5.4623545458
andy_prentice	2024-02-13 11:25:15	100.2886543795	5.4416411046
andy_prentice	2024-02-13 12:36:13	100.2294654027	5.4634065363
andrea_scazzola	2024-03-11 11:37:00+01:00	9.2731727287	45.6006856962
andrea_scazzola	2024-03-11 11:42:16+01:00	9.2732104473	45.6007028372
andrea_scazzola	2024-03-11 11:58:46+01:00	9.2734512594	45.6008708524
andrea_scazzola	2024-03-11 12:13:58+01:00	9.2736086715	45.6009438169
andrea_scazzola	2024-03-11 12:15:05+01:00	9.2736416962	45.6009932701
andrea_scazzola	2024-03-11 12:16:08+01:00	9.2722220952	45.6015880417
andrea_scazzola	2024-03-11 12:17:17+01:00	9.2717708331	45.6018218342
andy_prentice	2024-03-24 12:58:22	100.2901808918	5.4653159344
andy_prentice	2024-03-26 11:59:37	100.2294271812	5.4634893071
andreanne_charron	2023/05/10 4:49 PM	-80.2115900534	43.5419334132
andy_prentice	2024-03-26 12:58:51	100.2298057079	5.4627860891
apmango	2024-04-02 08:58:20+07:00	104.929998936	11.5133749572
alpinefish	2024-04-01 11:48:42	139.4001509997	-35.8880229997
alpinefish	2024-03-31 18:51:02	139.4001599722	-35.88781
alpinefish	2024-03-31 18:46:50	139.4000299722	-35.887723
alpinefish	2024-03-31 18:45:26	139.400102	-35.8877179722
alpinefish	2024-03-31 15:39:02	139.4000743997	-35.8880093
alpinefish	2024-03-03 20:19:06	138.5425659722	-34.9246649722
alpinefish	2024-02-29 18:46:25	138.6083188	-34.7718301
alpinefish	2023-12-11 11:57:09	151.2181449722	-33.8641039722
andreanne_charron	2023/08/06 11:23 AM	-71.1053337649	46.0688923134
andreanne_charron	2023/08/06 11:22 AM	-71.1096682147	46.0697706501
andreanne_charron	2023/08/06 11:27 AM	-71.1039175585	46.0674482379
andreanne_charron	2023/08/06 11:19 AM	-71.1033382014	46.0680586249
andreanne_charron	2023/08/06 11:16 AM	-71.1085953311	46.0675226757
andreanne_charron	2023/08/06 10:51 AM	-71.1038961009	46.0688476518
andreanne_charron	2023/08/06 10:40 AM	-71.1046471194	46.0684010342
andreanne_charron	2023/08/06 10:39 AM	-71.1052479342	46.0668825073
andreanne_charron	2023/08/06 10:38 AM	-71.1046471194	46.0684010342
andreanne_charron	2023/08/06 10:37 AM	-71.1052050189	46.0680437375
andreanne_charron	2023/08/06 10:34 AM	-71.1049904422	46.0695026844
andrea_scazzola	2024-04-06 10:48:12+02:00	16.6747333333	40.1598388333
andrea_scazzola	2024-04-08 15:40:34+02:00	9.246772835	45.4948062497
amore_smith_ii	2024-02-16 14:46:15-08:00	-117.240708645	34.3386757269
amore_smith_ii	2024-04-02 18:23:13-07:00	-117.1658435886	34.5235069472
alpinefish	2024-04-15 11:44:55	138.5236025	-35.4295631
alpinefish	2024-04-10 13:10:23	138.6050569722	-34.918322
amore_smith_ii	2024-03-27 19:38:41-07:00	-117.0775841146	34.4768444239
andreanne_charron	2023/08/06 10:29 AM	-71.1036171511	46.0707234063
amore_smith_ii	2024-04-17 12:50:56-07:00	-117.1863771922	34.4799024684
alpinefish	2024-04-18 09:47:26	139.0926406	-35.0743478997
alpinefish	2024-04-18 08:54:51	139.0933751997	-35.0747114997
alpinefish	2024-04-18 08:53:35	139.0935561997	-35.0746387
antoine200	2024-04-21 15:27:05+02:00	6.0447218172	47.6707781213
amore_smith_ii	2024-04-21 07:47:25-07:00	-117.0314861908	34.5520840933
andy_prentice	2024-04-13 12:31:55	100.2297379822	5.4626582616
andy_prentice	2024-05-01 09:21:48	100.2871355787	5.467263374
antoine200	2024-05-01 13:04:03+02:00	5.0637699461	47.3087033268
andy_prentice	2024-04-26 13:47:03	100.2293353155	5.4631171724
amore_smith_ii	2024-05-03 17:56:22-07:00	-117.1971966667	34.32072
amore_smith_ii	2024-05-03 17:36:41-07:00	-117.2065666667	34.3287966667
amore_smith_ii	2024-05-03 17:02:31-07:00	-117.2235716667	34.332855
amore_smith_ii	2024-05-03 17:29:21-07:00	-117.2098616667	34.3322416667
amore_smith_ii	2024-05-03 17:16:48-07:00	-117.2182383333	34.3336116667
amore_smith_ii	2024-05-03 16:48:02-07:00	-117.22805	34.337505
amore_smith_ii	2024-05-03 12:10:52-07:00	-117.0710278827	34.5273696811
amore_smith_ii	2024-05-03 16:44:43-07:00	-117.2296133333	34.3383716667
antoine200	2024-05-07 16:12:28+02:00	5.0673890194	47.3092828247
antoine200	2024-05-07 16:55:08+02:00	5.0674087892	47.3091916054
antoine200	2024-05-07 17:01:05+02:00	5.0673147673	47.3092650404
antoine200	2024-05-08 20:17:08+02:00	2.1552539239	48.7079728911
amore_smith_ii	2024-05-12 16:37:31-07:00	-117.4792633333	34.1694116667
antoniro	2024-05-17 16:56:06+02:00	10.5619894872	59.899746646
amore_smith_ii	2024-05-19 17:09:27-07:00	-117.4527875633	34.1760905606
alpinefish	2024-05-29 11:32:36	138.6082049722	-34.7719439722
alpinefish	2024-04-28 00:31:26	138.608181	-34.771956
alpinefish	2024-04-28 12:29:29	138.6016539722	-34.8798659722
andy_niele	2024-06-07 13:32:55+02:00	4.6177476179	52.543122978
anh_tu	2024-06-08 18:44:17	105.8623567969	21.0237543013
anh_tu	2024-06-01 10:22:38	105.7917493209	21.0276026887
andy_niele	2024-06-23 13:00:04+02:00	3.4924633333	51.4979966667
andy_niele	2024-06-24 14:54:05+02:00	4.618405	52.614145
amore_smith_ii	2024-06-28 19:58:02-07:00	-117.3034533333	34.254125
amore_smith_ii	2024-06-28 19:48:58-07:00	-117.3465655531	34.3926075836
anhnguyen281	2024-07-01 13:20:42	-75.1982583333	39.949035
anhnguyen281	2024-07-01 13:21:55	-75.1978783333	39.949275
anhnguyen281	2024-07-01 13:25:33	-75.1984383333	39.9491433333
andy1984	2024-07-03 09:23:15+07:00	105.8367204643	21.0298854089
anhnguyen281	2024-07-01 13:12:00	-75.1957015693	39.949596365
andreanne_charron	2024-07-03 17:24:16	-75.6706248969	45.5075262115
anhnguyen281	2024-07-04 18:52:49	-73.3907783333	42.0337566667
andy_prentice	2024-07-09 11:27:34	100.3066637367	5.4395383805
andy_prentice	2024-07-10 11:33:58	100.297071822	5.4303580683
andy_prentice	2024-07-09 16:04:55	100.2870906517	5.4413417172
andy_niele	2024-07-28 12:03:11+02:00	4.8113494646	52.6862617443
andrea_scazzola	2024-07-30 17:18:00+02:00	9.2701883521	45.4882795131
amore_smith_ii	2024-08-02 12:25:06-07:00	-117.2162383333	34.2453166667
andy_niele	2024-08-04 21:27:32+02:00	8.2749783333	48.2908583333
andy_niele	2024-08-07 15:49:18+02:00	7.5888333333	47.56285
amypor	2024-08-05 15:48:23	80.693842514	7.5922497342
amypor	2024-08-06 12:38:50	80.7809606194	7.4423918347
andy_niele	2024-08-09 11:11:11+02:00	6.1280945	47.6313583333
aokij	2024/08/13 4:13 PM	108.277199	14.058324
aokij	2024/08/14 2:38 PM	108.277199	14.058324
anavale	2024-08-15 15:58:47+08:00	114.1982039778	22.2350227262
aokij	2024/08/16 3:03 PM	108.277199	14.058324
amypor	2024-08-17 11:15:58	80.5661592633	7.5239017037
aokij	2024/08/19 1:43 PM	108.277199	14.058324
andrea_scazzola	2024-08-20 13:55:43+02:00	9.1934701381	45.4849049121
andrea_scazzola	2024-08-20 13:56:05+02:00	9.1942458172	45.4851359942
aokij	2024/08/21 3:04 PM	108.277199	14.058324
andrea_scazzola	2024-08-22 09:17:47+02:00	9.1933212277	45.4817218235
antoniro	2024-08-23 11:31:34-06:00	-90.486405	14.57565
antoniro	2024-08-23 11:54:03-06:00	-90.4869533333	14.575345
antoniro	2024-08-23 11:48:48-06:00	-90.4882283333	14.5751216667
antoniro	2024-08-23 12:30:21-06:00	-90.4867783333	14.57557
aokij	2024/08/26 3:03 PM	108.277199	14.058324
amore_smith_ii	2024-08-02 12:34:16-07:00	-117.2147	34.2484033333
amore_smith_ii	2024-08-28 09:19:33-07:00	-117.3380077988	34.4378565306
antoniro	2024-09-02 18:08:47-06:00	-90.1789722529	17.396865949
antoniro	2024-09-03 10:52:42-06:00	-90.6066283333	14.3892300017
aokij	2024/09/04 3:25 PM	108.277199	14.058324
aokij	2024/09/05 10:19 AM	108.277199	14.058324
andrea_scazzola	2024-09-05 15:31:04+02:00	9.2278831266	45.4765128717
andrea_scazzola	2024-09-05 17:36:53+02:00	9.2251862985	45.4757176541
antoniro	2024-09-06 09:39:50-06:00	-90.72262	14.5526083417
antoniro	2024-09-05 16:50:57-06:00	-90.7281716667	14.5596783333
antoniro	2024-09-05 16:59:04-06:00	-90.728425	14.5599166667
antoniro	2024-09-05 17:03:38-06:00	-90.728295	14.5598333417
anne_vargo	2024-09-08 13:01:14	105.85372246	21.02862344
aokij	2024/09/09 2:03 PM	108.277199	14.058324
andreanne_charron	2024-09-09 14:54:50	-63.9164561033	44.4915185975
andreanne_charron	2024-09-09 15:06:13	-63.9147005975	44.4912488124
andreanne_charron	2024-09-09 14:15:10	-63.9317738637	44.5068569843
amore_smith_ii	2024-08-02 11:57:49-07:00	-117.218545	34.2445533333
annidegn	2024-09-12 09:53:00+02:00	10.9985401768	55.7220307654
andy_prentice	2024-09-18 14:52:03	100.2975391969	5.4318510259
andreanne_charron	2024/09/09 8:19 PM	-63.9329732668	44.5068833866
andreanne_charron	2024/09/09 8:29 PM	-63.9331285311	44.5065076672
andreanne_charron	2024/09/09 9:07 PM	-63.8947014776	44.5079840933
andreanne_charron	2024/09/09 9:14 PM	-63.9331673534	44.5065678571
andreanne_charron	2024/09/09 9:22 PM	-63.9326415825	44.5068432219
andreanne_charron	2024/09/09 9:27 PM	-63.9324361655	44.5068417642
andreanne_charron	2024/09/09 9:38 PM	-63.9331512022	44.5067973132
andreanne_charron	2024/09/09 9:45 PM	-63.9320085812	44.5068891306
aokij	2024/09/20 2:03 PM	108.277199	14.058324
aokij	2024/09/20 2:09 PM	108.277199	14.058324
aokij	2024/09/20 2:11 PM	108.277199	14.058324
aokij	2024/09/20 2:14 PM	108.277199	14.058324
aokij	2024/09/20 4:42 PM	108.277199	14.058324
aokij	2024/09/20 4:45 PM	108.277199	14.058324
aokij	2024/09/20 4:48 PM	108.277199	14.058324
aokij	2024/09/20 4:52 PM	108.277199	14.058324
andreanne_charron	2024-09-17 16:47:58	-75.6129977676	45.4440234853
aokij	2024/09/23 1:55 PM	108.277199	14.058324
aokij	2024/09/23 1:57 PM	108.277199	14.058324
aokij	2024/09/23 2:01 PM	108.277199	14.058324
aokij	2024/09/23 4:07 PM	108.277199	14.058324
aokij	2024/09/23 4:12 PM	108.277199	14.058324
andy1984	2024-09-24 11:08:35+09:00	128.68661055	35.9063758764
aokij	2024/09/24 11:14 AM	108.277199	14.058324
aokij	2024/09/24 11:17 AM	108.277199	14.058324
aokij	2024/09/25 10:36 AM	108.277199	14.058324
aokij	2024/09/25 10:41 AM	108.277199	14.058324
aokij	2024/09/25 3:27 PM	108.277199	14.058324
aokij	2024/09/26 10:48 AM	108.277199	14.058324
aokij	2024/09/26 10:55 AM	108.277199	14.058324
aokij	2024/09/26 2:27 PM	108.277199	14.058324
andreanne_charron	2024-09-12 12:41:34	-63.9056742936	44.7073652388
andreanne_charron	2024-09-12 12:21:12	-63.9056742936	44.7073652388
andreanne_charron	2024-09-12 11:43:32	-63.8344753374	44.7306295497
andreanne_charron	2024-09-12 12:21:58	-63.9629354328	44.6706471759
andreanne_charron	2024-09-12 12:20:25	-63.9629049227	44.6705072145
aokij	2024/09/27 1:59 PM	108.277199	14.058324
aokij	2024/09/27 2:04 PM	108.277199	14.058324
aokij	2024/09/27 2:08 PM	108.277199	14.058324
aokij	2024/09/27 2:12 PM	105.5275	20.675361
andrea_scazzola	2024-09-30 11:10:43+07:00	105.8523498942	21.0306236241
aokij	2024/10/02 2:11 PM	105.5239912	20.6901132
aokij	2024/10/02 2:12 PM	105.5239912	20.6901132
aokij	2024/10/02 2:13 PM	105.5239912	20.6901132
aokij	2024/10/02 2:16 PM	105.5239912	20.6901132
andrea_scazzola	2024-10-03 09:34:49+07:00	103.8607801964	22.3138733022
aokij	2024/10/03 11:20 AM	105.5239912	20.6901132
aokij	2024/10/03 11:21 AM	105.5239912	20.6901132
aokij	2024/10/03 11:25 AM	105.5239912	20.6901132
aokij	2024/10/03 11:27 AM	105.5239912	20.6901132
aokij	2024/10/03 11:30 AM	105.5239912	20.6901132
aokij	2024/10/03 11:32 AM	105.5239912	20.6901132
aokij	2024/10/03 1:44 PM	105.5239912	20.6901132
aokij	2024/10/04 1:44 PM	105.5239912	20.6901132
aokij	2024/10/04 1:47 PM	105.5239912	20.6901132
andrea_scazzola	2024-10-04 11:55:45+07:00	103.8927916667	22.30048
aokij	2024/10/04 4:43 PM	105.5239912	20.6901132
aokij	2024/10/04 4:44 PM	105.5239912	20.6901132
aokij	2024/10/04 4:45 PM	105.5239912	20.6901132
aokij	2024/10/04 4:47 PM	105.5239912	20.6901132
aokij	2024/10/04 4:49 PM	105.5239912	20.6901132
aokij	2024/10/04 4:50 PM	105.5239912	20.6901132
aokij	2024/10/04 4:51 PM	105.5239912	20.6901132
andrea_scazzola	2024-10-05 15:56:38+07:00	103.9705	22.26877
andrea_scazzola	2024-10-06 12:45:14+07:00	107.0521967859	20.7171808882
andreanne_charron	2024-10-06 14:02:12	-75.9412560984	45.6297535578
andreanne_charron	2024-10-06 12:58:26	-75.9385360032	45.6211281962
anhnguyen281	2024-10-07 15:40:10	-75.1982761547	39.9491558212
anhnguyen281	2024-10-07 15:32:14	-75.1982392743	39.9491709858
anhnguyen281	2024-10-07 22:23:17	-75.198274143	39.9492267608
aokij	2024/10/08 10:44 AM	105.5239912	20.6901132
aokij	2024/10/08 10:50 AM	105.5239912	20.6901132
aokij	2024/10/08 10:52 AM	105.5239912	20.6901132
aokij	2024/10/09 1:54 PM	105.5239912	20.6901132
aokij	2024/10/09 1:56 PM	105.5239912	20.6901132
aokij	2024/10/09 1:58 PM	105.5239912	20.6901132
andrea_scazzola	2024-10-09 23:58:43+07:00	105.9265883333	20.2270366667
andrea_scazzola	2024-10-10 00:12:50+07:00	105.92592	20.2274333333
aokij	2024/10/10 1:56 PM	105.5239912	20.6901132
aokij	2024/10/10 1:57 PM	105.5239912	20.6901132
aokij	2024/10/10 1:59 PM	105.5239912	20.6901132
aokij	2024/10/11 10:24 AM	105.5239912	20.6901132
aokij	2024/10/11 10:26 AM	105.5239912	20.6901132
aokij	2024/10/11 10:28 AM	107.8346924	11.5731051
aokij	2024/10/11 10:30 AM	105.5239912	20.6901132
aokij	2024/10/14 2:07 PM	105.5239912	20.6901132
aokij	2024/10/14 2:09 PM	105.5239912	20.6901132
andrea_scazzola	2024-10-14 22:10:54+07:00	105.3409686406	23.2779929135
aokij	2024/10/15 4:15 PM	105.5239912	20.6901132
aokij	2024/10/15 4:16 PM	105.5239912	20.6901132
aokij	2024/10/15 4:17 PM	105.5239912	20.6901132
aokij	2024/10/16 11:36 AM	105.5239912	20.6901132
aokij	2024/10/16 11:38 AM	105.5239912	20.6901132
aokij	2024/10/16 11:41 AM	105.5239912	20.6901132
aokij	2024/10/16 4:41 PM	105.5239912	20.6901132
aokij	2024/10/16 4:43 PM	105.5239912	20.6901132
aokij	2024/10/17 3:01 PM	105.5239912	20.6901132
aokij	2024/10/17 3:22 PM	106.5700505	20.2329811
amore_smith_ii	2024-10-19 17:56:58-07:00	-117.24285	34.3368033333
aokij	2024/10/21 2:27 PM	105.5239912	20.6901132
aokij	2024/10/21 2:29 PM	105.5239912	20.6901132
aokij	2024/10/21 2:31 PM	105.539501	20.662106
aokij	2024/10/23 10:48 AM	105.5239912	20.6901132
aokij	2024/10/23 10:49 AM	105.5239912	20.6901132
aokij	2024/10/23 10:52 AM	105.5239912	20.6901132
aokij	2024/10/24 11:01 AM	105.5239912	20.6901132
aokij	2024/10/24 11:03 AM	105.5239912	20.6901132
aokij	2024/10/24 11:04 AM	105.5239912	20.6901132
aokij	2024/10/25 10:19 AM	105.5239912	20.6901132
aokij	2024/10/25 10:20 AM	105.5239912	20.6901132
aokij	2024/10/25 1:40 PM	105.5239912	20.6901132
aokij	2024/10/25 1:41 PM	105.5239912	20.6901132
aokij	2024/10/31 4:49 PM	105.5239912	20.6901132
aokij	2024/10/31 4:51 PM	105.5239912	20.6901132
aokij	2024/10/31 4:52 PM	105.5239912	20.6901132
andreas86770	2024-10-08 17:30:39	105.85173	21.03553
andreas86770	2024-11-04 10:23:15	11.9675012	51.4946261
andy_prentice	2024-11-06 14:34:11	100.3008567542	5.4305035926
aokij	2024/11/07 3:00 PM	105.5239912	20.6901132
aokij	2024/11/07 3:01 PM	105.5239912	20.6901132
anibal13	2024-10-26 11:35:55	-77.327575	39.0498361111
amore_smith_ii	2024-11-10 11:32:30-08:00	-117.2313916667	34.3394466667
amore_smith_ii	2024-11-10 15:18:34-08:00	-117.2408366667	34.338275
amore_smith_ii	2024-11-10 12:34:07-08:00	-117.2523033333	34.3667916667
amore_smith_ii	2024-11-10 12:07:03-08:00	-117.222695	34.3304216667
amberz17	2024-03-17 15:30:14+08:00	116.3033366667	40.005925
amberz17	2024-10-05 15:53:29+13:00	170.4791416667	-44.0041555405
amberz17	2024-10-01 12:21:21+13:00	168.6577033333	-45.0301278333
alpinefish	2024-11-12 19:14:06	138.6039399722	-34.8370669722
anhnguyen281	2024-11-29 08:03:59	105.8336116667	21.03107
amberz17	2024-04-21 11:40:34+08:00	115.8314366667	40.4080166667
andrea_scazzola	2024-12-05 09:58:41Z	-13.9250975568	28.6808572663
apmango	2024-06-02 15:38:09+07:00	0.5351346777	52.1089969162
apmango	2024-10-31 08:04:02+07:00	104.9299884992	11.5130975034
apmango	2024-12-17 09:22:12+07:00	103.2913883333	10.7163166667
andy_niele	2024-12-28 13:34:55+01:00	4.642545	52.57453
andy_niele	2024-12-28 13:35:51+01:00	4.6426601332	52.5746031223
anibal13	2025-01-03 11:02:14	105.8341597393	21.027754782
andreanne_charron	2024/09/09 8:35 PM	-63.9330451036	44.5066053714
andy_niele	2025-01-12 12:21:56Z	-6.0537055	53.36908
apmango	2025-01-21 07:30:51+07:00	104.92997715	11.5133506715
apmango	2025-02-17 08:00:16+07:00	104.9294380521	11.5132036751
apmango	2025-02-19 09:18:41+07:00	104.930033514	11.513650902
apmango	2025-02-25 09:28:45+07:00	104.9583728394	11.5217041036
apmango	2025-02-25 09:28:23+07:00	104.9583735416	11.5216942953
amore_smith_ii	2025-03-07 15:55:24-08:00	-117.1854881649	34.4749042288
apmango	2025-03-09 07:34:19+07:00	104.9583229609	11.5216924416
amberz17	2025-03-20 17:20:58+08:00	104.0776065	30.6558775
andy_niele	2025-03-23 14:43:05+01:00	4.7237712143	52.6318381787
apmango	2025-03-24 08:00:32+07:00	104.9299698339	11.5131792517
alpinefish	2025-04-06 15:53:06	138.63203203	-35.03240607
amberz17	2025-04-05 12:36:22+08:00	105.8724883333	26.7759866667
andy_prentice	2025-04-10 13:56:21	-2.12015111	53.5047496063
anhnguyen281	2025-04-12 10:59:39	-73.96137	40.80784
antoine200	2025-04-11 09:39:42+02:00	29.1071722345	-22.6727997788
amberz17	2025-04-15 18:39:41+08:00	108.4078966667	22.792825
amberz17	2025-04-15 17:25:26+08:00	108.397675	22.7760716667
antoine200	2025-04-17 12:58:42+02:00	28.7751012081	-22.7254951587
antoine200	2025-04-17 13:02:30+02:00	28.7750567616	-22.7255229486
antoine200	2025-04-17 13:30:11+02:00	28.7750534224	-22.7255136554
antoine200	2025-04-17 13:47:40+02:00	28.7750765097	-22.7255082583
antoine200	2025-04-17 14:20:59+02:00	28.7750640611	-22.7254530018
antoine200	2025-04-17 14:26:57+02:00	28.7750815615	-22.7255213655
antoine200	2025-04-17 14:37:54+02:00	28.7750421875	-22.7255024918
antoine200	2025-04-17 14:51:00+02:00	28.7750736613	-22.7255255915
antoine200	2025-04-17 16:08:52+02:00	28.7747972004	-22.7256765959
antoine200	2025-04-18 13:00:20+02:00	28.7751910798	-22.7245228982
antoine200	2025-04-16 17:08:11+02:00	28.7754096858	-22.7244348572
antoine200	2025-04-18 14:58:00+02:00	28.7694165268	-22.7200828012
antoine200	2025-04-18 16:28:12+02:00	28.7696393926	-22.7113503969
antoine200	2025-04-18 17:34:47+02:00	28.7701071113	-22.7201637534
antoine200	2025-04-18 17:50:23+02:00	28.7750838779	-22.7243443896
antoine200	2025-04-18 19:14:34+02:00	28.77507019	-22.72536659
antoine200	2025-04-18 19:15:23+02:00	28.7921783333	-22.674605
antoniro	2025-04-20 15:52:03+02:00	10.6180515511	59.8953820582
antoine200	2025-04-19 21:47:49+02:00	28.792734679	-22.6597944958
antoine200	2025-04-20 19:24:25+02:00	28.7750633736	-22.7254862785
antoine200	2025-04-21 17:49:56+02:00	28.7751053531	-22.7254724487
antoine200	2025-04-21 18:50:18+02:00	28.7750668144	-22.7253006099
antoine200	2025-04-21 19:17:24+02:00	28.775022821	-22.7254143216
antoine200	2025-04-22 08:20:04+02:00	28.7750515614	-22.725501696
antoine200	2025-04-22 09:04:51+02:00	28.7865517742	-22.68305378
antoine200	2025-04-22 11:05:55+02:00	28.7750679883	-22.7253117085
antoine200	2025-04-22 11:57:16+02:00	28.7778590872	-22.7153891157
antoine200	2025-04-22 18:30:29+02:00	28.7750352797	-22.7254382425
antoine200	2025-04-25 13:01:29+02:00	28.7750838633	-22.7254035167
antoine200	2025-04-25 18:30:45+02:00	28.7750838344	-22.7254035921
alpinefish	2025-04-25 23:01:30	152.2202442997	-32.1302566
alpinefish	2025-04-25 18:06:47	152.2202393	-32.1302441997
alpinefish	2025-04-25 16:37:52	152.22041655	-32.1303246083
arvin310	2025-04-26 14:43:54	113.55163593	22.19971067
arvin310	2025-04-26 14:45:48	113.55142547	22.19956083
arvin310	2025-04-26 14:46:34	113.551999	22.199539
arvin310	2025-04-26 14:46:58	113.551605	22.199939
arvin310	2025-04-26 14:55:37	113.551224	22.198575
arvin310	2025-04-26 14:56:04	113.55141986	22.19893875
arvin310	2025-04-26 14:59:40	113.55129671	22.19889355
arvin310	2025-04-26 15:00:00	113.551284	22.19879087
arvin310	2025-04-26 15:06:17	113.552029	22.199746
arvin310	2025-04-26 15:11:08	113.550841	22.198459
arvin310	2025-04-26 15:33:41	113.54942	22.197362
arvin310	2025-04-26 15:34:40	113.55105	22.196711
arvin310	2025-04-26 15:44:37	113.552242	22.196451
arvin310	2025-04-26 15:54:59	113.551726	22.197282
arvin310	2025-04-26 16:18:22	113.55275993	22.19896021
arvin310	2025-04-26 16:21:04	113.549	22.199638
arvin310	2025-04-26 16:31:30	113.55160544	22.19835702
arvin310	2025-04-26 17:21:08	113.552044	22.199418
arvin310	2025-04-26 17:23:07	113.551585	22.19914
arvin310	2025-04-26 17:23:27	113.55281395	22.19942569
arvin310	2025-04-26 17:31:28	113.551589	22.199753
arvin310	2025-04-26 17:31:49	113.55157926	22.19998809
arvin310	2025-04-26 17:33:20	113.551837	22.199672
arvin310	2025-04-26 17:36:05	113.551136	22.199636
arvin310	2025-04-26 17:50:04	113.549712	22.204347
alpinefish	2025-04-27 09:34:51	152.2203375997	-32.1303191
alpinefish	2025-04-26 21:50:57	152.2204188889	-32.1303885389
alpinefish	2025-04-26 12:49:06	152.5255396997	-32.3243105997
alpinefish	2025-04-26 08:54:23	152.2204452997	-32.1303085997
alpinefish	2025-04-26 13:36:59	152.5198852	-32.3106987
arvin310	2025-04-27 11:07:13	113.55992	22.154823
arvin310	2025-04-27 11:08:09	113.56068157	22.15467418
arvin310	2025-04-27 11:08:39	113.56054089	22.1546481
arvin310	2025-04-27 11:13:41	113.561177	22.1546
arvin310	2025-04-27 11:14:11	113.561567	22.155266
arvin310	2025-04-27 11:14:57	113.56158187	22.1554934
arvin310	2025-04-27 11:16:39	113.56196345	22.15560377
arvin310	2025-04-27 11:18:39	113.560199	22.157027
arvin310	2025-04-27 11:22:42	113.559986	22.155068
arvin310	2025-04-27 11:23:32	113.56338392	22.15582093
arvin310	2025-04-27 11:25:41	113.5634827	22.15590848
arvin310	2025-04-27 11:28:26	113.561682	22.158467
arvin310	2025-04-27 11:29:17	113.560537	22.157395
arvin310	2025-04-27 11:30:19	113.556965	22.158066
arvin310	2025-04-27 11:34:22	113.556965	22.158066
arvin310	2025-04-27 11:34:49	113.565675	22.152851
arvin310	2025-04-27 11:48:17	113.56385	22.151704
arvin310	2025-04-27 11:50:37	113.567787	22.154538
arvin310	2025-04-27 11:54:13	113.567584	22.154186
arvin310	2025-04-27 12:03:19	113.572917	22.156153
arvin310	2025-04-27 12:06:37	113.56571643	22.15843553
arvin310	2025-04-27 12:15:41	113.567787	22.154538
arvin310	2025-04-27 12:23:46	113.56590904	22.15882469
arvin310	2025-04-27 12:32:08	113.569612	22.162764
arvin310	2025-04-27 12:35:48	113.569612	22.162764
arvin310	2025-04-27 12:57:54	113.563969	22.180086
arvin310	2025-04-27 13:02:49	113.570217	22.180291
arvin310	2025-04-27 13:03:31	113.570217	22.180291
arvin310	2025-04-27 13:12:10	113.568798	22.16132
arvin310	2025-04-27 13:24:27	113.56723513	22.16072266
arvin310	2025-04-27 13:25:46	113.568798	22.16132
arvin310	2025-04-27 13:26:06	113.568798	22.16132
arvin310	2025-04-27 13:26:26	113.568798	22.16132
arvin310	2025-04-27 13:26:44	113.573349	22.16415
arvin310	2025-04-27 13:28:54	113.570612	22.162066
arvin310	2025-04-27 13:29:09	113.572284	22.15902
arvin310	2025-04-27 13:38:41	113.569761	22.162553
arvin310	2025-04-27 15:46:50	113.559214	22.154913
arvin310	2025-04-27 15:47:28	113.55941116	22.15486623
arvin310	2025-04-27 15:48:26	113.55940637	22.1548406
arvin310	2025-04-27 15:48:58	113.5923863046	22.1864265643
arvin310	2025-04-27 15:54:31	113.55904	22.153079
arvin310	2025-04-27 15:58:20	113.559259	22.153484
arvin310	2025-04-27 16:01:07	113.55952107	22.15302657
arvin310	2025-04-27 16:02:28	113.55957725	22.15321928
arvin310	2025-04-27 16:03:11	113.559642	22.153292
arvin310	2025-04-27 16:03:31	113.560707	22.153732
arvin310	2025-04-27 16:04:02	113.559679	22.153267
arvin310	2025-04-27 16:04:36	113.5599022	22.15337509
arvin310	2025-04-27 16:33:55	113.562997	22.151207
arvin310	2025-04-27 16:34:24	113.562987	22.151267
arvin310	2025-04-27 16:37:04	113.562414	22.150412
arvin310	2025-04-27 16:37:28	113.56310399	22.15099974
arvin310	2025-04-27 12:09:35	113.5425940901	22.1906339462
arvin310	2025-04-27 13:03:41	113.5411178693	22.1920930208
arvin310	2025-04-27 16:34:30	113.5934290907	22.00616538
arvin310	2025-04-27 15:46:54	113.540023528	22.1931103283
arvin310	2025-04-27 13:26:48	113.4799635038	22.1814234212
arvin310	2025-04-27 16:03:35	113.5389808193	22.1940950327
arvin310	2025-04-27 11:30:31	113.538213037	22.1948599433
arvin310	2025-04-26 17:36:10	105.6269721687	20.6482806042
arvin310	2025-04-27 11:29:22	113.5155936331	22.1903765887
arvin310	2025-04-27 13:03:07	113.5378750786	22.1951660306
arvin310	2025-04-26 14:33:25	113.5380631685	22.1950732111
arvin310	2025-04-27 11:25:46	85.8962051198	16.7916795048
arvin310	2025-04-27 12:32:14	59.5565458015	11.6426551584
arvin310	2025-04-26 17:33:24	90.274268277	17.6480113118
arvin310	2025-04-27 11:23:36	113.5369886085	22.1958173175
arvin310	2025-04-27 11:25:46	113.5230280459	22.1931056717
arvin310	2025-04-26 14:59:43	113.4553780407	22.1799232542
arvin310	2025-04-26 14:44:19	113.5369741917	22.1958890272
arvin310	2025-04-26 14:46:37	113.5146676004	22.1915457144
arvin310	2025-04-26 16:21:16	113.5150293633	22.1916199098
arvin310	2025-04-26 14:33:25	107.0304829627	20.9239413738
arvin310	2025-04-27 12:15:51	113.5369068012	22.196272099
arvin310	2025-04-27 11:52:49	106.8183507398	20.8843077407
arvin310	2025-04-26 14:56:08	113.5370714217	22.1991891845
arvin310	2025-04-27 11:13:45	113.5260257497	22.198549399
arvin310	2025-04-27 11:30:31	113.5382120311	22.2016722449
arvin310	2025-04-27 12:23:53	113.5379773378	22.2022937016
arvin310	2025-04-26 17:21:45	113.479565967	22.2003694726
alpinefish	2025-04-27 17:01:11	150.8736446997	-33.8690512
andy_prentice	2025-04-28 12:48:27	-1.4329798892	53.2345338775
antoine200	2025-04-28 19:52:07+02:00	28.7757512122	-22.7217933823
andy_prentice	2025-03-16 10:25:21	100.2866537869	5.4416624656
amberz17	2025-04-28 19:53:50+08:00	116.35672	39.9103583333
amberz17	2025-05-02 17:08:22+08:00	117.6952833333	28.0885445
andreachomiak	2024-10-30 13:18:18	106.8724498414	20.9887220244
andreachomiak	2024-10-30 12:24:31	106.3571637061	16.4976087771
andreachomiak	2024-11-04 08:14:02	105.6070365972	20.3248831931
andreachomiak	2025-02-14 17:16:01	-18.0062543192	27.7463255463
andreachomiak	2025-05-03 14:49:07	-16.6054539	28.26674925
andreachomiak	2025-02-17 10:09:47	-18.0062543192	27.7463255463
andreachomiak	2025-05-03 15:02:16	-16.5802327581	28.3429851865
andreachomiak	2025-05-03 14:51:54	-16.4230556776	28.4180884698
andreachomiak	2025-04-05 14:17:34	-0.1557726412	51.5306001806
andreachomiak	2024-04-03 19:06:58	-16.201192805	28.5635315126
andreachomiak	2025-02-17 10:19:53	-18.0062543192	27.7463255463
andreachomiak	2025-02-17 10:20:57	-18.0062543192	27.7463255463
andreachomiak	2025-05-04 13:08:06	-16.2981739124	28.5207999422
andreachomiak	2025-05-04 13:11:10	-16.2985157761	28.5210390381
antoine200	2025-05-03 19:51:46+02:00	28.7750826628	-22.7253992014
antoine200	2025-05-04 15:24:18+02:00	28.7750826604	-22.7253992141
antoine200	2025-05-04 16:55:06+02:00	28.775082657	-22.7253992321
amberz17	2025-05-04 10:45:43+08:00	119.79117	25.516175
andreachomiak	2024-05-12 11:37:05	2.1906663127	41.4081529927
andreachomiak	2025-02-17 12:05:21	-18.0062543192	27.7463255463
andreachomiak	2024-11-07 16:50:31	103.9102065285	22.2916222264
andreachomiak	2024-08-18 16:39:56	-16.5536066236	28.2972286579
andreachomiak	2024-10-27 13:48:25	105.768752033	21.0376518982
andreachomiak	2024-07-25 19:37:10	-16.5536066236	28.2972286579
andreachomiak	2024-08-17 14:40:42	-16.1871666667	28.5727133333
andreachomiak	2024-07-25 17:49:14	-16.201192805	28.5635315126
andreachomiak	2024-11-06 10:13:07	103.9102065285	22.2916222264
andreachomiak	2024-11-06 12:16:54	103.9102065285	22.2916222264
apmango	2025-05-05 07:51:41+07:00	104.9298646504	11.5134842788
antoine200	2025-05-05 11:40:30+02:00	28.7750826628	-22.7253992014
antoine200	2025-05-05 16:26:20+02:00	28.7750838593	-22.7253271265
andreachomiak	2024-05-25 17:46:55	-3.7261206293	40.1005769737
andreachomiak	2024-05-31 16:29:45	-16.40063287	28.481033297
andreachomiak	2024-06-21 19:54:15	-4.0331751492	39.8529774872
andreachomiak	2025-05-03 14:41:53	-16.2796977569	28.5307499528
antoine200	2025-05-06 15:55:09+02:00	28.7750765346	-22.7253256577
antoine200	2025-05-06 16:16:47+02:00	28.7750756787	-22.7253148414
antoine200	2025-05-06 16:30:31+02:00	28.7751763426	-22.7253885357
antoine200	2025-05-11 15:59:27+02:00	28.7750755924	-22.7253182824
antoine200	2025-05-11 16:12:36+02:00	28.7750750177	-22.7253453918
antoine200	2025-05-11 17:15:51+02:00	28.7750752091	-22.7253317902
antoine200	2025-05-14 10:26:21+02:00	28.775082958	-22.7253591614
antoine200	2025-05-14 10:51:04+02:00	28.7750829253	-22.7253593353
antoine200	2025-05-14 11:07:26+02:00	28.7750829612	-22.725359144
antoine200	2025-05-15 15:51:51+02:00	28.7750829229	-22.725359354
antoine200	2025-05-16 11:12:10+02:00	28.775082934	-22.7253592839
antoine200	2025-05-21 17:49:57+02:00	28.7750334784	-22.7254050121
antoine200	2025-05-21 21:55:01+02:00	28.7750724425	-22.7253649219
antoine200	2025-05-22 19:37:51+02:00	28.7750585371	-22.725331556
alpinefish	2025-05-25 20:43:37	138.6082453653	-34.771939102
antoine200	2025-05-30 15:36:43+02:00	28.7750343267	-22.7253956603
antoniro	2025-05-31 12:43:39+02:00	10.7412265363	59.9271653354
antoine200	2025-05-31 16:04:37+02:00	28.7750607941	-22.7254220296
andy_niele	2025/06/02 19:06	4.7414241351	52.6300365435
and88455	2025-06-03 16:38:18	-2.5705353497	51.7498516875
and88455	2025-06-03 16:38:42	-2.570597	51.7499027
and88455	2025-06-03 19:15:32	-2.5899237	51.7520297
and88455	2025-06-04 16:08:11	-2.5378436	51.7223231
and88455	2025-06-07 15:51:36	-2.5763036269	51.4661944099
antoniro	2025-06-08 19:46:10+02:00	11.6462408128	55.1779476339
and88455	2025-06-08 19:32:46	-2.5566067871	51.7609595407
and88455	2025-06-08 19:50:04	-2.5627884484	51.7650769658
antoine200	2025-06-09 15:44:34+02:00	28.7753080423	-22.725698008
andreachomiak	2025-06-12 19:55:26	-16.551187389	28.4138365656
antoine200	2025-06-09 15:50:51+02:00	28.7751120084	-22.7253770017
antoine200	2025-06-14 09:38:22+02:00	28.7750613938	-22.7254429594
amore_smith_ii	2025-06-14 19:38:45-07:00	-117.891725	33.59788
amore_smith_ii	2025-06-14 19:31:50-07:00	-117.896995	33.6001133333
antoine200	2025-06-17 09:08:03+02:00	28.775244897	-22.7254954705
antoine200	2025-06-19 10:41:41+02:00	28.7707472233	-22.722588255
andreanne_charron	2025/06/11 2:19 PM	-52.731	47.572
andreanne_charron	2025/06/11 2:34 PM	-52.7314276849	47.5718582341
andreanne_charron	2025/06/12 2:41 PM	-52.761	47.572
apmango	2025-07-05 11:18:44+01:00	-2.9052282905	50.738149826
and88455	2025-07-06 11:22:51	-2.5783716348	51.7381657447
annidegn	2025-07-10 15:30:14+02:00	13.9270605768	57.2200852393
annidegn	2025-07-19 12:02:57+02:00	13.3973398598	57.0341886961
and88455	2025-07-25 17:41:29	-2.3578590025	53.5443482496
and88455	2025-07-25 17:42:31	-2.3579134107	53.5443354632
amore_smith_ii	2025-07-27 15:58:49	-117.451095	34.2034916667
antoine200	2025-07-30 11:42:22+02:00	28.7751250466	-22.7254394921
and88455	2025-07-31 11:33:33	105.8480548307	21.0342926597
and88455	2025-07-31 16:14:01	105.8360715148	21.0296780924
andreanne_charron	2025/07/30 7:28 AM	-71.1038833333	46.0634083333
andreanne_charron	2025/08/06 11:28 AM	-75.843079	45.49752
amore_smith_ii	2025-07-29 13:37:09	-117.2150585379	34.4917764366
amore_smith_ii	2025-07-02 11:59:35	-117.2402523172	34.4720657295
amore_smith_ii	2025-06-25 14:42:14	-119.2806383333	36.322675
amore_smith_ii	2025-07-31 17:04:00	-117.4922416667	34.2325466667
amore_smith_ii	2025-07-31 15:27:10	-117.4895033333	34.2325283333
amore_smith_ii	2025-07-31 15:26:09	-117.4894633333	34.2327383333
amore_smith_ii	2025-07-30 19:22:15	-117.2434166667	34.3404366667
amore_smith_ii	2025-04-04 14:28:24	-117.4585416667	34.2670283333
amore_smith_ii	2025-04-04 14:25:35	-117.4586116667	34.2674666667
amore_smith_ii	2025-04-04 14:24:06	-117.45838	34.2675033333
amore_smith_ii	2025-04-04 14:23:56	-117.4583666667	34.2675283333
amore_smith_ii	2025-04-04 14:23:42	-117.45835	34.2675366667
amore_smith_ii	2025-02-11 15:20:45	-117.8569716667	34.4124716667
amore_smith_ii	2025-01-12 16:36:14	-117.452645	34.27385
amore_smith_ii	2025-08-09 17:22:53	-117.2692842456	34.2414038406
amore_smith_ii	2025-08-09 17:20:54	-117.268395	34.2417966667
amore_smith_ii	2025-08-09 17:06:57	-117.2657909136	34.2390857417
amore_smith_ii	2025-08-09 17:04:56	-117.2657688519	34.2392933475
amore_smith_ii	2025-08-09 16:52:54	-117.2660535292	34.2397848787
amore_smith_ii	2025-08-09 17:01:46	-117.265927249	34.2394280929
amore_smith_ii	2025-08-09 16:52:13	-117.2665468706	34.2399940419
amore_smith_ii	2025-08-09 16:50:53	-117.2667383333	34.2399966667
amore_smith_ii	2025-08-09 16:37:26	-117.267945	34.241875
amore_smith_ii	2025-08-09 16:45:45	-117.2675410026	34.2412072027
amore_smith_ii	2025-08-16 18:07:01	-117.99212	33.7795
anibal13	2025-08-20 20:21:10	-77.5983916667	-1.0192888889
anibal13	2025-08-19 20:42:06	-77.5984111111	-1.0194916667
anibal13	2025-08-19 22:03:59	-77.5984138889	-1.0196138889
anibal13	2025-08-20 09:30:27	-77.5983972222	-1.0196166667
anibal13	2025-08-19 20:52:06	-77.5992916667	-1.0189611111
anibal13	2025-08-20 21:38:59	-77.6749944314	-0.996819512
anibal13	2025-08-21 21:02:03	-77.5992027778	-1.0192305556
andy_niele	2025-08-30 12:20:57+07:00	105.852105	21.0345528333
andy_niele	2025-08-30 13:31:20+07:00	105.84012	21.0334638333
andy_niele	2025-08-30 14:35:59+07:00	105.8400197794	21.0373518616
andy_niele	2025-08-30 17:25:42+07:00	105.850495	21.0265333333
andy_niele	2025-09-01 09:28:34+07:00	103.8600833333	22.3519416667
andy_niele	2025-09-01 09:32:17+07:00	103.8600843308	22.351916288
andy_niele	2025-09-01 09:33:15+07:00	103.8598343029	22.3520409158
andy_niele	2025-09-01 09:34:40+07:00	103.86	22.3518966667
andy_niele	2025-09-01 09:57:36+07:00	103.8598116667	22.35233
andy_niele	2025-09-01 14:55:07+07:00	103.8606716667	22.351495
andy_niele	2025-09-02 09:35:00+07:00	103.8598416667	22.35222
andy_niele	2025-09-02 18:57:58+07:00	103.840605	22.3329116667
andy_niele	2025-09-02 18:59:38+07:00	103.8405983993	22.332879536
antoniro	2025-09-03 13:28:50-04:00	-78.5343866667	35.8865916667
andy_niele	2025-09-06 11:25:23+07:00	106.99752	20.794775
andreas86770	2025-09-07 10:56:41	12.10005238	51.39286099
anhtrunh	2025-06-22	105.7962661609	21.016064427
anhtrunh	2025-07-24	105.7962621376	21.0160788238
anhtrunh	2025-09-07 18:45:00	105.7962446	21.016013
andy_niele	2025-09-08 15:19:43+07:00	105.7152166667	20.249895
andy_niele	2025-09-06 11:10:37	106.9958883333	20.7963033333
andy_niele	2025-09-08 14:07:14	105.59623	20.3483616667
andy_niele	2025-09-08 14:07:37	105.5962533333	20.348305
andy_niele	2025-09-08 13:47:44	105.8409309298	20.4122604008
andy_niele	2025-09-08 13:56:05	105.5922166667	20.350925
andy_prentice	2025-09-10 13:38:57	100.2966181934	5.4295623568
and88455	2025-09-13 09:53:32	-3.1118156167	52.0644053186
and88455	2025-09-13 10:34:24	-3.1200137263	52.0522978921
apowell2106	2025-09-15 11:34:19	0.3257149722	51.221361
apowell2106	2025-09-19 13:17:58	0.325095	51.2211739722
apowell2106	2025-09-18 13:10:17	0.2757369722	51.19178
apowell2106	2025-09-16 13:36:49	0.7518999651	50.9364238418
apowell2106	2025-09-13 11:05:28	0.3288042918	51.2232350783
apowell2106	2025-09-09 13:23:30	0.325136	51.2211179722
apowell2106	2025-09-20 10:38:36	0.7666919722	50.934497
apowell2106	2025-09-20 10:19:41	0.766626	50.93451
andy_niele	2025-09-13 22:05:56	108.35257	15.8884533333
antoniro	2025-09-19 15:02:41-04:00	-80.8605416667	35.18528
apowell2106	2025-09-22 11:42:02	0.3258576997	51.2213813997
amore_smith_ii	2025-09-29 09:22:15	100.6124416667	13.761375
amore_smith_ii	2025-10-01 09:18:12	100.6190866667	13.755795
apmango	2025-10-04 07:14:05+07:00	104.9583904246	11.5217074405
apmango	2025-10-05 10:51:00+07:00	104.9583619221	11.5217344588
anhtrunh	2025-10-29 18:53:22	105.7962438	21.0159557
amore_smith_ii	2025-11-08 10:17:15	100.566155	13.8457166667
amore_smith_ii	2025-11-08 11:47:40	100.5657116667	13.845825
amore_smith_ii	2025-10-09 13:16:21	100.61933	13.7474166667
amore_smith_ii	2025-10-09 13:22:43	100.6198416667	13.748155
arge_	2025-11-12 09:13:13	153.0919215	-27.5268532
arge_	2025-11-12 09:17:23	153.09233	-27.5273833333
arge_	2025-11-12 09:22:02	153.0923483333	-27.527385
arge_	2025-11-12 09:24:32	153.0922666667	-27.5273466667
arge_	2025-11-12 09:28:18	153.09225	-27.5272666667
arge_	2025-11-12 09:33:41	153.0918511	-27.5268418
arge_	2025-11-12 09:46:11	153.0918728	-27.5270037
arge_	2025-11-12 09:51:27	153.0919477	-27.5269169
arge_	2025-11-12 09:53:35	153.0925733333	-27.5270416667
arge_	2025-11-12 10:04:56	153.0923933333	-27.52739
arge_	2025-11-12 11:21:36	153.0919597	-27.5275309
arge_	2025-11-12 11:25:13	153.0919597	-27.5275309
arge_	2025-11-12 11:31:28	153.0923633333	-27.52724
arge_	2025-11-12 11:33:09	153.0920197	-27.5275592
arge_	2025-11-12 11:35:19	153.0919369	-27.5273839
arge_	2025-11-12 11:44:07	153.0924533333	-27.5274533333
arge_	2025-11-12 11:47:46	153.0919817	-27.5274963
arge_	2025-11-12 14:01:49	153.0913238333	-27.5265788889
andy_prentice	2025-11-12 16:46:32	100.29718481	5.4297969983
arge_	2025-11-05 10:07:00	153.0919646944	-27.5269374722
arge_	2025-11-05 09:12:08	153.09202575	-27.5268478333
arge_	2025-10-25 11:13:25	153.0859985278	-27.5106143889
arge_	2025-10-25 11:19:11	153.0850903317	-27.5091706607
arge_	2025-10-21 19:24:23	153.1919860833	-27.9239768889
arge_	2025-10-21 18:30:15	153.1971435278	-27.9247150278
arge_	2025-10-12 10:15:28	147.3047790278	-42.8967323056
arge_	2025-10-11 16:17:19	147.3074645833	-42.9017066944
arge_	2025-10-25 11:12:49	153.0857543889	-27.5104827778
arge_	2024-12-15 13:03:55	153.0303955	-27.4069843056
arge_	2024-12-15 12:46:24	152.9618530278	-27.4778480278
arge_	2024-12-15 12:48:21	152.9626617222	-27.477787
arge_	2025-10-27 17:41:11	153.0605010833	-27.4887084722
arge_	2025-11-14 16:35:14	153.0109710556	-27.4775676667
apowell2106	2025-09-30 11:43:00	0.6068407	50.8650252997
apowell2106	2025-11-14 13:26:06	0.582507	50.8641819722
amore_smith_ii	2025-11-14 10:04:54	100.621955	13.75407
amore_smith_ii	2025-09-29 09:22:09	100.6124283333	13.7613716667
arge_	2025-11-15 11:24:57	153.107010682	-27.7088251589
arge_	2025-11-15 12:07:05	153.0835723611	-27.6256370278
arge_	2025-11-15 11:41:37	153.0855255	-27.6237869167
arge_	2025-11-19 08:52:24	153.0926513611	-27.5280876111
arge_	2025-11-19 09:06:34	153.0923433333	-27.528355
arge_	2025-11-19 09:09:47	153.0923483333	-27.528305
arge_	2025-11-19 09:12:10	153.09245	-27.52839
arge_	2025-11-19 09:15:34	153.0923633333	-27.5283166667
arge_	2025-11-19 11:19:22	153.0925366667	-27.52826
arge_	2025-11-19 11:25:34	153.093656	-27.528316
arge_	2025-11-19 11:30:08	153.093656	-27.528316
arge_	2025-11-19 11:31:47	153.0923666667	-27.52815
arge_	2025-11-19 11:40:37	153.0926966667	-27.5281466667
arge_	2025-11-19 11:41:17	153.0929818	-27.5281156
arge_	2025-11-22 14:56:07	153.0785483333	-27.5065116667
arge_	2025-11-26 11:35:27	153.0598296944	-27.5355243611
arge_	2025-11-26 12:05:55	153.0458526389	-27.5326118333
arge_	2025-11-26 12:37:40	153.0465850833	-27.5327644167
arge_	2025-11-26 12:51:05	153.0535278056	-27.54310225
arge_	2025-11-27 07:33:43	153.1781791656	-27.4643654862
arge_	2025-11-28 20:06:50	153.0039044	-27.6560009
arge_	2025-11-28 19:24:33	152.9971618611	-27.6628685
anibal13	2025-12-01 20:22:41	-78.8381866796	0.036112032
anibal13	2025-12-01 21:27:39	-78.8533027778	0.1548805556
anibal13	2025-12-01 21:04:23	-78.8532611111	0.1552666667
arge_	2025-11-28 20:21:04	152.9991149722	-27.6556758611
arge_	2025-12-08 11:27:38	153.0530548056	-27.5464191389
apowell2106	2025-12-08 11:25:42	0.3257466667	51.2215533333
amore_smith_ii	2025-10-31 14:00:17	100.618775	13.7523216667
arge_	2025-12-10 11:34:39	153.0836181389	-27.5058498333
arge_	2025-12-11 18:27:33	153.0636443889	-27.4903812222
arge_	2025-12-23 10:11:30	144.4515533333	-36.8139800833
arge_	2025-12-23 10:18:29	144.45272825	-36.8115959167
arge_	2025-12-23 16:49:12	144.4651641667	-36.8276939167
arge_	2025-12-25 11:01:18	144.4651641667	-36.8276939167
alpinefish	2026-01-01 09:28:59	138.6029950997	-34.7689647997
antoniro	2026-02-11 15:34:03+07:00	105.8363633333	21.0294861667
amore_smith_ii	2026-02-12 23:15:26	99.968925	8.453925
arge_	2026-02-20 11:17:50	153.0621795556	-27.4900379167
arge_	2026-02-20 11:41:35	153.0626220556	-27.4896144722
arge_	2026-02-20 11:44:48	153.0627136111	-27.4895877778
arge_	2026-02-20 12:16:05	153.0624389444	-27.4891872222
arge_	2026-02-20 12:41:21	153.0609435833	-27.4896411667
arge_	2026-02-20 13:06:22	153.0614166111	-27.4895438889
arge_	2026-02-21 14:35:30	153.1930846944	-27.6531944167
arge_	2026-02-21 14:55:43	153.2004546944	-27.6580181111
arge_	2026-02-21 14:37:02	153.1930846944	-27.6531944167
arge_	2026-02-25 11:59:56	153.0632781944	-27.4911365278
arge_	2026-02-14 14:04:02	153.0789794722	-27.5093345556
arge_	2026-02-20 11:32:45	153.0626983611	-27.4895915833
arge_	2025-12-10 11:28:32	153.0845641944	-27.5061931389
arge_	2025-11-26 13:09:11	153.0495300278	-27.5354118333
alpinefish	2026-02-25 21:41:54	138.6082720997	-34.7718751997
alpinefish	2025-11-27 18:03:26	138.6082940997	-34.7719086997
alpinefish	2025-11-07 13:24:11	138.5723948	-35.0258845997
alpinefish	2025-10-29 10:21:10	138.8661679997	-35.5240551997
alpinefish	2025-10-05 10:59:29	145.7603698	-37.3790322997
alpinefish	2025-10-03 20:28:03	142.5138283997	-36.9235208997
alpinefish	2025-08-13 21:21:39	139.7471299997	-34.2368223
alpinefish	2025-06-07 23:55:08	-157.9029875997	21.5923343
alpinefish	2025-06-07 12:19:01	-157.8136105	21.2844422
alpinefish	2026-03-14 19:03:33	138.5938935354	-34.7419312593
alpinefish	2026-02-21 23:54:04	138.5990376997	-35.1489611
alpinefish	2025-04-06 16:16:39	138.6319568	-35.0324524997
apmango	2026-03-17 08:21:38+07:00	104.9300180933	11.5133550095
an75704	2026-03-18T09:19	105.8581484018	21.0215911586
amberz17	2026-03-20 17:19:41+08:00	112.4701216667	34.5528666667
arge_	2026-03-21 14:15:13	153.0836334167	-27.5055694444
arge_	2026-03-24 11:50:27	153.0929412778	-27.5281600833
arge_	2026-03-24 11:46:24	153.0924987778	-27.5283241111
and88455	2026-04-01 14:27:34	-3.0224637729	54.457344521
andreanne_charron	2026-04-02 15:56:36	105.9231694444	20.21995
andreanne_charron	2026-04-02 15:34:27	105.9164666667	20.2168916667
andreanne_charron	2026-04-02 15:18:38	105.9161527778	20.2176611111
andreanne_charron	2026-04-02 15:18:05	105.9161694444	20.2176777778
andreanne_charron	2026-04-04 13:51:00	107.0343916667	20.8861916667
andreanne_charron	2026-04-02 15:17:59	105.9161666667	20.2176777778
andreanne_charron	2026-04-02 14:59:09	105.9261833333	20.2207333333
andreanne_charron	2026-04-04 15:37:40	107.080925	20.8590222222
andreanne_charron	2026-04-02 12:26:37	105.9165944444	20.2489361111
andreanne_charron	2026-04-02 12:09:24	105.9143583333	20.2475722222
andreanne_charron	2026-04-02 11:18:15	105.9053972222	20.2463555556
andreanne_charron	2026-04-05 07:51:43	107.0951777778	20.8528638889
andreanne_charron	2026-04-02 11:17:30	105.9059861111	20.2463555556
andreanne_charron	2026-04-01 17:26:57	105.9367666667	20.2306
andreanne_charron	2026-04-02 11:15:09	105.9052694444	20.2459944444
andreanne_charron	2026-04-01 17:17:27	105.9355722222	20.2309805556
andreanne_charron	2026-04-01 17:05:34	105.9349555556	20.2284833333
andreanne_charron	2026-04-01 12:29:16	105.9310444444	20.2171583333
andreanne_charron	2026-03-31 11:56:02	105.8405916667	21.0381527778
andreanne_charron	2026-03-31 11:03:45	105.8400527778	21.0353722222
andreanne_charron	2026-03-31 10:09:38	105.8397222222	21.0315555556
andreanne_charron	2026-03-31 09:02:40	105.83555	21.027875
and88455	2026-04-04 14:16:05	-3.1911333373	54.6033965832
and88455	2026-04-08 10:44:26	-3.0171022213	54.4585121807
amberz17	2026-04-12 13:38:28+08:00	116.246825	40.0273166667
andy_prentice	2026-04-19 15:55:32	100.307671912	5.4396468546
arge_	2026-04-21 11:10:17	153.0940551667	-27.5304431667
antoine200	2026-04-25 15:53:59+02:00	3.8602079211	43.6107951922
andy_prentice	2026-04-29 17:33:08	100.2967083827	5.4296010743
amberz17	2026-04-30 09:56:57+07:00	106.702705	10.776055
amberz17	2026-04-30 10:11:13+07:00	106.7025666667	10.7752633333
amberz17	2026-04-30 10:07:11+07:00	106.702645	10.776075
arge_	2026-05-05 09:02:28	153.0918121111	-27.5268173056
arge_	2026-05-05 09:15:03	153.0933074722	-27.5278396389
amberz17	2026-05-05 15:33:48+07:00	105.8449033333	21.0308583333
annidegn	2026-05-09 10:33:52+07:00	105.8522191624	21.0305105112
andreachomiak	2026-05-10 16:42:56	-16.3209056349	28.4973563784
amberz17	2026-05-13 08:05:10+08:00	121.5294716667	31.2207116667
andy_prentice	2026-05-12 18:15:31	100.2980675921	5.4301217581
andy_prentice	2026-05-07 17:57:48	100.3068702668	5.439700591
amore_smith_ii	2026-05-14 23:24:25	105.8532866667	21.0356916667
amberz17	2026-05-16 10:26:48+08:00	121.6685033333	31.245025
arge_	2026-05-20 10:52:42	153.0458831667	-27.4960765833
arge_	2026-05-20 11:03:13	153.0467986944	-27.4970721944
alpinefish	2026-05-19	138.6082151905	-34.7719322169
arge_	2026-05-26 11:40:56	153.0922088611	-27.5286369167
apowell2106	2025-12-29 13:05:40	-2.2928466667	57.6918966667
apowell2106	2026-02-19 11:44:59	0.558925	50.9590633333
apowell2106	2026-02-17 11:20:49	0.73632	50.9362533333
apowell2106	2026-03-03 14:12:05	0.5571048214	50.9534966607
apowell2106	2026-05-25 18:45:15	-4.8396533333	36.7890966667
apowell2106	2026-05-25 21:51:10	-4.8395874975	36.7890055884
apowell2106	2026-05-26 08:54:25	-4.83952	36.7890133333
apowell2106	2026-05-24 09:04:46	-6.2279616667	53.443245
apowell2106	2026-05-22 12:17:07	0.2836716667	51.2373416667
apowell2106	2026-05-26 16:00:59	-4.839495	36.7890283333
arge_	2026-04-02 10:19:11	153.0606994444	-27.4886970278
apowell2106	2026-05-26 16:03:19	-4.8393333333	36.7890883333
arge_	2026-05-28 08:00:16	153.0629882778	-27.4906673333
arge_	2026-06-01 09:28:42	153.05473325	-27.4850864167
apowell2106	2026-05-30 15:14:42	0.6531829126	50.8786974163
apowell2106	2026-06-01 12:30:59	0.2985533333	51.2371133333
andreanne_charron	2025/06/12 4:09 PM	-52.7605972222	47.5722277778
andreanne_charron	2025/06/12 4:10 PM	-52.7605972222	47.5722277778
andreanne_charron	2025/06/12 4:17 PM	-52.7621444444	47.5729027778
andreanne_charron	2025/06/12 4:21 PM	-52.7847277778	47.5670694444
andreanne_charron	2025/06/12 4:23 PM	-52.7596944444	47.5730305556
andreanne_charron	2025/06/12 4:24 PM	-52.7596944444	47.5730305556
andreanne_charron	2025/06/14 11:31 AM	-52.6218583333	47.5243972222
andreanne_charron	2025/06/14 11:33 AM	-52.6216055556	47.5247777778
andreanne_charron	2025/06/14 11:34 AM	-52.6216055556	47.5247777778
andreanne_charron	2025/06/14 11:35 AM	-52.6216055556	47.5247777778
andreanne_charron	2025/06/14 11:39 AM	-52.6234972222	47.5231694444
andreanne_charron	2025/06/14 11:42 AM	-52.622125	47.5241138889
andreanne_charron	2025/06/14 2:08 PM	-52.6950583333	47.5707333333
andreanne_charron	2025/06/14 2:09 PM	-52.6948527778	47.5707
andreanne_charron	2025/06/14 2:16 PM	-52.69135	47.5702611111
andreanne_charron	2025/06/14 2:19 PM	-52.691475	47.57035
andreanne_charron	2025/06/14 2:22 PM	-52.6915027778	47.5706638889
andreanne_charron	2025/06/14 2:23 PM	-52.6916694444	47.570925
andreanne_charron	2025/06/14 2:24 PM	-52.6916	47.5710833333
andreanne_charron	2026-06-02 16:57:01	-75.6964052841	45.3891672459
andreanne_charron	2026-06-02 10:33:20	-76.1513722222	45.2568888889
andreanne_charron	2026-06-02 10:53:34	-76.1519305556	45.2580333333
andreanne_charron	2026-06-02 10:53:39	-76.1519305556	45.2580333333
andreanne_charron	2026-06-02 10:54:44	-76.1519305556	45.2580333333
andreanne_charron	2026-06-02 10:54:57	-76.1519305556	45.2580333333
andreanne_charron	2026-06-02 11:19:54	-76.1519444444	45.259825
andreanne_charron	2026-06-02 11:21:16	-76.1522027778	45.260475
andreanne_charron	2026-06-02 11:22:18	-76.1518972222	45.2605194444
andreanne_charron	2026-06-02 11:45:03	-76.1560472222	45.2527638889
andreanne_charron	2026-06-02 11:47:42	-76.1526138889	45.2621111111
andreanne_charron	2026-06-02 12:10:16	-76.1533555556	45.2630305556
andreanne_charron	2026-06-02 12:44:28	-76.1575888889	45.2599083333
andreanne_charron	2026-06-02 12:44:41	-76.1575888889	45.2599083333
andreanne_charron	2026-06-02 12:50:38	-76.1575888889	45.2599083333
andreanne_charron	2026-06-02 12:55:26	-76.1569416667	45.2584138889
amberz17	2013-09-18 12:26:45+08:00	-2.0165684507	55.8035079125
apowell2106	2026-06-05 15:25:53	0.6534216667	50.878625
apowell2106	2026-06-05 12:13:58	0.1506888333	50.7656366667
apowell2106	2026-06-05 12:11:53	0.1522361667	50.7659083333
apowell2106	2026-06-05 12:11:49	0.1522361667	50.7659133333
apowell2106	2026-06-05 12:10:46	0.1525166667	50.766125
apowell2106	2026-06-05 12:09:19	0.1532528333	50.7664083333
apowell2106	2026-06-05 12:06:24	0.1548833333	50.7670133333
apowell2106	2026-06-05 12:02:48	0.1567638333	50.76778
apowell2106	2026-06-05 11:37:21	0.1537221667	50.7748333333
apowell2106	2026-06-05 11:37:27	0.1537278333	50.77482
apowell2106	2026-06-05 12:09:03	0.1533638333	50.7664333333
andreanne_charron	2026-06-05 12:49:05	-75.6912361111	45.3845111111
andreanne_charron	2026-06-02 12:58:21	-76.156825	45.2583777778
andreanne_charron	2026-06-02 14:54:57	-76.148170426	45.2722526878
andreanne_charron	2026-06-02 14:59:55	-76.1466888889	45.2508972222
andreanne_charron	2026-06-02 15:01:45	-76.1456888889	45.251675
andreanne_charron	2026-06-02 15:08:04	-76.1443611111	45.2521833333
andreanne_charron	2026-06-02 15:11:09	-76.1330611111	45.2335166667
andreanne_charron	2026-06-02 15:11:39	-76.1446694444	45.2520944444
andreanne_charron	2026-06-02 15:12:52	-76.1446694444	45.2520944444
apowell2106	2026-06-06 13:28:03	0.6526416667	50.9739333333
apowell2106	2026-06-06 13:52:42	0.6542366667	50.97627
apowell2106	2026-06-06 13:30:25	0.6522966667	50.9742133333
apowell2106	2026-06-06 13:15:20	0.65065	50.97237
apowell2106	2026-06-09 13:05:20	0.6530916667	50.8788133333
arge_	2026-06-02 09:03:52	153.0837096944	-27.5169200833
apowell2106	2026-06-10 20:04:35	0.744705	50.9422283333
apowell2106	2026-06-10 20:19:40	0.75223	50.9405216667
apowell2106	2026-06-10 20:30:24	0.7703366667	50.93103
apowell2106	2026-06-10 20:35:56	0.76517	50.9271383333
apowell2106	2026-06-10 20:44:13	0.7538666667	50.9239666667
apowell2106	2026-06-10 20:44:34	0.7538166667	50.9240116667
apowell2106	2026-06-10 20:52:19	0.73978	50.9179166667
apowell2106	2026-06-10 20:50:07	0.744955	50.9201
arge_	2026-06-11 15:50:30	153.0632171389	-27.4920902222
alpinefish	2026-06-14 12:38:19	138.6083767	-34.7718058
alpinefish	2026-06-14 12:36:31	138.608258	-34.7718346997
alpinefish	2026-04-12 21:50:09	153.0633587	-27.5696697997
alpinefish	2026-06-08 12:55:33	138.6082654997	-34.7718251
alpinefish	2026-06-08 12:56:36	138.6082169	-34.7718609
arge_	2026-06-12 11:01:26	153.0449523889	-27.4957695
amberz17	2026-06-15 12:04:09+08:00	87.539037	43.772288
apowell2106	2026-06-12 08:42:25	0.3257583333	51.2214966667
apowell2106	2026-06-12 08:42:32	0.3256833333	51.221425
apowell2106	2026-06-12 08:42:40	0.325675	51.22142
anhsiudeptrai	2026/06/16 14:32	105.5195863424	20.8730083607
anhsiudeptrai	2026/06/16 14:32	105.6143461046	20.8780320207
anhsiudeptrai	2026/06/16 14:32	105.6292760226	20.7849768801
anhsiudeptrai	2026/06/16 14:32	105.6346101072	20.7460669719
anhsiudeptrai	2026/06/16 14:32	105.6256837156	20.7701879302
anhsiudeptrai	2026/06/16 14:32	105.6002778318	20.7393677977
anhsiudeptrai	2026/06/16 14:32	105.6504029539	20.7270277064
anhsiudeptrai	2026/06/16 14:45	27.657623291	27.1616658
anhsiudeptrai	2026/06/16 14:50	32.579498291	-3.3984338744
anhsiudeptrai	2026/06/16 14:50	36.7543888092	-4.9471473411
amberz17	2026-06-20 11:59:11+08:00	119.4116883333	32.4176033333
apowell2106	2026-06-13 10:20:29	0.7665151252	50.9344802087
apowell2106	2026-06-13 13:18:58	0.7615267485	50.93191294
apowell2106	2026-06-13 13:35:56	0.7649931223	50.9361104545
apowell2106	2026-06-14 20:52:49	0.7612783333	50.931625
apowell2106	2026-06-19 14:55:57	0.6531616667	50.8786966667
apowell2106	2026-06-20 06:08:44	0.75262	50.9308383333
andrew_j_	2026-06-22 10:01:39	105.7337684	21.0480567
andrew_j_	2026-06-22 10:22:56	105.7338401	21.0480492
andrew_j_	2026-06-22 13:17:48	105.7296111771	21.0434512585
alpinefish	2026-06-23 11:23:27	138.6083184997	-34.7718586
alpinefish	2026-06-23 11:23:52	138.6083319997	-34.7718556
alpinefish	2026-06-23 11:24:51	138.6083291997	-34.7718532
alpinefish	2026-06-21 13:14:22	137.9025061	-34.4438829997
alpinefish	2026-06-21 12:19:30	137.9232789	-34.4225621
alpinefish	2026-06-21 12:36:48	137.9232608	-34.4215323997
arge_	2026-06-21 12:52:43	105.7992324722	21.0398387778
alpinefish	2026-06-21 14:59:10	138.3223094791	-34.4581006776
alpinefish	2026-06-21 15:22:35	138.2774545625	-34.4827214319
arge_	2026-06-24 19:42:40	106.7013320833	10.7759218056
arge_	2026-06-24 19:40:34	106.7011871111	10.7761201667
antoine200	2026-06-25 14:21:57+02:00	3.8589807453	43.6111566895
apowell2106	2026-06-26 21:22:23	105.8510583333	21.0332445
apowell2106	2026-06-28 23:44:41	105.84935	21.0369916667
apowell2106	2026-06-28 20:45:39	105.8223333333	21.0655638333
arge_	2026-06-26 17:52:14	106.3558501944	10.3413476944
apowell2106	2026-06-29 07:19:11	105.8452426702	21.0251530645
apowell2106	2026-06-29 22:23:52	108.3275833333	15.905545
apowell2106	2026-06-30 13:55:56	108.3480383333	15.8836916667
apowell2106	2026-06-29 22:38:11	108.3275720077	15.9054992433
apowell2106	2026-07-02 07:38:54	108.3275924645	15.9055132609
apowell2106	2026-07-02 07:38:55	108.2464348368	16.0669504215
apowell2106	2026-07-02 20:18:05	108.3283916667	15.90495
apowell2106	2026-07-02 20:29:13	108.3288033333	15.8999166667
apowell2106	2026-07-02 20:32:42	108.328545	15.89925
apowell2106	2026-07-03 09:31:51	108.3275966667	15.9055616667
alpinefish	2026-07-04 15:27:02	138.5950360997	-34.7705502997
amberz17	2026-07-04 17:07:58+08:00	118.8666616667	28.9688666667
apowell2106	2026-07-08 14:01:49	103.8983083333	13.4299916667
apowell2106	2026-07-06 22:39:46	103.8507216667	13.34998
apowell2106	2026-07-07 11:30:55	103.856995	13.4103133333
apowell2106	2026-07-07 12:03:19	103.8565133333	13.4106166667
apowell2106	2026-07-07 12:14:19	103.8564133333	13.4104583333
apowell2106	2026-07-07 20:59:35	103.949195582	13.2279162196
apowell2106	2026-07-07 21:00:25	103.8556583333	13.359825
apowell2106	2026-07-08 10:32:09	103.858445	13.4423033333
apowell2106	2026-07-08 13:38:57	103.903555	13.430205
apowell2106	2026-07-08 11:31:14	103.883055	13.4447116667
apowell2106	2026-07-08 11:12:39	103.87838	13.4456666667
apowell2106	2026-07-08 10:47:25	103.8573	13.4447616667
apowell2106	2026-07-08 10:46:05	103.8566283333	13.44435
apowell2106	2026-07-09 02:14:13	0.6530591241	50.8788294096
apowell2106	2026-07-02 13:39:24	108.5120466667	15.9433166667
apowell2106	2026-07-10 10:09:16	104.0947583333	13.4443916667
apowell2106	2026-07-10 10:27:25	104.0950471667	13.4460533333
apowell2106	2026-07-10 11:01:05	104.0974361667	13.4434583333
apowell2106	2026-07-10 08:52:01	104.0962611667	13.4422166667
apowell2106	2026-07-09 17:59:51	103.85598	13.4249116667
apowell2106	2026-07-09 18:10:06	103.8570166667	13.4232883333
apowell2106	2026-07-09 20:34:25	103.8592533333	13.3530866667
apowell2106	2026-07-14 18:40:28	0.6530583333	50.8787283333
apowell2106	2026-07-15 23:41:38	0.653305	50.87877
apowell2106	2026-07-18 08:42:52	0.6532520868	50.8787126776
apowell2106	2026-07-19 15:01:50	0.653295	50.8786883333
apowell2106	2026-07-19 15:02:07	0.6532966667	50.8786866667
apowell2106	2026-07-19 19:34:02	0.6532666667	50.8786866667
apowell2106	2026-07-20 08:21:04	0.32565	51.2213833333
apowell2106	2026-07-20 13:19:22	0.3260083333	51.2216916667
apowell2106	2026-07-20 13:32:13	0.3260633333	51.2217216667
apowell2106	2026-07-20 13:32:50	0.326055	51.2217133333
apowell2106	2026-07-20 13:26:16	0.3260366667	51.2216616667
apowell2106	2026-07-20 13:28:59	0.3260616667	51.2217283333
apowell2106	2026-07-20 08:32:47	0.3256633333	51.2214383333
apowell2106	2026-07-20 08:30:57	0.3256783333	51.221445
apowell2106	2026-07-20 08:28:09	0.32568	51.221445
apowell2106	2026-07-20 08:26:29	0.32568	51.221445
apowell2106	2026-07-21 13:16:41	0.326055	51.2217033333
apowell2106	2026-07-21 13:18:18	0.326055	51.2217033333
apowell2106	2026-07-21 13:22:37	0.3260550248	51.2217054769
antoniro	2026-07-15 14:16:14+02:00	8.98237	63.4473833333
amberz17	2026-07-25 16:26:48+08:00	118.305275	34.0368195
apowell2106	2026-07-29 12:36:33	0.3260716667	51.2216633333
apowell2106	2026-07-29 12:43:07	0.3259550147	51.2216067284
apowell2106	2026-07-30 13:13:04	0.7047374223	50.8897271476
apowell2106	2026-07-30 13:14:51	0.74035	50.93802
apowell2106	2026-07-29 12:45:17	0.3260148035	51.2216615154
apowell2106	2026-07-29 12:49:30	0.3255695691	51.2214930387
apowell2106	2026-07-29 12:51:47	0.325910725	51.221605519
antoniro	2026-08-01 14:51:54+02:00	13.3991083333	52.5216783333
amberz17	2026-08-02 15:03:32+08:00	120.89363	29.4957833333
apowell2106	2026-08-08 12:03:01	0.7435833333	50.9400883333
apowell2106	2026-08-08 12:02:51	0.7435833333	50.9400783333
apowell2106	2026-08-11 12:39:24	0.326050636	51.2216636286
apowell2106	2026-08-11 12:40:17	0.3258529721	51.2215869644
apowell2106	2026-08-11 12:41:12	0.3258599857	51.2216001258
apowell2106	2026-08-11 12:41:35	0.3260636113	51.221652185
apowell2106	2026-08-11 12:44:21	0.3258941896	51.2215850384
apowell2106	2026-08-14 19:15:10	0.5561416667	50.850925
apowell2106	2026-08-08 06:28:23	0.7566283333	50.93188
apowell2106	2026-08-01 08:44:11	0.5958666667	50.92892
apowell2106	2026-08-01 07:13:16	0.5958533333	50.9288333333
apowell2106	2026-08-01 08:30:36	0.5958633333	50.9289783333
apowell2106	2026-08-01 09:41:31	0.595905	50.9289166667
apowell2106	2026-06-20 11:39:52	0.7566166667	50.93187
apowell2106	2026-06-20 11:42:52	0.7566283333	50.9318666667
apowell2106	2026-08-08 12:02:53	0.74358	50.9400833333
apowell2106	2026-08-11 12:39:04	0.3259958255	51.2215587652
apowell2106	2026-08-11 12:41:58	0.3260622495	51.2216927718
apowell2106	2026-08-11 12:45:51	0.3258614165	51.2216049724
apowell2106	2026-08-11 12:46:58	0.325920834	51.2215924341
apowell2106	2026-08-01 08:37:44	0.5958383333	50.9289283333
apowell2106	2026-08-15 15:56:42	0.5554166667	50.8512
arge_	2026-08-20 11:21:09	153.0636596667	-27.4933414444
arge_	2026-08-19 11:11:07	153.0752868611	-27.4922885833
arge_	2026-08-19 10:33:15	153.0815124444	-27.5102653333
arge_	2026-08-19 10:08:00	153.0745544167	-27.4904403611
arge_	2026-08-19 10:10:10	153.0785522222	-27.5057697222
arge_	2026-08-21 14:48:47	153.0860748056	-27.5103073056
arge_	2026-08-21 14:36:20	153.0756530556	-27.4923648611
apowell2106	2026-08-25 12:49:42	0.3260162959	51.2214956839
apowell2106	2026-08-25 12:50:54	0.3259996565	51.221501779
apowell2106	2026-08-25 12:52:56	0.3260699258	51.2214620785
apowell2106	2026-08-25 12:53:37	0.325905	51.2215616667
apowell2106	2026-08-25 12:54:25	0.3259695162	51.2215176533
apowell2106	2026-08-25 12:56:41	0.3259841453	51.2215058893
apowell2106	2026-08-25 12:58:34	0.3259869418	51.2215056984
apowell2106	2026-08-25 12:59:18	0.3260285739	51.2214535335
apowell2106	2026-08-25 12:57:38	0.3259880439	51.2215042745
apowell2106	2026-08-25 13:03:42	0.3259866667	51.221505
apowell2106	2026-08-25 08:23:45	0.3256916667	51.2214133333
apowell2106	2026-08-25 08:18:10	0.325695	51.221405
apowell2106	2026-08-25 08:16:13	0.3254616667	51.221745
alpinefish	2026-08-13 07:28:13	148.2336378997	-25.0508871997
alpinefish	2026-08-14 07:38:17	148.2788659997	-25.0729444
apowell2106	2026-08-25 12:45:15	0.3259533333	51.2215383333
apowell2106	2026-08-25 12:46:32	0.3259780422	51.2215081386
apowell2106	2026-08-25T22:00	0.6523212407	50.8709155843
apowell2106	2026-08-27 10:51:30	0.3264	51.2223383333
apowell2106	2026-08-24 12:54:49	0.5503970739	50.8695057212
apowell2106	2026-08-25 12:47:38	0.326048802	51.2214743036
apowell2106	2026-08-25 12:51:12	0.3259790414	51.221508989
apowell2106	2026-08-25 12:51:58	0.3260333333	51.2214866667
apowell2106	2026-08-25 13:01:31	0.3259914413	51.2215024846
apowell2106	2026-08-25 13:02:33	0.3259220282	51.2215138325
apowell2106	2026-08-25 08:23:11	0.32563	51.221345
apowell2106	2026-08-25 08:22:57	0.3257083333	51.221425
apowell2106	2026-08-27 09:38:03	0.3265083333	51.2220383333
alpinefish	2026-08-12 21:54:44	148.2797972113	-25.0749536329
bert15	2018-07-07 8:33:59 pm BST	0.4813888967	52.1097221375
bert15	2018-10-07 8:03:09 pm GMT+08:00	121.5114973287	25.1383406302
bnhnguynthanh	Sat Nov 03 2018 10:54:48 GMT+0700 (GMT+7)	105.8468097895	21.0200979566
biksence	Sun Nov 04 2018 07:59:44 GMT+0700 (GMT+7)	105.7925925599	21.0191455512
bartoto	Thu Apr 25 2019 19:00:35 GMT+0200 (GMT+2)	21.5800845001	52.3841465796
bartoto	Wed May 01 2019 16:33:26 GMT+0200 (GMT+2)	21.1455221667	52.572555
bartoto	Wed May 01 2019 11:10:21 GMT+0200 (GMT+2)	21.1075638333	52.55087
bartoto	Wed Feb 27 2019 15:23:24 GMT+0100 (GMT+1)	21.1421971667	52.583705
bartoto	Fri Mar 29 2019 18:10:28 GMT+0100 (GMT+1)	18.86973	52.9171333333
bartoto	Wed Feb 27 2019 15:03:39 GMT+0100 (GMT+1)	21.1410971667	52.5836366667
bartoto	Thu Nov 01 2018 05:21:52 GMT+0100 (GMT+1)	106.225495	17.5286916667
bartoto	Sat May 11 2019 17:34:15 GMT+0200 (GMT+2)	20.9961872712	52.2768814287
bartoto	Mon May 13 2019 14:40:02 GMT+0200 (GMT+2)	105.8420208437	21.0470434771
bert15	2019-05-14 9:30:29 pm GMT+08:00	121.522471346	25.0003865767
bert15	2019-05-29 5:07:05 pm GMT+08:00	121.5115962293	25.1381954609
bartoto	Sat Jun 08 2019 16:18:20 GMT+0200 (GMT+2)	21.0857590288	52.5037874608
beechboyusa	Wed Aug 14 2019 22:05:48 GMT-0500 (CDT)	-88.271389582	39.9854189916
bjarnelangkilde	2019-08-23 9:20:18 AM CEST	11.99465912	56.01077699
bjarnelangkilde	2019-08-23 9:23:29 AM CEST	11.99467192	56.01074894
bjarnelangkilde	2019-09-04 9:23:47 AM CEST	12.05303252	55.9681763
bjarnelangkilde	2019-10-01 9:01:30 AM GMT+02:00	11.87006111	55.96725038
bjarnelangkilde	2019-10-02 11:06:36 AM GMT+02:00	11.86873222	55.96537062
beechboyusa	Sun Nov 10 2019 13:42:42 GMT-0400 (AST)	-66.76908	18.1426305
bjarnelangkilde	2020-02-11 5:18:01 PM GMT+07:00	105.85211179	21.03289062
bjarnelangkilde	2020-05-17 9:55:23 AM GMT+02:00	11.88142509	55.94595303
bjarnelangkilde	2020-05-17 9:57:19 AM GMT+02:00	11.88139965	55.94596966
bjarnelangkilde	2020-05-17 9:58:38 AM GMT+02:00	11.88139954	55.94597745
bjarnelangkilde	2020-05-17 10:00:02 AM GMT+02:00	11.8814059	55.94596382
bachtran2111	2020/09/01 9:07 AM WIB	105.8505638889	20.9651305556
bachtran2111	2020/09/01 9:36 AM WIB	105.8529805556	20.9570972222
bachtran2111	2020/09/09 6:00 PM WIB	105.8519138889	20.9759833333
bachtran2111	2020/09/09 6:01 PM WIB	105.8519444444	20.9760111111
bachtran2111	2020/09/09 6:02 PM WIB	105.8519972222	20.9758166667
boeybros	Sun Sep 20 2020 08:50:56 GMT+0800 (GMT+8)	103.7440509767	1.3808808718
boeybros	Sat Aug 29 2020 11:29:15 GMT+0800 (GMT+8)	103.760475	1.37973833
boeybros	Fri Aug 21 2020 10:58:04 GMT+0800 (GMT+8)	103.7452	1.38445333
boeybros	Sun Sep 20 2020 13:53:53 GMT+0800 (GMT+8)	103.74482	1.38153
boeybros	Sun May 10 2020 19:46:09 GMT+0800 (GMT+8)	103.745195	1.38090333
boeybros	Sat May 16 2020 15:53:05 GMT+0800 (GMT+8)	103.74221167	1.38353333
boeybros	Mon Sep 21 2020 12:08:01 GMT+0800 (GMT+8)	103.74548333	1.38455833
boeybros	Tue Sep 22 2020 18:29:50 GMT+0800 (GMT+8)	103.76323667	1.42607
boeybros	Fri Sep 25 2020 21:30:40 GMT+0800 (GMT+8)	103.74426333	1.38186333
boeybros	Fri Sep 25 2020 21:30:54 GMT+0800 (GMT+8)	103.74421667	1.38187167
bachtran2111	2020/09/27 11:11 AM WIB	105.85025	20.9772194444
bachtran2111	2020/09/27 4:39 PM WIB	105.8508916667	20.9746611111
bachtran2111	2020/09/05 3:24 PM WIB	105.6382	21.452075
bachtran2111	2020/09/24 1:09 PM WIB	105.8516305556	20.9743277778
bachtran2111	2020/09/10 12:02 PM WIB	105.8502805556	20.977275
bachtran2111	2020/09/16 5:37 PM WIB	105.8490666667	20.9762583333
beritaa	Sun Oct 04 2020 14:20:33 GMT+0200 (GMT+2)	12.2109734375	54.899076894
avocado08	2020-10-24T18:26:30+07:00	105.9104432476	21.0423234731
avocado08	2020-06-17T18:21:20+07:00	105.91040833	21.04241117
avocado08	2020-10-25T11:45:06+07:00	105.85	21
avocado08	2020-10-25T14:55:21+07:00	105.9104504344	21.0422660568
boeybros	Sun Nov 01 2020 17:20:02 GMT+0800 (GMT+8)	103.74504659	1.3901791167
boeybros	Sun Nov 01 2020 17:21:25 GMT+0800 (GMT+8)	103.7451574835	1.3903651489
boeybros	Sun Nov 01 2020 17:32:15 GMT+0800 (GMT+8)	103.7458972987	1.3860644863
boeybros	Sun Nov 01 2020 17:02:37 GMT+0800 (GMT+8)	103.74598	1.3938133333
bich_tra_bui	Mon Nov 09 2020 18:08:01 GMT+0700 (GMT+7)	105.8331442988	20.9912758746
benotguillon	2018/06/07 5:56 PM CEST	105.3663266667	21.079975
benotguillon	2012/08/27 10:20 AM CEST	-79.5167212261	9.0988464676
benotguillon	2020/07/15 11:33 AM CEST	4.3944866667	44.52365
benotguillon	2017/03/24 9:30 PM CET	-75.5787471	4.7295444
benotguillon	2018/10/29 8:38 PM CET	38.4139922	6.7468164
benotguillon	2018/10/30 6:04 PM CET	38.4449766667	6.7500566667
benotguillon	2018/06/05 1:59 PM CEST	105.88604	22.5941383333
benotguillon	2018/06/07 5:54 PM CEST	105.3660666667	21.07981
boeybros	Thu Dec 24 2020 14:22:26 GMT+0800 (GMT+8)	103.74443	1.3834366667
bethanyharvey1234	2020/01/01 4:11 AM GMT	105.8201408	21.0031177
benthiczzone	Sat Jan 30 2021 22:35:49 GMT+1100 (GMT+11)	144.9412861697	-37.392754479
beektran	2021-03-03T15:49:20+07:00	105.8314357943	21.0299884741
benthiczzone	Wed Mar 10 2021 10:32:05 GMT+1100 (GMT+11)	144.8055997175	-37.7271751585
benthiczzone	Tue Mar 23 2021 19:28:32 GMT+1100 (GMT+11)	144.9777284988	-37.9495018202
beardang	2021/04/04 11:23 AM WIB	106.1343403813	20.9177426405
beardang	2021/04/04 11:23 AM WIB	106.1343430845	20.9177094437
bjarnelangkilde	2021-05-18 9:37:38 AM GMT+02:00	11.8817012271	55.9459793438
bjarnelangkilde	2021-05-18 9:42:17 AM GMT+02:00	11.8815957632	55.9459609092
benthiczzone	Mon Jun 07 2021 15:57:18 GMT+1000 (GMT+10)	144.7885109523	-37.7183089581
boeybros	Sun Jul 04 2021 15:23:15 GMT+0800 (GMT+8)	103.7367361353	1.442591256
boeybros	Sun Jul 04 2021 15:02:10 GMT+0800 (GMT+8)	103.73548	1.4406116667
boeybros	Sun Jul 04 2021 15:26:12 GMT+0800 (GMT+8)	103.7361833333	1.4432033333
boeybros	Sun Jul 04 2021 15:33:53 GMT+0800 (GMT+8)	103.735725	1.4438283333
boeybros	Sun Jul 04 2021 15:34:42 GMT+0800 (GMT+8)	103.7355883333	1.4438033333
asuantodilae	Sun Jul 11 2021 20:36:44 GMT +0700 (GMT+7)	107.0653610229	10.3502235413
asuantodilae	Wed Jun 23 2021 22:35:09 GMT +0700 (GMT+7)	107.0676651001	10.3605451584
asuantodilae	Wed Jun 23 2021 18:22:05 GMT +0700 (GMT+7)	107.0667877197	10.3613681793
asuantodilae	Wed Dec 09 2020 15:43:08 GMT +0700 (GMT+7)	108.1510238647	16.0729885101
asuantodilae	Wed Dec 09 2020 15:43:07 GMT +0700 (GMT+7)	108.1510238647	16.0729980469
asuantodilae	Thu Dec 03 2020 12:34:33 GMT +0700 (GMT+7)	108.1551208496	16.0742549896
asuantodilae	Thu Sep 10 2020 15:03:09 GMT +0700 (GMT+7)	108.206817627	16.0622615814
asuantodilae	Tue Mar 30 2021 12:07:03 GMT +0700 (GMT+7)	106.7757034302	10.7948083878
asuantodilae	Mon Jul 12 2021 10:56:40 GMT +0700 (GMT+7)	107.0815429688	10.3361158371
asuantodilae	Mon Jul 12 2021 11:02:17 GMT +0700 (GMT+7)	107.0820999146	10.3322162628
asuantodilae	Mon Jul 12 2021 11:12:49 GMT +0700 (GMT+7)	107.0860061646	10.3298587799
asuantodilae	Mon Jul 12 2021 11:32:28 GMT +0700 (GMT+7)	107.0863037109	10.3254842758
asuantodilae	Mon Jul 12 2021 11:47:16 GMT +0700 (GMT+7)	107.0863037109	10.3254842758
asuantodilae	Mon Jul 12 2021 11:48:18 GMT +0700 (GMT+7)	107.0863037109	10.3254842758
asuantodilae	Mon Jul 12 2021 11:49:14 GMT +0700 (GMT+7)	107.0863037109	10.3254842758
asuantodilae	Mon Jul 12 2021 11:50:23 GMT +0700 (GMT+7)	107.0863037109	10.3254842758
asuantodilae	Mon Jul 12 2021 11:51:50 GMT +0700 (GMT+7)	107.0863037109	10.3254842758
asuantodilae	Mon Jul 12 2021 11:52:15 GMT +0700 (GMT+7)	107.0863037109	10.3254842758
asuantodilae	Mon Jul 12 2021 12:01:31 GMT +0700 (GMT+7)	107.0849533081	10.3245429993
asuantodilae	Mon Jul 12 2021 12:04:38 GMT +0700 (GMT+7)	107.0849838257	10.3246154785
asuantodilae	Mon Jul 12 2021 12:59:15 GMT +0700 (GMT+7)	107.0856246948	10.3234243393
asuantodilae	Mon Jul 12 2021 13:01:12 GMT +0700 (GMT+7)	107.0856246948	10.3234243393
asuantodilae	Mon Jul 12 2021 13:01:44 GMT +0700 (GMT+7)	107.0856246948	10.3234243393
asuantodilae	Mon Jul 12 2021 13:08:02 GMT +0700 (GMT+7)	107.0856246948	10.3234243393
asuantodilae	Mon Jul 12 2021 18:21:53 GMT +0700 (GMT+7)	107.0556640625	10.3798704147
asuantodilae	Mon Jul 12 2021 18:25:31 GMT +0700 (GMT+7)	107.0566558838	10.3815202713
asuantodilae	Sat Jun 19 2021 16:13:38 GMT +0700 (GMT+7)	107.0705947876	10.3522586823
asuantodilae	Fri Jun 18 2021 18:00:10 GMT +0700 (GMT+7)	107.082901001	10.3444862366
asuantodilae	Mon Jul 05 2021 20:51:19 GMT +0700 (GMT+7)	107.0830917358	10.3444166183
asuantodilae	Tue Jul 13 2021 11:32:13 GMT +0700 (GMT+7)	107.062828064	10.3856067657
asuantodilae	Tue Jul 13 2021 12:00:36 GMT +0700 (GMT+7)	107.0631103516	10.3852024078
asuantodilae	Sat Jul 31 2021 19:41:36 GMT +0300 (GMT+3)	40.4248924255	56.1459655762
asuantodilae	Mon Aug 02 2021 18:04:41 GMT +0300 (GMT+3)	40.4270172119	56.1431846619
asuantodilae	Sun Aug 08 2021 22:55:01 GMT +0300 (GMT+3)	40.4123764038	56.1466331482
asuantodilae	Mon Aug 09 2021 19:26:25 GMT +0300 (GMT+3)	40.4011726379	56.1249542236
asuantodilae	Mon Aug 09 2021 19:27:30 GMT +0300 (GMT+3)	40.3998069763	56.1251220703
asuantodilae	Mon Aug 09 2021 19:00:23 GMT +0300 (GMT+3)	40.4017944336	56.1250762939
asuantodilae	Tue Aug 17 2021 13:14:45 GMT +0300 (GMT+3)	40.4024925232	56.1368904114
asuantodilae	Thu Aug 19 2021 08:16:37 GMT +0300 (GMT+3)	40.8432693481	56.1780357361
asuantodilae	Thu Aug 19 2021 08:23:59 GMT +0300 (GMT+3)	40.8466262817	56.1749839783
asuantodilae	Thu Aug 19 2021 10:05:32 GMT +0300 (GMT+3)	40.8425178528	56.1792411804
asuantodilae	Thu Aug 19 2021 12:35:13 GMT +0300 (GMT+3)	40.8379440308	56.1759529114
blondeel	Tue Sep 07 2021 14:01:24 GMT+0200 (GMT+2)	-5.0009070272	36.4867698311
blondeel	Wed Sep 08 2021 12:23:54 GMT+0200 (GMT+2)	-4.9199739279	36.5368687822
blondeel	Fri Sep 10 2021 11:28:05 GMT+0200 (GMT+2)	-4.9687258992	36.4857820748
asuantodilae	Fri Sep 10 2021 17:22:16 GMT +0300 (GMT+3)	35.0371551514	57.8696403503
asuantodilae	Fri Sep 10 2021 17:53:56 GMT +0300 (GMT+3)	35.0300483704	57.8718032837
ayatatsusouma	Mon Jul 26 2021 10:18:50 GMT+0900 (GMT+9)	140.0876842042	35.6072373013
ayatatsusouma	Sat Oct 09 2021 13:47:54 GMT+0900 (GMT+9)	139.54863	35.3867333333
beektran	Wed Nov 24 2021 15:25:25 GMT +0700 (GMT+7)	105.8312072754	21.0392627716
benbernhard	2021/10/09 12:48 PM CDT	-98.373304379	30.734257409
boeybros	Sun Dec 19 2021 15:40:21 GMT+0800 (GMT+8)	103.8299684274	1.4103186962
boeybros	Tue Dec 21 2021 20:22:28 GMT+0800 (GMT+8)	103.7450283972	1.3848223072
beechboyusa	Thu Dec 30 2021 13:45:43 GMT-0600 (CST)	-88.2110859454	40.1286321693
beechboyusa	Thu Dec 30 2021 13:49:06 GMT-0600 (CST)	-88.2114026138	40.1287097438
beechboyusa	Thu Dec 30 2021 13:51:50 GMT-0600 (CST)	-88.2113845927	40.1287121745
beechboyusa	Thu Dec 30 2021 13:56:49 GMT-0600 (CST)	-88.2124309056	40.1289533638
beechboyusa	Tue Oct 19 2021 14:37:12 GMT-0500 (CDT)	-88.2079787614	40.0623652667
beechboyusa	Mon Jan 03 2022 10:35:37 GMT-0600 (CST)	-88.6473616667	39.9899866667
beechboyusa	Wed Jan 12 2022 14:44:46 GMT-0600 (CST)	-87.9829466667	40.0583333333
ayatatsusouma	Tue Nov 09 2021 14:34:24 GMT+0900 (GMT+9)	140.1660911072	35.6230703287
ayatatsusouma	Fri Jan 14 2022 12:18:41 GMT+0900 (GMT+9)	139.5928982566	35.3816685836
boeybros	Sun Jan 23 2022 14:23:51 GMT+0800 (GMT+8)	103.6784583333	1.33047
beachboyz2men	Mon Mar 07 2022 10:42:05 GMT-0800 (PST)	-118.1893421147	34.1247893739
beachboyz2men	Mon Mar 07 2022 10:45:29 GMT-0800 (PST)	-118.1893636468	34.1246649513
beachboyz2men	Mon Mar 07 2022 10:47:44 GMT-0800 (PST)	-118.1887337692	34.1248812557
beachboyz2men	Mon Mar 07 2022 10:53:29 GMT-0800 (PST)	-118.1884452348	34.1249383939
beachboyz2men	Mon Mar 07 2022 10:57:35 GMT-0800 (PST)	-118.1892463582	34.1248171605
beachboyz2men	Mon Mar 07 2022 11:00:37 GMT-0800 (PST)	-118.189416796	34.1247988342
beachboyz2men	Mon Mar 07 2022 11:09:37 GMT-0800 (PST)	-118.1897635879	34.1248409505
beachboyz2men	Mon Mar 07 2022 11:10:15 GMT-0800 (PST)	-118.1896609127	34.1249293297
beachboyz2men	Mon Mar 07 2022 11:13:44 GMT-0800 (PST)	-118.1893666783	34.1245823442
beachboyz2men	Mon Mar 07 2022 11:16:32 GMT-0800 (PST)	-118.1894519532	34.1244992478
beachboyz2men	Mon Mar 07 2022 11:19:07 GMT-0800 (PST)	-118.1893923203	34.124242614
beachboyz2men	Mon Mar 07 2022 11:24:39 GMT-0800 (PST)	-118.1895236362	34.1244333029
beachboyz2men	Mon Mar 07 2022 11:34:52 GMT-0800 (PST)	-118.1897532958	34.1252177408
beachboyz2men	Mon Mar 07 2022 14:05:22 GMT-0800 (PST)	-118.1890379107	34.1250726195
beachboyz2men	Mon Mar 07 2022 15:41:20 GMT-0800 (PST)	-118.1841552855	34.1440655009
beachboyz2men	Mon Mar 07 2022 15:42:58 GMT-0800 (PST)	-118.1845987393	34.1438484481
beachboyz2men	Mon Mar 07 2022 15:44:56 GMT-0800 (PST)	-118.1846560872	34.1439066167
beachboyz2men	Mon Mar 07 2022 15:45:44 GMT-0800 (PST)	-118.1844297941	34.1442579136
beachboyz2men	Mon Mar 07 2022 15:48:11 GMT-0800 (PST)	-118.184015731	34.1442974699
beachboyz2men	Mon Mar 07 2022 15:51:10 GMT-0800 (PST)	-118.1827916667	34.1444445
beachboyz2men	Mon Mar 07 2022 15:53:47 GMT-0800 (PST)	-118.1849216667	34.1434361667
beachboyz2men	Mon Mar 07 2022 16:02:11 GMT-0800 (PST)	-118.1824080069	34.1454922694
beachboyz2men	Mon Mar 07 2022 16:05:08 GMT-0800 (PST)	-118.182595	34.1456945
beachboyz2men	Tue Mar 08 2022 07:43:15 GMT-0800 (PST)	-118.1903616667	34.1244583333
beachboyz2men	Sat Mar 12 2022 16:52:56 GMT-0800 (PST)	-118.2541544196	34.098983953
beachboyz2men	Tue Mar 15 2022 14:01:09 GMT-0700 (PDT)	-118.1889883333	34.1250278333
beachboyz2men	Tue Mar 15 2022 16:16:26 GMT-0700 (PDT)	-118.2134466667	34.1473888333
beachboyz2men	Tue Mar 15 2022 16:27:02 GMT-0700 (PDT)	-118.2073366667	34.1473695
beechboyusa	Tue Mar 15 2022 00:02:42 GMT-0500 (CDT)	-88.6640845935	39.9884109509
beachboyz2men	Wed Mar 16 2022 17:34:47 GMT-0700 (PDT)	-118.1954716667	34.1254
beechboyusa	Sun Mar 20 2022 14:50:02 GMT-0500 (CDT)	-88.3945940322	40.1916942947
beechboyusa	Mon Mar 21 2022 01:40:36 GMT-0500 (CDT)	-87.9715390147	40.0607820538
beachboyz2men	Tue Mar 22 2022 17:10:11 GMT-0700 (PDT)	-118.2758772184	34.1021322992
beachboyz2men	Wed Mar 23 2022 12:25:37 GMT-0700 (PDT)	-118.1890404277	34.1309466923
beachcomber3227	Wed Mar 23 2022 14:35:42 GMT+1100 (GMT+11)	144.4029884282	-38.2734373738
beachboyz2men	Sat Mar 26 2022 15:08:41 GMT-0700 (PDT)	-118.1821003313	34.1804079494
benbernhard	2022/03/30 8:35 PM CDT	-97.7511666667	30.2814805556
benbernhard	2022/03/30 8:29 PM CDT	-97.7513111111	30.2817083333
benbernhard	2022/03/30 8:36 PM CDT	-97.7511444444	30.2815083333
benbernhard	2022/03/30 8:34 PM CDT	-97.751175	30.2814972222
benbernhard	2022/03/30 8:25 PM CDT	-97.7519388889	30.2823944444
benbernhard	2022/03/30 8:44 PM CDT	-97.7513583333	30.2817166667
benbernhard	2022/03/30 8:39 PM CDT	-97.7513111111	30.2817166667
benbernhard	2022/03/30 8:39 PM CDT	-97.7513055556	30.2817194444
benbernhard	2022/03/30 9:07 PM CDT	-97.7519527778	30.2823666667
benbernhard	2022/03/30 9:05 PM CDT	-97.7519305556	30.2823416667
benbernhard	2022/03/30 9:04 PM CDT	-97.7519388889	30.2823777778
benbernhard	2022/03/30 9:03 PM CDT	-97.7519527778	30.2823833333
benbernhard	2021/07/31 9:44 AM CDT	-98.3683955939	30.7317055987
benbernhard	2021/09/05 10:24 AM CDT	-97.6975774436	30.4110810686
benbernhard	2021/09/24 1:34 PM CDT	-97.2689118336	30.1113411266
beachboyz2men	2022-04-14 17:04:00-07:00	-118.1589666667	34.2192583333
beechboyusa	Fri Apr 15 2022 12:00:10 GMT-0500 (CDT)	-87.0761721667	39.9407616667
beechboyusa	Fri Apr 15 2022 12:00:46 GMT-0500 (CDT)	-87.0760888333	39.940995
beechboyusa	Fri Apr 15 2022 13:18:40 GMT-0500 (CDT)	-87.0729140305	39.9388588924
beechboyusa	Fri Apr 01 2022 21:55:31 GMT-0500 (CDT)	-87.6509182729	40.2093671027
beechboyusa	Sat Oct 09 2021 21:08:00 GMT-0500 (CDT)	-87.5506101418	40.0136859104
benbernhard	2022/04/14 9:18 PM CDT	-97.7004305556	30.2418166667
benbernhard	2022/04/14 9:18 PM CDT	-97.7004	30.2417777778
benbernhard	2022/04/14 9:18 PM CDT	-97.7004166667	30.2417916667
benbernhard	2022/04/14 9:19 PM CDT	-97.7004388889	30.2417888889
benbernhard	2022/04/14 9:19 PM CDT	-97.700425	30.2417972222
benbernhard	2022/04/14 9:21 PM CDT	-97.7004166667	30.2417972222
benbernhard	2022/04/14 9:21 PM CDT	-97.7004555556	30.2418111111
benbernhard	2022/04/14 9:21 PM CDT	-97.7004083333	30.2417916667
benbernhard	2022/04/14 9:24 PM CDT	-97.7004083333	30.2418027778
benbernhard	2022/04/14 9:22 PM CDT	-97.7004166667	30.2418111111
benbernhard	2022/04/14 9:24 PM CDT	-97.7004	30.2418027778
benbernhard	2022/04/14 9:25 PM CDT	-97.7004166667	30.2418222222
benbernhard	2022/04/14 9:39 PM CDT	-97.7004083333	30.2418166667
benbernhard	2022/04/14 9:39 PM CDT	-97.7006527778	30.2413472222
benbernhard	2022/04/14 9:27 PM CDT	-97.7007	30.2413833333
benbernhard	2022/04/14 9:27 PM CDT	-97.7007	30.2414194444
benbernhard	2022/04/14 9:28 PM CDT	-97.700675	30.241425
benbernhard	2022/04/14 9:31 PM CDT	-97.7006611111	30.2413944444
benbernhard	2022/04/14 9:30 PM CDT	-97.700675	30.2413666667
benbernhard	2022/04/14 9:39 PM CDT	-97.7006611111	30.2414138889
benbernhard	2022/04/14 9:39 PM CDT	-97.7006611111	30.2414027778
benbernhard	2022/04/14 9:39 PM CDT	-97.700675	30.2413888889
benbernhard	2022/04/14 9:33 PM CDT	-97.700675	30.2414166667
benbernhard	2022/04/14 9:34 PM CDT	-97.700675	30.2413722222
benbernhard	2022/04/14 9:33 PM CDT	-97.7007055556	30.2414083333
benbernhard	2022/04/14 9:34 PM CDT	-97.7006694444	30.2413444444
benbernhard	2022/04/14 9:35 PM CDT	-97.7007	30.2413416667
benbernhard	2022/04/14 9:11 PM CDT	-97.7011111111	30.2394611111
beachboyz2men	2022-04-19 18:17:40-07:00	-118.3464392004	34.2043560581
beechboyusa	Mon May 02 2022 11:23:06 GMT-0400 (EDT)	-75.2185186186	40.0572960545
beechboyusa	Mon May 02 2022 13:06:09 GMT-0400 (EDT)	-75.2007691004	40.0444846508
beechboyusa	Mon May 02 2022 13:14:43 GMT-0400 (EDT)	-75.2009089944	40.0450399937
beechboyusa	Tue May 03 2022 13:42:24 GMT-0400 (EDT)	-75.2619633333	39.8884783333
boeybros	2022-05-05 18:23:54+08:00	100.5687162459	5.2284184865
beritaa	2022-05-21 17:56:22+02:00	12.2787095673	54.9776988957
beechboyusa	Sun May 22 2022 12:26:00 GMT-0500 (CDT)	-88.4350883333	40.1813
beachboyz2men	2022-05-07 17:53:13-07:00	-118.1640319296	34.2160007652
beachboyz2men	2022-05-26 07:52:10-07:00	-118.1901275994	34.1241805559
beachboyz2men	2022-05-29 08:53:11-07:00	-118.1899837184	34.1236629296
beachboyz2men	2022-05-30 10:07:36-07:00	-118.2266083333	34.1016
boeybros	2022-06-05 11:25:11+08:00	103.7545	1.37823
asuantodilae	Sun Jun 05 2022 15:56:23 GMT +0700 (GMT+7)	108.320526123	15.8986749649
beachboyz2men	2022-06-05 10:43:06-07:00	-118.3391335612	34.1097719071
beachboyz2men	2022-06-03 16:38:50-07:00	-118.1666638333	34.0909
beechboyusa	Wed Jun 15 2022 09:41:54 GMT-0500 (CDT)	-88.2072971725	40.0632291505
beechboyusa	Thu Jun 16 2022 14:19:35 GMT-0500 (CDT)	-88.2070022596	40.0632706296
beechboyusa	Thu Jun 16 2022 12:39:24 GMT-0500 (CDT)	-88.2173466667	40.1038555
beachboyz2men	2022-06-14 18:14:55-07:00	-118.4082416667	33.8775583333
beachboyz2men	2022-06-19 16:18:10-07:00	-118.1926033333	34.1060445
beechboyusa	Sat Jun 25 2022 21:13:14 GMT-0500 (CDT)	-88.2173637932	40.1038247392
bjarnelangkilde	2022-06-28 11:02:44	11.8814192144	55.9458967833
bjarnelangkilde	2022-06-28 11:07:09	11.8813876297	55.9458833072
beechboyusa	Wed Jun 29 2022 21:59:36 GMT-0500 (CDT)	-88.2175757759	40.1039530097
beechboyusa	Fri Jul 01 2022 13:14:44 GMT-0500 (CDT)	-88.207025	40.0625611667
beechboyusa	Sat Jul 02 2022 15:19:29 GMT-0500 (CDT)	-88.4074383333	40.1815416667
beechboyusa	Sun Jul 10 2022 10:13:36 GMT-0500 (CDT)	-88.4071583333	40.181325
beechboyusa	Mon Jul 11 2022 12:01:02 GMT-0500 (CDT)	-88.2360702861	40.0421218361
beechboyusa	Sat Jul 16 2022 11:46:12 GMT-0500 (CDT)	-88.1409510211	39.4517699851
beachboyz2men	2022-07-16 10:55:47-07:00	-118.1843466672	34.082051
beachboyz2men	2022-07-17 10:56:17-07:00	-118.2191526974	34.1177438463
beachboyz2men	2022-07-17 12:24:38-07:00	-118.1841184109	34.1280394596
boguslaw3	2022-07-13 12:19:48	-16.9594724849	32.7593130634
boguslaw3	2022-07-12 16:32:04	-16.8437194822	32.7710647581
boguslaw3	2022-07-13 14:50:32	-16.9594724849	32.7593130634
beechboyusa	Tue Aug 02 2022 13:43:56 GMT-0500 (CDT)	-88.2375821809	40.0414800763
beechboyusa	Tue Aug 02 2022 14:00:11 GMT-0500 (CDT)	-88.2388499646	40.0417141937
boguslaw3	2022-08-22 16:17:16	19.9660148619	50.1140060422
beechboyusa	Mon Aug 22 2022 15:05:54 GMT-0500 (CDT)	-88.206093703	40.062334518
beechboyusa	Wed Aug 24 2022 09:34:11 GMT-0500 (CDT)	-88.2076967769	40.0621677294
beechboyusa	Thu Sep 01 2022 15:46:25 GMT-0500 (CDT)	-88.2373517091	40.0416420973
boguslaw3	2022-09-01 23:54:21	16.7998828886	43.4042472839
bjarnelangkilde	2022-09-06 09:53:24	11.8516269681	55.9540351182
bjarnelangkilde	2022-09-06 09:57:19	11.8513388156	55.9539721357
bjarnelangkilde	2022-09-06 10:04:33	11.8513409136	55.9539678449
bjarnelangkilde	2022-09-06 10:09:14	11.8514195733	55.9541361504
bjarnelangkilde	2022-09-06 10:16:53	11.8513433528	55.9539730165
bjarnelangkilde	2022-09-06 10:20:21	11.8513423504	55.9539854975
bjarnelangkilde	2022-09-06 10:23:46	11.8513769358	55.9539618775
bjarnelangkilde	2022-09-06 10:44:52	11.8512544701	55.953992326
bjarnelangkilde	2022-09-06 11:14:43	11.8514999734	55.9541240971
beechboyusa	Wed Sep 07 2022 09:41:23 GMT-0500 (CDT)	-88.2082822033	40.0627047542
beechboyusa	Thu Sep 08 2022 08:27:09 GMT-0500 (CDT)	-88.21723	40.1037945
bjarnelangkilde	2022-09-09 09:59:29	11.8513046724	55.9539860114
bjarnelangkilde	2022-09-09 10:11:33	11.8513377256	55.9540687066
bjarnelangkilde	2022-09-09 10:14:19	11.8513073802	55.9539538012
bjarnelangkilde	2022-09-09 10:17:38	11.8513204647	55.9539821761
bjarnelangkilde	2022-09-09 10:30:15	11.8514036378	55.9539565299
bjarnelangkilde	2022-09-09 10:43:35	11.8512240851	55.9538826865
beachboyz2men	2022-08-14 19:32:56-07:00	-118.2786866667	34.0996471667
beachboyz2men	2022-09-10 08:48:21-07:00	-118.1897416667	34.1249611667
beachboyz2men	2022-09-15 11:49:00-06:00	-86.0344166667	11.3842833333
beachboyz2men	2022-09-16 11:23:49-06:00	-86.032095885	11.3878687021
beechboyusa	Mon Sep 19 2022 09:52:20 GMT-0500 (CDT)	-88.2075905246	40.062958105
beachboyz2men	2022-09-17 17:01:37-06:00	-86.030625	11.38528
beachboyz2men	2022-09-17 16:30:01-06:00	-86.0316611667	11.3854283333
beachboyz2men	2022-09-24 13:44:18-07:00	-118.1871122323	34.1254859463
beachboyz2men	2022-10-05 17:21:31-07:00	-118.190055	34.1245945
boeybros	2022-10-06 16:19:34+02:00	12.84512	48.17858
beachboyz2men	2022-10-06 13:59:32-07:00	-118.188295	34.1249695
beachboyz2men	2022-10-07 08:23:48-07:00	-118.191575	34.1240471667
beachboyz2men	2022-10-15 10:32:10-07:00	-118.537125	34.0609388333
beachboyz2men	2022-10-28 11:49:47-07:00	-118.5192611529	34.029456485
beachboyz2men	2022-11-04 15:15:28-07:00	-118.1325138333	34.2228916667
bert15	2022-11-19 10:27:11	105.8706212997	21.0637675
asuantodilae	Sat Nov 26 2022 10:40:09 GMT +0700 (GMT)	109.2053146362	12.2682647705
asuantodilae	Sat Dec 03 2022 21:54:42 GMT +0700 (GMT)	109.2020263672	12.2741546631
beechboyusa	Sun Dec 04 2022 04:49:21 GMT-0600 (CST)	-88.2172942002	40.1038834345
beechboyusa	Fri Dec 30 2022 16:26:55 GMT+0700 (GMT+7)	105.8514407069	21.0315616997
benthiczzone	2023-01-03 16:05:58	106.733375676	20.8977643234
asuantodilae	Sun Jan 08 2023 14:46:24 GMT +0700 (GMT)	109.2051925659	12.2716598511
benthiczzone	2023-01-12 11:38:28	106.6970480376	20.8103705757
beachboyz2men	2023-01-29 11:04:35-08:00	-118.2047883333	34.1933166667
beachboyz2men	2023-01-29 11:10:25-08:00	-118.2050663235	34.1933441906
asuantodilae	2023-02-10 14:37:08+07:00	106.6993713379	10.766166687
asuantodilae	Sat Feb 11 2023 18:28:38 GMT +0700 (GMT)	106.7034759521	10.7884140015
beachboyz2men	2023-02-18 13:52:22-08:00	-118.2016167895	34.0980584204
beachboyz2men	2023-02-23 07:32:07+08:00	121.585655	25.0819278333
boeybros	2023-02-27 19:41:43+08:00	103.7446966667	1.38207
beachboyz2men	2023-03-06 11:56:29+07:00	105.8452273684	21.0147661905
benthiczzone	2023-03-06 00:09:04	144.8282458261	-37.7161429105
benthiczzone	2023-02-16 01:08:13	144.8282458261	-37.7161429105
benthiczzone	2023-01-29 00:56:15	144.8282458261	-37.7161429105
benthiczzone	2022-09-03 21:42:51	144.8282458261	-37.7161429105
benthiczzone	2022-10-25 21:54:09	144.8282458261	-37.7161429105
boeybros	2023-03-07 11:57:42+08:00	103.74527	1.3819616667
boeybros	2023-03-08 12:46:10+08:00	103.7510133333	1.3813283333
boeybros	2023-03-08 12:48:33+08:00	103.7507383333	1.3813633333
boeybros	2023-03-15 14:52:11+08:00	100.4731	5.3654533333
boeybros	2023-03-15 15:09:24+08:00	100.47593	5.3656916667
boeybros	2023-03-15 15:58:39+08:00	100.4767083333	5.368045
boeybros	2023-03-15 16:16:01+08:00	100.4749133333	5.3652633333
boeybros	2023-03-18 17:18:01+08:00	103.746825	1.3853033333
asuantodilae	Mon Mar 27 2023 22:03:50 GMT +0700 (GMT)	105.8062896729	21.0311279297
boeybros	2023-04-02 11:07:28+08:00	103.7534422987	1.3793406542
bjarnelangkilde	2023-04-05 11:40:56	11.8818149983	55.9459454539
beachboyz2men	2023-04-18 18:15:50-07:00	-118.2069866667	34.1526416667
beachboyz2men	2023-04-18 17:53:13-07:00	-118.20588	34.1473611667
beachboyz2men	2023-04-18 17:52:32-07:00	-118.2058866667	34.1473361667
beachboyz2men	2023-04-18 17:51:00-07:00	-118.20627	34.1474305
beachboyz2men	2023-04-18 17:50:40-07:00	-118.2064366667	34.1474305
beachboyz2men	2023-04-18 17:46:01-07:00	-118.2080166667	34.1472055
beachboyz2men	2023-04-18 17:39:53-07:00	-118.20958	34.1466778333
beachboyz2men	2023-04-18 17:38:32-07:00	-118.209755	34.1466361667
beachboyz2men	2023-04-18 17:37:32-07:00	-118.2099916667	34.1464
beachboyz2men	2023-04-23 10:02:58-07:00	-118.5156415408	34.0546127706
boeybros	2023-04-24 11:30:49+08:00	103.7468025741	1.3863087818
beachboyz2men	2023-04-28 08:32:46-07:00	-118.1897069031	34.1250725812
beachboyz2men	2023-04-28 08:33:10-07:00	-118.1896464376	34.1250544486
boeybros	2023-05-01 18:12:20+08:00	103.7475921674	1.3917723671
bert15	2023-05-03 15:52:09	108.2998012997	15.8779556997
beachboyz2men	2023-05-03 18:05:19-07:00	-118.1645138333	34.2124366667
beachboyz2men	2023-05-07 10:53:35-07:00	-118.1963212202	34.0944746894
beachboyz2men	2023-05-07 14:18:43-07:00	-118.1884166667	34.1250416667
beachboyz2men	2023-05-12 08:09:47-07:00	-118.18927	34.1250805
asuantodilae	2023-05-13 16:50:08+07:00	107.0846364564	10.3230440702
bigpei	Sat Sep 24 2022 17:46:46 GMT +0800 (GMT+8)	103.9696752607	1.5266395017
bigpei	Sun May 21 2023 10:28:51 GMT +0800 (GMT+8)	103.9462127686	1.3598903418
bigpei	Sun May 21 2023 10:36:02 GMT +0800 (GMT+8)	103.9458236694	1.3596640825
bigpei	Sun May 21 2023 10:46:01 GMT +0800 (GMT+8)	103.9459686279	1.359877944
bigpei	Sun May 21 2023 10:52:28 GMT +0800 (GMT+8)	103.944442749	1.3610110283
bjarnelangkilde	2023-05-24 09:15:22	11.8603699532	55.9757404499
bjarnelangkilde	2023-05-24 09:19:28	11.8602620843	55.9758253622
bjarnelangkilde	2023-05-24 09:25:01	11.8602681334	55.9758124159
bjarnelangkilde	2023-05-24 09:27:18	11.860296921	55.9758123641
bjarnelangkilde	2023-05-24 09:31:33	11.8602871318	55.9757920094
bjarnelangkilde	2023-05-24 09:33:42	11.8603221606	55.9758030384
bjarnelangkilde	2023-05-24 09:38:29	11.8602935549	55.9757877584
bjarnelangkilde	2023-05-24 09:40:43	11.8603091932	55.9757773713
bjarnelangkilde	2023-05-24 09:44:00	11.8603237712	55.9758036839
bjarnelangkilde	2023-05-24 09:46:34	11.8602355147	55.9758710563
bjarnelangkilde	2023-05-24 09:55:44	11.8604206437	55.9758013091
bjarnelangkilde	2023-05-24 10:00:00	11.860264083	55.9757858951
bjarnelangkilde	2023-05-24 10:01:17	11.8603000472	55.9757891895
bjarnelangkilde	2023-05-24 10:04:03	11.8602823029	55.9757676322
bjarnelangkilde	2023-05-24 10:09:34	11.8602004257	55.975793307
bjarnelangkilde	2023-05-24 11:33:11	11.8602414004	55.9756196016
bjarnelangkilde	2023-05-24 11:34:09	11.8602017259	55.9757110716
bjarnelangkilde	2023-05-24 11:46:21	11.860414639	55.9756392856
bjarnelangkilde	2023-05-24 11:54:32	11.860271273	55.9754400204
bjarnelangkilde	2023-05-24 12:20:11	11.8602691966	55.9757827625
b507104031	2023-05-27 07:29:11+08:00	121.4729856794	25.0859836349
b507104031	2023-05-27 16:43:03+08:00	121.550189294	25.0377507275
b507104031	2023-05-28 16:16:58+08:00	121.5101336875	25.0559446542
b507104031	2023-05-28 16:17:33+08:00	121.5100757686	25.0557122659
beechboyusa	Sun May 28 2023 12:34:25 GMT-0500 (CDT)	-88.435425	40.1813616667
asdfghjkl777	2023-05-27 12:43:00	105.3634333333	21.0633666667
boeybros	2023-05-30 14:23:05+08:00	103.7826014377	1.2953400808
bjarnelangkilde	2023-05-30 11:28:52	11.8814994679	55.9458751055
beechboyusa	2023-06-04 20:01:46-05:00	-88.267325	40.1192945
bjarnelangkilde	2023-06-09 20:09:39	11.8585028937	55.9722139318
beachcomber3227	2023-05-20 21:47:31+10:00	144.3937383333	-38.2943716667
benbernhard	Sun Jul 30 2023 13:08:15 GMT +0700 (GMT)	107.5197677612	16.6385192871
bjarnelangkilde	Wed Aug 02 2023 11:59:15 GMT +0200 (GMT+2)	11.8814048767	55.9458465576
bjarnelangkilde	2023-08-02 12:02:07	11.8814963904	55.945792724
benbernhard	Fri Aug 04 2023 15:02:39 GMT +0700 (GMT)	105.8371047974	21.0477600098
benbernhard	Fri Aug 04 2023 15:04:56 GMT +0700 (GMT)	105.8371124268	21.0478973389
beechboyusa	2023-08-15 11:21:12-05:00	-88.2227539774	40.102822336
beechboyusa	2023-08-18 09:23:39-05:00	-88.222904473	40.1029238125
blondeel	2022-11-05 01:06:19+01:00	173.0647721667	-40.951655
blondeel	2022-11-21 10:43:56+13:00	171.7554033333	-43.897755
blondeel	2022-11-21 10:43:39+13:00	171.7554333333	-43.8977366547
blondeel	2022-11-12 15:20:20+13:00	173.0555111667	-40.95627
b507104031	2023-08-21 10:08:14+07:00	106.3347533333	20.85942
bjarnelangkilde	2023-09-06 09:16:00	11.8516382681	55.9540704351
bjarnelangkilde	2023-09-06 09:17:28	11.8517651949	55.9541414648
bjarnelangkilde	2023-09-06 09:28:11	11.8517245353	55.9539841963
bjarnelangkilde	2023-09-06 09:35:29	11.8517056626	55.9541255196
bjarnelangkilde	2023-09-06 09:40:44	11.8517002069	55.9540659782
bjarnelangkilde	2023-09-06 09:43:59	11.851644544	55.9540570988
bjarnelangkilde	2023-09-06 09:50:47	11.8516444054	55.9540769278
bjarnelangkilde	2023-09-06 11:15:39	11.8516597303	55.9540891148
bjarnelangkilde	2023-09-07 09:54:39	11.8516393975	55.9540750639
bjarnelangkilde	2023-09-07 10:05:23	11.8516405046	55.9540264112
bjarnelangkilde	2023-09-07 11:54:56	11.851711619	55.9540944826
b507104031	2023-08-22 13:41:01+07:00	105.9159153142	20.217303168
b507104031	2023-09-08 14:44:19+08:00	121.4679615666	25.0425699447
b507104031	2023-09-08 14:45:12+08:00	121.4682482277	25.0426714495
b507104031	2023-09-08 14:48:40+08:00	121.468793339	25.0427879895
b507104031	2023-09-08 14:49:01+08:00	121.46883721	25.0428098493
bjarnelangkilde	2023-09-08 16:41:40	11.8815319987	55.9457682573
bjarnelangkilde	Thu Sep 21 2023 11:01:25 GMT +0200 (GMT+2)	11.8815603256	55.9458312988
bjarnelangkilde	Thu Sep 21 2023 11:18:52 GMT +0200 (GMT+2)	11.8817014694	55.9458312988
bjarnelangkilde	Sun Oct 01 2023 11:05:29 GMT +0200 (GMT+2)	11.8816576004	55.9449005127
blondeel	2023-10-16 15:00:01+07:00	109.028588847	11.5814900797
blondeel	2023-10-17 11:11:34+07:00	109.0949990468	12.2438686233
blondeel	2023-10-17 11:12:58+07:00	109.0947596222	12.2438174453
blondeel	2023-10-18 10:11:56+07:00	109.0651144623	14.649685371
blondeel	2023-10-18 13:22:33+07:00	108.8728082855	15.1770567321
blondeel	2023-10-20 15:23:58+07:00	107.5651380127	16.4329406747
blondeel	2023-10-20 15:30:32+07:00	107.5650588229	16.4332001304
blondeel	2023-10-20 17:21:50+07:00	107.544457748	16.4537256971
blondeel	2023-10-22 12:30:25+07:00	106.9848066548	20.9183239192
blondeel	2023-10-26 12:56:21+08:00	103.8651420416	1.2825988556
b507104031	2023-10-27 14:20:43+08:00	121.6884918698	24.7297483497
b507104031	2023-10-27 14:23:43+08:00	121.6886085459	24.7297557676
blondeel	2023-10-24 12:32:08+07:00	105.8409109647	21.0408805781
benbernhard	Sat Nov 04 2023 12:07:55 GMT -0500 (CDT)	-97.6271591187	30.5341491699
beachcomber3227	2023-11-06 09:55:14+11:00	144.393875	-38.2943916667
beachcomber3227	2023-12-02 10:42:05+11:00	144.403305	-38.2742666667
b507104031	2023-12-02 15:01:23+08:00	121.5195548148	25.0001643961
b507104031	2023-12-02 15:02:26+08:00	121.5196565354	25.0000584824
b507104031	2023-12-02 15:03:51+08:00	121.5195380152	24.9999698857
b507104031	2023-12-02 15:05:52+08:00	121.519857701	25.0000022399
b507104031	2023-12-02 15:06:49+08:00	121.4794439689	25.0285431996
b507104031	2023-12-02 15:10:24+08:00	121.5195641909	25.0001688255
boguslaw3	2023-12-02 15:39:42	106.5271747	11.0616789
boguslaw3	2023-12-05 09:38:56	105.836489	21.0294549997
beachcomber3227	2023-12-12 10:51:48+11:00	144.4032883333	-38.2745383333
benthiczzone	2023-12-19 15:53:11	106.6822653837	20.8380699982
benthiczzone	2023-12-04 15:24:40	144.7128273607	-37.6403266265
beachcomber3227	2023-12-28 10:56:14+11:00	144.403075	-38.2743083333
beachcomber3227	2023-12-28 15:30:43+11:00	144.3947623471	-38.2944014807
beachcomber3227	2023-12-29 14:17:38+11:00	144.3933576966	-38.2940874649
beachcomber3227	2024-01-01 11:48:37+11:00	144.3926510827	-38.2940651133
benthiczzone	2024-01-02 11:32:25	106.240448691	20.8517397638
benthiczzone	2024-01-04 10:24:10	106.272649616	17.5836988345
benthiczzone	2024-01-04 12:36:02	106.3087408	17.6103628
benthiczzone	2024-01-05 14:15:48	107.4553060827	16.4716350553
beachcomber3227	2024-01-09 16:28:15+11:00	144.3937343	-38.2943878
bert15	2023-06-07 13:02:33	108.054523	16.063224
beachcomber3227	2024-01-14 12:11:13+11:00	144.403	-38.2738833333
beachcomber3227	2024-01-17 15:23:26+11:00	144.4031216667	-38.274555
beachcomber3227	2024-01-21 12:20:43+11:00	144.3938	-38.2944533333
benthiczzone	2024-01-26 15:11:42	145.0313763278	-37.6134662627
bafut	2024-02-10 10:45:39+02:00	35.1941874762	32.7586244784
bafut	2024-02-10 11:32:26+02:00	35.0208055	32.725825
bafut	2024-02-10 11:36:42+02:00	35.0208778333	32.72582
bafut	2024-02-10 11:26:53+02:00	35.0206	32.7259716667
bafut	2024-02-10 11:55:23+02:00	35.0416828809	32.7307026751
bafut	2024-02-10 11:51:07+02:00	35.0219695	32.7264666667
bafut	2024-02-10 16:54:06+02:00	35.088825	32.6839633333
bafut	2024-02-10 16:49:45+02:00	35.0886166667	32.6834533333
bafut	2024-02-10 16:40:55+02:00	35.08875	32.683955
bafut	2024-02-10 16:35:30+02:00	35.0883721667	32.6837783333
bafut	2024-02-10 16:43:36+02:00	35.0886721667	32.6833833333
bafut	2024-02-10 16:38:49+02:00	35.0887361667	32.6839466667
bafut	2024-02-10 16:32:00+02:00	35.0879638333	32.6839
bafut	2024-02-10 16:26:26+02:00	35.3646466667	33.4351283333
bafut	2024-02-10 15:59:51+02:00	35.035682	32.736567
bafut	2024-02-10 16:19:39+02:00	35.035682	32.736567
bafut	2024-02-10 16:06:56+02:00	35.4908033333	33.8182616667
bafut	2024-02-10 16:28:30+02:00	35.2472083333	32.5765283333
bafut	2024-02-10 16:19:28+02:00	35.4907883333	33.81843
bafut	2024-02-10 15:49:24+02:00	35.035682	32.736567
bafut	2024-02-10 16:04:19+02:00	35.035682	32.736567
bafut	2024-02-10 16:01:24+02:00	35.035682	32.736567
bafut	2024-02-10 13:02:08+02:00	35.0211666667	32.7259916667
bafut	2024-02-10 12:57:12+02:00	35.0221971667	32.7268533333
bafut	2024-02-09 13:39:40+02:00	35.0085833333	31.8366383333
bafut	2024-02-05 13:47:57+02:00	34.8596913882	32.3092464427
bafut	2024-02-09 13:04:09+02:00	34.8438724999	32.288855096
bafut	2024-02-09 13:04:27+02:00	34.9984966667	31.8422833333
bafut	2024-02-07 15:10:43+02:00	34.8482333333	32.2907
bafut	2024-02-05 14:02:52+02:00	34.84047	32.2868
bafut	2024-01-12 09:03:36+02:00	31.3719977111	-24.3720074016
bafut	2024-01-11 16:44:47+02:00	31.3622103027	-24.3958345772
bafut	2024-02-10 16:34:39+02:00	31.1910663011	-24.8652255309
bafut	2024-01-11 17:04:53+02:00	31.2109627219	-24.369442418
bafut	2024-01-11 17:26:05+02:00	31.29585	-24.3093366667
bafut	2024-01-11 08:18:14+02:00	31.235375	-24.3325366667
bafut	2024-01-11 07:42:01+02:00	31.2397466667	-24.3422083333
bafut	2024-01-11 07:38:56+02:00	31.23913	-24.3441783333
bafut	2024-01-11 07:00:18+02:00	31.24437	-24.3590866667
bafut	2024-01-06 13:23:54+02:00	31.078721	-24.842029
bafut	2024-01-10 08:50:08+02:00	31.23985	-24.3418783333
bafut	2024-01-10 08:18:14+02:00	31.2393133333	-24.333325
bafut	2024-01-12 07:49:05+02:00	31.3016283333	-24.3181383333
bafut	2024-01-09 16:06:38+02:00	31.2791633333	-24.3292716667
bafut	2024/01/09 18:18	31.314404	-24.407347
bafut	2024/01/09 18:19	31.314404	-24.407347
bafut	2024/01/09 18:21	31.314404	-24.407347
bafut	2024/01/09 18:39	31.314404	-24.407347
bafut	2024/01/09 19:28	31.314404	-24.407347
bafut	2024/01/09 21:26	31.314404	-24.407347
badmanpat	2024-02-14 12:14:39+07:00	105.8423545046	21.0116618482
bafut	2024/01/10 09:52	31.314404	-24.407347
bafut	2024/01/10 18:37	31.314404	-24.407347
bafut	2024/01/10 19:23	31.314404	-24.407347
bafut	2024/01/10 19:43	31.3866201833	-24.5848490014
bafut	2024/01/10 19:53	31.314404	-24.407347
bafut	2024/01/10 20:12	31.314404	-24.407347
bafut	2024/01/10 20:44	31.314404	-24.407347
bafut	2024/01/11 08:06	31.2331544289	-24.5743098299
bafut	2024/01/11 08:24	31.314404	-24.407347
bafut	2024/01/11 09:18	31.314404	-24.407347
bafut	2024/01/11 09:25	31.314404	-24.407347
bafut	2024/01/11 10:02	31.314404	-24.407347
bafut	2024/01/11 10:09	31.314404	-24.407347
bafut	2024/01/11 10:12	31.314404	-24.407347
bafut	2024/01/11 10:39	31.314404	-24.407347
bafut	2024/01/11 19:21	31.314404	-24.407347
bafut	2024/01/11 19:38	31.314404	-24.407347
bafut	2024/01/11 19:50	31.314404	-24.407347
beachboyz2men	2023-05-27 08:25:03-07:00	-120.1712633333	34.6326
beachboyz2men	2023-07-12 10:14:07-07:00	-121.737105	46.7885133333
beachboyz2men	2023-07-14 14:14:52-07:00	-124.5881666667	47.8786133333
beachboyz2men	2023-09-29 15:43:58-07:00	-118.1897157	34.124783516
beachboyz2men	2023-11-19 15:00:28-08:00	-118.220090584	34.1099002958
beachboyz2men	2023-11-21 13:46:01-08:00	-118.1893	34.1251361667
beachboyz2men	2024-02-15 13:51:08-08:00	-118.1897133333	34.1246083333
benbernhard	Sun Feb 18 2024 10:24:48 GMT -0600 (CST)	-97.6195526123	30.4943389893
beachcomber3227	2024-02-21 08:43:42+11:00	144.3937383333	-38.2943833333
beim-nature	2024-02-13 16:15:50+08:00	109.6137232781	19.5287674346
beim-nature	2024-02-12 10:38:32+08:00	109.503639	19.511882
beim-nature	2024-02-13 16:18:18+08:00	109.503639	19.511882
beim-nature	2024-02-12 10:54:04+08:00	110.33119	19.531971
beim-nature	2024-02-06 12:33:52+08:00	109.503639	19.511882
beim-nature	2024-02-13 16:08:56+08:00	109.503639	19.511882
beim-nature	2024-02-13 13:08:26+08:00	109.503639	19.511882
beim-nature	2024-02-13 15:55:24+08:00	109.503639	19.511882
bafut	2024-02-23 14:40:43+02:00	34.8916953773	32.279413854
bafut	2024-02-23 14:45:47+02:00	34.8450916667	32.288395
bafut	2024-02-23 14:48:08+02:00	34.8450583333	32.2882533333
bafut	2024-02-23 14:49:47+02:00	34.8451216667	32.28827
bafut	2024-02-23 15:04:11+02:00	34.8393666667	32.2855383333
bafut	2024-02-23 15:53:34+02:00	34.8413083333	32.28728
bafut	2024-02-23 16:01:43+02:00	34.84375	32.2881883333
bafut	2024-02-23 16:05:59+02:00	34.843375	32.289245
badmanpat	2024-02-23 09:51:19+07:00	105.1982716667	23.1814416667
beim-nature	2024-02-05 10:21:24+08:00	109.503639	19.511882
bafut	2024-02-25 11:34:19+02:00	34.82652	32.2293916667
beim-nature	2024-02-13 16:11:08+08:00	109.503639	19.511882
bafut	2024-02-28 12:05:03+02:00	34.854125	32.283845
bafut	2024-03-02 14:06:33+02:00	34.8413666667	32.29938
bafut	2024-03-03 11:52:03+02:00	34.8908533333	32.4983966667
bafut	2024-03-03 13:41:36+02:00	34.8914866667	32.5037416667
bafut	2024-03-03 15:39:38+02:00	34.893745	32.386045
beachcomber3227	2024-03-04 11:13:13+11:00	144.703995	-36.3551216667
beim-nature	2024-02-15 15:07:00+08:00	109.503639	19.511882
beim-nature	2024-03-03 12:31:37+08:00	109.503639	19.511882
beim-nature	2024-02-15 09:01:52+08:00	109.588255	19.539095
benbernhard	Tue Mar 05 2024 19:23:35 GMT -0600 (CST)	-97.6190643311	30.4939842224
beritaa	2024-03-07 19:14:20+07:00	105.8308224535	21.062030196
beim-nature	2024-02-12 10:31:16+08:00	109.503639	19.511882
beim-nature	2024-02-13 15:56:51+08:00	109.503639	19.511882
bjarnelangkilde	2024-03-09 10:36:07	-15.4324369002	28.1593278635
bjarnelangkilde	2024-03-09 10:37:57	-15.4324152689	28.1593538666
bjarnelangkilde	2024-03-09 10:41:43	-15.4324005375	28.1593689857
bafut	2024-03-09 13:46:52+02:00	35.20295	31.7715083333
bafut	2024-03-09 13:58:06+02:00	35.203055	31.7710383333
beim-nature	2024-03-09 15:30:03+08:00	121.549663	31.0744215
bafut	2024-03-12 06:04:34+02:00	34.85253	32.294
bafut	2024-03-12 17:08:10+02:00	34.8409283333	32.2979083333
b507104031	2023-12-02 15:11:16+08:00	121.5195149625	25.000174589
b507104031	2024-03-17 14:53:06+08:00	121.500998838	24.9383740872
b507104031	2024-03-17 14:54:42+08:00	121.500894148	24.9383479357
b507104031	2024-03-17 14:55:10+08:00	121.5009051283	24.9383752188
b507104031	2024-03-17 16:08:28+08:00	121.5000272078	24.9361586664
beachcomber3227	2024-03-18 11:25:08+11:00	144.7043060993	-36.3549900302
beim-nature	2024-03-23 11:28:11+08:00	121.4360945789	31.034867753
beim-nature	2024-03-23 11:36:45+08:00	121.4664522348	31.0250896989
bafut	2024-03-25 12:00:33+02:00	34.841245	32.2991833333
bafut	2024-03-23 17:34:03+02:00	34.8468583333	32.2958966667
bafut	2024-03-23 17:33:15+02:00	34.8468583333	32.295975
beachboyz2men	2024-03-21 18:32:31-07:00	-118.1947501929	34.1293191738
beachboyz2men	2024-03-26 13:35:18-07:00	-118.1892956977	34.1250686973
benbernhard	Sun Mar 31 2024 09:54:50 GMT -0500 (CDT)	-97.6187591553	30.49269104
beachcomber3227	2024-04-04 15:54:52+11:00	144.403075	-38.2742616667
beim-nature	2024-04-05 15:13:40+08:00	119.8287761855	31.1073416104
beim-nature	2024-04-05 14:44:29+08:00	119.8087066664	31.1259360656
beim-nature	2024-04-05 14:42:42+08:00	119.808698127	31.1259454328
beim-nature	2024-04-05 14:38:13+08:00	119.8086843248	31.1259446205
beim-nature	2024-04-05 14:02:05+08:00	119.8086023508	31.126066816
beim-nature	2024-04-05 11:34:06+08:00	119.8086226452	31.1258930805
beim-nature	2024-04-05 11:28:17+08:00	119.8086749895	31.1259483436
beim-nature	2024-04-05 11:11:36+08:00	119.8086608014	31.1259432492
beim-nature	2024-04-05 11:58:43+08:00	119.8086575245	31.12594073
beim-nature	2024-04-05 12:01:00+08:00	119.8086575302	31.1259407255
beim-nature	2024-04-05 10:21:47+08:00	119.8086575295	31.1259407262
beim-nature	2024-04-05 11:40:03+08:00	119.808777525	31.1259808664
beim-nature	2024-04-05 08:56:11+08:00	119.8086553474	31.1259518454
beim-nature	2024-04-04 21:55:41+08:00	119.8086010863	31.1260693121
beim-nature	2024-04-04 21:53:59+08:00	119.8086507228	31.1259563627
beim-nature	2024-04-04 21:56:12+08:00	119.8085953977	31.1258856815
beim-nature	2024-04-04 21:47:22+08:00	119.8086456909	31.1259455063
beim-nature	2024-04-04 21:35:43+08:00	119.8086446321	31.1259508235
b507104031	2024-04-06 13:13:03+08:00	121.4156511986	23.6166524794
b507104031	2024-04-06 15:07:12+08:00	121.3972898853	23.7173024146
b507104031	2024-04-06 15:07:43+08:00	121.3972774801	23.7172952481
beim-nature	2024-04-06 10:37:09+08:00	119.8013083333	31.1303916667
beachboyz2men	2024-04-06 11:27:59-07:00	-118.5087150342	34.1311694796
beim-nature	2024-04-05 18:50:00+08:00	119.830519	30.950439
beim-nature	2024-04-18 22:20:48+08:00	113.1020677661	22.5708012607
beim-nature	2024-04-18 22:36:39+08:00	112.9681147325	22.6041506007
beim-nature	2024-04-19 23:36:22+08:00	113.3749919278	22.0163708926
bafut	2024-04-20 18:47:20+03:00	34.8466116667	32.29012
bafut	2024-04-13 21:18:01+03:00	34.84517	32.2900116667
bafut	2024-04-22 10:19:36+03:00	34.9224108019	32.2418132144
beachboyz2men	2024-04-23 13:27:40-07:00	-118.1910444557	34.1011463891
beim-nature	2024-04-21 14:11:22+08:00	113.114614	22.5787535
bibamaya23	Thu Apr 25 2024 14:02:27 GMT +0700 (GMT)	105.9187240601	20.2532463074
beim-nature	2024-04-21 14:19:37+08:00	121.517438	31.0471235
beim-nature	2024-04-21 14:37:23+08:00	121.517438	31.0471235
beim-nature	2024-04-27 15:34:22+08:00	121.517438	31.0471235
beim-nature	2024-04-27 11:03:36+08:00	121.517438	31.0471235
beim-nature	2024-04-28 08:32:51+08:00	121.517438	31.0471235
bibamaya23	Wed Apr 24 2024 22:19:30 GMT +0700 (GMT)	107.823890686	16.1276607513
bibamaya23	Tue Apr 23 2024 11:31:08 GMT +0700 (GMT)	107.823890686	16.1276836395
bibamaya23	Thu Apr 25 2024 09:30:43 GMT +0700 (GMT)	107.823928833	16.1276416779
bibamaya23	Sun Apr 28 2024 09:59:40 GMT +0700 (GMT)	107.8239440918	16.1276359558
bibamaya23	Sun Apr 28 2024 09:59:23 GMT +0700 (GMT)	107.8239517212	16.127614975
beachcomber3227	2024-04-30 11:13:39+09:30	138.6272716667	-35.5635249901
bibamaya23	2024-04-29 11:55:06-07:00	106.9866096	20.9209718
bibamaya23	Thu May 02 2024 12:00:35 GMT +0700 (GMT)	103.8362426758	22.3272399902
bibamaya23	Thu May 02 2024 11:42:10 GMT +0700 (GMT)	103.8371887207	22.3269863129
bibamaya23	Thu May 02 2024 12:15:08 GMT +0700 (GMT)	103.834274292	22.3274841309
bibamaya23	Thu May 02 2024 12:41:07 GMT +0700 (GMT)	103.8336715698	22.3278045654
bibamaya23	Thu May 02 2024 12:41:53 GMT +0700 (GMT)	103.8335342407	22.3278961182
bibamaya23	Thu May 02 2024 13:22:52 GMT +0700 (GMT)	103.8352127075	22.3309936523
bibamaya23	Mon May 06 2024 19:40:01 GMT +0800 (GMT)	120.2100448608	11.998298645
bafut	2024-05-09 14:48:24+03:00	34.9646333333	32.7911533333
bafut	2024-05-09 15:02:46+03:00	35.0142489	32.80037705
bigpei	Sat May 11 2024 20:03:27 GMT +0800 (GMT+8)	103.8074645996	1.2966825962
benbernhard	Sat May 11 2024 10:17:58 GMT -0500 (CDT)	-97.6177749634	30.4909362793
bibamaya23	Mon May 13 2024 14:44:00 GMT +0800 (GMT)	119.1744232178	10.4066467285
bibamaya23	Mon May 13 2024 14:54:25 GMT +0800 (GMT)	119.1748733521	10.4077224731
bibamaya23	Mon May 13 2024 14:55:15 GMT +0800 (GMT)	119.1749801636	10.4078445435
bibamaya23	Tue May 14 2024 15:31:01 GMT +0800 (GMT)	119.1683807373	10.4344558716
bibamaya23	Wed May 15 2024 10:27:14 GMT +0800 (GMT)	119.385597229	11.0735960007
bibamaya23	Wed May 15 2024 10:28:52 GMT +0800 (GMT)	119.1331280512	10.4793845076
bibamaya23	Sat Apr 27 2024 17:40:36 GMT +0800 (GMT)	105.8370132446	21.0478992462
bibamaya23	Tue May 14 2024 21:11:19 GMT +0800 (GMT)	119.1759185791	10.409236908
bibamaya23	Wed May 15 2024 20:31:51 GMT +0800 (GMT)	119.1761245728	10.4090881348
bibamaya23	Wed May 15 2024 20:47:01 GMT +0800 (GMT)	119.1806030273	10.414024353
bibamaya23	Wed May 15 2024 20:47:46 GMT +0800 (GMT)	119.1806030273	10.414024353
beim-nature	2024-05-17 19:55:19+08:00	121.4746731272	31.0252849341
beim-nature	2024-05-17 19:48:15+08:00	121.4734749702	31.0255547792
bibamaya23	Sun May 19 2024 10:01:00 GMT +0800 (GMT)	123.2021054917	9.9711960388
bibamaya23	Sun May 19 2024 10:02:23 GMT +0800 (GMT)	123.20424652	9.9713607611
bibamaya23	Sun May 19 2024 10:06:16 GMT +0800 (GMT)	123.2943228052	9.8853621117
beim-nature	2024-05-18 10:57:15+08:00	121.4276684116	31.0165027934
benbernhard	Wed May 22 2024 08:02:45 GMT -0500 (CDT)	-97.6190567017	30.4939727783
bibamaya23	Fri May 24 2024 12:22:52 GMT +0800 (GMT)	124.1580123901	9.789311409
bibamaya23	Fri May 24 2024 12:42:34 GMT +0800 (GMT)	124.1578674316	9.7875766754
bibamaya23	Fri May 24 2024 12:46:28 GMT +0800 (GMT)	124.1578674316	9.7875766754
bibamaya23	Fri May 24 2024 14:09:36 GMT +0800 (GMT)	124.1004714966	9.6977005005
bibamaya23	Fri May 24 2024 14:10:17 GMT +0800 (GMT)	124.1004714966	9.6977005005
bibamaya23	Fri May 24 2024 14:10:53 GMT +0800 (GMT)	124.100479126	9.6977005005
bibamaya23	Fri May 24 2024 14:14:31 GMT +0800 (GMT)	124.1518634867	9.6956769161
bibamaya23	Mon May 27 2024 11:37:32 GMT +0800 (GMT)	103.8473587036	1.2946519852
bibamaya23	Mon May 27 2024 11:38:37 GMT +0800 (GMT)	103.8473739624	1.295044899
bafut	2024-05-28 12:44:00+03:00	34.8458133333	32.29613
bjarnelangkilde	2024-05-30 09:01:56	12.0289150376	55.9579217864
bjarnelangkilde	2024-05-30 09:05:42	12.028998996	55.9579266498
bjarnelangkilde	2024-05-30 09:16:50	12.0289268233	55.9578984185
bjarnelangkilde	2024-05-30 09:20:02	12.0289679085	55.9579105035
bjarnelangkilde	2024-05-30 10:34:35	12.0289389997	55.9579141997
bjarnelangkilde	2024-05-30 11:00:03	12.0294949015	55.9554673043
bjarnelangkilde	2024-05-30 11:04:17	12.0295437196	55.9551332645
bjarnelangkilde	2024-05-31 09:36:41	11.8603116387	55.9759442933
bjarnelangkilde	2024-05-31 09:39:15	11.860348037	55.9759209768
bjarnelangkilde	2024-05-31 09:41:22	11.8603436541	55.9759141857
bjarnelangkilde	2024-05-31 09:44:02	11.8603523353	55.9759104734
bjarnelangkilde	2024-05-31 09:47:03	11.8603665298	55.9759117971
bjarnelangkilde	2024-05-31 09:52:54	11.8603589217	55.9759107357
bjarnelangkilde	2024-05-31 10:01:15	11.8603291663	55.9758975284
bjarnelangkilde	2024-05-31 10:33:38	11.8603403731	55.975925702
bjarnelangkilde	2024-05-31 10:43:45	11.860376191	55.9758900007
bjarnelangkilde	2024-05-31 11:36:00	11.8603734961	55.9759974169
bjarnelangkilde	2024-05-31 11:40:50	11.8604301051	55.9759206217
bjarnelangkilde	2024-05-31 11:44:52	11.860356358	55.9759051037
bjarnelangkilde	2024-05-31 11:52:16	11.8604403219	55.9759028359
bibamaya23	Wed Jun 05 2024 13:39:54 GMT +0100 (GMT)	-0.1203681529	51.5675964355
bjarnelangkilde	2024-06-12 16:14:45	11.8817895	55.9458305
bjarnelangkilde	2024-06-12 16:24:27	11.8816166	55.9458291
beim-nature	2024-06-09 21:36:11+08:00	121.3413133671	31.0491570148
beachboyz2men	2024-06-23 10:12:40-07:00	-118.4557049424	33.9625793132
bigpei	2024-06-23 10:30:12	103.9577332512	1.4125656409
bigpei	2024-06-23 10:38:54	103.9577332512	1.4125656409
bigpei	2024-06-23 11:00:49	103.9577332512	1.4125656409
bigpei	2024-06-23 11:06:09	103.9577332512	1.4125656409
bigpei	2024-06-23 11:07:26	103.9577332512	1.4125656409
bigpei	2024-06-23 11:17:49	103.9577332512	1.4125656409
bigpei	2024-06-23 11:22:15	103.9577332512	1.4125656409
bigpei	2024-06-23 12:02:17	103.9577332512	1.4125656409
bigpei	2024-06-23 12:02:21	103.9577332512	1.4125656409
bigpei	2024-06-23 12:03:41	103.9577332512	1.4125656409
bigpei	2024-06-23 12:09:27	103.8413133725	1.4025648978
bigpei	2024-06-23 12:15:03	103.9577332512	1.4125656409
bigpei	2024-06-23 12:37:13	103.9577332512	1.4125656409
bigpei	2024-06-23 13:01:55	103.9577332512	1.4125656409
bigpei	2024-06-23 13:26:40	103.9577332512	1.4125656409
bigpei	2024-06-23 13:33:38	103.9577332512	1.4125656409
bigpei	2024-06-23 13:51:42	103.9577332512	1.4125656409
bigpei	2024-06-23 15:07:03	103.9577332512	1.4125656409
bigpei	2024-06-23 15:12:09	103.9577332512	1.4125656409
bigpei	2024-06-23 16:10:37	103.9577332512	1.4125656409
bigpei	2024-06-23 16:10:41	103.9577332512	1.4125656409
bigpei	2024-06-23 15:23:34	103.9577332512	1.4125656409
bigpei	2022-06-04	99.9142066017	12.773202761
bigpei	2018-04-29 12:20:00	100.5017649382	13.7560965653
beim-nature	2024-06-29 15:13:32+08:00	121.5841746218	31.3143508723
beim-nature	2024-06-29 15:17:14+08:00	121.4554225047	31.2759649752
beim-nature	2024-06-29 15:22:52+08:00	121.4663927841	31.0248981724
beim-nature	2024-06-29 15:37:32+08:00	121.466319913	31.0249087955
beim-nature	2024-06-29 15:30:53+08:00	121.4662112004	31.0248465013
beim-nature	2024-06-29 15:59:37+08:00	121.4662112004	31.0248465013
beim-nature	2024-07-04 22:25:17+08:00	121.451111	31.237271
bafut	2024-07-05 09:11:39+03:00	34.8477533333	32.280055
boguslaw3	2024-07-07 16:42:27	19.9738827	50.12338844
beim-nature	2024-07-12 19:22:54+08:00	121.4663411353	31.0248927452
beim-nature	2024-07-12 19:16:03+08:00	121.4689485401	31.0264141587
beim-nature	2024-07-18 08:10:04+08:00	121.5514138881	31.3628676996
beachboyz2men	2024-07-18 09:34:10-07:00	-118.1808784746	34.1021369185
beim-nature	2024-07-20 19:56:49+08:00	121.4662734819	31.0249016286
beim-nature	2024-07-23 15:23:34+08:00	121.5455334304	31.2136827577
beim-nature	2024-07-23 15:24:28+08:00	121.5453782493	31.2135777204
beim-nature	2024-07-23 15:25:16+08:00	121.545415884	31.2135173288
beim-nature	2024-07-23 15:25:39+08:00	121.545375527	31.2134439247
beim-nature	2024-07-23 15:26:31+08:00	121.5452770797	31.2134636427
beim-nature	2024-07-23 15:27:31+08:00	121.5451163986	31.2133913487
beim-nature	2024-07-23 15:31:39+08:00	121.5442931281	31.2137873518
beim-nature	2024-07-23 15:32:52+08:00	121.544145222	31.2138589806
beim-nature	2024-07-23 15:36:38+08:00	121.5440070209	31.2139069115
beim-nature	2024-07-23 15:40:20+08:00	121.5436912236	31.2142889668
beim-nature	2024-07-23 15:43:43+08:00	121.5418057983	31.2144888332
beim-nature	2024-07-23 15:44:47+08:00	121.5418227297	31.2145359814
beim-nature	2024-07-23 15:48:00+08:00	121.541943937	31.2141941097
beim-nature	2024-07-23 15:51:43+08:00	121.5413934925	31.2146724388
beim-nature	2024-07-23 15:53:13+08:00	121.5413687659	31.2150052004
beim-nature	2024-07-23 15:54:11+08:00	121.5414795088	31.2149220421
beim-nature	2024-07-23 16:00:01+08:00	121.5417107475	31.2166557228
beim-nature	2024-07-23 16:33:16+08:00	121.5457952489	31.2152512092
beim-nature	2024-07-23 16:34:27+08:00	121.5459165785	31.2156568496
beim-nature	2024-07-23 16:38:38+08:00	121.546613155	31.216190611
beim-nature	2024-07-23 16:11:10+08:00	121.5437	31.2159883333
beachboyz2men	2024-07-24 19:10:44-07:00	-118.1808006999	34.3925454774
beachboyz2men	2024-07-25 17:45:16-07:00	-118.2868583333	34.070075
beim-nature	2024-08-17 19:50:40+08:00	121.5493236731	31.3598229767
beachcomber3227	2024-08-27 13:25:52+10:00	144.3938295268	-38.2944611695
benbernhard	Thu Aug 29 2024 14:00:00 GMT -0500 (CDT)	-97.657661438	30.5626678467
bjarnelangkilde	2024-09-02 09:17:54	11.8517108846	55.9540806174
bjarnelangkilde	2024-09-02 09:21:13	11.8516766222	55.9540237045
bjarnelangkilde	2024-09-02 09:44:45	11.8516792591	55.9540262849
bjarnelangkilde	2024-09-02 09:50:24	11.8517057806	55.9540866882
bjarnelangkilde	2024-09-02 09:55:36	11.8517481277	55.9541060178
bjarnelangkilde	2024-09-02 10:06:59	11.8520567	55.9540867
bjarnelangkilde	2024-09-02 10:12:28	11.8517268973	55.9540857281
bjarnelangkilde	2024-09-02 10:26:35	11.8516704519	55.9540967242
bjarnelangkilde	2024-09-02 10:30:30	11.8520433	55.9540872
bjarnelangkilde	2024-09-02 10:32:52	11.8517094253	55.9540704458
bjarnelangkilde	2024-09-02 10:35:04	11.8517306317	55.954092202
bjarnelangkilde	2024-09-02 10:47:00	11.8519492659	55.9540081126
bjarnelangkilde	2024-09-02 11:04:29	11.8516901338	55.954000057
bjarnelangkilde	2024-09-02 11:08:00	11.8516649207	55.9539764091
bjarnelangkilde	2024-09-02 11:09:35	11.8517363372	55.9539972926
bjarnelangkilde	2024-09-02 11:14:35	11.851710677	55.9540296083
bjarnelangkilde	2024-09-02 11:44:39	11.8517146786	55.9540097086
bjarnelangkilde	2024-09-02 11:52:27	11.8516758375	55.954081623
beachboyz2men	2024-09-03 13:19:34-07:00	-118.1810311042	34.1023979009
bjarnelangkilde	2024-09-04 10:57:37	11.8516793583	55.9540700012
bjarnelangkilde	2024-09-04 11:03:38	11.8517207547	55.9540185871
bjarnelangkilde	2024-09-04 11:06:12	11.8516870614	55.9540061044
bjarnelangkilde	2024-09-04 11:09:00	11.8516861757	55.9540779032
bjarnelangkilde	2024-09-04 11:10:03	11.8517038382	55.9540204773
bjarnelangkilde	2024-09-04 11:14:40	11.8516577721	55.9540312036
bjarnelangkilde	2024-09-04 11:47:18	11.851697255	55.954079767
bjarnelangkilde	2024-09-04 11:59:00	11.8516462741	55.9540919756
bjarnelangkilde	2024-09-04 12:15:56	11.8516657754	55.9540881646
bjarnelangkilde	2024-09-04 12:18:18	11.8516632839	55.9540853585
bjarnelangkilde	2024-09-04 12:20:46	11.8516544581	55.9540631644
bjarnelangkilde	2024-09-04 12:24:29	11.8516762558	55.9540559878
bjarnelangkilde	2024-09-04 12:25:52	11.8517153803	55.9540718029
bjarnelangkilde	2024-09-04 12:31:47	11.8516838277	55.954073966
beachboyz2men	2024-09-14 21:34:01-07:00	-118.2407143263	34.0631594289
beachcomber3227	2014-09-24 20:52:23+10:00	144.3937833333	-38.2943333333
beachcomber3227	2023-12-28 12:11:57+11:00	144.403075	-38.274325
beachcomber3227	2024-01-21 11:55:17+11:00	144.4031366667	-38.2745366667
beachcomber3227	2022-11-12 10:19:33+11:00	144.3952762344	-38.2945585053
beachcomber3227	2024-08-07 15:19:19+10:00	144.4196353522	-38.2785822406
beachcomber3227	2014-09-24 20:49:50+10:00	144.3937833333	-38.294375
beachcomber3227	2024-07-27 16:30:15+10:00	144.3936916667	-38.2943583333
bafut	2024-10-04 15:22:21+03:00	34.841305	32.2993866667
beim-nature	2024-10-04 12:40:31+08:00	119.437866	32.409388
beim-nature	2024-10-10 11:19:34+08:00	101.86285	25.1825485
beim-nature	2024-10-10 11:24:06+08:00	101.86285	25.1825485
beim-nature	2024-10-10 14:40:30+08:00	101.86285	25.1825485
beim-nature	2024-10-12 15:31:11+08:00	105.6132161034	21.443313456
benbernhard	Sat Oct 12 2024 20:32:59 GMT -0500 (CDT)	-97.6199798584	30.4944610596
beachcomber3227	2024-10-12 10:28:04+07:00	98.24015	8.6131083333
beachcomber3227	2024-10-08 14:45:00+07:00	98.2428569257	8.6132695107
beachcomber3227	2024-10-18 19:07:16+07:00	98.2396083333	8.612945
bafut	2024-10-19 13:03:08+03:00	35.1674916667	31.74417
beachcomber3227	2024-10-20 14:53:33+07:00	98.2393498697	8.6122994651
beachcomber3227	2024-10-26 14:12:17+11:00	144.3939366667	-38.2944033333
beachcomber3227	2024-10-28 14:23:46+11:00	144.3936916667	-38.2944716667
beachcomber3227	2024-10-28 16:11:13+11:00	144.3937533333	-38.2943633333
beachcomber3227	2024-11-08 11:27:03+07:00	106.6990883333	10.7802633333
beachcomber3227	2024-11-17 15:38:44+07:00	107.9827877588	16.1096178141
beachcomber3227	2024-11-19 06:29:32+07:00	108.3554216667	15.883745
beachboyz2men	2024-11-22 08:46:19-08:00	-118.1838616667	34.0986416667
ayatatsusouma	2024-12-05 15:10:04+07:00	105.7045332716	19.7778377636
ayatatsusouma	2024-12-05 15:12:26+07:00	105.7046106366	19.7777371388
ayatatsusouma	2024-12-05 15:17:27+07:00	105.7048177534	19.7773356037
ayatatsusouma	2024-12-05 15:18:30+07:00	105.7048434858	19.77721415
beachboyz2men	2024-12-14 10:16:50-08:00	-118.1640555	34.21398
beachboyz2men	2024-12-20 08:49:56-08:00	-118.1809466667	34.1022721667
boeybros	2024-12-24 10:07:33+08:00	100.48133	5.3514283333
beachboyz2men	2024-12-28 08:55:01-08:00	-118.1845343867	34.0994728497
bafut	2025-01-02 12:23:53+07:00	103.7768466667	22.303975
bafut	2025-01-03 07:40:15+07:00	105.85357	21.0279471667
bafut	2025-01-04 15:25:00+07:00	107.5664833333	16.431325
bafut	2025-01-01 10:54:52+07:00	103.85865	22.3125033333
bafut	2025-01-06 10:39:14+07:00	103.8570716667	13.4434366667
bafut	2025-01-06 11:03:11+07:00	103.8559283333	13.4437716667
beachcomber3227	2025-01-10 20:15:47+11:00	144.7041039499	-36.3549835278
biolumo	2025-02-01 12:08:13-05:00	-77.4751883333	37.5467383333
biolumo	2025-02-01 12:29:24-05:00	-77.4751283333	37.547445
biolumo	2025-02-01 12:06:48-05:00	-77.475195	37.546725
biolumo	2025-02-01 12:42:40-05:00	-77.4759	37.5477666667
bjarnelangkilde	2025-02-05 10:43:53	-16.7791706264	28.1236653721
bjarnelangkilde	2025-02-05 15:10:11	-16.7779336192	28.1236134409
beachcomber3227	2025-02-07 09:13:00+11:00	144.3938616667	-38.2943633333
bigpei	2025-02-11 10:50:32	103.9439403266	1.3569692983
bigpei	2025-01-23	103.9567877725	1.3495902531
bigpei	2025-01-18 15:28:33	103.9567877725	1.3495902531
bigpei	2024-12-31 15:33:21	138.4621363878	36.7326856909
bigpei	2024-12-01	103.9567877725	1.3495895828
bigpei	2024-10-27 17:21:42	103.9567877725	1.3495902531
bigpei	2024-10-18 22:10:13	103.9567877725	1.3495902531
bigpei	2025-01-10 16:51:54	138.2328749076	37.17352111
bigpei	2025-01-10 14:53:15	138.2328749076	37.17352111
bigpei	2025-01-10 11:13:08	131.5001943335	33.2792853193
bigpei	2025-02-14 15:04:48	138.7551992387	35.497289962
bigpei	2025-01-06	138.2328749076	37.17352111
beim-nature	2025-02-21 22:39:58+08:00	121.4618431887	31.0269330557
biolumo	2025-02-23 15:50:53-05:00	-77.5898585513	37.6307672465
biolumo	2025-02-23 15:59:46-05:00	-77.5893166667	37.6279916667
biolumo	2025-02-23 16:08:47-05:00	-77.5897501569	37.6287227995
biolumo	2025-02-23 16:29:49-05:00	-77.5873194946	37.6260067211
biolumo	2025-02-23 16:34:38-05:00	-77.5861583333	37.6267366667
beim-nature	2025-02-25 22:53:59+08:00	121.4618538324	31.0269496585
beachboyz2men	2025-02-25 13:28:48-08:00	-118.1809418755	34.1022568989
beachboyz2men	2025-02-25 13:29:13-08:00	-118.1809506761	34.1022583765
beachcomber3227	2025-03-01 15:06:15+11:00	147.2395466667	-43.329945
beachboyz2men	2025-03-09 15:28:51-03:00	-71.4837033333	-41.0680111667
beachboyz2men	2025-03-09 15:31:41-03:00	-71.4838079517	-41.0680070999
beachboyz2men	2025-03-10 14:52:43-03:00	-71.5627833333	-41.0720028333
biolumo	2025-03-15 17:18:43-04:00	-77.5887175654	37.6286479195
biolumo	2025-03-15 17:22:39-04:00	-77.5892928272	37.6280391759
biolumo	2025-03-15 17:26:04-04:00	-77.5899883333	37.6280533333
biolumo	2025-03-15 17:29:55-04:00	-77.5900012468	37.6280277939
biolumo	2025-03-15 17:33:19-04:00	-77.5902116667	37.6281
bigpei	2025-03-16 12:28:00	103.7786833942	1.3508136712
biolumo	2025-03-27 17:39:05-04:00	-77.5898283333	37.6304633333
biolumo	2025-03-27 17:46:05-04:00	-77.5878836054	37.6300631309
biolumo	2025-03-27 17:50:54-04:00	-77.5870883333	37.6299866667
biolumo	2025-03-27 17:59:09-04:00	-77.5867783333	37.6288916667
biolumo	2025-03-28 13:07:34-04:00	-77.5019664779	37.5901313187
beachboyz2men	2025-03-11 13:24:38-03:00	-71.550095	-41.0982278333
beachboyz2men	2025-03-31 13:36:36-07:00	-118.1812533333	34.1018611667
bafut	2025-04-02 13:42:51+01:00	0.1119778333	52.2040633333
b507104031	2025-04-03 09:36:46+08:00	121.4664291871	22.676187437
boeybros	2025-04-05 20:35:09+08:00	103.8232283333	1.2554416667
boeybros	2025-04-05 20:35:09	103.8232283333	1.2554416667
boeybros	2025-03-31 13:45:15	103.7949833333	1.404595
boeybros	2025-03-31 15:34:26	103.7935783333	1.4056283333
boeybros	2025-03-31 15:43:28	103.7935466667	1.4056866667
boeybros	2025-03-31 14:40:01	103.794945	1.404655
boeybros	2025-03-31 12:29:43	103.7963179328	1.5306632242
boeybros	2025-03-31 12:28:35	103.6332543065	1.4407911912
boeybros	2025-03-23 10:52:32	103.9143533333	1.414855
boeybros	2025-03-29 21:54:10	103.7452866667	1.3816
boeybros	2017-03-26 04:44:09	103.669772018	1.5297539141
boeybros	2017-06-18 04:34:48	103.7574263055	1.4494325718
boeybros	2022-12-03 14:33:32	4.819675	52.473305
boeybros	2024-07-27 16:41:54	103.7810833333	1.407275
boeybros	2024-07-27 16:08:56	103.7824633333	1.4060283333
boeybros	2024-07-27 16:36:44	103.7811366667	1.407145
boeybros	2024-07-27 15:55:06	103.6961931285	1.4916022612
boeybros	2021-12-25 16:35:10	103.82058	1.2585
boeybros	2025-03-31 16:34:49	103.6645250241	1.5950590762
boeybros	2025-03-23 11:46:04	103.9178	1.4131383333
boeybros	2024-01-14 11:17:50	103.7533333333	1.3797533333
boeybros	2024-07-27 15:59:45	103.7818216667	1.4055283333
boeybros	2017-11-05 09:09:50	103.79477	1.4024883333
boeybros	2021-03-06 19:12:30	103.8339533333	1.4106
boeybros	2017-11-27 02:44:46	100.51397	7.0565611667
boeybros	2022-10-06 16:19:41	12.84512	48.1785716667
boeybros	2023-05-01 18:12:18	103.7476083333	1.3912466667
boeybros	2023-03-07 11:57:08	103.7452	1.3818116667
boeybros	2021-03-23 16:24:39	103.9235533333	1.375005
boeybros	2022-03-18 13:18:06	103.8659216667	1.2840366667
boeybros	2021-12-12 18:44:20	103.7514716667	1.367345
boeybros	2019-05-20 07:14:46	103.8028116667	1.39888
boeybros	2021-06-14 13:15:28	103.7318883333	1.4465883333
boeybros	2020-08-21 10:58:04	103.7452	1.3844533333
boeybros	2024-10-09 16:01:10	103.988945	1.392275
boeybros	2024-11-23 16:56:53	126.494445	33.505305
boeybros	2024-07-27 17:10:13	103.7813633333	1.406755
boeybros	2024-07-27 16:53:42	103.7805466667	1.40675
boeybros	2024-07-27 17:27:32	103.7147136692	1.5844733337
boeybros	2024-07-27 16:16:33	103.7822416667	1.4058633333
boeybros	2024-07-27 16:34:24	103.78135	1.4070616667
boeybros	2024-07-27 16:12:30	103.7825866667	1.40607
boeybros	2024-07-27 12:29:01	103.7386099415	1.5593689996
boeybros	2024-07-27 11:53:38	103.6568654899	1.4874769862
boeybros	2019-03-21 07:09:07	103.7355033333	1.3329966667
boeybros	2019-03-21 06:59:06	103.73552	1.332875
boeybros	2019-03-21 06:52:08	103.7355283333	1.3328583333
boeybros	2024-07-27 16:06:45	103.78212	1.4060133333
boeybros	2024-07-27 10:39:00	103.7809966667	1.4044883333
boeybros	2017-11-05 08:43:54	103.6718017164	1.5871287578
boeybros	2017-12-09 04:41:32	103.7045283333	1.319325
boeybros	2022-11-13 13:05:25	12.6143966667	47.6724866667
boeybros	2017-12-09 06:33:37	103.705505	1.318575
boeybros	2023-11-21 16:46:13	101.409005	4.507045
boeybros	2017-01-30 08:00:16	103.79387	1.4034
boeybros	2022-11-05 16:26:06	11.5069966667	48.1579638333
boeybros	2022-11-05 16:31:19	11.5070633333	48.1581583333
boeybros	2022-10-23 14:15:16	10.9875616667	47.4605716667
boeybros	2022-10-10 16:54:46	12.84265	48.1778416667
boeybros	2022-10-03 14:35:48	12.82997	48.1655111667
bafut	2025-04-06 14:31:53+01:00	-3.1675416667	55.94625
bafut	2025-04-07 09:47:35+01:00	-3.19497	55.9676633333
bafut	2025-04-07 11:28:04+01:00	-3.2325416667	55.948595
bafut	2025-04-07 11:55:31+01:00	-3.2457866667	55.9398116667
bafut	2025-04-07 12:00:49+01:00	-3.2462166667	55.9376716667
boeybros	2025-04-10 13:20:36	103.9228133333	1.374405
boeybros	2022-02-27 15:15:49	103.8162559873	1.3151397098
bafut	2025-04-10 17:38:40+01:00	-6.2884133333	53.3183133333
biolumo	2025-04-08 17:56:37-04:00	-77.590905	37.6259616667
biolumo	2025-04-08 17:59:48-04:00	-77.5909533333	37.625995
biolumo	2025-04-08 18:01:50-04:00	-77.5911283333	37.6260116667
biolumo	2025-04-08 18:07:57-04:00	-77.5923416667	37.627295
biolumo	2025-04-08 18:11:50-04:00	-77.591445	37.6262366667
biolumo	2025-04-08 18:19:35-04:00	-77.5896216667	37.6261366667
biolumo	2025-04-08 18:34:01-04:00	-77.5953216667	37.6319716667
bafut	2025-04-12 13:02:00+01:00	-9.3634	53.0614916667
bafut	2025-04-12 13:01:28+01:00	-9.3633666667	53.0614916667
boeybros	2024-07-20 17:29:04	103.67827	1.33163
boeybros	2023-11-11 11:19:06	103.7457883333	1.3788216667
boeybros	2022-03-18 12:25:07	103.8659216667	1.2840216667
boeybros	2020-12-24 14:22:26	103.74443	1.3834366667
benthiczzone	2025-04-21 13:52:04	144.9801497161	-37.8302440148
benthiczzone	2025-04-21 16:24:01	144.9801497161	-37.8302440148
biolumo	2025-04-21 17:27:57-04:00	-77.5902806372	37.6256224159
biolumo	2025-04-21 17:53:01-04:00	-77.5903083333	37.6256033333
biolumo	2025-04-21 17:56:02-04:00	-77.56858	37.6058283333
biolumo	2025-04-21 18:01:15-04:00	-77.5909283333	37.626055
austin_thomas3	2025-04-19 13:44:33	-61.6509283333	12.0739111667
austin_thomas3	2025-04-19 13:42:59	-61.6517033333	12.074175
austin_thomas3	2025-04-19 13:15:36	-61.6589166667	12.0763195
austin_thomas3	2025-04-19 10:55:06	-61.6527033333	12.0754
austin_thomas3	2025-03-29 13:59:17	-61.7204666667	12.0478971667
austin_thomas3	2025-03-29 13:50:57	-61.7205383333	12.0477695
austin_thomas3	2025-03-29 13:50:40	-61.7203133333	12.0477166667
austin_thomas3	2025-03-29 14:00:16	-61.7203533333	12.0479278333
austin_thomas3	2024-02-10 13:32:35	105.8375466667	21.0479416667
austin_thomas3	2024-01-01 14:40:07	103.815155	1.3194466667
austin_thomas3	2024-01-01 17:13:37	103.8145966667	1.31337
austin_thomas3	2024-01-06 13:52:52	102.2444616667	2.1979583333
austin_thomas3	2024-07-20 13:08:15	-71.2035216667	46.810825
austin_thomas3	2024-06-08 14:13:51	-75.6679383333	41.4077616667
austin_thomas3	2024-05-11 16:09:02	-74.50412	41.3579333333
austin_thomas3	2024-01-17 11:22:03	103.8730083333	13.4458883333
bjarnelangkilde	2025-05-02 15:44:06	11.881460262	55.9458404385
beim-nature	2025-05-02 13:37:11+08:00	119.9778158429	33.0888626472
beim-nature	2025-05-01 23:03:48+08:00	110.957387	35.5937592127
beachcomber3227	2025-05-05 20:26:48+07:00	108.1060791	15.7918701
beachcomber3227	2025-05-06 13:31:43+07:00	107.9881883333	15.995745
beachcomber3227	2025-05-10 20:30:32+07:00	105.8524168799	21.0307128954
beachcomber3227	2025-05-13 11:24:22+07:00	105.9123260741	20.2722804102
ayatatsusouma	2025-05-16 06:43:16+07:00	105.8260999528	21.0238349531
ayatatsusouma	2025-05-16 06:44:53	105.8260583333	21.0238388333
ayatatsusouma	2025-05-16 06:45:31	105.826155	21.0239028333
ayatatsusouma	2025-05-16 06:45:55	105.8260883333	21.0237721667
ayatatsusouma	2025-05-16 06:45:24	105.826155	21.0239416667
ayatatsusouma	2025-05-16 14:10:40	105.8140716667	21.116775
ayatatsusouma	2025-05-16 15:01:50	105.8078166667	21.1334638333
ayatatsusouma	2025-05-16 14:59:47	105.80777	21.1324778333
ayatatsusouma	2025-05-16 14:57:57	105.8077616667	21.1329583333
ayatatsusouma	2025-05-16 14:58:49	105.807755	21.1325666667
ayatatsusouma	2025-05-16 14:57:22	105.8077616667	21.1331111667
biolumo	2025-05-17 19:43:41-04:00	-77.6215366667	37.6542333333
beachcomber3227	2025-05-18 15:33:31+10:00	144.4031836824	-38.2745235557
ayatatsusouma	2025-05-18 15:18:34+07:00	105.7366033333	19.8195133333
ayatatsusouma	2025-05-18 10:27:00+09:00	105.7464046912	19.8806186769
beachcomber3227	2025-05-20 13:45:29+10:00	143.9678285	-36.4357465
bjarnelangkilde	2025-05-21 09:34:14	11.9938092312	56.0114224927
bjarnelangkilde	2025-05-21 09:41:53	11.9938008277	56.0114266843
bjarnelangkilde	2025-05-21 09:46:13	11.993779181	56.0114491806
bjarnelangkilde	2025-05-21 09:47:19	11.9937882275	56.0114451595
bjarnelangkilde	2025-05-21 09:55:52	11.9937091296	56.0114982885
bjarnelangkilde	2025-05-21 10:05:10	11.9937911328	56.0114213295
bjarnelangkilde	2025-05-21 10:07:15	11.9937922913	56.0114253143
bjarnelangkilde	2025-05-21 10:12:13	11.9937283527	56.0114820269
bjarnelangkilde	2025-05-21 10:15:26	11.9937344041	56.0113802075
bjarnelangkilde	2025-05-21 11:45:20	11.9938061377	56.011485273
bjarnelangkilde	2025-05-21 11:49:15	11.9938018224	56.0114055526
bjarnelangkilde	2025-05-21 12:04:18	11.9938122612	56.0113821413
bjarnelangkilde	2025-05-21 12:17:57	11.9938090358	56.0114272545
beejay79	2025-05-31 11:22:45	114.0109472167	-22.087525
beejay79	2025-04-16 12:36:53	115.6839916667	-31.5463783333
beejay79	2025-04-15 14:21:14	115.6840216667	-31.5452533333
beejay79	2025-04-11 12:42:28	115.6822283333	-31.54773
beejay79	2025-04-11 13:18:04	115.6828466667	-31.5458083333
beejay79	2024-06-30 14:49:22	115.8880383333	-31.950855
beejay79	2024-05-07 16:41:43	115.3238216667	-8.4008216667
beejay79	2025-06-01 12:32:26	113.8704533333	-22.1453666667
beejay79	2024-12-27 05:37:44	-0.939525	50.845955
beejay79	2024-12-27 05:39:10	-0.9395116667	50.84595
beejay79	2024-12-27 05:38:41	-0.9395083333	50.8459583333
beejay79	2025-06-02 12:58:33	113.9900971668	-22.28589129
beejay79	2024-05-07 10:58:10	115.258225608	-8.5773679583
biolumo	2025-06-04 18:01:36+07:00	105.8518833333	21.0313611667
ayatatsusouma	2025/05/18 3:16 PM	105.7367333333	19.8197111111
biolumo	2025-06-08 10:45:06+07:00	106.8036583333	10.9583866667
beachboyz2men	2025-04-12 08:21:04-07:00	-118.1832898358	34.1004900578
beachboyz2men	2025-05-03 14:22:39-07:00	-118.1834486211	34.1003591869
beachboyz2men	2025-06-08 17:17:17-07:00	-118.428995	34.0722471667
beejay79	2024-04-30 07:09:55	116.9717416667	-32.7832616667
beejay79	2023-12-18 12:46:43	113.718925	-25.793495
bjarnelangkilde	2025-06-12 10:47:38	11.9162680954	55.9588397057
biolumo	2025-06-13 20:08:31+07:00	106.8081666667	11.0248721667
bjarnelangkilde	2025-06-15 13:18:36	11.8816677348	55.9458411323
bjarnelangkilde	2025-06-15 13:39:37	11.881741	55.9458752
bigpei	2025-05-18 09:55:33	-0.1275863126	51.5062856705
bigpei	2025-05-18	-0.1275863126	51.5062856705
bigpei	2025-05-19 17:08:39	-0.6157138199	51.4803397217
bigpei	2025-05-20 17:05:39	-0.1275863126	51.5062856705
bigpei	2025-05-20 17:03:09	-0.1275863126	51.5062856705
bigpei	2025-05-25 11:08:47	-0.1891282573	51.9895023039
bigpei	2025-05-25 11:30:42	-0.1891282573	51.9895023039
bigpei	2025-05-25 12:01:35	-0.1891282573	51.9895023039
bigpei	2025-05-25 12:09:49	-0.1891282573	51.9895023039
bigpei	2025-05-25 16:25:10	-0.1891282573	51.9895023039
bigpei	2025-05-30 12:49:26	-0.2955730632	51.4787425494
bigpei	2025-05-30 13:55:17	-0.2955730632	51.4787425494
bigpei	2025-05-30 12:58:19	-0.2955730632	51.4787425494
bigpei	2025-05-30 13:52:33	-0.2955730632	51.4787425494
bigpei	2025-05-30 15:06:04	-0.2955730632	51.4787425494
bigpei	2025-05-30 15:10:49	-0.2955730632	51.4787425494
bigpei	2025-06-15 15:59:56	103.7486386299	1.6107372777
bigpei	2025-06-19 10:58:54	103.7871031836	1.2990240084
biolumo	2025-06-14 15:47:29+07:00	106.800155	10.9573166667
biolumo	2025-06-14 15:47:40+07:00	106.8000416667	10.957345
biolumo	2025-06-21 16:39:18-04:00	-77.5945583333	37.6347583333
biolumo	2025-06-14 20:32:35+07:00	106.8277666667	10.9344083333
bjarnelangkilde	2025-06-22 14:56:07	11.8814748361	55.9458280909
beachboyz2men	2025-06-22 15:12:41-07:00	-118.1925064436	34.0910541579
beachcomber3227	2025-07-02 14:32:14+10:00	144.4029216667	-38.2743833333
boeybros	2025-07-05 11:25:25	103.7514681132	1.383316502
bigpei	2025-07-11	12.4713187292	44.9612190931
bigpei	2025-07-18 12:47:20	103.7871031836	1.2990240084
boeybros	2025-07-21 23:51:51	100.4812780304	5.3512856091
boeybros	2025-07-20 20:16:30	100.4813533333	5.3513616667
boeybros	2025-07-22 16:48:23	100.47538	5.35208
beachcomber3227	2025-08-03 16:33:43+10:00	144.4031833333	-38.27458
bigpei	2025-08-03 12:48:05	103.7540898845	1.3557602962
beim-nature	2025-08-05 17:55:23+08:00	102.94863	37.929475
blondeel	2025-08-08 17:26:20+02:00	3.2715546813	51.341120658
bjarnelangkilde	2025-08-14 11:26:38	12.0384477952	55.9758888831
bafut	2025-08-15 13:48:00+03:00	29.809655	58.8951616667
asuantodilae	2025/07/12 5:39 PM	108.2868780142	16.1087401032
asuantodilae	2025/07/02 4:30 PM	108.283382933	16.1271066286
bjarnelangkilde	2025-09-02 09:25:00	11.8516668857	55.954089346
bjarnelangkilde	2025-09-02 09:26:33	11.8518241165	55.9542276809
bjarnelangkilde	2025-09-02 09:28:25	11.8516206924	55.9540939664
bjarnelangkilde	2025-09-02 09:33:08	11.8515862328	55.9541703168
bjarnelangkilde	2025-09-02 09:36:56	11.8516910568	55.954114464
bjarnelangkilde	2025-09-02 09:38:57	11.8516886103	55.9541146819
bjarnelangkilde	2025-09-02 09:44:15	11.851663369	55.9540741299
bjarnelangkilde	2025-09-02 10:02:15	11.8516627478	55.9541175386
bjarnelangkilde	2025-09-02 10:05:47	11.8516808546	55.9541342002
bjarnelangkilde	2025-09-02 10:07:05	11.8517543222	55.954101528
bjarnelangkilde	2025-09-02 10:08:31	11.8516927903	55.9541217983
bjarnelangkilde	2025-09-02 10:10:36	11.8516710314	55.9541320039
bjarnelangkilde	2025-09-02 10:13:47	11.8516830866	55.9541223298
bjarnelangkilde	2025-09-02 10:59:21	11.8516414824	55.9541126836
bjarnelangkilde	2025-09-02 11:04:16	11.8516787115	55.954109857
bjarnelangkilde	2025-09-02 11:07:54	11.8518508	55.953913
bigpei	2025-08-24 23:30:53	103.9567877725	1.3495902531
boeybros	2025-09-09 21:39:50	103.7448716667	1.38203
bjarnelangkilde	2025-09-19 23:12:56	22.9769543	37.9725363
boeybros	2025-09-23 11:01:11	109.8343583333	28.7605716667
boeybros	2025-09-23 11:44:06	109.833855	28.7592366667
boeybros	2025-09-23 11:02:44	109.8338916667	28.7608083333
boeybros	2025-09-23 11:49:15	109.83403	28.7593883333
boeybros	2025-09-23 11:48:44	109.8340133333	28.7593716667
boeybros	2025-09-23 11:01:43	109.8342216667	28.7605883333
boeybros	2025-09-23 11:36:04	109.8323666667	28.7603383333
boeybros	2025-09-24 15:19:38	110.47885	29.0532333333
asuantodilae	2025/09/27 4:29 PM	98.3385957657	7.8465423393
asuantodilae	2025/09/08 10:25 AM	108.3019504548	16.1048563436
asuantodilae	2025/10/02 11:09 PM	98.3230333804	7.9549885255
asuantodilae	2025/10/02 6:28 PM	98.3409660006	7.8462943516
asuantodilae	2025/03/31 3:33 PM	108.235753	15.995233
asuantodilae	2025/10/07 12:41 AM	98.3132900518	7.926523805
baki256	2025-10-04 00:19:58	105.8213116667	20.982375
beachboyz2men	2025-10-14 13:49:48+09:00	134.1412666667	34.3592416667
bjarnelangkilde	2025-10-14 11:50:02	11.8817269181	55.9458995191
baki256	2025-10-25 14:44:33	105.9043938519	21.026973239
asuantodilae	2025/10/28 4:04 PM	98.3170044422	7.8194222633
asuantodilae	2025/10/28 4:29 AM	98.3138625899	7.9435945601
asuantodilae	2025/10/30 8:25 PM	98.3135148266	7.8211856392
bafut	2025-11-16 14:39:10+02:00	34.839895	32.297375
beachcomber3227	2025-12-02 15:30:00+11:00	144.4033153725	-38.2746351866
beachboyz2men	2025-12-05 22:13:10-08:00	-118.39193	33.8392133333
bafut	2025-12-30 14:57:23-06:00	-84.1469638333	9.3892533333
bafut	2025-12-30 13:17:32-06:00	-84.2128616667	9.5779216667
bafut	2025-12-30 12:33:03-06:00	-84.2101966667	9.5802466667
bafut	2025-12-30 12:21:15-06:00	-84.2098216667	9.580695
bafut	2025-12-30 12:21:31-06:00	-84.20983	9.5806966667
bafut	2025-12-30 12:07:40-06:00	-84.211525	9.58012
bafut	2025-12-30 12:31:03-06:00	-84.2104866667	9.5801466667
bafut	2025/12/31 21:05	-84.1557196	9.4098422
bafut	2025/12/31 21:12	-84.1557196	9.4098422
bafut	2025/12/31 22:39	-84.1557196	9.4098422
bafut	2025/12/31 23:14	-84.1557196	9.4098422
bafut	2025/12/31 11:11	-84.1998212446	9.4635271122
bafut	2025/12/31 11:30	-84.1557196	9.4098422
bafut	2025/12/31 11:00	-84.1557196	9.4098422
beachcomber3227	2026-01-02 16:38:08+11:00	144.403234349	-38.2744296868
beachcomber3227	2026-01-03 12:16:13+11:00	144.4028469167	-38.2748480905
bafut	2026-01-02 15:35:14-06:00	-84.724655	10.451275
bafut	2026-01-06 11:03:00-06:00	-82.727975	9.644255
bafut	2026-01-06 07:16:29-06:00	-82.7135166667	9.6379
bafut	2026-01-05 17:31:30-06:00	-82.7136216667	9.6379533333
bafut	2026-01-04 13:33:59-06:00	-83.5131383333	10.545005
bafut	2026-01-08 10:35:18-05:00	-82.2676783333	9.279275
bafut	2026-01-08 10:41:22-05:00	-82.26777	9.2785466667
bafut	2026-01-08 11:09:15-05:00	-82.2672583333	9.28038
bafut	2026-01-08 11:12:08-05:00	-82.26732	9.2801333333
bafut	2026-01-08 10:58:23-05:00	-82.267455	9.2787533333
beachcomber3227	2026-01-11 10:07:07+11:00	144.4031221576	-38.2743970525
beachcomber3227	2026-01-11 10:06:43+11:00	144.4031590201	-38.2744118122
blurredimages	2026-01-11 13:59:46	100.5625464767	13.7039921201
beachcomber3227	2026-01-15 13:06:00+11:00	144.4006025052	-38.2873214803
beejay79	2025-07-05 10:30:39	115.9799497944	-33.0003947326
beejay79	2025-12-06 15:38:36	116.0293885093	-31.6597947044
beejay79	2025-12-17 21:06:21	116.0293945049	-31.6597946194
blurredimages	2026-01-27 13:01:15	105.822840482	21.0632830857
blurredimages	2026-02-08 13:40:38	105.8255270496	21.0680449568
boeybros	2026-02-11 17:36:09	103.9272466667	1.37318
blurredimages	2026-02-12 13:27:15	105.8273182	21.0614347
boeybros	2026-02-14 10:27:37	103.878251002	1.2671809513
boeybros	2026-02-14 10:19:52	103.8255783333	1.3607966667
boeybros	2026-02-14 10:19:57	103.82557	1.3607916667
boeybros	2026-02-14 10:15:28	103.8270416667	1.360275
boeybros	2026-02-14 12:37:03	103.826645	1.3599633333
boeybros	2026-02-14 10:02:31	103.83155	1.3591966667
bluehandwhiterice	Sun Feb 22 2026 07:18:22 GMT +0700 (GMT)	109.0727157593	14.7073345184
bluehandwhiterice	Sun Feb 22 2026 07:23:11 GMT +0700 (GMT)	109.0726928711	14.7072534561
bluehandwhiterice	Sun Feb 22 2026 07:25:45 GMT +0700 (GMT)	109.0726928711	14.7072563171
bluehandwhiterice	Sun Feb 22 2026 07:28:45 GMT +0700 (GMT)	109.0726623535	14.7073945999
bluehandwhiterice	Sun Feb 22 2026 08:10:09 GMT +0700 (GMT)	109.0716323853	14.7069797516
bluehandwhiterice	Sun Feb 22 2026 07:34:23 GMT +0700 (GMT)	109.0727005005	14.7072696686
bluehandwhiterice	Sun Feb 22 2026 07:21:05 GMT +0700 (GMT)	109.0727005005	14.7073717117
bluehandwhiterice	Sun Feb 22 2026 07:22:49 GMT +0700 (GMT)	109.0727310181	14.7072534561
blurredimages	2026-02-22 18:25:26	144.99410124	-37.78400093
beachcomber3227	2026-02-24 15:28:17+11:00	144.3959129385	-38.2937718862
blurredimages	2026-02-26 11:58:03	145.2368364483	-37.9664512346
bluehandwhiterice	Fri Feb 27 2026 08:58:47 GMT +0700 (GMT)	105.9057312012	21.0186519623
bluehandwhiterice	Fri Feb 27 2026 09:20:55 GMT +0700 (GMT)	105.9044723511	21.0175228119
bluehandwhiterice	Fri Feb 27 2026 09:21:23 GMT +0700 (GMT)	105.9043807983	21.0176944733
bluehandwhiterice	Fri Feb 27 2026 09:23:19 GMT +0700 (GMT)	105.9040527344	21.0183868408
bluehandwhiterice	Fri Feb 27 2026 09:46:35 GMT +0700 (GMT)	105.9067687988	21.0193805695
bluehandwhiterice	Sun Mar 01 2026 09:24:56 GMT +0700 (GMT)	105.9047393799	21.0159568787
beachcomber3227	2026-03-01 14:51:29+11:00	144.3937343	-38.2943878
bluehandwhiterice	Mon Mar 02 2026 08:10:58 GMT +0700 (GMT)	105.9058609009	21.018693924
bluehandwhiterice	Mon Mar 02 2026 08:11:45 GMT +0700 (GMT)	105.9057159424	21.0184841156
bluehandwhiterice	Mon Mar 02 2026 08:12:41 GMT +0700 (GMT)	105.9056549072	21.0186195374
bluehandwhiterice	Mon Mar 02 2026 08:18:08 GMT +0700 (GMT)	105.9044342041	21.0181217194
bluehandwhiterice	Mon Mar 02 2026 08:22:10 GMT +0700 (GMT)	105.904510498	21.0178985596
bluehandwhiterice	Mon Mar 02 2026 08:23:17 GMT +0700 (GMT)	105.904510498	21.0178775787
bluehandwhiterice	Mon Mar 02 2026 08:28:52 GMT +0700 (GMT)	105.9045333862	21.0176868439
bluehandwhiterice	Mon Mar 02 2026 08:35:12 GMT +0700 (GMT)	105.9047164917	21.0171813965
bluehandwhiterice	Mon Mar 02 2026 08:37:19 GMT +0700 (GMT)	105.9044036865	21.0176734924
bluehandwhiterice	Mon Mar 02 2026 08:38:16 GMT +0700 (GMT)	105.9043655396	21.0178127289
bluehandwhiterice	Tue Mar 03 2026 16:50:42 GMT +0700 (GMT)	105.8661651611	21.0594940186
bluehandwhiterice	Wed Mar 04 2026 14:10:02 GMT +0700 (GMT)	105.8677215576	21.0624599457
bluehandwhiterice	Thu Mar 05 2026 17:00:02 GMT +0700 (GMT)	105.9305419922	20.9591560364
bluehandwhiterice	Thu Mar 05 2026 17:05:39 GMT +0700 (GMT)	105.9317779541	20.957818985
bluehandwhiterice	Tue Mar 10 2026 08:48:13 GMT +0700 (GMT)	105.9043273926	21.0114192963
bluehandwhiterice	Wed Mar 11 2026 17:21:01 GMT +0700 (GMT)	105.8671569824	21.0597133636
bluehandwhiterice	Fri Mar 13 2026 09:49:11 GMT +0700 (GMT)	105.9059066772	21.0150165558
bjarnelangkilde	2026-03-14 13:15:23	16.6102810558	40.6690836598
boeybros	2026-03-16 17:09:12	103.92308	1.37815
bluehandwhiterice	Wed Mar 18 2026 11:08:52 GMT +0700 (GMT)	105.8675613403	21.0585746765
bigpei	2025-11-21 22:14:10	103.7905488163	1.4049843225
bigpei	2025-11-29 13:33:11	12.3159544542	45.4401235277
bigpei	2025-11-30 12:10:39	12.3159544542	45.4401235277
bigpei	2025-11-30 13:00:47	12.4166559801	45.4853903445
bigpei	2025-12-27 14:40:01	103.814933449	1.3223682047
bigpei	2025-12-27 14:44:11	103.814933449	1.3223682047
bigpei	2025-12-27 14:56:20	103.814933449	1.3223682047
bigpei	2025-12-27 14:57:24	103.814933449	1.3223682047
bigpei	2025-12-27 15:02:32	103.814933449	1.3223682047
bigpei	2026-01-27	12.2034954652	44.4184368528
bigpei	2026-02-02 19:04:30	103.9028938115	1.3196997808
bigpei	2026-02-27 10:05:11	40.0231125578	-3.3486009435
bigpei	2026-02-27 10:56:25	40.0139484555	-3.3540073972
bigpei	2026-02-27 10:57:19	40.0139484555	-3.3540073972
bigpei	2026-02-27 10:58:48	40.0139484555	-3.3540073972
bigpei	2026-02-27 16:15:22	40.0139484555	-3.3540073972
bigpei	2026-02-27 18:05:09	40.0150815391	-3.2323063303
bigpei	2026-02-28 13:09:17	40.0139484555	-3.3540073972
bigpei	2026-03-01 10:33:00	40.0139484555	-3.3540073972
bigpei	2026-03-01 10:33:37	40.0139484555	-3.3540073972
bigpei	2026-03-01 10:39:34	40.0139484555	-3.3540073972
bigpei	2026-03-01 10:44:37	40.0139484555	-3.3540073972
bigpei	2026-03-01 11:07:17	40.0139484555	-3.3540073972
bigpei	2026-03-01 11:08:41	40.0139484555	-3.3540073972
bigpei	2026-03-01 11:12:46	40.0139484555	-3.3540073972
bigpei	2026-03-01 11:16:02	40.0139484555	-3.3540073972
bigpei	2026-03-01 11:31:42	40.0139484555	-3.3540073972
bigpei	2026-03-01 12:22:16	40.0139484555	-3.3540073972
bigpei	2026-03-02 08:52:55	37.9111146927	-2.9644272166
bigpei	2026-03-02 09:35:20	37.9111146927	-2.9644272166
bigpei	2026-03-02 09:49:03	38.81735567	-2.7847679422
bigpei	2026-03-02 10:27:09	38.9062781121	-2.7842608176
bigpei	2026-03-02 10:49:14	38.9538478706	-2.6670416447
bigpei	2026-03-02 11:00:57	38.81735567	-2.7847679422
bigpei	2026-03-02 12:43:03	38.8965310542	-2.6632523756
bigpei	2026-03-02 13:29:56	38.9148786697	-2.6544331694
bigpei	2026-03-02 13:31:02	38.8812417074	-2.751704639
bigpei	2026-03-02 13:40:55	38.81735567	-2.7847679422
bigpei	2026-03-02 13:57:50	38.81735567	-2.7847679422
bigpei	2026-03-02 14:20:01	38.81735567	-2.7847679422
bigpei	2026-03-02 14:43:12	38.81735567	-2.7847679422
bigpei	2026-03-02 15:15:06	38.81735567	-2.7847679422
bigpei	2026-03-02 18:05:59	38.8896258849	-2.7205219024
bigpei	2026-03-02 18:10:22	38.9971114495	-2.7928716678
bigpei	2026-03-05 09:43:28	40.0139484555	-3.3540073972
bigpei	2026-03-05 10:22:04	40.0139484555	-3.3540073972
bigpei	2026-03-05 10:49:48	40.0139484555	-3.3540073972
bigpei	2026-03-05 11:08:20	40.0139484555	-3.3540073972
bigpei	2026-03-05 11:08:26	40.0139484555	-3.3540073972
bigpei	2026-03-05 11:08:34	40.0139484555	-3.3540073972
bigpei	2026-03-05 11:08:50	40.0139484555	-3.3540073972
bigpei	2026-03-05 11:09:28	40.0139484555	-3.3540073972
bigpei	2026-03-05 11:09:42	40.0139484555	-3.3540073972
bigpei	2026-03-05 11:11:19	40.0139484555	-3.3540073972
bigpei	2026-03-05 11:12:08	40.0139484555	-3.3540073972
bigpei	2026-03-05 11:13:34	40.0139484555	-3.3540073972
bigpei	2026-03-05 11:14:20	40.0139484555	-3.3540073972
bigpei	2026-03-05 11:17:49	40.0139484555	-3.3540073972
bigpei	2026-03-05 11:45:33	40.0139484555	-3.3540073972
bigpei	2026-03-05 11:46:39	40.0139484555	-3.3540073972
bigpei	2026-03-05 11:47:00	40.0139484555	-3.3540073972
bigpei	2026-03-05 11:50:29	40.0139484555	-3.3540073972
bigpei	2026-03-06 11:24:55	40.0139484555	-3.3540073972
bigpei	2026-03-07 09:27:56	40.0139484555	-3.3540073972
bigpei	2026-03-07 09:54:24	40.0139484555	-3.3540073972
bigpei	2026-03-07 10:05:46	40.0139484555	-3.3540073972
bigpei	2026-03-07 10:21:19	40.0139484555	-3.3540073972
bigpei	2026-03-07 10:22:19	40.0139484555	-3.3540073972
bigpei	2026-03-07 10:50:19	40.0139484555	-3.3540073972
bigpei	2026-03-07 10:22:56	40.0139484555	-3.3540073972
bigpei	2026-03-07 10:50:32	40.0139484555	-3.3540073972
bigpei	2026-03-07 10:59:07	40.0139484555	-3.3540073972
bigpei	2026-03-07 11:12:12	40.0139484555	-3.3540073972
bigpei	2026-03-07 11:16:55	40.0139484555	-3.3540073972
bigpei	2026-03-01 11:59:21	40.0139484555	-3.3540073972
bigpei	2026-03-07 11:22:01	40.0139484555	-3.3540073972
bigpei	2026-03-07 11:42:43	40.0139484555	-3.3540073972
bigpei	2026-03-07 11:54:48	40.0139484555	-3.3540073972
bigpei	2026-03-07 12:01:13	40.0139484555	-3.3540073972
bigpei	2026-03-07 12:15:52	40.0139484555	-3.3540073972
bigpei	2026-03-07 13:30:43	40.0139484555	-3.3540073972
bigpei	2026-03-03	40.0973396842	-3.3749463009
bigpei	2026-03-15 18:58:46	103.9028938115	1.3196997808
bigpei	2025-12-10	12.3159544542	45.4401235277
bigpei	2026-01-25 18:01:01	103.9028938115	1.3196997808
boeybros	2026-03-18 17:35:59	103.92717	1.3731466667
boeybros	2026-03-19 09:02:28	103.8020805886	1.2671111773
boeybros	2026-03-21 11:09:15	103.6791166667	1.3275416667
boeybros	2026-03-21 11:14:01	103.6792833333	1.32972
boeybros	2026-03-21 11:14:54	103.6787873694	1.3300343603
boeybros	2026-03-21 11:15:19	103.6786190608	1.3301212806
boeybros	2026-03-21 11:18:15	103.6783282925	1.3317198772
boeybros	2026-02-14 12:23:50	103.8976427883	1.3669655607
boeybros	2026-02-14 10:17:51	103.8265133333	1.3598783333
boeybros	2026-02-14 11:03:26	103.81215	1.3576633333
boeybros	2026-02-14 10:27:37	103.822425	1.3608
boeybros	2026-03-21 13:34:36	103.6792493799	1.3296583062
boeybros	2026-03-21 13:34:18	103.6792477873	1.3296627905
boeybros	2026-03-21 13:34:03	103.679244686	1.3296706276
boeybros	2026-03-21 13:35:54	103.6792637968	1.3288564514
boeybros	2026-03-21 13:36:33	103.6792075542	1.3288068725
boeybros	2026-03-21 13:37:55	103.6792521459	1.3283441076
boeybros	2026-03-21 13:37:40	103.6794010923	1.3282365259
bigpei	2026-03-02 18:10:22	38.81735567	-2.7847679422
boeybros	2026-03-23 10:51:18	103.7446713914	1.3790004747
boeybros	2026-03-23 11:24:09	103.7302542118	1.3364520754
boeybros	2026-03-23T16:21	105.8266241637	21.0724978215
boeybros	2026-03-24 11:35:53	103.7448302248	1.3802414136
boeybros	2026-03-24 11:36:15	103.7448643544	1.3802160607
beachboyz2men	2026-03-24 08:28:30-07:00	-118.1809916667	34.1023833333
bigpei	2026-03-28 15:24:18	103.8066849858	1.3996463141
bigpei	2026-03-28 15:25:49	103.806937784	1.3998531177
bigpei	2026-03-28 15:42:49	103.806937784	1.3998531177
bigpei	2026-03-28 15:45:24	103.806937784	1.3998531177
bigpei	2026-03-28 15:47:25	103.806937784	1.3998531177
bigpei	2026-03-28 16:15:31	103.806937784	1.3998531177
bigpei	2026-03-28 16:15:51	103.806937784	1.3998531177
bigpei	2026-03-28 16:18:07	103.806937784	1.3998531177
bigpei	2026-03-28 16:19:20	103.806937784	1.3998531177
bigpei	2026-03-28 16:24:12	103.806937784	1.3998531177
bigpei	2026-03-28 16:31:48	103.806937784	1.3998531177
bigpei	2026-03-28 16:36:44	103.806937784	1.3998531177
bigpei	2026-03-28 16:46:56	103.806937784	1.3998531177
bigpei	2026-03-28 16:47:51	103.806937784	1.3998531177
bigpei	2026-03-28 16:51:14	103.806937784	1.3998531177
bigpei	2026-03-28 16:52:49	103.806937784	1.3998531177
bigpei	2026-03-28 16:54:53	103.806937784	1.3998531177
bigpei	2026-03-28 17:07:11	103.806937784	1.3998531177
bigpei	2026-03-28 17:10:42	103.806937784	1.3998531177
bigpei	2026-03-28 17:12:22	103.806937784	1.3998531177
bigpei	2026-03-28 18:04:02	103.806937784	1.3998531177
bigpei	2026-03-28 19:52:43	103.7747354194	1.4218570197
baki256	2026-03-29 20:24:04	105.8093500273	20.9918695379
blurredimages	2026-04-04 10:14:35	114.98627321	-33.85808062
blurredimages	2026-04-04 10:26:54	114.98664643	-33.8567228
beachcomber3227	2026-04-06 13:51:25+10:00	144.3938616667	-38.294375
blurredimages	2026-04-07 14:21:55	2.331991978	48.8140760077
beachcomber3227	2026-04-09 14:21:47+10:00	144.3937343	-38.2943878
bigpei	2026-04-09 16:51:02	103.7871031836	1.2990240084
beachcomber3227	2026-04-10 15:21:57+10:00	144.4031966667	-38.2743249902
bluehandwhiterice	Thu Apr 23 2026 16:47:26 GMT +0700 (GMT)	105.9274902344	20.964881897
blurredimages	2026-04-26 10:02:04	12.3288837075	51.3318473973
beachcomber3227	2026-05-05 15:31:17+08:00	116.0856695	-8.3638083291
beachcomber3227	2026-05-06 15:30:16+08:00	116.0812374	-8.3576195
bluehandwhiterice	Fri May 08 2026 17:07:02 GMT +0700 (GMT)	105.8734054565	21.0593395233
bluehandwhiterice	Thu May 14 2026 16:17:36 GMT +0700 (GMT)	106.3932647705	22.7121963501
bluehandwhiterice	Thu May 14 2026 10:18:12 GMT +0700 (GMT)	106.4854507446	22.2466030121
bigpei	2026-05-15 09:27:54	103.9028938115	1.3196997808
bjarnelangkilde	2026-05-17 12:01:17	11.8814524653	55.9457392245
bjarnelangkilde	2026-05-18 11:16:49	11.8816221607	55.9458107179
bigpei	2026-05-18 22:28:00	12.1795772016	44.6939750015
bjarnelangkilde	2026-05-19 09:27:49	11.9939049943	56.0113798479
bjarnelangkilde	2026-05-19 09:29:44	11.9939387847	56.0114095805
bjarnelangkilde	2026-05-19 09:32:18	11.9938387392	56.0114610934
bjarnelangkilde	2026-05-19 09:33:55	11.9938657193	56.011362164
bjarnelangkilde	2026-05-19 09:42:29	11.9938264024	56.0114187314
bigpei	2026-05-19 13:53:35	103.7880208343	1.3007204042
bigpei	2026-05-19 22:47:00	12.1795772016	44.6939750015
bigpei	2026-05-19 22:49:00	12.1795772016	44.6939750015
boeybros	2026-05-21 18:32:06	104.4131383333	30.2943833333
boeybros	2026-05-21 19:16:28	104.4130783333	30.2945333333
boeybros	2026-05-22 13:53:59	103.8445366667	31.6835783333
boeybros	2026-05-22 16:33:24	103.7149572748	32.0655998532
boeybros	2026-05-22 14:05:26	103.8447116667	31.6835033333
boeybros	2026-05-22 14:05:14	103.8446666667	31.6835333333
boeybros	2026-05-23 09:00:50	103.91887	33.2723416667
boeybros	2026-05-23 10:53:04	103.89347	33.197345
boeybros	2026-05-23 10:53:28	103.8934466667	33.1974
boeybros	2026-05-24 11:19:45	103.8251283333	32.7498666667
boeybros	2026-05-24 10:58:10	103.8230216667	32.7520866667
boeybros	2026-05-24 09:35:14	103.631905	32.7754216667
boeybros	2026-05-26 10:16:00	103.333695	29.5377116667
boeybros	2026-05-26 10:15:37	103.3335716667	29.5377633333
boeybros	2026-05-27 10:47:20	104.1387638333	30.7407583333
boeybros	2026-05-27 11:10:54	104.1384721667	30.73815
boeybros	2026-05-27 11:24:29	104.1435166667	30.7352333333
boeybros	2026-05-27 11:01:50	104.1369083333	30.7397716667
boeybros	2026-05-27 10:55:16	104.1387166667	30.74083
boeybros	2026-05-27 11:05:28	104.1382221667	30.7383716667
boeybros	2026-05-31 16:52:07	103.88063	1.3147466667
boeybros	2026-05-27 09:50:05	104.1333153815	30.7099015951
beejay79	2026-04-19 09:24:08	116.0764611667	-31.4217633333
beejay79	2026-04-19 09:28:08	116.0772942852	-31.4220610447
beejay79	2026-03-15 18:41:53	116.0551916667	-31.6491083333
beejay79	2026-06-04 09:28:24	105.8514166667	21.0277638333
beejay79	2026-06-03 11:49:16	105.9362416667	20.230555
beejay79	2026-06-01 18:44:54	108.3220883333	15.8765
beejay79	2026-05-31 10:39:02	108.1203471667	15.76832
blurredimages	2026-04-30 17:36:34	-0.058496967	51.5420307369
blurredimages	2026-06-10 17:57:49	-8.8026596233	38.9369632417
boeybros	2026-06-16 07:46:15	103.924545	1.375545
boeybros	2026-06-17 07:47:07	103.9884866667	1.3533866667
boeybros	2026-06-17 07:46:47	103.9887383333	1.35323
boeybros	2026-06-17 07:46:43	103.9884633333	1.3534033333
boeybros	2026-06-17 07:47:32	103.9883633333	1.35303
bellingbella	2026/04/23 10:35 AM	103.7379367533	21.6238295659
boeybros	2026-06-20 12:55:45	135.8441166667	34.6895
bellingbella	2026-06-21 17:26:09	104.9080794677	23.7395120475
boeybros	2026-06-20 15:15:35	135.8393083333	34.6795083333
boeybros	2026-06-22 10:56:50	135.781355	34.9690783333
boeybros	2026-06-22 10:36:33	135.7789783333	34.970055
boeybros	2026-06-22 11:55:04	135.7828533333	34.9671966667
boeybros	2026-06-22 11:56:55	135.7826083333	34.9674833333
boeybros	2026-06-22 12:10:34	135.7789783333	34.9700366667
boeybros	2026-06-23 12:35:20	135.77188	35.0345638333
boeybros	2026-06-23 12:18:59	135.7714083333	35.0312583333
boeybros	2026-06-23 11:32:36	135.7719716667	35.0294638333
bigpei	2026-06-24 09:28:00	12.1795772016	44.6939750015
bellingbella	2026/04/23 1:25 PM	105.1647711009	21.5276398297
bellingbella	2026/04/02 1:25 PM	106.0477241604	20.4030663229
bellingbella	2026-06-27 19:45:05	105.7297698516	21.7915179897
bigpei	2026-06-27 18:02:50	103.7905488163	1.4049843225
bigpei	2026-06-27 17:19:59	103.7905488163	1.4049843225
bellingbella	2026-06-28 16:48:56	104.7349611676	20.1027637146
bellingbella	2026-06-29 17:15:41	103.6633016055	21.1568323546
bellingbella	2026-06-30 18:10:10	105.2677476034	21.4766649913
bellingbella	2026-06-30 17:34:46	104.9640689071	21.4744638436
bellingbella	2026-07-01 17:06:25	106.0662988418	20.3382668222
bellingbella	2026-07-01 16:38:19	106.0336782063	19.9308362888
bellingbella	2026-07-01 15:53:16	105.3105701364	21.1424470052
beachcomber3227	2026-07-04 09:49:16+10:00	144.4031533333	-38.2742883333
bellingbella	2026-07-05 16:32:27	104.8872669575	20.5583469218
bellingbella	2026-07-05 16:22:12	103.6338024063	20.7460962292
bellingbella	2026-07-05 10:16:34	106.1717573181	20.3507659793
beachboyz2men	2026-07-06 15:54:03-07:00	-118.1840602913	34.0988708504
blurredimages	2026-07-06 19:48:44	-123.0571213737	49.2422738104
axelle90378	2026-06-21 11:23:37	6.0005602241	45.4988822967
axelle90378	2026-06-21 11:25:46	6.0005602241	45.4988822967
axelle90378	2026-06-21 11:17:19	6.023625	45.4989138889
axelle90378	2026-06-21 12:27:57	6.0005602241	45.4988822967
axelle90378	2026-07-03 11:16:16	8.331716106	46.8678701612
axelle90378	2026-04-03 04:58:48	103.9840199053	10.2898507645
axelle90378	2026-04-03 04:29:55	103.9840199053	10.2898507645
axelle90378	2026-04-03 04:11:16	103.9840199053	10.2898507645
axelle90378	2026-04-03 04:29:19	103.9840199053	10.2898507645
axelle90378	2026-04-28 18:12:59	2.2680243105	48.8226155259
axelle90378	2026-06-23 21:26:02	6.023625	45.4989111111
axelle90378	2026-03-27 03:01:59	105.3541013226	20.8391081683
axelle90378	2026-03-26 07:01:27	105.922989808	20.2119713939
axelle90378	2026-06-17	6.0005602241	45.4988822967
axelle90378	2026-07-09 18:26:36	11.8440352008	46.4102116171
axelle90378	2025-08-20	6.0005602241	45.4988822967
axelle90378	2026-06-21 17:05:32	5.890775	45.4012361111
axelle90378	2026-06-21 11:27:52	6.023625	45.4989111111
axelle90378	2026-05-08 10:36:12	2.2510611111	48.8213916667
axelle90378	2025-04-27 13:17:36	2.6329991966	48.4192166427
axelle90378	2026-04-01	103.9840199053	10.2898507645
axelle90378	2026-07-02 14:08:35	8.414863497	46.5724094566
axelle90378	2026-03-26 07:03:18	105.922989808	20.2119713939
axelle90378	2026-03-26 06:14:42	105.922989808	20.2119713939
axelle90378	2026-03-27 03:32:55	108.2771988586	13.9614917682
axelle90378	2026-03-27 03:05:28	105.922989808	20.2119713939
bellingbella	2026-07-12 17:33:27	105.207308876	21.743959016
bellingbella	2026-07-15 10:48:58	105.4971986425	21.9055506327
blurredimages	2026-07-17 13:33:48	-114.10602534	51.04255927
bellingbella	2026-07-18 17:30:01	105.6486140431	20.6831292766
boeybros	2026-07-19 20:50:21+08:00	103.7422009646	1.3837742193
blurredimages	2026-07-19 12:15:44	-114.1061148047	51.0423178595
blurredimages	2026-07-19 13:03:06	-114.1062733904	51.042180837
blurredimages	2026-07-22 16:56:22	-114.10611889	51.0422679
blurredimages	2026-07-22 17:01:49	-114.1061932	51.0422323
blurredimages	2026-07-22 17:11:40	-114.10601642	51.04223698
blurredimages	2026-07-22 17:21:47	-114.1063615	51.0421873
blurredimages	2026-07-22 17:24:25	-114.10600013	51.04223965
blurredimages	2026-07-22 18:00:40	-114.10611067	51.0422035
blurredimages	2026-07-22 18:09:20	-114.10613844	51.04226839
blurredimages	2026-07-22 20:20:58	-114.10857936	51.04789655
beejay79	2026-07-19 13:57:02	116.0294205885	-31.6598031835
blurredimages	2026-07-24 13:04:13	-114.08997726	51.01494935
blurredimages	2026-07-24 13:06:22	-114.09015778	51.01502305
b_g4793	2026-07-25 12:03:25+07:00	105.8375787147	21.0518439707
boeybros	2026-07-25 16:47:29	103.6783833333	1.3309366667
blurredimages	2026-07-25 14:03:55	-115.0393525511	51.0322993893
bellingbella	2026-07-26 11:59:42	106.37265075	21.1960757381
benthiczzone	2026-07-27 21:07:13	144.8077929765	-37.7233531116
bluehandwhiterice	Thu Jul 30 2026 10:19:03 GMT +0700 (GMT)	105.8402404785	21.0425720215
bjarnelangkilde	2026-07-30 07:23:09	15.6775727899	58.1866522476
bjarnelangkilde	2026-07-30 08:04:42	15.6775797878	58.1865752998
bjarnelangkilde	2026-07-30 08:09:15	15.6776365631	58.1865994181
axelle90378	2026-07-31 10:04:47	4.9104474485	45.6714873525
b_g4793	2026-07-31 19:50:59+07:00	108.3509666667	15.882825
b_g4793	2026-07-31 20:40:33+07:00	108.348	15.8776916667
bellingbella	2026-07-31 12:56:57	105.0442692844	19.6118669644
blurredimages	2026-08-03 10:32:12	-114.1067729518	51.0469061943
b_g4793	2026-08-05 19:22:43+07:00	108.3478691534	15.877384396
bellingbella	2026-08-08 18:11:59	104.4749978576	21.5948276769
bigpei	2026-08-10 08:08:27	107.1839023009	20.9100276821
bigpei	2026-08-10 08:31:08	107.1839023009	20.9100276821
bigpei	2026-08-10 13:25:24	107.1839023009	20.9100276821
bigpei	2026-08-10 16:35:57	105.8517952636	21.0299754514
bigpei	2026-08-11 17:43:04	105.8408032358	21.0298437018
b_g4793	2026-08-12 21:36:45+07:00	108.34858	15.8787
bellingbella	2026-08-09 16:58:50	104.0324795827	21.6818373061
bellingbella	2026-08-19 05:53:44	105.8332163407	21.5645499869
bellingbella	2026-08-24 13:58:19	106.3247374445	20.4337772439
beachboyz2men	2026-08-29 21:44:44-07:00	-118.2872916667	34.1069833333
bigpei	2026-08-30 16:20:00	103.9567877725	1.3495902531
bellingbella	2026/09/01 9:08 AM	105.6752784805	21.1477990236
bellingbella	2026/08/30 9:08 AM	105.7598869419	21.1843964269
bellingbella	2026/09/01 9:08 AM	105.5083560197	20.9664299216
bellingbella	2026/08/30 9:08 AM	105.10068497	20.9191656162
bellingbella	2026/08/29 9:08 AM	105.4766768465	20.8554595684
bellingbella	2026/08/30 9:08 AM	105.6370560174	20.9983009669
bellingbella	2026/08/27 9:08 AM	105.3115350034	21.1404778153
bellingbella	2026-08-13 01:01:02	105.0047560428	20.2292657462
bluehandwhiterice	Mon Sep 07 2026 17:28:03 GMT +0700 (GMT)	105.8483047485	21.0847797394
bluehandwhiterice	Mon Sep 07 2026 17:31:04 GMT +0700 (GMT)	105.8482894897	21.0847244263
bigpei	2026-09-09 20:10:27	103.8252981752	1.2863712263
calabenson	Sat May 07 2016 12:46:34 GMT-0700 (PDT)	-116.4087305592	34.1507804068
calabenson	Sat Sep 24 2016 13:11:53 GMT-0700 (PDT)	-122.4262428471	37.8060845007
calabenson	Sat Sep 24 2016 14:10:36 GMT-0700 (PDT)	-122.4262246584	37.8060977441
calabenson	Wed Sep 28 2016 08:48:00 GMT-0700 (PDT)	-118.679032063	34.14033307
calabenson	Mon Oct 03 2016 10:00:53 GMT-0700 (PDT)	-118.6789726648	34.1403116913
calabenson	Mon Oct 03 2016 10:06:23 GMT-0700 (PDT)	-118.6788978298	34.1405601403
calabenson	Mon Oct 03 2016 10:10:57 GMT-0700 (PDT)	-118.6789585386	34.1406611733
calabenson	Mon Oct 03 2016 10:15:27 GMT-0700 (PDT)	-118.6790592735	34.1404425491
calabenson	Wed Oct 05 2016 15:16:21 GMT-0700 (PDT)	-118.6789682225	34.1404407937
calabenson	Mon Oct 10 2016 15:33:37 GMT-0700 (PDT)	-118.6790646856	34.1404205135
calabenson	Sun Jun 04 2017 18:57:31 GMT-0700 (PDT)	-118.6790660956	34.1404884355
build7	Tue Oct 24 2017 10:34:53 GMT+0900 (GMT+9)	126.9966133333	37.6102133333
build7	Mon Nov 06 2017 09:45:16 GMT+0700 (GMT+7)	105.5768966667	20.910695
build7	Mon Nov 06 2017 12:46:17 GMT+0700 (GMT+7)	105.5729366667	20.9134616667
build7	Mon Nov 06 2017 13:02:20 GMT+0700 (GMT+7)	105.5715716667	20.9129716667
build7	Mon Nov 06 2017 12:45:19 GMT+0700 (GMT+7)	105.57335	20.9134116667
build7	Tue Nov 07 2017 14:23:53 GMT+0700 (GMT+7)	105.5928033333	20.3556633333
build7	Mon Nov 06 2017 06:02:34 GMT+0700 (GMT+7)	105.8996759782	20.3997001824
build7	Tue Nov 07 2017 09:36:33 GMT+0700 (GMT+7)	105.716225	20.2464083333
build7	Tue Nov 07 2017 00:50:25 GMT+0700 (GMT+7)	105.8610921756	20.513935269
build7	Mon Nov 06 2017 05:21:50 GMT+0700 (GMT+7)	105.8602743933	20.537780292
build7	Tue Nov 07 2017 14:16:12 GMT+0700 (GMT+7)	105.5935216667	20.357575
build7	Tue Nov 07 2017 13:01:09 GMT+0700 (GMT+7)	105.6022333333	20.355005
build7	Mon Nov 06 2017 05:47:54 GMT+0700 (GMT+7)	105.8641059108	20.5229444681
build7	Mon Nov 06 2017 05:51:20 GMT+0700 (GMT+7)	105.8758902064	20.511847253
build7	Tue Nov 07 2017 15:11:11 GMT+0700 (GMT+7)	105.5978383333	20.3482883333
build7	Mon Nov 06 2017 06:37:33 GMT+0700 (GMT+7)	105.8666083642	20.5071711756
build7	Wed Nov 08 2017 19:53:04 GMT+0700 (GMT+7)	103.8440383333	22.3363166667
build7	Tue Nov 07 2017 15:20:32 GMT+0700 (GMT+7)	105.5980833333	20.348245
build7	Tue Nov 07 2017 13:12:20 GMT+0700 (GMT+7)	105.6046	20.3575333333
build7	Tue Nov 07 2017 16:30:29 GMT+0700 (GMT+7)	105.6677033333	20.2934283333
build7	Mon Nov 06 2017 05:50:39 GMT+0700 (GMT+7)	105.8701903299	20.5258954499
build7	Fri Nov 10 2017 08:55:00 GMT+0700 (GMT+7)	103.9006825817	22.4076409405
build7	Fri Nov 10 2017 13:00:50 GMT+0700 (GMT+7)	105.28598	21.2600716667
build7	Fri Nov 10 2017 10:56:35 GMT+0700 (GMT+7)	104.5315083333	22.0124638833
brendan44	2018-05-03 11:22:25 AM GMT+07:00	105.8498008	21.0305486
calabenson	Sun Nov 04 2018 10:10:39 GMT-0800 (PST)	-117.350283699	33.1573425429
c26	Sat Oct 27 2018 22:42:45 GMT+0700 (GMT+7)	105.9947343406	21.142935272
calabenson	Sun Dec 16 2018 16:49:57 GMT-0800 (PST)	-118.2859411647	34.0177029123
calabenson	Sun Feb 17 2019 13:57:44 GMT-0800 (PST)	-122.4704719443	37.7681503494
calabenson	Sun Feb 17 2019 13:59:17 GMT-0800 (PST)	-122.4707962401	37.7680134274
calabenson	Tue Feb 19 2019 10:29:54 GMT-0800 (PST)	-118.6759610653	34.1402981979
calabenson	Thu Feb 21 2019 09:18:59 GMT-0800 (PST)	-118.6797594808	34.1390101615
carlosespigares	Fri Jun 14 2019 20:51:29 GMT+0700 (GMT+7)	107.0003338141	20.8525910371
carlosespigares	Wed May 15 2019 14:33:35 GMT+0700 (GMT+7)	105.8844932499	21.0118855962
carlosespigares	Sun Jun 16 2019 00:25:15 GMT+0700 (GMT+7)	107.0437947829	20.8215548727
carlosespigares	Sun Jun 16 2019 00:23:34 GMT+0700 (GMT+7)	107.035878066	20.7953334227
carlosespigares	Fri May 10 2019 14:48:51 GMT+0700 (GMT+7)	105.8822466667	21.01133055
carlosespigares	Fri Mar 22 2019 15:15:11 GMT+0700 (GMT+7)	105.3700619025	21.0816952397
carlosespigares	Sun Apr 14 2019 15:40:54 GMT+0700 (GMT+7)	105.3663783247	21.1064334787
carlosespigares	Sun Apr 14 2019 15:55:56 GMT+0700 (GMT+7)	105.3692752216	21.0572533281
carlosespigares	Sun Apr 14 2019 16:11:20 GMT+0700 (GMT+7)	105.3713239089	21.0605743417
caoimhemullen	2019-08-02 4:58:25 p.m. IST	-6.4262615326	53.9973082732
caoimhemullen	2019-08-04 10:14:54 a.m. IST	-6.4261392844	53.997393946
carlosespigares	Tue Aug 06 2019 12:01:57 GMT+0700 (GMT+7)	98.736969293	18.3401666517
cameronbraun	Sun Sep 01 2019 13:45:56 GMT-0700 (PDT)	-120.68132	39.6785133333
cameronbraun	Sun Aug 18 2019 10:54:27 GMT-0700 (PDT)	-123.32328	38.5695083333
cameronbraun	Sun Aug 18 2019 11:13:26 GMT-0700 (PDT)	-123.3379644044	38.5946846215
cameronbraun	Thu Jul 11 2019 20:25:29 GMT-0700 (PDT)	105.8981906829	21.0113549091
cameronbraun	Mon Jul 08 2019 01:41:26 GMT-0700 (PDT)	98.5564841175	18.6497280254
cameronbraun	Sun Jul 07 2019 20:55:57 GMT-0700 (PDT)	98.5188367425	18.7833434825
cameronbraun	Sat Apr 27 2019 11:45:02 GMT-0700 (PDT)	-121.36228	37.2280116667
cameronbraun	Fri Jun 07 2019 20:15:15 GMT-0700 (PDT)	-121.4284583333	37.1227916667
cameronbraun	Thu Jun 20 2019 13:35:57 GMT-0700 (PDT)	-119.6420489241	37.6120597799
cameronbraun	Sun Jun 09 2019 16:04:50 GMT-0700 (PDT)	-121.4208378555	37.1772035143
cameronbraun	Wed Jun 19 2019 18:08:59 GMT-0700 (PDT)	-119.650575	37.6985133333
cameronbraun	Wed Jun 27 2018 06:17:41 GMT-0700 (PDT)	-119.5643083333	37.7351633333
carlosespigares	Mon Oct 07 2019 15:31:54 GMT+0700 (GMT+7)	105.8367802384	20.2198527185
carlosespigares	Mon Oct 07 2019 16:33:23 GMT+0700 (GMT+7)	105.834197239	20.2181161439
carlosespigares	Mon Oct 07 2019 22:21:03 GMT+0700 (GMT+7)	105.8375633333	20.2163366667
carlosespigares	Sat Oct 12 2019 18:02:11 GMT+0700 (GMT+7)	105.8378616667	20.21808
carlosespigares	Sat Oct 12 2019 17:37:02 GMT+0700 (GMT+7)	105.8341366667	20.2179633333
carlosespigares	Sat Oct 12 2019 18:09:26 GMT+0700 (GMT+7)	105.8379883333	20.217305
carlosespigares	Sat Oct 12 2019 17:43:46 GMT+0700 (GMT+7)	105.8336866667	20.217945
carlosespigares	Mon Oct 07 2019 22:10:25 GMT+0700 (GMT+7)	105.837295	20.2168
carlosespigares	Sat Oct 05 2019 23:19:24 GMT+0700 (GMT+7)	105.837425	20.2164833333
carlosespigares	Fri Jul 05 2019 15:42:39 GMT+0700 (GMT+7)	105.9630730869	21.41622708
carlosespigares	Sat Oct 19 2019 11:26:45 GMT+0700 (GMT+7)	107.0467388333	20.7278133333
carlosespigares	Sat Oct 19 2019 11:27:00 GMT+0700 (GMT+7)	107.0467695	20.7276416667
carlosespigares	Sun Oct 20 2019 13:21:35 GMT+0700 (GMT+7)	106.9941716667	20.7700883333
carlosespigares	Sun Oct 20 2019 17:47:44 GMT+0700 (GMT+7)	107.0371691217	20.9474006625
carlosespigares	Tue Oct 22 2019 22:06:56 GMT+0700 (GMT+7)	105.6240398397	29.3292863858
carlosespigares	Thu Nov 14 2019 21:28:39 GMT+0700 (GMT+7)	98.1103445	13.68957
carlosespigares	Wed Nov 13 2019 21:45:06 GMT+0700 (GMT+7)	98.03409221	16.0456134143
carlosespigares	Thu Nov 14 2019 21:41:24 GMT+0700 (GMT+7)	98.1095416667	13.69022
carlosespigares	Wed Nov 13 2019 21:42:45 GMT+0700 (GMT+7)	98.1424166667	13.6117083333
cameronbraun	Fri Dec 20 2019 15:37:53 GMT-0800 (PST)	-122.4528817421	37.7719322849
cameronbraun	Fri Dec 20 2019 16:07:23 GMT-0800 (PST)	-122.4574436526	37.7728891012
cameronbraun	Fri Dec 20 2019 15:56:17 GMT-0800 (PST)	-122.45641333	37.77231167
cameronbraun	Fri Dec 20 2019 15:35:32 GMT-0800 (PST)	-122.45227833	37.77177833
cameronbraun	Fri Dec 20 2019 16:32:44 GMT-0800 (PST)	-122.45625333	37.77303
cameronbraun	Sun Dec 22 2019 12:48:38 GMT-0800 (PST)	-122.456305	37.77306333
cameronbraun	Sun Dec 22 2019 13:05:30 GMT-0800 (PST)	-122.4800743437	37.7512382268
cameronbraun	Fri Dec 27 2019 12:30:24 GMT-0800 (PST)	-117.28328	33.09206383
cameronbraun	Fri Dec 27 2019 12:51:27 GMT-0800 (PST)	-117.28975	33.0918
cameronbraun	Sun Jan 05 2020 12:20:20 GMT-0800 (PST)	-122.4566954597	37.7735678085
cameronbraun	Sun Jan 05 2020 12:37:37 GMT-0800 (PST)	-122.4574453526	37.7714146003
cameronbraun	Thu Jan 16 2020 16:37:53 GMT-0800 (PST)	-122.4557700851	37.7718582448
carlosespigares	Sat Feb 08 2020 21:52:16 GMT+0700 (GMT+7)	101.4029772029	14.4118848662
cameronbraun	Mon Mar 16 2020 16:37:51 GMT-0700 (PDT)	-122.4981416024	37.7870378006
carlosespigares	Wed Mar 18 2020 00:00:59 GMT+0700 (GMT+7)	105.84165833	21.0466055
carlosespigares	Wed Mar 25 2020 11:12:48 GMT+0700 (GMT+7)	105.6359905148	20.367788695
calabenson	Sun Apr 12 2020 12:51:45 GMT-0700 (PDT)	-118.678941978	34.1406183372
calabenson	Fri Apr 24 2020 12:17:13 GMT-0700 (PDT)	-118.8140950458	34.2018934443
carlosespigares	Sat Apr 25 2020 15:31:59 GMT+0700 (GMT+7)	105.84655	21.00825
bubsie84	2020-05-10T11:32:12+07:00	105.8378501	21.0521452
bubsie84	2020-05-26T20:34:11+07:00	105.8377761841	21.0522212982
cameronbraun	Wed Jun 10 2020 13:30:32 GMT-0700 (PDT)	-120.6217922596	39.3489763657
calabenson	Sat May 16 2020 16:56:39 GMT-0700 (PDT)	-118.6789318979	34.1404933694
brookerocket	Tue Jun 23 2020 13:51:25 GMT-0500 (CDT)	-89.89952167	33.78638333
brookerocket	Fri Jun 26 2020 17:30:15 GMT-0500 (CDT)	-89.9008071896	33.8088348672
brookerocket	Sun Jun 28 2020 10:10:34 GMT-0500 (CDT)	-89.89917	33.78616333
brookerocket	Wed Jun 17 2020 07:51:46 GMT-0500 (CDT)	-89.8995038237	33.7863602317
brookerocket	Wed Dec 25 2019 08:45:13 GMT-0600 (CST)	-89.8993	33.7862466667
calabenson	Mon Jun 29 2020 12:38:32 GMT-0700 (PDT)	-118.679146988	34.1400353866
calabenson	Mon Jun 29 2020 13:52:44 GMT-0700 (PDT)	-118.6789996218	34.1403227598
calabenson	Mon Jun 29 2020 13:55:01 GMT-0700 (PDT)	-118.6791118421	34.1403762698
carlosespigares	Wed Jul 01 2020 21:35:05 GMT+0700 (GMT+7)	105.0735180695	20.3823633593
brookerocket	Tue Jun 30 2020 10:22:47 GMT-0500 (CDT)	-89.8990907875	33.7861713098
brookerocket	Fri Jun 26 2020 17:00:58 GMT-0500 (CDT)	-89.89923	33.78633833
brookerocket	Mon Jun 22 2020 10:24:21 GMT-0500 (CDT)	-89.79844667	33.79251333
brookerocket	Mon Jun 22 2020 09:58:23 GMT-0500 (CDT)	-89.79798833	33.793205
brookerocket	Wed Jun 17 2020 07:55:09 GMT-0500 (CDT)	-89.89911667	33.78615833
brookerocket	Fri Jun 12 2020 14:38:56 GMT-0500 (CDT)	-89.8992685763	33.7863864861
brookerocket	Sun May 24 2020 10:37:31 GMT-0500 (CDT)	-89.89929167	33.78615333
brookerocket	Sat Jul 04 2020 20:08:06 GMT-0500 (CDT)	-89.89907833	33.78609167
brookerocket	Mon Jul 06 2020 08:40:22 GMT-0500 (CDT)	-89.89908667	33.78592167
brookerocket	Mon Jul 06 2020 08:45:10 GMT-0500 (CDT)	-89.8993	33.785855
brookerocket	Wed Jul 08 2020 08:43:22 GMT-0500 (CDT)	-89.89926167	33.786055
cameronbraun	Wed Jun 10 2020 13:30:59 GMT-0700 (PDT)	-120.6217042571	39.3489225887
cameronbraun	Tue Jun 09 2020 22:33:32 GMT-0700 (PDT)	-120.62172	39.34876667
cameronbraun	Thu Jul 09 2020 17:48:23 GMT-0700 (PDT)	-117.1869559695	32.7818497943
cameronbraun	Fri Jul 10 2020 10:32:08 GMT-0700 (PDT)	-117.28291333	33.09205
calabenson	Tue Jul 21 2020 09:29:11 GMT-0700 (PDT)	-117.725407591	33.4819438425
brookerocket	Sun Aug 02 2020 09:04:09 GMT-0500 (CDT)	-89.89929167	33.78631167
carlosespigares	Tue Aug 04 2020 16:22:08 GMT+0700 (GMT+7)	104.93351167	22.838855
brookerocket	Wed Aug 05 2020 17:53:36 GMT-0500 (CDT)	-89.89921667	33.78640833
carlosespigares	Thu Aug 06 2020 12:44:03 GMT+0700 (GMT+7)	104.98210833	22.82671167
brookerocket	Tue Aug 04 2020 12:32:26 GMT-0500 (CDT)	-89.8994918021	33.7863319269
brookerocket	Mon Aug 10 2020 17:24:48 GMT-0500 (CDT)	-89.77828333	33.80248667
carlosespigares	Wed Aug 12 2020 08:59:47 GMT+0700 (GMT+7)	104.979745	22.81876167
carlosespigares	Wed Aug 12 2020 14:42:18 GMT+0700 (GMT+7)	104.98177167	22.82903667
carlosespigares	Fri Aug 14 2020 14:10:40 GMT+0700 (GMT+7)	104.9020327618	23.0279297098
carlosespigares	Fri Aug 14 2020 14:11:11 GMT+0700 (GMT+7)	104.9675400967	23.0363603128
carlosespigares	Fri Aug 14 2020 13:56:18 GMT+0700 (GMT+7)	104.90080333	22.83025333
carlosespigares	Fri Aug 14 2020 13:54:38 GMT+0700 (GMT+7)	104.90090333	22.83041167
brookerocket	Tue Aug 18 2020 19:21:10 GMT-0500 (CDT)	-89.8991519586	33.786306046
brookerocket	Fri Aug 21 2020 11:55:22 GMT-0500 (CDT)	-89.8986188387	33.7870595205
carlosespigares	Wed Aug 19 2020 14:34:59 GMT+0700 (GMT+7)	105.0389471896	22.9303107932
carlosespigares	Wed Aug 19 2020 12:30:51 GMT+0700 (GMT+7)	105.0573281944	23.0831402241
carlosespigares	Mon Aug 24 2020 17:45:49 GMT+0700 (GMT+7)	105.136717932	24.4809915108
brookerocket	Sun Aug 30 2020 09:17:50 GMT-0500 (CDT)	-89.89927	33.78568667
catedesens	Sat Sep 05 2020 10:09:19 GMT-0500 (CDT)	-93.2874801752	44.5004100682
catedesens	Sat Sep 05 2020 10:29:12 GMT-0500 (CDT)	-93.2881533099	44.5003601351
catedesens	Sat Sep 05 2020 16:55:43 GMT-0500 (CDT)	-93.142173542	44.4792378584
catedesens	Tue Sep 08 2020 12:08:09 GMT-0500 (CDT)	-93.148480809	44.4697933519
catedesens	Tue Sep 08 2020 12:11:20 GMT-0500 (CDT)	-93.1494863398	44.4697375832
catedesens	Wed Sep 09 2020 15:19:52 GMT-0500 (CDT)	-93.1472610859	44.4719493782
catedesens	Wed Sep 09 2020 15:23:29 GMT-0500 (CDT)	-93.1475220417	44.4717221851
brookerocket	Sat Sep 12 2020 12:00:54 GMT-0500 (CDT)	-89.8987200797	33.7865623906
catedesens	Mon Sep 14 2020 10:01:09 GMT-0500 (CDT)	-93.1519555	44.46874167
catedesens	Tue Sep 15 2020 12:41:33 GMT-0500 (CDT)	-93.1471398694	44.4709207577
brookerocket	Thu Sep 17 2020 19:05:05 GMT-0500 (CDT)	-89.80504667	33.92502167
brookerocket	Thu Sep 17 2020 18:39:18 GMT-0500 (CDT)	-89.79859167	33.9276
brookerocket	Thu Sep 17 2020 18:37:17 GMT-0500 (CDT)	-89.79854667	33.92779167
brookerocket	Thu Sep 17 2020 18:35:46 GMT-0500 (CDT)	-89.79862167	33.92782167
brookerocket	Thu Sep 17 2020 18:22:36 GMT-0500 (CDT)	-89.79866667	33.92818
brookerocket	Sat Sep 26 2020 14:17:20 GMT-0500 (CDT)	-89.89928333	33.78575833
brookerocket	Sun Sep 27 2020 08:33:48 GMT-0500 (CDT)	-89.89943	33.78632167
catedesens	Fri Oct 09 2020 12:25:20 GMT-0500 (CDT)	-93.14283883	44.47710833
brookerocket	Sun Oct 25 2020 17:10:46 GMT-0500 (CDT)	-89.89875	33.7865416667
carlosespigares	Sat Nov 14 2020 14:42:59 GMT+0700 (GMT+7)	106.00544722	20.3066116736
carlosespigares	Sat Nov 14 2020 12:18:41 GMT+0700 (GMT+7)	105.8283684573	20.643761857
calabenson	Sun Sep 06 2020 11:52:34 GMT-0700 (PDT)	-118.6789883739	34.1406736187
calabenson	Mon Nov 16 2020 12:43:29 GMT-0800 (PST)	-118.6790779979	34.1404559138
brookerocket	Thu Nov 19 2020 08:53:40 GMT-0500 (EST)	-81.6717533333	28.8525166667
brookerocket	Tue Nov 24 2020 12:46:47 GMT-0500 (EST)	-81.67205	28.8524833333
brookerocket	Mon Dec 21 2020 10:21:34 GMT-0500 (EST)	-81.6288216667	28.9065133333
cameronbraun	Mon Jan 04 2021 16:10:52 GMT-0800 (PST)	-122.4535429795	37.7715904141
calabenson	Fri Jan 22 2021 13:31:59 GMT-0800 (PST)	-119.6584153559	34.4406275814
calabenson	Fri Jan 22 2021 14:00:53 GMT-0800 (PST)	-119.6578333014	34.4435006907
calabenson	Fri Jan 22 2021 14:10:08 GMT-0800 (PST)	-119.6580583045	34.4429869624
brookerocket	Sat Feb 13 2021 12:11:55 GMT-0500 (EST)	-81.6718681465	28.8755689691
cameronbraun	Sat Mar 06 2021 15:57:59 GMT-0800 (PST)	-122.85775	38.0971055
brookerocket	Wed Mar 10 2021 14:18:21 GMT-0500 (EST)	-81.7324533333	28.884455
brookerocket	Sat Mar 13 2021 09:27:24 GMT-0500 (EST)	-81.6721883333	28.8524633333
bubsie84	Tue Mar 23 2021 11:19:44 GMT +0700 (GMT+7)	103.8469009399	22.3268680573
bubsie84	Tue Mar 23 2021 11:36:45 GMT +0700 (GMT+7)	103.8469696045	22.3269634247
bubsie84	Tue Mar 23 2021 11:40:34 GMT +0700 (GMT+7)	103.8469314575	22.3269405365
bubsie84	Tue Mar 23 2021 11:42:17 GMT +0700 (GMT+7)	103.847076416	22.3269290924
bubsie84	Tue Mar 23 2021 11:51:10 GMT +0700 (GMT+7)	103.8465499878	22.3269062042
bubsie84	Tue Mar 23 2021 12:15:35 GMT +0700 (GMT+7)	103.846534729	22.3268566132
brookerocket	Fri Mar 26 2021 08:27:59 GMT-0400 (EDT)	-81.6719580469	28.8524740008
brookerocket	Sun Mar 28 2021 11:00:43 GMT-0400 (EDT)	-81.6721865822	28.8525050302
brookerocket	Thu Apr 22 2021 09:45:09 GMT-0400 (EDT)	-81.6330633333	28.9039583333
brookerocket	Thu Apr 22 2021 09:44:30 GMT-0400 (EDT)	-81.6331116667	28.9039716667
brookerocket	Thu Apr 22 2021 08:48:49 GMT-0400 (EDT)	-81.69393	28.9271833333
brookerocket	Thu Apr 22 2021 11:14:56 GMT-0400 (EDT)	-81.6352033036	28.9318004879
catalinapazro	2021-05-02 23:38:48	-70.5132452399	-33.4034243145
catalinapazro	2021-05-02 23:43:03	-70.5620684847	-33.4168506091
catalinapazro	2021-05-02 23:44:46	-70.5620684847	-33.4168506091
catalinapazro	2021-05-03 15:15:13	-70.5605751649	-33.4124588078
catalinapazro	2021-05-03 15:19:32	-70.56073	-33.4123459722
catalinapazro	2021-05-03 15:38:57	-70.5691819722	-33.4040139722
catalinapazro	2021-05-03 15:33:58	-70.5676979722	-33.407727
catalinapazro	2021-05-03 15:20:44	-70.5528121814	-33.4182487297
catalinapazro	2021-05-03 15:21:37	-70.5528121814	-33.4182487297
catalinapazro	2021-05-03 15:22:49	-70.5528121814	-33.4182487297
catalinapazro	2021-05-03 15:49:35	-70.5727403238	-33.4022092882
catalinapazro	2021-05-03 15:48:55	-70.573986	-33.403001
catalinapazro	2021-05-03 22:15:02	-70.5727403238	-33.4022092882
catalinapazro	2021-05-03 22:17:51	-70.5727403238	-33.4022092882
catalinapazro	2021-04-28 17:11:29	-70.4902239121	-33.5817388728
catalinapazro	2021-04-28 17:07:59	-70.5670691282	-33.4084616922
catalinapazro	2021-04-26 17:52:41	-70.5670691282	-33.4084616922
catalinapazro	2021-04-28 16:33:42	-70.5582059722	-33.4165109722
catalinapazro	2021-05-03 15:20:10	-70.560929887	-33.4122273596
catalinapazro	2021-05-06 12:45:22	-70.5560621	-33.4079258
catalinapazro	2021-05-06 13:19:49	-70.5564412102	-33.4009928454
catalinapazro	2021-05-06 13:04:09	-70.5576552451	-33.4111311208
catalinapazro	2021-05-06 13:05:12	-70.5578698218	-33.4117070887
catalinapazro	2021-05-06 13:05:30	-70.5578699722	-33.4118849722
catalinapazro	2021-05-06 13:06:41	-70.5582889169	-33.4124781184
catalinapazro	2021-05-06 13:13:17	-70.5592447892	-33.4144004854
catalinapazro	2021-05-06 13:15:54	-70.5591123551	-33.4138430062
catalinapazro	2021-05-06 13:13:28	-70.5597309396	-33.4151155201
catalinapazro	2021-05-06 13:13:38	-70.5595596135	-33.4150410784
catalinapazro	2021-05-08 16:25:16	-70.495846	-33.3882479722
catalinapazro	2021-05-08 16:24:42	-70.495721	-33.388274
catalinapazro	2021-05-08 16:24:33	-70.495704	-33.388285
catalinapazro	2021-05-08 16:25:42	-70.4958749722	-33.388263
catalinapazro	2021-05-08 16:27:12	-70.4965949722	-33.388266
brault	2021-05-13 7:35:42 AM GMT+07:00	105.8358154167	21.0530643333
brookerocket	Sat Jun 19 2021 20:11:29 GMT-0400 (EDT)	-81.6973633333	28.879655
brookerocket	Sun Jul 11 2021 13:10:38 GMT-0400 (EDT)	-81.6973116667	28.8796833333
brookerocket	Wed Jul 14 2021 11:28:21 GMT-0400 (EDT)	-81.7968666667	28.8741833333
brookerocket	Wed Jul 21 2021 08:50:29 GMT-0400 (EDT)	-81.884675	28.808405
brookerocket	Mon Jul 26 2021 10:57:40 GMT-0400 (EDT)	-81.8866583333	28.8406216667
brookerocket	Thu Aug 12 2021 22:13:56 GMT-0400 (EDT)	-81.6964416667	28.878655
bui_duc	Tue Aug 10 2021 16:27:35 GMT+0700 (GMT+7)	105.7485716667	21.00645
bui_duc	Sat Aug 14 2021 11:58:27 GMT+0700 (GMT+7)	105.7683021455	21.0449265793
brookerocket	Wed Nov 03 2021 18:40:58 GMT-0700 (MST)	-111.8201133333	33.4058133333
catalinapazro	2022-02-06 12:11:33	-70.51165	-33.397593
catalinapazro	2022-02-06 19:27:36	-72.0183349722	-34.399248
catalinapazro	2022-02-06 19:26:39	-72.018428	-34.3989929722
cameronbraun	Wed Jun 23 2021 18:17:13 GMT-0700 (PDT)	-121.6996303497	45.2292754253
cameronbraun	Mon Jul 19 2021 10:56:44 GMT-0700 (PDT)	-81.8656524848	41.3794295353
brookerocket	Mon Feb 28 2022 08:08:07 GMT-0700 (MST)	-112.0023583333	33.4023883333
brookerocket	Thu Mar 31 2022 10:05:40 GMT-0700 (MST)	-111.820145	33.4057916667
brookerocket	Mon Apr 04 2022 10:47:11 GMT-0700 (MST)	-112.00311945	33.4014866667
brookerocket	2022-04-08 16:50:53-07:00	-111.8200482997	33.4058810039
carsonhui	2022-04-29 12:32:52	114.1533595851	22.3309638389
carsonhui	2022-04-29 12:34:03	114.1529722	22.3306219
carsonhui	2022-04-26 08:09:54	114.1121833026	22.3660761216
carsonhui	2022-04-29 14:35:04	114.1124069	22.3613824
carsonhui	2022-04-29 14:36:47	114.1124232556	22.3618647405
carsonhui	2022-04-29 14:37:37	114.1121569	22.3618319
carsonhui	2022-04-29 14:39:16	114.1126859893	22.3624506889
carsonhui	2022-04-29 14:39:39	114.1126859893	22.3624506889
carsonhui	2022-04-29 14:40:52	114.1124624524	22.3625392566
carsonhui	2022-04-29 14:41:23	114.1124624524	22.3625392566
carsonhui	2022-04-29 14:42:13	114.1123828332	22.3626259495
carsonhui	2022-04-29 14:44:37	114.1120044378	22.3625366035
carsonhui	2022-04-29 14:45:23	114.1118755669	22.3625405159
carsonhui	2022-04-29 14:46:12	114.1117129721	22.3624528127
carsonhui	2022-04-29 14:46:51	114.1118967153	22.362711208
carsonhui	2022-04-29 14:47:37	114.112045769	22.3628108364
carsonhui	2022-04-29 14:48:10	114.1120370092	22.362819099
carsonhui	2022-04-29 14:48:35	114.1120111294	22.3628724205
carsonhui	2022-04-29 14:49:02	114.1121511757	22.3630214173
carsonhui	2022-04-29 14:49:29	114.1121511757	22.3630214173
carsonhui	2022-04-29 14:50:20	114.1121301985	22.3629410321
carsonhui	2022-04-29 14:52:51	114.1123222894	22.3627328226
carsonhui	2022-04-24 18:41:23	114.1054611206	22.3564262389
carsonhui	2022-04-24 18:34:59	114.1062164306	22.3557701108
carsonhui	2022-04-15 14:14:15	114.0393218992	22.3219566344
carsonhui	2022-04-15 12:11:23	114.0388641356	22.3232536314
carsonhui	2022-04-03 17:33:21	114.1051025389	22.3667621611
carsonhui	2022-02-27 17:48:14	114.1266784667	22.3754310606
carsonhui	2022-02-06 17:43:24	114.1258773803	22.3758754728
carsonhui	2022-02-06 17:43:58	114.1264953611	22.3751201628
carsonhui	2022-02-06 17:53:37	114.12600708	22.3758144378
carsonhui	2022-02-05 18:07:14	114.1800384519	22.4503555297
carsonhui	2022-02-05 18:16:02	114.180000305	22.4503345489
carsonhui	2022-02-06 17:45:17	114.1264801025	22.3752441406
carsonhui	2022-02-06 18:09:57	114.1256103514	22.3747653961
carsonhui	2022-02-06 17:54:49	114.1266098022	22.3753051756
carsonhui	2022-02-06 17:47:04	114.1263046264	22.3752231597
carsonhui	2022-02-06 17:42:53	114.1258773803	22.3758754728
carsonhui	2022-02-05 18:27:34	114.1789779661	22.4510459897
carsonhui	2022-02-06 17:45:32	114.1264801025	22.3752441406
carsonhui	2022-02-05 18:12:48	114.1800689697	22.4504032133
carsonhui	2021-12-15 11:47:57	114.1526641844	22.3498477933
carsonhui	2021-08-25 17:11:48	114.1166610717	22.4103240967
carsonhui	2022-04-29 15:55:01	114.1148581568	22.3667752112
carsonhui	2021-09-22 14:59:08	114.1263656614	22.3759517669
carsonhui	2021-09-22 14:58:32	114.1267395019	22.3754634856
carsonhui	2021-09-22 14:56:52	114.1257476806	22.3759346006
carsonhui	2021-09-22 14:54:34	114.1266555786	22.3753166197
carsonhui	2021-09-22 14:53:01	114.1265640258	22.3754844664
carsonhui	2021-09-22 14:50:42	114.1266250608	22.3753204344
carsonhui	2021-09-22 14:48:08	114.1266403197	22.3753108978
carsonhui	2021-09-22 14:49:50	114.1265487669	22.3753089903
carsonhui	2021-09-22 14:47:46	114.1266784667	22.3753108978
carsonhui	2021-09-22 14:47:34	114.1266784667	22.3753108978
carsonhui	2021-09-22 14:47:17	114.1266784667	22.3753108978
carsonhui	2021-09-22 14:45:18	114.12625885	22.3750152586
carsonhui	2021-09-22 14:44:46	114.12625885	22.3750152586
carsonhui	2021-09-22 14:44:01	114.1264953611	22.3752403258
carsonhui	2021-09-22 14:45:57	114.1258392333	22.3752174375
carsonhui	2021-09-22 14:43:09	114.1257781981	22.3756694792
carsonhui	2021-09-22 14:41:01	114.1256713867	22.3758869169
carsonhui	2021-09-22 14:31:49	114.1255416869	22.375312805
carsonhui	2021-09-22 14:38:27	114.1256637572	22.3754997253
carsonhui	2021-09-22 14:33:52	114.1259307861	22.3748149869
carsonhui	2021-09-22 14:40:15	114.1256713867	22.3758869169
carsonhui	2021-09-22 14:38:14	114.1256637572	22.3754997253
carsonhui	2022-02-16 18:19:54	114.0827331542	22.3686923981
carsonhui	2022-02-06 17:43:08	114.1258773803	22.3758754728
carsonhui	2021-04-03 09:08:56	114.1420516967	22.3379631042
carsonhui	2020-10-25 17:02:11	114.2206726072	22.3305206297
carsonhui	2021-08-30 11:11:17	114.1757431028	22.2981586456
carsonhui	2021-02-20 15:27:33	114.1119766233	22.3662548064
carsonhui	2021-02-20 15:26:06	114.1120223997	22.3663482664
carsonhui	2021-03-07 12:06:00	114.1082992553	22.3698654172
carsonhui	2021-02-06 17:05:41	114.3204650878	22.3939781189
carsonhui	2020-10-25 17:01:40	114.2206726072	22.3305206297
carsonhui	2020-10-25 16:57:41	114.2211151122	22.3306427
carsonhui	2020-10-25 17:09:04	114.2211151122	22.3304977417
carsonhui	2020-10-25 16:58:50	114.2214736936	22.3318138122
carsonhui	2020-10-25 16:58:20	114.2211151122	22.3306427
carsonhui	2020-10-25 16:54:15	114.2207794189	22.3307800292
carsonhui	2020-10-25 16:55:02	114.2215499878	22.3306808469
carsonhui	2020-10-25 16:49:45	114.2209701536	22.3308658597
carsonhui	2020-10-25 16:49:23	114.2209701536	22.3308658597
carsonhui	2020-10-25 16:50:46	114.2209167478	22.3308734892
carsonhui	2019-12-15 11:16:56	114.1571350097	22.5300979614
carsonhui	2019-12-15 11:17:01	114.1571350097	22.5300979614
carsonhui	2019-12-15 10:13:02	114.1585083006	22.5308303831
carsonhui	2022-04-30 10:03:02	114.1200613898	22.373076392
carsonhui	2019-12-15 10:23:35	114.1580352781	22.5320491789
carsonhui	2022-04-30 13:47:24	114.1130966	22.3686586
carsonhui	2021-09-22 14:40:34	114.1256713867	22.3758869169
carsonhui	2021-09-22 14:46:30	114.1258392333	22.3752174375
carsonhui	2021-09-22 14:46:23	114.1258392333	22.3752174375
carsonhui	2020-10-25 16:53:27	114.2207794189	22.3307800292
carsonhui	2019-03-03 16:54:41	105.8384017778	21.0363273611
carsonhui	2019-03-02 17:43:37	105.8313598611	21.0578841944
carsonhui	2019-03-02 17:44:05	105.8313216944	21.0580348889
carsonhui	2019-03-02 22:41:29	105.8321227778	21.0588092778
carsonhui	2019-02-10 16:18:49	117.8968505833	24.55966375
carsonhui	2019-02-10 15:29:04	117.8887863056	24.5095329167
carsonhui	2019-02-10 11:04:18	117.9235458333	24.49116325
carsonhui	2019-02-10 10:16:50	117.92321775	24.4888973056
carsonhui	2019-02-09 14:45:01	118.0890045	24.4564075278
carsonhui	2019-02-09 14:10:42	118.0927734167	24.4523124444
carsonhui	2019-02-09 13:41:38	118.0962676944	24.4523696667
carsonhui	2019-02-09 14:10:07	118.0928039444	24.4524097222
carsonhui	2019-02-09 14:08:53	118.0927886944	24.4524211667
carsonhui	2019-02-09 13:34:24	118.0956802222	24.4524765
carsonhui	2019-02-08 14:42:31	118.05514525	24.5009078889
carsonhui	2019-02-08 14:28:14	118.0555038333	24.4992561111
carsonhui	2019-02-09 13:54:18	118.0965347222	24.4522971944
carsonhui	2022-05-02 13:44:11	114.1080505674	22.3697424408
carsonhui	2022-05-02 13:45:38	114.1080438385	22.3697520456
carsonhui	2022-05-02 13:47:52	114.1079778106	22.369863256
carsonhui	2022-05-02 13:49:10	114.1076706308	22.3701242892
carsonhui	2022-05-02 13:50:22	114.1072752704	22.3704523661
carsonhui	2022-05-02 13:50:46	114.1071426621	22.370594604
carsonhui	2022-05-02 13:51:55	114.1069778795	22.3707233537
carsonhui	2022-05-02 13:54:11	114.1065983	22.3711492
carsonhui	2022-05-02 13:58:55	114.1054281909	22.3721719285
carsonhui	2022-05-02 14:00:11	114.1050591077	22.372348731
carsonhui	2022-05-02 14:10:03	114.1076240324	22.3700785776
carsonhui	2022-05-02 14:10:55	114.1077936013	22.3699789632
carsonhui	2022-05-02 14:11:43	114.1077936013	22.3699789632
carsonhui	2022-05-02 14:13:25	114.108115863	22.3692001608
carsonhui	2022-05-02 14:18:35	114.1098431914	22.3674277975
carsonhui	2022-05-02 14:23:09	114.1117147713	22.3667648327
carsonhui	2022-05-02 17:51:00	114.1152790207	22.3676322088
brookerocket	2022-05-08 07:02:16-07:00	-112.0034443392	33.4017439029
brookerocket	2022-05-08 17:25:29-07:00	-111.9732966667	33.3705216667
brookerocket	2022-05-12 07:47:59-07:00	-111.8200771139	33.4058027622
brookerocket	2022-05-19 07:24:29-07:00	-111.8199833333	33.4057283333
bosslayer9000	Wed Jun 08 2022 11:57:07 GMT +0200 (GMT+2)	4.8160505295	52.4723014832
bosslayer9000	Wed Jun 08 2022 11:57:32 GMT +0200 (GMT+2)	4.8162622452	52.47240448
bosslayer9000	Wed Jun 08 2022 12:00:01 GMT +0200 (GMT+2)	4.8166432381	52.4728088379
bosslayer9000	Wed Jun 08 2022 12:00:22 GMT +0200 (GMT+2)	4.8166747093	52.4727325439
bosslayer9000	Wed Jun 08 2022 12:01:33 GMT +0200 (GMT+2)	4.8168621063	52.473274231
bosslayer9000	Wed Jun 08 2022 12:02:31 GMT +0200 (GMT+2)	4.8171629906	52.4733734131
bosslayer9000	Wed Jun 08 2022 12:05:15 GMT +0200 (GMT+2)	4.8172183037	52.4733161926
bosslayer9000	Wed Jun 08 2022 12:06:55 GMT +0200 (GMT+2)	4.817132473	52.4735031128
bosslayer9000	Wed Jun 08 2022 12:07:36 GMT +0200 (GMT+2)	4.8172421455	52.4737091064
bosslayer9000	Wed Jun 08 2022 12:07:59 GMT +0200 (GMT+2)	4.8160743713	52.4729957581
bosslayer9000	Wed Jun 08 2022 12:11:41 GMT +0200 (GMT+2)	4.816883564	52.4733695984
bosslayer9000	Wed Jun 08 2022 12:13:46 GMT +0200 (GMT+2)	4.8171596527	52.4739303589
bosslayer9000	Wed Jun 08 2022 12:15:47 GMT +0200 (GMT+2)	4.8180508614	52.4736862183
bosslayer9000	Wed Jun 08 2022 12:22:33 GMT +0200 (GMT+2)	4.81802845	52.4756774902
bosslayer9000	Wed Jun 08 2022 12:25:18 GMT +0200 (GMT+2)	4.817445755	52.4750976563
bosslayer9000	Wed Jun 08 2022 12:25:48 GMT +0200 (GMT+2)	4.8174610138	52.4751586914
bosslayer9000	Wed Jun 08 2022 12:28:20 GMT +0200 (GMT+2)	4.8170828819	52.4759750366
bosslayer9000	Wed Jun 08 2022 13:15:26 GMT +0200 (GMT+2)	4.8172602654	52.4757843018
bosslayer9000	Thu Jun 09 2022 21:27:33 GMT +0200 (GMT+2)	13.4488143921	52.4214248657
bosslayer9000	Thu Jun 09 2022 21:28:40 GMT +0200 (GMT+2)	13.4493951797	52.4213752747
bosslayer9000	Thu Jun 09 2022 21:32:15 GMT +0200 (GMT+2)	13.4490270615	52.421257019
bosslayer9000	Fri Jun 10 2022 17:04:25 GMT +0200 (GMT+2)	13.376994133	52.5161323547
bosslayer9000	Fri Jun 10 2022 17:05:59 GMT +0200 (GMT+2)	13.376994133	52.5161323547
bosslayer9000	Fri Jun 10 2022 17:07:07 GMT +0200 (GMT+2)	13.376994133	52.5161323547
bosslayer9000	Fri Jun 10 2022 17:07:45 GMT +0200 (GMT+2)	13.376994133	52.5161323547
bosslayer9000	Fri Jun 10 2022 17:24:37 GMT +0200 (GMT+2)	13.3571748734	52.5149421692
bosslayer9000	Fri Jun 10 2022 17:26:04 GMT +0200 (GMT+2)	13.3563241959	52.5148582458
bosslayer9000	Fri Jun 10 2022 17:27:40 GMT +0200 (GMT+2)	13.3562297821	52.5148200989
bosslayer9000	Fri Jun 10 2022 17:28:11 GMT +0200 (GMT+2)	13.3560342789	52.5148468018
bosslayer9000	Fri Jun 10 2022 17:29:41 GMT +0200 (GMT+2)	13.3571023941	52.5149345398
bosslayer9000	Fri Jun 10 2022 17:30:29 GMT +0200 (GMT+2)	13.3571023941	52.5149345398
bosslayer9000	Fri Jun 10 2022 17:31:50 GMT +0200 (GMT+2)	13.3563184738	52.5148506165
bosslayer9000	Sat Jun 11 2022 12:09:24 GMT +0200 (GMT+2)	13.3919334412	52.5359916687
bosslayer9000	Wed Jun 15 2022 12:35:09 GMT +0200 (GMT+2)	19.0388813019	47.497215271
bosslayer9000	Wed Jun 15 2022 13:10:59 GMT +0200 (GMT+2)	19.0388584137	47.4961624146
bosslayer9000	Wed Jun 15 2022 13:15:33 GMT +0200 (GMT+2)	19.0396022797	47.4956169128
bosslayer9000	Wed Jun 15 2022 13:26:45 GMT +0200 (GMT+2)	19.0397663116	47.4955444336
bosslayer9000	Wed Jun 15 2022 13:36:13 GMT +0200 (GMT+2)	19.0386447906	47.4960365295
bosslayer9000	Wed Jun 15 2022 13:37:46 GMT +0200 (GMT+2)	19.0384101868	47.4960441589
bosslayer9000	Wed Jun 15 2022 13:38:28 GMT +0200 (GMT+2)	19.0385456085	47.4959869385
bosslayer9000	Wed Jun 15 2022 13:43:59 GMT +0200 (GMT+2)	19.0378112793	47.4973220825
bosslayer9000	Wed Jun 15 2022 13:47:04 GMT +0200 (GMT+2)	19.0378456116	47.4974021912
bosslayer9000	Thu Jun 16 2022 11:45:58 GMT +0200 (GMT+2)	19.0470561981	47.5082244873
bosslayer9000	Thu Jun 16 2022 11:46:44 GMT +0200 (GMT+2)	19.0469818115	47.5079956055
bosslayer9000	Thu Jun 16 2022 11:47:36 GMT +0200 (GMT+2)	19.0472393036	47.5079956055
bosslayer9000	Thu Jun 16 2022 11:48:05 GMT +0200 (GMT+2)	19.0470180511	47.5079154968
bosslayer9000	Fri Jun 17 2022 10:32:58 GMT +0200 (GMT+2)	19.0813617706	47.515663147
bosslayer9000	Fri Jun 17 2022 10:37:59 GMT +0200 (GMT+2)	19.0815849304	47.5155487061
bosslayer9000	Fri Jun 17 2022 10:38:38 GMT +0200 (GMT+2)	19.0818424225	47.5156784058
bosslayer9000	Fri Jun 17 2022 10:43:36 GMT +0200 (GMT+2)	19.0823440552	47.5155334473
bosslayer9000	Fri Jun 17 2022 10:44:49 GMT +0200 (GMT+2)	19.0823192596	47.5155639648
bosslayer9000	Fri Jun 17 2022 10:55:30 GMT +0200 (GMT+2)	19.0831680298	47.5132980347
bosslayer9000	Fri Jun 17 2022 11:07:01 GMT +0200 (GMT+2)	19.0846481323	47.5121841431
bosslayer9000	Fri Jun 17 2022 11:13:12 GMT +0200 (GMT+2)	19.0836830139	47.514957428
bosslayer9000	Fri Jun 17 2022 11:15:59 GMT +0200 (GMT+2)	19.082988739	47.5161552429
bosslayer9000	Fri Jun 17 2022 11:18:28 GMT +0200 (GMT+2)	19.082988739	47.5161590576
bosslayer9000	Sat Jun 18 2022 19:23:24 GMT +0200 (GMT+2)	16.3798274994	48.1938667297
bosslayer9000	Sat Jun 18 2022 19:23:57 GMT +0200 (GMT+2)	16.3798274994	48.1938667297
bosslayer9000	Sat Jun 18 2022 19:26:01 GMT +0200 (GMT+2)	16.3793411255	48.193862915
bosslayer9000	Sat Jun 18 2022 19:26:38 GMT +0200 (GMT+2)	16.3794765472	48.1935653687
bosslayer9000	Sat Jun 18 2022 19:36:49 GMT +0200 (GMT+2)	16.3798904419	48.194278717
bosslayer9000	Sat Jun 18 2022 19:38:55 GMT +0200 (GMT+2)	16.3798904419	48.194278717
bosslayer9000	Mon Jun 20 2022 12:34:45 GMT +0200 (GMT+2)	16.3607616425	48.205909729
bosslayer9000	Mon Jun 20 2022 17:39:30 GMT +0200 (GMT+2)	16.304901123	48.1827964783
bosslayer9000	Mon Jun 20 2022 17:45:15 GMT +0200 (GMT+2)	16.3046855927	48.1827278137
bosslayer9000	Mon Jun 20 2022 17:59:32 GMT +0200 (GMT+2)	16.3025302887	48.1839447021
bosslayer9000	Mon Jun 20 2022 18:26:05 GMT +0200 (GMT+2)	16.3101139069	48.1822547913
bosslayer9000	Fri Jun 24 2022 19:09:12 GMT +0200 (GMT+2)	12.3386011124	45.4341392517
bosslayer9000	Mon Jun 27 2022 13:31:07 GMT +0200 (GMT+2)	12.4867887497	41.8923301697
bosslayer9000	Mon Jun 27 2022 13:31:31 GMT +0200 (GMT+2)	12.4873065948	41.891418457
boonma_thawat	2022/06/30 23:06	103.1177333794	14.9898775255
brookerocket	2022-07-19 18:30:56-07:00	-112.3358783333	34.7264533333
brookerocket	2022-07-22 09:09:27-07:00	-112.3358916667	34.7264583333
brookerocket	2022-08-06 15:11:05-07:00	-83.298417035	42.8727334307
brookerocket	2022-08-15 16:24:10-07:00	-112.3358408456	34.7265338805
brookerocket	2022-08-17 09:36:40-07:00	-112.3358916667	34.7264666667
brookerocket	2022-08-18 16:49:36-07:00	-112.3358616667	34.7264133333
brookerocket	2022-08-18 17:59:22-07:00	-112.3358533333	34.7265283333
brookerocket	2022-08-18 18:03:03-07:00	-112.3741023616	34.6891720924
brookerocket	2022-08-18 18:36:45-07:00	-112.3358916667	34.7264333333
brookerocket	2022-08-18 19:09:03-07:00	-112.3358833333	34.7266166667
brookerocket	2022-08-20 21:20:51-07:00	-112.3359216667	34.7264716667
brookerocket	2022-08-30 15:40:58-07:00	-112.3359	34.7265033333
brookerocket	2022-08-30 19:33:08-07:00	-112.3359083333	34.7265133333
brookerocket	2022-09-01 17:11:45-07:00	-112.3358617165	34.7264951142
brookerocket	2022-09-01 17:40:47-07:00	-112.3357654923	34.7264114628
brookerocket	2022-09-09 07:59:41-04:00	-82.9382546953	42.5261766457
brookerocket	2022-10-04 15:59:58-04:00	-83.0042839785	42.6290033257
cash00013	Mon Oct 10 2022 10:14:11 GMT+0700 (GMT+7)	105.8677084542	21.0451859683
cameronbraun	2022-11-11 14:14:19-08:00	-122.7705657512	38.0054346034
catedesens	2022-12-02 11:56:36-06:00	-93.2942405331	44.9589752058
catedesens	2023-01-02 15:26:28-06:00	-87.9004392976	43.0447094861
catarinab	2023/01/03 7:11 AM	-39.0059244176	-13.8290422404
catedesens	2023-01-10 15:39:57+07:00	106.7019502577	10.7758068806
catedesens	2023-01-11 16:32:18+07:00	108.3661862718	15.8838233466
catedesens	2023-01-11 16:34:07+07:00	108.3662939927	15.8839303608
catedesens	2023-01-12 15:34:35+07:00	108.3664026229	15.8837384296
catedesens	2023-01-14 09:43:18+07:00	105.9466867913	20.2174537793
catedesens	2023-01-14 12:01:19+07:00	105.9365992028	20.2305400599
catedesens	2023-01-14 16:19:02+07:00	105.9142005863	20.2473450227
catedesens	2023-01-14 16:40:10+07:00	105.9149997256	20.247001134
catedesens	2023-01-15 13:05:01+07:00	105.8647344497	20.2716578377
catedesens	2023-01-17 09:48:28+07:00	103.8925604863	22.3025561682
catedesens	2023-01-19 13:32:25+07:00	105.8544920369	21.0328084725
catedesens	2023-01-20 09:33:56+07:00	105.8461702948	21.0282862259
catedesens	2023-01-20 09:48:15+07:00	105.8460480517	21.0281609551
catedesens	2023-01-23 13:23:47+07:00	106.7340623932	10.8074640773
brodieee	2023-02-25 21:55:53+07:00	105.803855	21.0270528333
catedesens	2023-03-05 20:58:32-06:00	-93.2825690877	44.9594901466
carydriskell	2023-04-22 07:48:39+07:00	105.8498317664	21.0274484915
carydriskell	2023-04-22 11:15:38+07:00	105.8434937006	21.0164484214
carydriskell	2023-04-22 11:24:13+07:00	105.8435969947	21.0157072479
carydriskell	2023-04-22 11:18:58+07:00	105.8437032488	21.0153855775
carydriskell	2023-04-22 11:26:22+07:00	105.8436828814	21.0155419472
carydriskell	2023-04-22 12:06:30+07:00	105.8480047006	21.0176249837
carydriskell	2023-04-23 08:02:45+07:00	105.8291177976	21.0396774872
brookerocket	2023-04-23 13:22:25-04:00	-76.964786891	38.9128750423
brookerocket	2023-04-23 13:25:34-04:00	-76.9637261611	38.9120708406
brookerocket	2023-04-23 13:42:58-04:00	-76.9565447141	38.9122461481
brookerocket	2023-04-23 13:47:14-04:00	-76.9562234358	38.9131680737
carydriskell	2023-04-24 17:09:00+07:00	105.8527952937	21.0284634281
carydriskell	2023-04-26 11:10:37+07:00	100.5041199114	13.7545584813
carydriskell	2023-04-27 08:35:16+07:00	100.4951074211	13.747213241
carydriskell	2023-04-27 08:36:08+07:00	100.4948229595	13.7473328428
carydriskell	2023-04-30 09:35:32+07:00	98.4798099136	18.5526252161
carydriskell	2023-04-30 10:54:12+07:00	98.4818602779	18.5555092104
carydriskell	2023-04-30 11:51:52+07:00	98.4794912567	18.5488893359
carydriskell	2023-04-30 12:22:29+07:00	98.4806698696	18.5559274534
carydriskell	2023-04-30 14:10:53+07:00	98.5570452394	18.5409097937
carydriskell	2023-04-30 14:17:15+07:00	98.5345216473	18.5447234095
carydriskell	2023-04-30 15:04:33+07:00	98.6079559263	18.5299493856
carolyn98103	2023-04-28 14:21:12	-122.041709	47.645594
carolyn98103	2023-04-27 18:14:09	-122.352078	47.653736
carydriskell	2023-05-02 11:26:57+07:00	99.2534431076	18.7897792672
carydriskell	2023-05-03 13:37:59+07:00	98.9177501213	18.7899399568
carydriskell	2023-05-04 17:22:39+07:00	98.7213236655	18.7696786415
carydriskell	2023-05-04 16:54:08+07:00	98.6677904052	18.9862887404
carydriskell	2023-05-04 17:04:23+07:00	98.7418767415	18.6377872612
carydriskell	2023-05-06 13:27:10+07:00	106.6983216946	10.7800762576
catedesens	2023-05-06 17:26:00-05:00	-89.7392856688	45.9274822641
catedesens	2023-06-04 22:04:35-05:00	-90.4027045453	45.8323704777
bosslayer9000	2023-06-05 11:39:45+07:00	103.8528433895	10.3355478907
catedesens	2023-06-18 12:21:40-05:00	-93.2827533333	44.9594633333
catedesens	2023-06-19 20:10:39-05:00	-93.318245	44.9613583333
catedesens	2023-06-21 13:13:55-05:00	-93.1652221667	44.9450533333
catedesens	2023-06-21 13:16:02-05:00	-93.1651528333	44.94502
catedesens	2023-06-28 08:55:40-05:00	-93.2825616667	44.9595
catedesens	2023-07-02 09:47:52-05:00	-89.7395494069	45.9281186935
carydriskell	2023-07-02 14:34:02-07:00	-117.2569255875	47.6375376929
catedesens	2023-07-04 09:29:31-05:00	-89.7387616667	45.92752
brandon_frederick	2023-07-04 06:36:12	-119.9094888889	39.4771444444
brookerocket	2023-04-23 15:05:55-04:00	-76.9711497613	38.910825667
brookerocket	2023-05-04 08:17:46-04:00	-77.1028528333	38.8661883333
brookerocket	2023-08-03 17:17:13-07:00	-112.3358782228	34.7267210481
brookerocket	2023-08-02 10:32:16-07:00	-112.3358216667	34.726575
catedesens	2023-08-11 08:44:41-05:00	-89.390381624	43.071984321
boyitongxue	2023-04-19 13:42:00+08:00	114.3778178827	30.5649478862
boyitongxue	2023-04-20 08:30:00+08:00	114.2650905563	30.4224242793
boyitongxue	2023-06-22 11:10:30+08:00	114.3783509475	31.0508179601
boyitongxue	2023-07-31 23:45:12+08:00	114.2607137807	31.3431014582
boyitongxue	2023-08-28 14:49:41+08:00	102.2759995597	25.3767504577
boyitongxue	2023-08-28 13:11:25+08:00	102.3069044292	25.1445825242
boyitongxue	2023-08-28 13:45:45+08:00	102.44723108	24.919558111
boyitongxue	2023-08-28 14:36:01+08:00	102.2179450491	25.0616166943
boyitongxue	2023-08-28 15:18:13+08:00	102.2991139724	25.1538785232
boyitongxue	2023-08-16 08:44:00+08:00	114.3499046698	30.7784751629
boyitongxue	2023-08-30 00:46:40+08:00	102.6011454921	25.0124614747
boyitongxue	2023-07-25 14:13:37+08:00	114.3836455055	31.1375678607
boyitongxue	2023-07-21 13:36:14+08:00	114.6219339747	29.5169410888
boyitongxue	2023-09-30 10:35:28+08:00	108.979193297	34.6668388635
carlos99970	2023-10-23 13:15:02	-9.13714493	38.73557812
carlos99970	2023-10-23 17:07:07	-9.1506096	38.7351816
carlos99970	2023-10-24 10:27:30	-9.13699672	38.73541655
carlos99970	2023-10-24 14:50:45	-9.13714787	38.73552437
carlos99970	2023-10-24 20:41:33	-9.1371198	38.7355496
carlos99970	2023-11-07 13:51:22	-9.1371944	38.735581
carlos99970	2023-11-08 13:13:48	-9.13706841	38.73556697
carlos99970	2023-11-11 14:37:13	-0.57476931	44.84486729
carlos99970	2023-11-11 17:26:16	-0.57793501	44.84911783
carlos99970	2023-11-14 13:09:23	-9.1371756	38.7355559
boyitongxue	2023-06-21 09:37:52+08:00	114.2512642432	31.0208475319
carlos99970	2023-12-25 12:28:09	-7.86403538	40.55853649
carlos99970	2023-12-25 19:29:10	-7.8641628	40.55857339
carlos99970	2023-12-25 19:30:10	-7.8641493	40.55840682
cameronbraun	2024-01-01 16:19:27-08:00	-117.1583853557	32.9368298164
cameronbraun	2024-01-01 16:27:59-08:00	-117.1525397154	32.939657891
cameronbraun	2024-01-02 14:29:08-08:00	-117.348937493	33.1610715545
cameronbraun	2024-01-04 12:37:54-08:00	-117.1881955278	33.124705944
cameronbraun	2024-01-04 12:40:37-08:00	-117.1859935547	33.1246527392
cameronbraun	2024-01-04 12:41:38-08:00	-117.1852315829	33.1246219419
cameronbraun	2024-01-04 13:46:01-08:00	-117.1736750308	33.1148408753
cameronbraun	2024-01-04 13:46:34-08:00	-117.1736152004	33.1148313827
cameronbraun	2024-01-05 07:43:02-08:00	-118.3487128913	34.0293198837
cameronbraun	2024-01-05 14:21:15-08:00	-118.3238894478	34.1307801668
cameronbraun	2024-01-08 14:15:22-08:00	-122.4848577218	37.7728981976
cameronbraun	2024-01-14 12:55:19-08:00	-122.6233948604	37.9064939721
cameronbraun	2024-01-14 13:01:10-08:00	-122.6246496139	37.9074842957
cameronbraun	2024-01-14 13:01:20-08:00	-122.6245952822	37.9075160874
cameronbraun	2024-01-14 13:07:48-08:00	-122.625965068	37.9094036976
cameronbraun	2024-01-14 13:12:57-08:00	-122.6269951462	37.9115778498
cameronbraun	2024-01-15 15:14:14-08:00	-122.4853090033	37.7723039451
cameronbraun	2024-01-30 17:23:04-08:00	-122.4850567754	37.772586454
cameronbraun	2024-02-19 15:18:20-06:00	-92.3541450877	47.8960390314
boyitongxue	2024-03-01 10:58:28+08:00	101.1056443648	22.604122715
brookerocket	2023-10-06 07:41:42	105.8412583333	21.0435666667
bug__enjoyer	2024-03-19 18:33:04	151.1889796308	-33.9928177459
bug__enjoyer	2024-03-21 09:55:39	151.1630649141	-33.9489981154
bug__enjoyer	2024-03-23 12:55:07	151.1009581846	-33.8676485919
bug__enjoyer	2024-03-23 16:48:23	151.0044713714	-33.8492177245
bug__enjoyer	2024-04-05 12:11:26	151.1718324133	-33.9841647501
bug__enjoyer	2024-03-28 14:10:42	151.0312786244	-33.8211083998
bug__enjoyer	2024-03-28 14:09:19	151.1571368125	-33.9494628919
cameronbraun	2024-04-06 14:59:30-07:00	-122.4950367342	37.7867159894
bopbunskg	Fri May 03 2024 16:40:10 GMT +0700 (GMT)	105.8697814941	20.863571167
carolyn98103	2015/05/05 2:15 PM	-76.8438972222	-0.4654583333
carolyn98103	2015/05/05 2:50 PM	-76.844205	-0.465782
carolyn98103	2015/05/05 2:52 PM	-76.8444833333	-0.4660388889
carolyn98103	2015/05/05 2:58 PM	-76.8440666667	-0.46535
carolyn98103	2015/05/05 3:27 PM	-76.844067	-0.46535
carolyn98103	2015/05/06 1:45 PM	-76.8440027778	-0.4659305556
carolyn98103	2015/05/06 1:47 PM	-76.8435888889	-0.4660111111
carolyn98103	2015/05/06 1:47 PM	-76.8435638889	-0.4660777778
carolyn98103	2015/05/06 1:48 PM	-76.8440361111	-0.4659138889
carolyn98103	2015/05/06 1:48 PM	-76.843725	-0.4659916667
carolyn98103	2015/05/06 1:56 PM	-76.8449694444	-0.4659111111
carolyn98103	2015/05/06 2:03 PM	-76.8442527778	-0.4654027778
carolyn98103	2015/05/06 2:06 PM	-76.8444361111	-0.4651361111
carolyn98103	2015/05/06 2:08 PM	-76.8438138889	-0.4654027778
carolyn98103	2015/05/06 2:09 PM	-76.8439916667	-0.4653083333
carolyn98103	2015/05/06 2:24 PM	-76.8441194444	-0.4657583333
carolyn98103	2015/05/06 2:28 PM	-76.8439777778	-0.4654305556
carolyn98103	2015/05/06 2:33 PM	-76.8438527778	-0.4653416667
carolyn98103	2015/05/10 4:06 PM	-90.423334	-0.383106
carolyn98103	2015/05/11 7:56 AM	-91.0885833333	-0.6000416667
carolyn98103	2015/05/13 4:12 PM	-90.7056888889	-0.3990888889
carolyn98103	2015/05/11 7:57 AM	-91.0885833333	-0.6000416667
carolyn98103	2015/05/15 10:01 AM	-91.217160152	-0.9528414255
carolyn98103	2015/05/15 9:58 AM	-90.5669694444	-0.2910861111
carolyn98103	2015/05/13 10:22 AM	-90.8664611111	-0.2436916667
carolyn98103	2015/05/13 3:43 PM	-90.707025	-0.3995083333
carolyn98103	2015/05/13 9:57 AM	-90.8640583333	-0.2428527778
carolyn98103	2015/05/13 9:37 AM	-90.4370973581	-0.5996179912
carolyn98103	2015/05/12 10:22 AM	-91.4449138889	-0.26415
carolyn98103	2015/05/11 5:29 PM	-90.6266236086	-0.3855221868
carolyn98103	2015/05/11 5:22 PM	-91.2263027778	-0.388725
carolyn98103	2015/05/11 5:09 PM	-91.0750657639	-0.7062022072
carolyn98103	2015/05/11 9:18 AM	-91.135302	-0.829237
carolyn98103	2015/05/11 5:12 PM	-91.2257277778	-0.3893694444
carolyn98103	2023/11/12 12:01 AM	34.7658369722	-2.2406359722
carolyn98103	2023/11/09 12:54 AM	35.863348	-3.700232
carolyn98103	2023/11/04 9:21 PM	35.832683	-3.911074
carolyn98103	2023/11/09 3:27 AM	34.830252	-2.4934449722
carolyn98103	2023/11/10 9:21 PM	34.818373	-2.3852
carolyn98103	2023/11/03 7:26 AM	37.3442546582	-2.6119335047
carolyn98103	2023/11/05 12:01 AM	36.182361676	-3.6019561704
carolyn98103	2023/11/11 12:15 AM	34.6522419853	-2.7814524496
carolyn98103	2023/11/10 12:54 AM	34.947201172	-2.4812795113
carolyn98103	2023/11/10 12:33 AM	34.8406382406	-2.4018271118
carolyn98103	2023/11/09 9:28 PM	34.8503389722	-2.3060749722
carolyn98103	2023/11/09 9:13 PM	34.8321159722	-2.2982089722
carolyn98103	2023/11/09 9:13 PM	34.8538118279	-2.2427592675
carolyn98103	2023/11/09 8:55 PM	34.6856509	-1.8936005
carolyn98103	2023/11/08 11:22 PM	35.1643601965	-2.8920942133
carolyn98103	2023/11/08 10:07 PM	35.5659633079	-3.0340977324
carolyn98103	2023/11/08 11:54 PM	35.110252	-2.893669
carolyn98103	2023/11/05 1:37 AM	36.0519859722	-3.8565619722
carolyn98103	2023/11/05 1:31 AM	36.0108610176	-3.9971647313
carolyn98103	2023/11/04 11:59 PM	36.036686	-3.7825449722
carolyn98103	2023/11/04 10:26 PM	35.8567102921	-3.8171755569
carolyn98103	2023/11/03 5:49 AM	37.2926179722	-2.658796
carolyn98103	2023/10/31 11:40 PM	35.230654	-1.560967
carolyn98103	2023/10/31 12:29 AM	35.130057834	-1.4533494552
carolyn98103	2023/10/30 11:28 PM	35.3688265198	-1.4116708423
carolyn98103	2023/10/30 10:54 PM	35.3699991669	-1.5991988819
carolyn98103	2023/10/29 11:32 PM	35.3701376441	-1.4863219212
carolyn98103	2013/03/17 6:06 PM	103.8522484289	13.589399298
carolyn98103	2013/03/06 7:22 PM	107.5908628	16.4637117
carolyn98103	2013/03/07 12:55 AM	107.5908628	16.4637117
carolyn98103	2013/03/04 5:55 PM	105.8341598	21.0277644
carolyn98103	2013/03/07 8:51 PM	108.0717219	16.0544563
carolyn98103	2013/03/08 6:28 PM	108.1091933	15.7736936
carolyn98103	2013/03/08 6:37 PM	108.1091933	15.7736936
carolyn98103	2013/03/10 12:31 AM	109.1899018	12.2529152
catarinab	2023-07-28 17:11:01+01:00	-8.7806116667	37.6331866667
catarinab	2023-08-02 11:56:26+01:00	-8.80612	37.6437216667
catarinab	2024-04-19 15:27:21+01:00	-8.8001916667	37.6527133333
catarinab	2024-04-15 15:03:40+01:00	-8.7840666667	37.6565633333
catarinab	2024-04-10 14:27:05+01:00	-8.799005	37.6529383333
catarinab	2024-05-03 13:50:35+01:00	-8.7806966667	37.6333633333
catarinab	2024-05-24 15:59:38+01:00	-8.7293383333	37.60953
catarinab	2023-12-02 15:21:50Z	-8.7803383333	37.63332
catarinab	2024-03-06 15:04:33Z	-8.78047	37.6327783333
catarinab	2024-02-20 14:55:55Z	-8.8073033333	37.638355
catarinab	2023-11-09 13:49:57Z	-8.7988916667	37.63607
brandon_frederick	2024-05-31 18:11:56	-87.8241166667	42.4406722222
brandon_frederick	2024-06-07 19:02:04	-122.4911222222	37.7722
brandon_frederick	2024-06-07 20:28:44	-122.509825	37.7663805556
calabenson	2024-02-15 13:06:36+07:00	105.8532972169	21.0299387807
calabenson	2024-06-10 09:22:34-07:00	-118.6780068109	34.1367688555
carolyn98103	2024/06/25 12:44 PM	-122.336845994	47.7358960319
carolyn98103	2008/04/25 5:54 AM	139.7357269099	35.6284697551
carolyn98103	2003/01/18 1:01 PM	-78.3489439636	0.8118048985
carolyn98103	0002/01/01 12:59 PM	-78.1239555858	0.5574010233
carolyn98103	2003/08/02 9:27 AM	-121.4653691	47.0126113
carolyn98103	2019/10/30 10:52 AM	-54.4410539592	-25.6911387786
carolyn98103	2019/10/30 10:10 AM	-54.447143	-25.688157
carolyn98103	2019/10/31 4:34 AM	-54.4419265618	-25.6913492499
carolyn98103	2019/10/31 5:14 AM	-54.4413400611	-25.691791707
carolyn98103	2019/10/31 5:31 AM	-54.4415117224	-25.6915596706
carolyn98103	2019/10/31 5:40 AM	-54.4470907172	-25.6876923306
carolyn98103	2019/10/31 5:47 AM	-54.4471349266	-25.6871913165
carolyn98103	2019/10/31 5:49 AM	-54.447691532	-25.6875376344
carolyn98103	2019/10/31 3:34 AM	-54.4454027047	-25.6831116501
carolyn98103	2019/10/31 3:35 AM	-54.4468618264	-25.6875592513
carolyn98103	2021/04/25 11:00 AM	-156.4496536561	20.7279502818
carolyn98103	2022/06/27 9:52 AM	-122.3320259722	47.677894
carolyn98103	2022/07/09 12:27 PM	-120.5944219722	47.1835609722
carolyn98103	2023/07/27 1:36 PM	-122.3776079722	47.7002519722
brandon_frederick	2024-06-30 09:06:38	105.8416166667	21.0439388889
catarinab	2024-07-01 17:16:12+01:00	-8.801255	37.6534716667
carlton_reeve	2024-07-15 16:31:48+07:00	105.9322544933	20.9656338254
catarinab	2024-07-21 16:28:53+01:00	-8.7838289588	37.6330898127
cameronbraun	2024-07-21 11:54:39-07:00	-120.1100554673	38.9398572281
cameronbraun	2024-07-26 09:06:26-07:00	-117.286174655	33.0926132192
cameronbraun	2024-07-26 10:15:32-07:00	-117.2716079006	33.0918212701
carlos99970	2024-08-02 16:06:45	-4.23608332	55.86178699
carlos99970	2024-08-03 13:28:16	-6.39323921	56.33482628
carlos99970	2024-08-03 13:43:24	-6.39043003	56.34160223
carlos99970	2024-08-03 13:49:30	-6.38876346	56.344729
carlos99970	2024-08-04 14:17:50	-4.2850287	55.86850385
boyitongxue	2024-07-03 12:15:00+07:00	105.890993158	21.0450667495
boyitongxue	2024-07-09 08:11:27+08:00	107.8573543864	26.4395974254
boyitongxue	2024-07-10 09:31:34+08:00	107.6117611405	26.2403402542
boyitongxue	2024-07-10 09:23:00+08:00	107.6506161155	26.1456908621
carlos99970	2024-08-04 14:24:20	-4.28682105	55.86847282
carlos99970	2024-08-04 14:25:27	-4.28710135	55.86835621
carlos99970	2024-08-04 14:37:27	-4.28933478	55.86960444
carlos99970	2024-08-06 14:47:52	-4.30111191	55.82681131
carlos99970	2024-08-06 15:06:55	-4.3155102	55.82616643
carlos99970	2024-08-06 15:13:46	-4.31613075	55.82699724
carlos99970	2024-08-06 15:32:31	-4.30805536	55.82586683
carlos99970	2024-08-06 16:04:59	-4.31186534	55.82865056
carlos99970	2024-08-06 16:06:31	-4.31175442	55.82871704
carlos99970	2024-08-06 17:45:10	-4.28085417	55.86740353
carlos99970	2024-08-06 18:15:25	-4.29034665	55.87150281
carlos99970	2024-08-07 12:46:02	-6.26022935	53.33868962
carlos99970	2024-08-07 12:46:39	-6.26036746	53.33867724
carlos99970	2024-08-11 19:03:35	-9.1533757416	38.6032666809
carlos99970	2024-08-22 13:17:02	-9.13815638	38.7462094
carlos99970	2024-08-24 12:49:01	-16.97291556	32.82687154
carlos99970	2024-08-25 02:11:40	-17.0451961	32.8106402
carlos99970	2024-08-26 11:25:49	-9.1690916667	38.74295
carlos99970	2024-08-31 21:40:39	-9.1414403	38.7577308
carolyn98103	2024/09/10 4:28 PM	-122.3521346944	47.6536750556
calabenson	2024-09-20 15:56:22-07:00	-118.6791639962	34.1405196162
calabenson	2024-09-25 09:28:53-07:00	-118.6822853332	34.1400461644
brookerocket	2024-09-26 18:24:51	108.4320418	11.9478403
calabenson	2024-10-02 08:52:34-07:00	-118.6789591376	34.1405277843
catarinab	2024-10-02 18:02:18+01:00	-8.7807716667	37.6332366667
catarinab	2024-10-02 18:01:59+01:00	-8.7807633333	37.6332083333
catarinab	2024-10-02 14:18:09+01:00	-8.78072	37.6332383333
catarinab	2024-08-28 18:27:18+01:00	-8.7807533333	37.6331633333
catarinab	2024-09-14 14:17:32+01:00	-8.795305	37.6525416667
bug__enjoyer	2024-10-09 09:41:24	150.3178990267	-33.762667433
bug__enjoyer	2024-10-09 10:25:14	150.281888527	-33.6823959113
bug__enjoyer	2024-04-28 16:17:43	149.0003881043	-35.3519302491
bug__enjoyer	2024-10-09 10:23:25	150.2632520865	-33.6678102247
bug__enjoyer	2024-04-28 15:57:27	149.0442013329	-35.3073072143
bug__enjoyer	2024-04-28 15:27:21	149.028937424	-35.3132369156
bug__enjoyer	2024-07-06 11:26:45	150.6676882824	-33.7407061425
bug__enjoyer	2024-04-28 16:02:37	149.1631559546	-35.3215057425
bug__enjoyer	2024-04-28 15:32:48	149.0336782246	-35.2761455324
bug__enjoyer	2024-10-13 13:13:38	151.0323920964	-33.8407847846
boyitongxue	2024-09-30 11:28:27+08:00	106.5969768642	23.6675479967
boyitongxue	2024-10-03 20:16:03+08:00	114.2988306048	31.1487540046
calabenson	2024-10-21 11:40:38+02:00	2.1542104484	41.4121598752
calabenson	2024-10-21 12:10:42+02:00	2.1518351231	41.413262724
bug__enjoyer	2024-10-29 08:31:27	151.0849175605	-33.9276391406
bug__enjoyer	2024-11-07 11:03:44	151.0092988117	-33.8940382039
bug__enjoyer	2024-11-08 15:38:53	151.0971155934	-33.8023232636
brookerocket	2024-10-30 10:19:44	105.6263555556	21.4283333333
brookerocket	2024-11-09 12:17:22	105.8412111111	21.0435833333
bug__enjoyer	2024-11-12 08:29:21	101.7056336557	3.1849233213
bug__enjoyer	2024-11-12 15:39:50	101.7584801039	3.1389260803
bug__enjoyer	2024-11-12 16:25:59	101.6600973195	3.0854321247
bug__enjoyer	2024-11-17 10:49:46	101.6324151668	3.1476454976
bug__enjoyer	2024-11-17 10:20:04	101.6842565669	3.0728947994
britt_hargreaves	2024-11-19 20:35:54+11:00	153.1945111576	-30.0235215913
britt_hargreaves	2024-11-19 21:05:33+11:00	153.1945111576	-30.0235215913
britt_hargreaves	2024-11-19 21:44:40+11:00	153.1834644129	-30.1085343023
britt_hargreaves	2024-11-21 17:04:11+11:00	153.1835723297	-30.1086770883
britt_hargreaves	2024-11-21 17:05:27+11:00	153.1835163958	-30.1085230589
brookerocket	2024-11-23 12:39:41	105.5294916667	20.8192805556
brookerocket	2024-11-23 12:45:28	105.5294305556	20.8192694444
britt_hargreaves	2024-11-25 18:57:48+11:00	153.1836279856	-30.1084781438
britt_hargreaves	2024-11-25 18:58:29+11:00	153.1835437511	-30.1085276597
britt_hargreaves	2024-11-25 19:01:42+11:00	153.1835475223	-30.1085324788
britt_hargreaves	2024-11-25 19:02:33+11:00	153.1835475223	-30.1085324787
britt_hargreaves	2024-11-25 19:03:20+11:00	153.1835475223	-30.1085324787
britt_hargreaves	2024-11-26 18:40:43+11:00	153.1947500638	-30.023469447
bug__enjoyer	2024-11-27 06:51:19	98.98211212	18.6455384493
britt_hargreaves	2024-11-28 20:23:05+11:00	153.1835475298	-30.1085324799
bug__enjoyer	2024-11-28 12:09:19	100.1315654801	9.4877622695
bug__enjoyer	2024-11-30 08:24:20	100.1533188918	9.5231212438
bug__enjoyer	2024-11-30 11:58:40	100.0574725245	9.5029417726
bug__enjoyer	2024-11-30 11:55:32	100.0745981384	9.426708615
bug__enjoyer	2024-12-01 19:00:21	100.0465730173	9.5652373354
britt_hargreaves	2024-12-02 15:35:40+11:00	152.933335617	-29.682698641
bug__enjoyer	2024-12-04 13:02:07	105.9109508988	21.184900948
bug__enjoyer	2024-12-09 13:06:34	105.9435621363	20.355441966
bug__enjoyer	2024-12-09 12:16:35	105.9476543057	20.2063231994
cameronbraun	2024-08-03 19:52:56-07:00	-121.9433172975	37.8736331736
bug__enjoyer	2024-12-15 09:55:47	108.2034015881	16.1339783251
britt_hargreaves	2024-12-16 14:10:02+11:00	153.2953893299	-29.7445676579
britt_hargreaves	2024-12-17 11:52:51+11:00	153.30128585	-29.7754804278
britt_hargreaves	2024-12-17 11:55:22+11:00	153.3012530059	-29.7754602817
britt_hargreaves	2024-12-17 13:35:48+11:00	153.2924524137	-29.7574975156
britt_hargreaves	2024-12-17 13:39:23+11:00	153.291677443	-29.7552840992
bug__enjoyer	2024-12-17 14:05:26	108.3535823737	15.8926358869
britt_hargreaves	2024-12-21 17:01:48+11:00	153.1835393565	-30.1085066397
britt_hargreaves	2024-12-25 12:10:07+11:00	152.9029601458	-31.4076300876
britt_hargreaves	2024-12-30 08:20:46+11:00	153.1835280156	-30.1086612002
bug__enjoyer	2025-01-01 09:14:31	151.0214721982	-33.885034136
bug__enjoyer	2025-01-10 16:27:06	151.0387692545	-33.9980474179
bug__enjoyer	2025-01-15 14:45:25	151.1055684787	-33.8014107043
boyitongxue	2025-01-20 14:05:33+08:00	109.733326004	18.8117828951
boyitongxue	2025-01-19 23:37:23+08:00	103.6525050406	22.9817800979
boyitongxue	2025-01-10 03:02:00+07:00	103.1224151774	22.8095941856
britt_hargreaves	2025-01-23 13:58:44+10:00	152.9983437005	-26.2546131796
britt_hargreaves	2025-01-24 13:54:41+11:00	153.2259126353	-29.3149096687
bosslayer9000	2025-01-25 16:56:23	105.43728924	20.92538825
brynn95109	2025-02-08 10:26:54	116.5690867603	6.0078054046
brynn95109	2025-02-08 10:27:57	118.3085717261	5.5435729641
brynn95109	2025-02-08 10:26:37	114.8115511984	4.0432612424
brynn95109	2025-02-05 19:49:25	118.2977544	5.5217273997
brynn95109	2025-02-05 20:19:22	118.2932688	5.5361212997
brynn95109	2025-02-08 14:49:45	118.3124475181	5.5362023085
brynn95109	2025-02-04 19:27:19	118.2984818997	5.5115240997
brynn95109	2025-02-04 19:48:17	118.2958971	5.5079465
brynn95109	2025-02-08 14:57:11	118.2062759623	5.4975308092
brynn95109	2025-02-08 15:03:57	118.2036339583	5.5508434629
brynn95109	2025-02-08 15:05:12	118.2333786235	5.4989055062
brynn95109	2025-02-08 15:05:51	106.6828724021	10.8832504751
brynn95109	2025-02-04 10:33:54	117.9373285	5.9015323997
brynn95109	2025-02-04 07:36:48	117.9367132997	5.9019126997
brynn95109	2025-02-03 19:57:55	117.8090672217	5.9014621182
brynn95109	2025-02-03 19:29:30	117.9427570997	5.8715220997
brynn95109	2025-02-03 11:28:31	117.9452406	5.8752319
brynn95109	2025-02-03 12:05:53	117.8981993048	5.9618948956
brynn95109	2025-02-03 11:32:04	117.9452602	5.8748348997
brynn95109	2025-02-03 08:51:30	117.9367964	5.9018356
brynn95109	2025-02-02 19:39:38	117.9436879997	5.8734825997
brynn95109	2025-02-02 19:24:15	117.9424111997	5.8713512997
brynn95109	2025-02-02 18:27:29	117.9426179997	5.8739075997
brynn95109	2025-02-02 12:14:35	117.950879	5.8634795997
brynn95109	2025-02-02 19:26:34	117.9429851997	5.8714639
brynn95109	2025-02-02 19:02:09	117.9417910427	5.8736692432
brynn95109	2025-02-02 19:13:01	117.952294073	5.9982013983
brynn95109	2025-02-08 16:20:21	117.9838481273	5.9988786948
brynn95109	2025-02-01 10:56:27	116.7030476	6.047024
brynn95109	2025-02-01 10:45:00	116.7017914997	6.0476954997
brynn95109	2025-02-01 10:43:27	116.7016224997	6.0477378
brynn95109	2025-02-01 10:42:21	116.701655	6.0477148997
brynn95109	2025-01-31 09:43:44	114.8149788997	4.0406674
brynn95109	2025-02-03 16:11:10	117.9366954997	5.9017169997
brynn95109	2025-01-30 13:59:24	114.8149027778	4.0405527778
brynn95109	2025-01-30 11:02:48	114.8316813997	4.0649551997
bug__enjoyer	2025-02-06 18:38:30	151.1590879258	-33.9074419249
carlos99970	2025-02-15 16:56:35	106.70304482	10.772026
carlos99970	2025-02-16 14:12:00	106.70377979	10.78575067
carlos99970	2025-02-16 17:49:16	106.69805543	10.79190485
bug__enjoyer	2025-02-15 15:05:25	151.041610301	-33.9913056771
carlos99970	2025-02-21 17:04:21	105.85231868	21.03060635
bug__enjoyer	2025-02-23 15:01:40	151.1710146817	-33.8197163323
britt_hargreaves	2025-02-26 21:15:55+11:00	153.1834858656	-30.1086258876
britt_hargreaves	2025-02-26 21:17:27+11:00	153.1834858656	-30.1086258876
bug__enjoyer	2025-03-01 13:42:43	151.0292693405	-33.9917839656
britt_hargreaves	2025-03-08 14:50:53+11:00	153.183655	-30.1086388333
catarinab	2025-03-09 15:02:01Z	-8.7801633333	37.6330966667
catarinab	2025-03-09 15:02:48Z	-8.7803616667	37.6330633333
catarinab	2025-02-05 16:36:42Z	-8.7808666667	37.6331033333
britt_hargreaves	2025-03-16 20:50:21+11:00	153.183625	-30.108775
britt_hargreaves	2025-03-18 17:42:30+11:00	153.1834591312	-30.1086368305
britt_hargreaves	2025-03-23 12:17:13+11:00	153.1262167786	-30.2963454483
caoimhemullen	2025-03-23 13:07:57	105.8526143691	21.0309249476
caoimhemullen	2025-03-23 13:10:04	105.8525286646	21.0306650795
caoimhemullen	2025-03-23 13:18:01	105.8526323219	21.0308453999
catarinab	2025-03-25 15:20:37Z	-8.7807166667	37.633205
caoimhemullen	2025-04-03 09:26:14	103.8669857383	13.4124691321
bug__enjoyer	2025-04-11 14:08:27	151.0703738541	-33.9996999572
brookerocket	2025-04-13 10:53:07	105.8241388889	21.0695388889
britt_hargreaves	2025-04-15 11:55:38+10:00	150.3282478433	-33.7257657662
britt_hargreaves	2025-04-16 12:39:57+10:00	150.2530558043	-33.6956900397
catarinab	2025-04-16 14:12:56+01:00	-8.7809966667	37.6332966667
catarinab	2025-04-15 11:18:12+01:00	-8.79383	37.6527533333
britt_hargreaves	2025-04-17 13:08:29+10:00	149.2527340331	-35.1641255085
catarinab	2018-01-21 16:03:43	106.054360093	21.1500319767
catarinab	2018-04-30 13:33:44	-8.79412	37.8493533333
catarinab	2018-05-13 13:38:46	-8.3832033333	37.64175
catarinab	2018-05-14 09:57:21	-8.7980633333	37.6527716667
catarinab	2018-05-20 16:48:06	-8.78075	37.6332133333
catarinab	2018-07-08 13:29:42	-8.7936416667	37.65253
catarinab	2018-03-18 12:04:58	78.188911469	29.7929554365
britt_hargreaves	2025-04-18 09:07:43+10:00	148.4087097165	-36.412631969
britt_hargreaves	2025-04-18 15:46:56+10:00	148.4087636049	-36.4087826433
catarinab	2025-04-21 18:30:13	-8.780855	37.6330383333
brookerocket	2025-04-24 17:20:23	105.8241527778	21.0695111111
catarinab	2025-04-25 14:46:19	-8.7837083333	37.71957
catarinab	2025-04-25 14:52:07	-8.7840533333	37.7224466667
brookerocket	2025-04-26 18:34:58	117.9495777778	5.8760111111
catarinab	2025-04-27 10:09:31	-8.79728	37.6525
catarinab	2021-09-06 09:34:16	-8.78083	37.6330833333
catarinab	2021-09-27 17:50:29	-8.80055	37.6586583333
catarinab	2021-02-17 10:56:51	-8.779775	37.6336216667
catarinab	2023-07-21T18:55	-25.1995224055	37.7603448809
catarinab	2023-11-09 13:49:57	-8.7988916667	37.63607
catarinab	2025-01-18 10:01:10	-8.7972	37.6533383333
catarinab	2024-07-28 15:02:57	-8.7800216667	37.633355
catarinab	2024-07-28 14:50:35	-8.780045	37.6333716667
catarinab	2025-03-10 11:20:30	-8.7810616667	37.6319916667
catarinab	2021-02-05 12:58:58	-8.7694916667	37.586105
catarinab	2024-10-10T19:12	-8.798885132	37.6575335868
catarinab	2021-02-17 10:56:55	-8.7800866667	37.6331283333
catarinab	2021-02-17 10:57:33	-8.7801866667	37.6330416667
catarinab	2021-07-08 19:12:09	-25.314225	37.7734866667
catarinab	2021-09-11 16:18:46	-28.1999383333	38.469545
catarinab	2024-07-05T19:15	-28.3543653901	38.4879809773
catarinab	2023-10-23 17:32:46	-8.80725	37.6394116667
catarinab	2023-11-09 13:39:01	-8.8056083333	37.636795
catarinab	2023-11-09 13:39:12	-8.8055533333	37.636795
catarinab	2023-11-20 10:38:23	-8.7808666667	37.6331533333
catarinab	2023-12-02 15:21:50	-8.7803383333	37.63332
catarinab	2023-12-29 13:35:48	99.8034471599	12.7546804214
catarinab	2024-01-06 12:28:50	99.9947666667	9.572305
boyitongxue	2025-04-26 15:05:22+08:00	114.5520232054	31.2723695984
carolyn98103	2025/05/02 12:05 PM	-109.9110183611	22.8846874167
carolyn98103	2025/05/03 10:24 AM	-109.8275527778	22.9195613611
carolyn98103	2025/05/03 11:47 AM	-109.8269195556	22.9202232222
carolyn98103	2025/05/02 10:18 AM	-109.8185119444	22.9366493056
carolyn98103	2025/05/06 3:43 PM	-122.3522491389	47.6537704444
bug__enjoyer	2025-05-13 13:27:12	150.7802512368	-33.7376444634
bug__enjoyer	2025-05-13 09:59:42	150.6080343027	-33.6222331671
bug__enjoyer	2025-04-29 09:23:21	150.6779678922	-33.65154539
bug__enjoyer	2025-04-29 14:25:39	151.0889639003	-33.9995895447
bug__enjoyer	2025-04-29 09:34:02	150.6148224424	-33.6008969064
bug__enjoyer	2025-04-29 09:33:23	150.7260014088	-33.6630583622
bug__enjoyer	2025-05-12	151.1173549169	-33.8494848349
catarinab	2019-09-21 17:19:18	-8.7941860398	37.6526937539
catarinab	2025-05-18 11:46:29	-8.7836083333	37.6313966667
catarinab	2025-05-18 11:46:07	-8.7836	37.6313966667
catarinab	2025-05-18 11:46:17	-8.7836216667	37.631395
catarinab	2025-05-18 11:46:40	-8.783605	37.631395
catarinab	2025-05-19 10:34:04	-8.780475	37.633105
catarinab	2025-05-19 10:33:16	-8.78043	37.6330966667
catarinab	2025-05-19 10:22:39	-8.78048	37.6326
carolyn98103	2025/05/21 4:06 PM	-122.35225675	47.6538009444
brookerocket	2025-05-28 10:44:00	106.1476944444	21.4368666667
cameronbraun	2025-05-31 11:53:37-07:00	-122.5001765522	37.5991424946
brookerocket	2025-06-01 09:10:12	105.835725	21.0279805556
catarinab	2025-06-01T11:50	-8.7865561927	37.7187445101
catarinab	2025-06-03 12:35:51	-8.7939716667	37.6528666667
boulderhiker	2025-06-03 18:46:47	-109.03603323	39.11846105
boulderhiker	2025-06-03 18:51:23	-109.03630726	39.1181756
boulderhiker	2025-06-03 18:52:04	-109.03633952	39.11812468
catarinab	2025-06-04 21:14:26	-8.7930166667	37.649445
bug__enjoyer	2025-06-09 12:19:55	151.1785009819	-33.8454390219
boulderhiker	2025-06-03 14:19:22	-108.9980905997	39.1442829
boulderhiker	2025-06-09 17:01:10	-105.28121461	40.00307339
brandon_frederick	Thu Jun 12 2025 06:46:52 GMT -0700 (PDT)	-122.5316848755	45.6236915588
brandon_frederick	Thu Jun 12 2025 06:48:13 GMT -0700 (PDT)	-122.5322647095	45.623260498
brandon_frederick	Thu Jun 12 2025 08:05:12 GMT -0700 (PDT)	-122.5315933228	45.6258354187
brandon_frederick	Thu Jun 12 2025 08:07:02 GMT -0700 (PDT)	-122.5314483643	45.6250457764
brandon_frederick	Wed Jun 18 2025 15:29:17 GMT -0700 (PDT)	-122.5321731567	45.6268463135
cameronbraun	2025-06-24 20:44:00-05:00	-78.7716234442	-0.0671197323
cameronbraun	2025-06-24 20:41:01-05:00	-78.7718052945	-0.0672598759
cameronbraun	2025-06-26 15:27:26-06:00	-90.3059916667	-0.74237
brandon_frederick	Sat Jun 28 2025 19:11:37 GMT -0400 (EDT)	-76.846244812	39.1819763184
brandon_frederick	Tue Jul 01 2025 10:58:59 GMT -0400 (EDT)	-77.0730743408	38.8935317993
catarinab	2025-07-03 13:18:26	-8.780875	37.633105
bug__enjoyer	2025-07-05 13:07:47	151.0042793522	-33.9354717312
brandon_frederick	Sun Jul 06 2025 09:47:39 GMT -0700 (PDT)	-122.5328063965	45.624382019
brandon_frederick	Sun Jul 06 2025 09:53:31 GMT -0700 (PDT)	-122.5321121216	45.6243972778
cameronbraun	2025-07-08 16:48:20-07:00	-117.3142601609	33.0896515336
brandon_frederick	Sun Jul 20 2025 20:52:03 GMT -0700 (PDT)	-122.4687805176	37.706237793
brandon_frederick	Sun Jul 20 2025 23:33:21 GMT -0700 (PDT)	-122.4508590698	37.8061332703
brandon_frederick	Sun Jul 20 2025 23:33:16 GMT -0700 (PDT)	-122.4508590698	37.8061294556
brandon_frederick	Mon Jul 21 2025 16:08:21 GMT -0700 (PDT)	-122.4600448608	37.8047981262
brandon_frederick	2025-07-20 10:00:00	-122.4690944444	37.8069222222
boulderhiker	2025-07-27 19:48:06	-108.18689931	43.69162309
carlos99970	2025-07-29 12:48:00	11.31361767	44.48776121
carlos99970	2025-07-29 17:10:15	11.29744042	44.478951
carlos99970	2025-07-30 20:42:45	12.56308389	44.06406126
carlos99970	2025-08-06 12:41:24	-8.08996259	41.70298738
carlos99970	2025-08-06 16:10:11	-8.12964186	41.72323655
carlos99970	2025-08-06 16:38:24	-8.12967471	41.723255
carlos99970	2025-08-06 16:39:01	-8.12983695	41.72326757
carlos99970	2025-08-06 16:40:01	-8.12974266	41.72324963
carlos99970	2025-08-06 19:33:59	-8.09384451	41.70850634
carlos99970	2025-08-07 10:07:17	-8.09788396	41.69971492
carlos99970	2025-08-07 11:17:02	-8.09768682	41.69948713
brandon_frederick	Fri Aug 08 2025 16:28:38 GMT -0700 (PDT)	-122.5316314697	45.6242523193
brandon_frederick	Tue Aug 12 2025 14:51:05 GMT -0700 (PDT)	-122.5318222046	45.6237754822
brandon_frederick	2025-08-12	-122.5192895159	45.6253929757
boulderhiker	2025-08-17 14:53:11	-146.05274985	65.04878489
bug__enjoyer	2025-08-20 14:18:16	150.7102464402	-33.7918055808
brookerocket	2025-07-09 14:04:49	105.8242	21.0694944444
callius	2025-08-15 18:49:23	105.5766626447	20.9111883802
brandon_frederick	Wed Aug 27 2025 14:57:34 GMT -0700 (PDT)	-122.5316085815	45.6255912781
boulderhiker	2025-08-27 15:30:57	-125.7726325997	59.0015203
brandon_frederick	Wed Sep 03 2025 14:10:07 GMT -0700 (PDT)	-122.5504837036	45.6337242126
britt_hargreaves	2025-09-04 05:46:31+10:00	153.1946928738	-30.0231701517
brandon_frederick	Sun Sep 07 2025 15:57:50 GMT -0700 (PDT)	-122.5317001343	45.6243133545
boulderhiker	2025-09-11 10:49:36	-95.42018363	29.75709043
boulderhiker	2025-09-11 11:01:17	-95.42076206	29.75724849
brandon_frederick	Fri Sep 12 2025 14:22:15 GMT -0700 (PDT)	-122.5406951904	45.6302680969
brandon_frederick	Fri Sep 12 2025 23:13:12 GMT -0700 (PDT)	-122.5415649414	45.6299705505
bug__enjoyer	2025-08-20 15:07:17	150.6780548056	-33.6306533611
bug__enjoyer	2025-09-13 14:08:38	151.0833849217	-33.8536076516
brandon_frederick	2025-09-13 08:21:48	-122.5314666667	45.6243444444
brandon_frederick	2025-09-18 08:09:56	-122.5315916667	45.6236805556
boulderhiker	2025-09-19 11:04:22	-105.28034925	40.00134301
carlos99970	2025-09-21 14:35:36	-9.15355247	38.73660334
boulderhiker	2025-09-25 13:24:20	-105.289375	39.99281338
boulderhiker	2025-09-25 13:56:14	-105.28019707	40.00130887
brandon_frederick	Sat Sep 27 2025 14:40:29 GMT -0700 (PDT)	-122.5314483643	45.626159668
brandon_frederick	Sat Sep 27 2025 14:41:05 GMT -0700 (PDT)	-122.531578064	45.6257514954
britt_hargreaves	2025-10-02 17:04:48+10:00	145.4678068212	-16.4829954526
britt_hargreaves	2025-09-29 13:39:24+09:00	145.8828543192	-16.2324950206
britt_hargreaves	2025-09-29 11:08:02+09:00	145.8744686778	-16.2016042368
boonma_thawat	2025/09/20 12:51	101.3207388889	14.3333944444
boonma_thawat	2019/04/10 10:39	102.5030846818	11.5922642391
boonma_thawat	2023/07/08 09:51	101.4002305556	14.4333444444
boonma_thawat	2025/09/20 12:16	101.3190916667	14.33075
boonma_thawat	2018/04/09 18:37	101.058425	14.2457972222
boonma_thawat	2018/05/29 17:59	101.0587	14.2460833333
boonma_thawat	2018/07/27 11:24	101.0587	14.2460111111
boonma_thawat	2019/01/17 07:41	101.0587833333	14.2459083333
boonma_thawat	2019/01/21 14:01	101.7748333333	16.8944833333
boonma_thawat	2019/01/21 14:01	101.7748555556	16.8944888889
boonma_thawat	2019/01/21 14:01	101.774825	16.8945083333
boonma_thawat	2019/01/21 14:01	101.7747888889	16.8944555556
boonma_thawat	2020/06/20 21:48	101.1340694019	14.3468525515
boonma_thawat	2019/04/09 14:53	102.5717694444	11.5907722222
boonma_thawat	2019/04/09 14:56	102.5720138889	11.59055
boonma_thawat	2019/04/09 14:50	102.5719972222	11.5906472222
boonma_thawat	2019/04/09 16:27	102.5659333333	11.594375
boonma_thawat	2019/04/09 16:59	102.5699611111	11.5912944444
boonma_thawat	2020/04/18 22:02	99.1117294874	16.8375772987
boonma_thawat	2019/05/09 13:42	102.4234388889	15.54865
boonma_thawat	2019/06/24 11:40	99.7573694444	6.9012916667
boonma_thawat	2019/06/24 11:23	99.7704388889	6.9025083333
boonma_thawat	2019/06/24 11:20	99.7705222222	6.9024305556
boonma_thawat	2019/06/24 11:22	99.7704472222	6.9025277778
boonma_thawat	2019/06/24 11:30	99.7705472222	6.9024083333
boonma_thawat	2019/06/24 11:25	99.7705	6.9025416667
boonma_thawat	2019/05/16 13:05	101.058625	14.2459472222
boonma_thawat	2019/05/16 13:08	101.0585722222	14.2460388889
boonma_thawat	2019/05/16 13:08	101.0585722222	14.2460555556
boonma_thawat	2019/05/30 11:18	102.4172583333	15.5399916667
boonma_thawat	2019/05/30 18:25	102.4227055556	15.5521805556
boonma_thawat	2019/05/30 18:32	102.4226916667	15.5521888889
boonma_thawat	2019/05/30 18:28	102.4226611111	15.5521972222
boonma_thawat	2024/07/27 10:33	103.9035861111	18.2657
boonma_thawat	2024/07/27 10:34	103.9035805556	18.2656944444
boonma_thawat	2024/07/27 10:34	103.9035805556	18.2656916667
boonma_thawat	2024/07/27 10:34	103.9035805556	18.2656888889
boonma_thawat	2024/07/27 10:31	103.9039777778	18.2651694444
boonma_thawat	2025/07/14 15:35	100.7850638889	22.0124916667
boonma_thawat	2025/07/14 13:06	100.7891472222	22.0042527778
boonma_thawat	2025/07/14 13:05	100.7891166667	22.004275
boonma_thawat	2025/07/14 11:13	100.7881166667	22.0051916667
boonma_thawat	2025/06/18 10:30	106.6480027778	23.3561638889
boonma_thawat	2025/06/18 11:54	106.652175	23.3627555556
boonma_thawat	2025/09/09 12:03	105.7903361111	21.0459416667
boonma_thawat	2019/06/03 12:14	101.1327583333	14.3449638889
boonma_thawat	2025/08/24 13:33	106.7059777778	10.7899638889
boonma_thawat	2025/08/24 12:06	106.7068638889	10.7874888889
boonma_thawat	2019/02/26 16:45	98.8247083333	8.9369277778
boonma_thawat	2022/02/19 15:54	101.4311138889	17.4514916667
boonma_thawat	2018/07/16 12:07	101.3455111111	17.5113194444
boonma_thawat	2018/07/16 11:53	101.3450916667	17.5141194444
boonma_thawat	2021/12/26 17:01	101.4661777778	17.0603583333
boonma_thawat	2022/01/23 18:06	101.6572333333	17.8966638889
boonma_thawat	2022/01/10 09:10	101.0643166667	16.9937777778
boonma_thawat	2018/07/16 18:15	101.6675638889	17.8979444444
boonma_thawat	2018/07/16 15:19	101.6600638889	17.8972416667
catlpt199	2025/09/26 9:08 PM	105.8634027778	21.0063416667
boonma_thawat	2024/06/24 00:44	97.9192207561	18.032724195
boonma_thawat	2024/06/23 16:48	97.9089210734	18.0163721446
boonma_thawat	2019/08/22 16:16	104.5972888889	14.67185
catlpt199	2025/10/03 10:38 PM	105.8633805556	21.0062833333
catlpt199	2025/10/03 10:39 PM	105.8633805556	21.0062833333
boonma_thawat	2025/03/29 18:14	102.7465972222	14.3188305556
boonma_thawat	2025/03/30 10:54	102.7485277778	14.3181111111
boonma_thawat	2025/03/29 16:23	102.7854305556	14.2956166667
boonma_thawat	2025/01/06 12:57	102.7467111111	14.3174416667
boonma_thawat	2024/12/31 10:18	102.7359611111	14.3110611111
boonma_thawat	2025/01/02 13:40	102.8045972222	14.505625
boonma_thawat	2024/11/24 10:49	102.7468194444	14.3174638889
boonma_thawat	2024/11/07 10:34	102.7466972222	14.3177166667
boonma_thawat	2024/11/04 12:49	102.7549666667	14.3548805556
boonma_thawat	2024/11/04 11:37	102.7466138889	14.31755
boonma_thawat	2024/01/14 10:48	102.7477111111	14.3166472222
boonma_thawat	2023/10/22 15:27	102.7519833333	14.3638388889
boonma_thawat	2023/10/22 13:35	102.7671583333	14.35795
boonma_thawat	2023/10/22 11:57	102.7859805556	14.2957666667
boonma_thawat	2022/06/22 17:30	102.7469416667	14.3176194444
boonma_thawat	2022/04/23 09:01	102.7464222222	14.3173833333
boonma_thawat	2023/07/22 08:48	101.27275	14.3520388889
boonma_thawat	2023/07/22 08:46	101.27295	14.3519972222
boonma_thawat	2023/07/22 12:20	101.2680361111	14.3723722222
boonma_thawat	2025/07/09 11:25	100.966024405	14.6579485065
boonma_thawat	2025/07/09 11:24	100.9031691763	14.7997294657
boonma_thawat	2023/08/01 11:02	100.920656858	14.6265485927
boonma_thawat	2023/08/01 11:02	100.8004875134	14.752103576
boonma_thawat	2025/07/09 11:25	100.9118132245	14.7827845755
boonma_thawat	2019/08/03 10:51	100.9649972222	14.4382361111
boonma_thawat	2019/08/03 11:52	100.9663555556	14.4380944444
boonma_thawat	2019/06/11 06:47	104.5693978412	14.6429928489
boonma_thawat	2025/05/16 05:59	103.0726166667	16.4212027778
boonma_thawat	2025/06/26 11:40	103.2528833333	16.2470388889
boonma_thawat	2025/05/15 13:54	103.2506722222	16.2417611111
boonma_thawat	2025/04/29 17:29	103.2460472222	16.2552666667
boonma_thawat	2025/04/27 11:55	103.2537916667	16.2475277778
boonma_thawat	2025/04/26 18:21	103.279	16.2285111111
boonma_thawat	2025/04/26 09:04	103.2556916667	16.2437166667
boonma_thawat	2025/04/11 07:34	103.2579333333	16.2407888889
boonma_thawat	2025/04/10 12:24	103.2528138889	16.2467916667
boonma_thawat	2025/04/07 16:10	103.2580638889	16.2409444444
boonma_thawat	2025/03/21 16:30	103.2668527778	16.242825
boonma_thawat	2025/03/21 16:30	103.2668444444	16.2428277778
boonma_thawat	2025/03/20 15:06	103.2556444444	16.2437027778
boonma_thawat	2025/02/26 08:44	103.2581333333	16.2408333333
boonma_thawat	2025/02/22 17:50	103.2487555556	16.24545
boonma_thawat	2025/02/21 08:57	103.252975	16.2443444444
boonma_thawat	2025/02/20 13:15	103.2535555556	16.2474555556
boonma_thawat	2025/02/11 13:22	103.1327055556	16.0383861111
boonma_thawat	2025/02/13 14:44	103.2538611111	16.2473361111
boonma_thawat	2025/09/30 15:02	101.1066888889	14.2855694444
boonma_thawat	2025/09/20 12:21	101.3191138889	14.3317222222
boonma_thawat	2025/08/15 17:06	103.2569583333	16.2467333333
boonma_thawat	2025/08/11 13:12	101.0586472222	14.2460166667
boonma_thawat	2025/08/11 14:03	101.0821916667	14.3412666667
boonma_thawat	2025/08/09 06:08	101.0587166667	14.2459472222
boonma_thawat	2025/07/10 10:12	101.0591361111	14.2459888889
boonma_thawat	2025/07/09 12:43	100.7896416667	14.7189527778
boonma_thawat	2025/06/29 13:55	103.3312833333	16.2197944444
boonma_thawat	2025/06/29 13:55	103.3312833333	16.2198083333
boonma_thawat	2025/06/06 08:29	101.0586555556	14.2459166667
boonma_thawat	2018/05/25 11:54	102.7857979174	14.2959450857
brandon_frederick	Sun Oct 05 2025 23:37:17 GMT -0700 (PDT)	-122.531539917	45.6275177002
catarinab	2025-10-08 14:01:19	-8.7807366667	37.6332466667
brandon_frederick	Sun Oct 12 2025 14:53:06 GMT -0700 (PDT)	-122.53150177	45.6261787415
brynn95109	2025-10-12 12:36:41	105.3833806515	21.1207779523
brandon_frederick	2025-10-13 17:51:21	-122.5314583333	45.6246694444
boulderhiker	2025-10-16 13:23:58	-105.27735011	40.00262402
brandon_frederick	Tue Oct 14 2025 00:51:21 GMT -0700 (PDT)	-122.5314559937	45.6246681213
boonma_thawat	2021-01-06 12:35:03	101.1340471667	14.3467166667
boonma_thawat	2025-10-13 16:57:32	101.0580888333	14.24543
boonma_thawat	2025-10-13 16:50:07	101.0580971667	14.2453616667
boonma_thawat	2025-10-13 16:49:46	101.058075	14.2453583333
boonma_thawat	2025-03-26 17:52:16	100.54927	13.7994216667
boonma_thawat	2025-10-15 07:12:15	101.0591138333	14.2459416667
boonma_thawat	2025-10-15 07:23:06	101.0592583333	14.2459166667
boonma_thawat	2025-10-15 11:19:27	101.0587611667	14.2459033333
boonma_thawat	2025-10-15 07:07:03	101.0589528333	14.2460866667
boonma_thawat	2025-10-15 20:26:22	101.0586778333	14.2457166667
boonma_thawat	2025-10-17 08:58:21	101.0582666667	14.24592
brandon_frederick	Fri Oct 17 2025 04:22:38 GMT -0700 (PDT)	-122.5317153931	45.6242904663
boonma_thawat	2025-10-15 07:35:01	101.0586555	14.2460833333
boonma_thawat	2025-10-19 09:02:41	101.0660555	14.254845
boonma_thawat	2025-03-26 17:51:58	100.5492866667	13.799425
boonma_thawat	2024-11-04 09:45:15	102.7363583333	14.3112216667
boonma_thawat	2021-04-18 16:11:14	101.0484861667	14.23342
boonma_thawat	2024-08-03 18:45:26	103.259545	16.2401783333
bugboy1002	2025-08-20 12:34:30	-82.2200530124	41.2935553294
britt_hargreaves	2025-10-26 21:40:26+11:00	153.1835517896	-30.1086652993
bug__enjoyer	2025-10-29 15:31:30	151.1140032068	-33.8030504566
boonma_thawat	2025-10-25 15:39:05	102.76718	14.3035583333
boonma_thawat	2025-10-25 16:14:49	102.78598	14.2956116667
boonma_thawat	2025-10-29 14:11:59	102.74668	14.3173866667
boonma_thawat	2025-10-28 14:56:10	102.7592	14.2995416667
boonma_thawat	2025-10-28 16:45:36	102.7467416667	14.3173966667
boonma_thawat	2025-10-28 14:54:22	102.7579633333	14.2988883333
boonma_thawat	2025-10-28 14:57:11	102.7592866667	14.2996
boonma_thawat	2025-10-27 15:05:03	102.7668383333	14.3576583333
boonma_thawat	2025-10-27 15:57:10	102.75183	14.3638216667
boonma_thawat	2025-10-27 15:57:21	102.75183	14.3638166667
boonma_thawat	2025-10-27 14:58:31	102.76718	14.3603116667
boonma_thawat	2025-10-27 15:54:59	102.751975	14.3639216667
boonma_thawat	2025-10-29 17:13:04	102.7507783333	14.3180416667
boonma_thawat	2025-10-29 16:57:28	102.74758	14.3374616667
boonma_thawat	2025-10-28 14:56:57	102.7592616667	14.2996133333
boonma_thawat	2025-10-27 14:51:16	102.7669	14.3584216667
brandon_frederick	Thu Oct 23 2025 00:18:36 GMT -0700 (PDT)	-122.5317459106	45.6242904663
boonma_thawat	2025-10-31 14:34:44	102.7439883333	14.296975
bugboy1002	2025-10-01 19:11:57	-82.9997887743	39.9855250027
bugboy1002	2025-10-25 13:31:09	-79.683130039	41.5175917279
bugboy1002	2025-10-25 13:31:27	-79.6831041389	41.5175950807
bugboy1002	2025-10-25 13:54:12	-79.6755250909	41.520616535
boonma_thawat	2025-11-03 12:23:51	102.7468033333	14.3173583333
boulderhiker	2025-11-04 16:39:36	-105.2804598	40.0008453
boonma_thawat	2025-11-06 10:53:04	102.7466966667	14.3174616667
boonma_thawat	2025-11-06 10:52:14	102.7466966667	14.317455
boonma_thawat	2025-11-06 10:51:44	102.7466966667	14.31747
brandon_frederick	Sun Nov 16 2025 01:43:38 GMT -0800 (PST)	-122.5317306519	45.6243515015
britt_hargreaves	2025-11-17 20:15:21+11:00	153.1835659979	-30.1086632371
boulderhiker	2025-11-24 10:35:32	-120.65763241	35.27870565
boulderhiker	2025-11-25 09:01:27	-120.65934697	35.27328133
bug__enjoyer	2025-11-26	151.5720101687	-33.2478927159
carlos99970	2025-12-08 16:00:02	-9.13441976	39.40159521
carlos99970	2025-12-08 16:02:21	-9.13421699	39.40193618
bugboy1002	2025-12-22 16:51:05	107.5588989668	16.4479064767
bugboy1002	2025-12-24 12:23:07	107.5786395651	16.4694476919
bugboy1002	2025-12-24 12:27:09	107.5790346042	16.4704691526
bugboy1002	2025-12-24 13:04:06	107.5772540365	16.4697592473
bugboy1002	2025-12-24 13:16:30	107.5784849602	16.4706858848
bugboy1002	2025-12-24 13:16:59	107.5784849602	16.4706858848
bugboy1002	2025-12-24 12:38:16	107.5782916667	16.47167
bugboy1002	2025-12-23 13:05:28	107.9536666667	16.3416116667
bugboy1002	2025-12-24 13:14:53	107.5784849599	16.4706858924
bugboy1002	2025-12-27 11:40:50	105.8367624533	21.0301744601
bugboy1002	2025-12-27 12:01:29	105.8366430385	21.0302112045
bugboy1002	2025-12-27 12:16:49	105.8361636643	21.0297389897
bugboy1002	2025-12-27 13:57:30	105.8517892287	21.0317314184
bugboy1002	2025-07-24 14:55:51	107.5780319855	16.4703197097
britt_hargreaves	2025-12-30 19:52:52+11:00	153.1870219017	-30.1028308139
bugboy1002	2025-12-30 13:18:40	105.845372798	21.0247319425
bugboy1002	2025-12-31 11:25:00	105.8334509657	21.0383370705
bugboy1002	2025-12-31 12:52:51	105.8334609363	21.0343077741
bugboy1002	2026-01-03 07:56:27	2.5707868924	49.0041410732
bugboy1002	2026-01-03 13:06:40	4.3924886759	52.139001644
brandon_frederick	Sun Jan 04 2026 19:09:19 GMT -0800 (PST)	-122.5376205444	45.6281013489
carlos99970	2026-01-07 17:27:48	-9.15414998	38.72869273
carlos99970	2026-01-08 20:39:55	-9.1413991	38.7577525
britt_hargreaves	2026-01-12 13:13:23+07:00	108.3003273942	15.877951977
britt_hargreaves	2026-01-16 18:44:59+07:00	105.8525807162	21.0315943466
britt_hargreaves	2026-01-18 14:29:10+07:00	105.9069508319	20.2459306053
britt_hargreaves	2026-01-18 15:13:42+07:00	105.9187187983	20.2488291631
boulderhiker	2026-01-30 14:19:36	105.8557102997	21.0312498997
brandon_frederick	Sat Feb 07 2026 19:58:00 GMT -0800 (PST)	-122.5315551758	45.6264343262
brynn95109	2026-02-18 11:36:11	124.1187809408	9.8085740296
brynn95109	2026-02-18 11:34:42	124.1191990301	9.808645721
brynn95109	2026-02-18 11:28:02	124.1190558672	9.8091042813
brynn95109	2026-02-18 11:24:29	124.1198102385	9.8009782863
brynn95109	2026-02-18 11:22:34	124.1198102385	9.8009782863
brynn95109	2026-02-18 11:19:41	124.1198102385	9.8009782863
brynn95109	2026-02-18 11:18:27	124.1198102385	9.8009782863
brynn95109	2026-02-18 11:16:28	124.1198102385	9.8009782863
brynn95109	2026-02-18 11:08:48	124.1198102385	9.8009782863
brynn95109	2026-02-18 11:07:50	124.1198102385	9.8009782863
brynn95109	2026-02-18 11:05:54	124.1198102385	9.8009782863
brynn95109	2026-02-18 11:01:37	124.1198102385	9.8009782863
brynn95109	2026-02-18 10:58:36	124.1159079596	9.8062547876
brynn95109	2026-02-18 10:56:09	124.1198102385	9.8009782863
brynn95109	2026-02-18 10:54:09	124.1198102385	9.8009782863
brynn95109	2026-02-18 10:51:59	124.1198102385	9.8009782863
brynn95109	2026-02-18 06:44:15	124.1198102385	9.8009782863
brynn95109	2026-02-17 15:02:24	124.1233564541	9.7056022766
brynn95109	2026-02-17 17:42:22	124.1233564541	9.7056022766
brynn95109	2026-02-17 15:37:31	124.1759506148	9.6520453749
brynn95109	2026-02-17 18:52:34	124.1233564541	9.7056022766
brynn95109	2026-02-17 19:41:58	124.1233564541	9.7056022766
brynn95109	2026-02-17 19:37:29	124.1233564541	9.7056022766
brynn95109	2026-02-17 19:12:04	124.1233564541	9.7056022766
brynn95109	2026-02-17 18:45:31	124.1233564541	9.7056022766
brynn95109	2026-02-17 18:34:12	124.1233564541	9.7056022766
brynn95109	2026-02-17 18:41:25	124.1233564541	9.7056022766
brynn95109	2026-02-17 18:13:40	124.1233564541	9.7056022766
brynn95109	2026-02-17 16:42:52	124.1233564541	9.7056022766
brynn95109	2026-02-17 16:26:04	124.1233564541	9.7056022766
brynn95109	2026-02-17 15:52:26	124.1233564541	9.7056022766
brynn95109	2026-02-17 16:24:06	124.1233564541	9.7056022766
brynn95109	2026-02-17 16:23:08	124.1233564541	9.7056022766
brynn95109	2026-02-17 16:21:16	124.1233564541	9.7056022766
brynn95109	2026-02-17 16:08:46	124.1233564541	9.7056022766
brynn95109	2026-02-17 16:05:46	124.1233564541	9.7056022766
brynn95109	2026-02-17 15:58:44	124.1233564541	9.7056022766
brynn95109	2026-02-17 15:46:56	124.1233564541	9.7056022766
brynn95109	2026-02-17 13:00:23	124.1233564541	9.7056022766
brynn95109	2026-02-17 12:59:21	124.1233564541	9.7056022766
brynn95109	2026-02-16 15:58:31	124.1198102385	9.8009782863
brynn95109	2026-02-14 21:16:19	123.8023513556	9.567363325
brynn95109	2026-02-12 14:10:49	123.5951922834	9.199862872
brynn95109	2026-02-12 14:06:11	123.5951922834	9.199862872
brynn95109	2026-02-12 08:25:46	123.4928197414	9.1587283588
brynn95109	2026-02-12 08:14:36	123.4928197414	9.1587283588
brynn95109	2026-02-12 07:56:38	123.4928197414	9.1587283588
brynn95109	2026-02-12 07:46:51	123.4928197414	9.1587283588
brynn95109	2026-02-12 07:41:40	123.4928197414	9.1587283588
brynn95109	2026-02-12 07:32:25	123.4928197414	9.1587283588
brynn95109	2026-02-12 07:39:25	123.4928197414	9.1587283588
brynn95109	2026-02-12 07:39:09	123.4928197414	9.1587283588
brynn95109	2026-02-11 13:51:26	123.4928197414	9.1587283588
brynn95109	2026-02-11 13:41:48	123.4928197414	9.1587283588
brynn95109	2026-02-20 01:52:40	123.4928197414	9.1587283588
brynn95109	2026-02-10 08:17:23	123.4777446092	9.5066534358
brandon_frederick	2026-02-19	-122.5332256034	45.6261543084
britt_hargreaves	2026-02-21 12:33:52+11:00	153.1834405023	-30.1086251521
britt_hargreaves	2026-02-24 17:24:40+11:00	153.1835123111	-30.1084819356
carlos99970	2026-03-04 14:48:31	-9.15459144	38.73685322
brookerocket	2025-09-09 12:11:06	106.6851388889	10.9223777778
brookerocket	2026-03-14 10:16:47	105.824175	21.069475
brookerocket	2026-03-16 10:37:11	106.4590361016	10.6122206202
boonma_thawat	2026-01-04 16:10:07	101.0597	14.24623
boonma_thawat	2026-01-04 15:06:50	101.0598138333	14.2462866667
boulderhiker	2026-03-28 17:54:23	-105.28007175	40.00138583
britt_hargreaves	2026-03-30 17:11:24+11:00	153.1834650715	-30.1086574954
catarinab	2026-04-10 14:40:01	-8.78077	37.6332083333
cakinak25	2026-01-14 15:20:23	-82.46347	27.2455133333
cakinak25	2026-01-14 15:09:37	-82.4620533333	27.2459133333
cakinak25	2026-01-07 15:14:19	-82.4970333333	27.2029116667
cakinak25	2026-03-27 10:30:00	-155.99382	19.6393833333
cakinak25	2026-01-14 15:17:17	-82.4634633333	27.2455116667
cakinak25	2025-12-13 13:43:46	-82.4452666667	27.9607283333
cakinak25	2025-12-08 13:12:50	-82.3068466667	27.2456383333
cakinak25	2025-11-19 14:32:04	-82.56482	27.3058416667
cakinak25	2025-11-12 13:43:11	-82.5518928596	27.2171782021
cakinak25	2025-09-18 15:18:09	-19.5117083333	63.5278666667
cakinak25	2025-09-15 11:38:32	-0.247075	51.4732166667
cakinak25	2025-09-14 13:30:21	-0.0761611667	51.5077333333
cakinak25	2025-09-08 14:46:18	-4.9128	56.6735716667
cakinak25	2025-08-04 11:08:05	-151.1962283333	59.6224666667
cakinak25	2025-07-18 17:52:56	-149.666245	61.0817
cakinak25	2025-06-25 13:06:43	-149.6585383333	60.1820833333
cakinak25	2025-05-14 11:41:17	-121.63257	44.5243416667
cakinak25	2025-03-09 15:25:20	-155.094925	19.8096716667
cakinak25	2025-03-09 15:21:35	-155.0945583333	19.809325
cakinak25	2025-03-09 14:40:38	-155.0933221667	19.8081583333
cakinak25	2025-03-09 14:29:39	-155.0940555	19.8089466667
cakinak25	2025-03-09 14:30:17	-155.0941	19.8089833333
cakinak25	2025-03-09 14:20:42	-155.0944528333	19.8095383333
cakinak25	2025-03-09 14:21:27	-155.0944055	19.80943
cakinak25	2025-03-09 14:04:16	-155.0952305	19.80983
cakinak25	2025-02-15 16:15:01	134.4027416667	7.2587866667
cakinak25	2025-02-11 07:17:30	134.4072116667	7.24532
cakinak25	2025-02-01 12:02:06	102.1404028333	19.89568
cakinak25	2025-02-01 08:13:12	102.1305	19.8851133333
cakinak25	2025-01-31 08:25:37	102.1311195	19.88588
cakinak25	2025-01-30 16:12:02	101.8651325936	19.7419861328
cakinak25	2025-01-31 10:35:00	102.3696331045	19.81890438
cakinak25	2025-01-30 09:50:18	102.1034916667	19.8585883333
cakinak25	2025-01-26 16:41:48	105.8680416667	21.0779361667
cakinak25	2025-01-26 10:34:34	105.863725	21.0688138333
cakinak25	2025-01-21 10:27:04	103.917695	13.394475
cakinak25	2025-01-21 09:11:33	103.889345	13.4349216667
cakinak25	2024-11-29 06:13:58	-90.32643	-0.4955
cakinak25	2024-11-28 09:04:52	-89.4579466667	-0.7658666667
cakinak25	2024-11-27 10:45:56	-89.74488	-1.3697466667
cakinak25	2024-11-27 10:56:43	-89.7451383333	-1.36935
cakinak25	2024-11-27 10:14:53	-89.6929272435	-1.2785939265
cakinak25	2024-11-27 09:57:15	-89.7420267994	-1.3394634728
cakinak25	2024-11-27 09:42:04	-89.7425083333	-1.37382
cakinak25	2024-11-27 09:30:35	-89.6087187784	-1.2117420651
cakinak25	2024-11-27 09:21:19	-89.7445216667	-1.3722633333
cakinak25	2024-11-27 09:10:50	-89.7759593907	-1.2423534529
cakinak25	2024-11-27 09:01:16	-89.7446883333	-1.371275
cakinak25	2024-11-27 08:43:58	-89.74495	-1.3698366667
cakinak25	2024-11-27 08:14:52	-89.7449716667	-1.3691083333
cakinak25	2024-11-26 17:21:01	-90.4276583333	-1.2251883333
cakinak25	2024-11-26 16:45:08	-90.4236616667	-1.228395
cakinak25	2024-11-25 14:57:05	-90.3032533333	-0.7409883333
cakinak25	2024-11-25 11:10:47	-90.430595	-0.6697633333
cakinak25	2024-11-25 10:04:31	-90.4241166667	-0.6652416667
cakinak25	2024-11-24 17:19:23	-90.041175	-0.801825
cakinak25	2024-11-24 17:18:42	-90.0411916667	-0.80183
cakinak25	2024-11-23 16:56:50	-89.949805	0.3187083333
cakinak25	2024-11-23 16:52:54	-89.9494866667	0.31887
cakinak25	2024-11-23 16:53:46	-89.9495	0.3188866667
cakinak25	2024-11-23 09:39:33	-89.95188	0.3033916667
cakinak25	2024-11-23 09:19:31	-89.9511033333	0.301055
cakinak25	2024-11-23 08:57:55	-89.9496166667	0.3008133333
cakinak25	2024-11-23 08:32:55	-89.9510633333	0.30088
cakinak25	2024-11-23 08:14:32	-89.95198	0.3023883333
boulderhiker	2026-04-11 12:51:38	-105.28008921	40.00138433
brookerocket	2026-03-16 11:02:22	106.4506722222	10.68685
britt_hargreaves	2026-04-14 11:51:23+10:00	152.7267152255	-30.3721524456
britt_hargreaves	2026-04-14 11:58:04+10:00	152.7272511255	-30.3747077986
britt_hargreaves	2026-04-14 12:01:08+10:00	152.7276521993	-30.3750960843
britt_hargreaves	2026-04-14 12:06:45+10:00	152.729432497	-30.3776967068
britt_hargreaves	2026-04-14 13:06:48+10:00	152.7292376644	-30.3737957438
britt_hargreaves	2026-04-15 08:12:01+10:00	152.2678750975	-30.3870276942
britt_hargreaves	2026-04-15 08:59:32+10:00	152.2677673475	-30.3868674678
cakinak25	2025-01-02 16:35:35	-82.5372982449	27.2498790482
cakinak25	2025-01-10T13:00	-82.469884613	27.1715551238
cakinak25	2024-11-26T13:00	-90.4240442715	-1.2273248334
cakinak25	2024-11-25 17:31:39	-90.3130154788	-0.7485396387
cakinak25	2024-11-24 09:39:13	-89.8103205671	0.3081608812
cakinak25	2024-11-23 07:45:04	-89.9518248421	0.3034137043
cakinak25	2024-11-22 11:39:49	-90.2621079516	-0.5065730225
cakinak25	2026-04-14 13:58:14	-121.3281033333	44.0916971667
cakinak25	2026-04-14 13:57:58	-121.3281466667	44.0917361667
cakinak25	2026-04-14 13:57:40	-121.3281783333	44.0917361667
cakinak25	2026-04-14 14:05:04	-121.3267284747	44.092453504
cakinak25	2026-04-14 14:05:26	-121.3266957693	44.0924728341
cakinak25	2026-04-14 14:13:59	-121.3224846088	44.094962749
cakinak25	2026-04-14 14:16:07	-121.3210566835	44.095339052
cakinak25	2026-04-14 14:25:41	-121.3175063557	44.0900299175
cakinak25	2026-04-14 14:39:25	-121.3110505725	44.0821052693
cakinak25	2026-04-14 14:40:47	-121.3110671828	44.0814696767
cakinak25	2026-04-14 14:43:14	-121.3106323252	44.0798485529
cakinak25	2026-04-14 14:45:40	-121.3106490185	44.079922685
cakinak25	2024-11-27 08:53:48	-89.7446283333	-1.370675
cakinak25	2026-04-17 13:57:30	-121.3854175945	44.0718419272
cakinak25	2026-04-17 15:01:07	-121.4002853189	44.0581768086
brynn95109	2026-04-23 14:43:42	105.8389776573	21.0486436015
carolyn98103	2026-04-25 13:19:14	-122.3520561308	47.6537233007
carolyn98103	2026-05-05 15:57:45	-122.3521194444	47.6536331111
brynn95109	2026-05-16 10:01:27	105.6406356767	21.4057514643
brynn95109	2026-05-16 10:14:54	105.6529828906	21.4088813439
brynn95109	2026-05-16 11:18:54	105.6529828906	21.4088813439
brynn95109	2026-05-16 11:28:08	105.6529828906	21.4088813439
brynn95109	2026-05-16 11:41:30	105.6529828906	21.4088813439
brynn95109	2026-05-16 12:12:22	105.6529828906	21.4088813439
brynn95109	2026-05-16 12:39:15	105.6529828906	21.4088813439
brynn95109	2026-05-16 13:10:58	105.6529828906	21.4088813439
brynn95109	2026-05-16 13:19:33	105.6529828906	21.4088813439
brynn95109	2026-05-16 13:52:00	105.6529828906	21.4088813439
brynn95109	2025-01-28 14:35:34	114.8958020657	4.0920538023
brynn95109	2025-01-30 13:57:36	114.8958020657	4.0920538023
brynn95109	2025-01-30 13:55:35	114.8958020657	4.0920538023
brynn95109	2025-01-30 13:20:14	114.8958020657	4.0920538023
brynn95109	2025-01-30 13:01:56	114.8958020657	4.0920538023
brynn95109	2025-01-29 16:36:21	114.8958020657	4.0920538023
brynn95109	2025-01-29 15:55:44	114.9299998954	4.0458334291
brynn95109	2025-01-29 14:26:42	114.8958020657	4.0920538023
brynn95109	2025-01-29 15:07:49	114.8958020657	4.0920538023
brynn95109	2025-01-29 14:15:31	114.8958020657	4.0920538023
brynn95109	2025-01-29 13:32:37	114.8958020657	4.0920538023
brynn95109	2025-01-29 09:12:47	114.8958020657	4.0920538023
brynn95109	2025-01-29 11:44:36	114.8958020657	4.0920538023
brynn95109	2025-01-29 11:41:49	114.8958020657	4.0920538023
brynn95109	2025-01-29 09:46:04	114.8958020657	4.0920538023
brynn95109	2025-01-29 08:52:48	114.9299998954	4.0458334291
brynn95109	2025-01-28 15:42:26	114.8958020657	4.0920538023
brynn95109	2025-01-29 20:22:58	114.8958020657	4.0920538023
catarinab	2026-05-16 09:04:45	-8.7926166667	37.717655
catarinab	2026-05-16 14:28:07	-8.7808283333	37.633095
catarinab	2026-05-16 09:13:19	-8.7927133333	37.7176083333
catarinab	2026-05-17 12:40:40	-8.8067166667	37.641175
brookerocket	2026-05-18 17:27:34	30.7052	36.8788722222
bug__enjoyer	2026-05-15 11:04:57	151.1372985833	-33.9067458889
brynn95109	2026-05-20 12:59:44	105.7996926829	20.9849052851
brynn95109	2026-05-19 17:22:19	105.7908719033	21.0333965196
britt_hargreaves	2026-05-21 18:46:58+10:00	153.1809298485	-30.0138832352
britt66975	2026-05-09 19:23:30	5.9930785373	51.8376184221
britt66975	2026-04-28 13:38:58	105.9175486118	20.2185039218
britt66975	2026-03-03 16:49:43	-75.401584965	10.2824152066
britt66975	2026-03-03 16:55:36	-75.483231023	10.3932236397
britt66975	2026-03-02 15:30:40	-75.483231023	10.3932236397
britt66975	2026-03-02 14:28:59	-75.554643097	10.2782964259
britt66975	2026-02-28 15:02:29	-73.8918475807	11.2911416038
britt66975	2025-11-22	98.8377757743	8.011711057
britt66975	2026-02-21 11:32:48	-75.5930701643	6.3399898142
britt66975	2025-11-20 11:14:27	101.4425668206	14.302847053
britt66975	2026-04-28 11:11:13	105.9279374778	20.2202456312
britt66975	2026-04-26 12:19:57	105.6083123758	20.316687465
britt66975	2026-04-26 12:15:46	105.6083123758	20.316687465
britt66975	2026-04-26 12:34:16	105.6083123758	20.316687465
britt66975	2026-04-26 12:11:40	105.6083123758	20.316687465
britt66975	2026-04-26 16:37:16	105.7589152472	20.3040738
britt66975	2026-04-30 16:00:46	105.6114083156	20.0581449939
britt66975	2026-04-30 15:01:12	105.6114083156	20.0581449939
britt66975	2026-04-26 15:48:26	105.6257453024	20.3580454841
britt66975	2026-04-23 20:53:12	106.0232413933	21.1665069948
britt66975	2025-11-21	98.5296193784	8.8606038659
britt66975	2026-02-15 07:53:06	-75.5950093407	10.3513905574
britt66975	2026-02-14 17:19:19	-73.6995834857	4.3840538523
britt66975	2025-11-20 09:59:18	101.530441381	14.3108796926
britt66975	2025-11-22	101.5641772178	14.2020787917
britt66975	2025-11-27 12:04:16	98.6600586399	18.7926534854
britt66975	2026-02-15 08:36:48	-75.1687939838	3.2323759696
britt66975	2026-02-14 14:55:44	-75.4477735609	2.6500886317
britt66975	2025-11-20	101.4943196896	14.2191894589
britt66975	2025-11-26	98.4561111778	8.9358333047
britt66975	2025-11-20	99.9142066017	12.773202761
britt66975	2025-11-29 18:28:01	98.7237193445	8.9275073791
britt66975	2025-11-26 12:28:29	98.5221236944	18.5356262208
britt66975	2026-04-26 15:46:58	105.6529828906	20.2956747499
britt66975	2026-04-26 12:36:41	105.6083123758	20.316687465
britt66975	2026-04-24 12:42:11	106.0266253352	21.2186267513
britt66975	2026-03-01 16:14:57	-75.483231023	10.3932236397
britt66975	2026-02-16 10:21:25	-74.6827401593	3.3038798327
britt66975	2025-11-26	98.8377757743	8.011711057
britt66975	2025-12-03 16:40:42	98.8377757743	8.011711057
britt66975	2026-05-28 22:49:30	5.8576112241	51.8440050589
britt66975	2026-04-30 15:58:52	107.0404906198	20.8043299302
britt66975	2026-04-30 16:02:45	107.0404906198	20.8043299302
britt66975	2026-05-09 18:29:28	5.9930785373	51.8376184221
britt66975	2026-04-30 15:55:59	107.0404906198	20.8043299302
britt66975	2026-04-30 17:25:06	107.0893799141	20.7582404377
britt66975	2026-04-30 15:56:47	107.0404906198	20.8043299302
britt66975	2026-04-30 15:59:19	107.0404906198	20.8043299302
britt66975	2026-04-26 11:26:19	105.6083123758	20.316687465
britt66975	2026-04-27 12:29:42	105.9374663606	20.2163242406
britt66975	2024-03-05 10:14:51	-87.38197325	21.5216808056
britt66975	2025-04-25 12:35:49	-5.0833335891	57.116666637
britt66975	2024-03-21 10:34:07	-86.9489135556	20.5119895833
britt66975	2024-03-15 17:02:22	-88.3861923056	18.6838874722
britt66975	2024-03-12 13:51:22	-89.6440582222	21.2786025833
britt66975	2024-03-08 11:10:49	-88.5709457222	20.6797828611
britt66975	2024-03-12	-89.6651627496	21.2811805946
britt66975	2024-03-05 13:54:12	-87.3187711431	21.5661736385
britt66975	2025-04-25	-5.1052180678	56.8198146378
britt66975	2025-04-22 11:53:13	-3.1882670894	55.953217421
britt66975	2025-04-29 13:24:45	-5.1022713259	56.682408263
britt66975	2025-04-23 14:40:44	-3.1882670894	55.953217421
britt66975	2026-05-29 11:22:17	5.8987294883	51.9850376887
britt66975	2026-05-30 15:00:07	5.8574388921	51.8464230897
britt66975	2026-05-30 14:51:42	5.8574388921	51.8464230897
bugboy1002	2026-03-15 12:24:19	-82.2223058088	41.2983131933
bugboy1002	2026-05-06 13:46:48	-82.222988026	41.2932553694
britt66975	2026-06-01 07:38:14	5.8576112241	51.8440050589
boulderhiker	2026-05-23 12:22:53	-105.2494339997	39.9818501997
boulderhiker	2026-06-01 08:28:22	-105.2804325997	40.0013445
brynn95109	2026-05-31 21:59:59	105.8571814746	21.0421782157
brynn95109	2026-05-31 22:34:57	105.8579593152	21.0412419601
brynn95109	2026-05-31 22:36:45	105.8582144603	21.0414325286
brynn95109	2026-05-31 21:04:28	105.8569933847	21.0414619431
brynn95109	2026-05-31 21:19:08	105.8583187312	21.0406433416
brynn95109	2026-05-31 21:39:18	105.8534706384	21.0439305501
brynn95109	2026-05-31 20:36:27	105.8539128676	21.0457823697
brynn95109	2026-05-31 21:30:02	105.8544526622	21.0425368201
brynn95109	2026-05-31 21:00:22	105.8532520384	21.0453724555
brynn95109	2026-05-31 20:21:54	105.8546072245	21.0442516006
britt66975	2026-06-02 13:42:13	5.9179672971	51.9841060161
cathytran	2026-06-04 14:39:26	-123.29187	49.372305
cathytran	2025-09-02 20:21:41	-123.1264254822	49.2441594876
cathytran	2025-06-16 18:46:34	-122.78965	49.28817
cathytran	2025-05-14 16:30:07	107.0806416667	20.858555
cathytran	2025-05-13 11:31:00	105.7165083333	20.246405
cathytran	2025-05-13 11:28:32	105.7935241162	20.325345312
cathytran	2025-05-13 11:00:46	105.6371525321	20.2629454543
cathytran	2025-10-19 12:14:43	-63.5804333333	44.6425383333
cathytran	2025-09-27 17:46:20	12.591325	55.6728133333
cathytran	2025-09-27 14:27:36	12.5742616667	55.6873633333
cathytran	2025-05-13 10:45:21	105.6141550437	20.3021530134
cathytran	2025-04-30 10:33:35	107.5789866667	16.4678283333
cathytran	2024-09-21 19:32:40	-123.0832278333	49.3101783333
cathytran	2024-08-08 14:51:42	-122.9155883333	49.27928
cathytran	2024-07-19 14:59:55	-122.47203	37.7694083333
cathytran	2024-07-14 21:27:33	-122.96543	49.2357466667
cathytran	2024-06-26 14:13:20	-79.5180666667	43.7745366667
cathytran	2024-06-21 12:38:12	-79.5412916667	43.839355
cathytran	2025-04-04 19:38:19	-123.1233221667	49.27243
cathytran	2024-07-19 14:23:41	-122.4715633333	37.7725533333
cathytran	2024-03-27 12:17:27	-123.25318	49.2696033333
cathytran	2025-09-27 14:50:22	12.5732283333	55.6874716667
cathytran	2025-05-13 10:48:59	105.7043542395	20.3040186634
cathytran	2025-10-25 15:04:21	-122.320555	49.007125
cathytran	2025-10-03 13:59:59	12.5689533333	55.67447
cathytran	2025-10-03 13:59:17	12.568995	55.6746116667
cathytran	2025-10-03 12:54:52	12.5670866667	55.6742083333
cathytran	2025-09-27 14:27:53	12.57417	55.687355
cathytran	2025-09-27 14:25:16	12.5747	55.6872466667
cathytran	2025-09-21 10:13:31	12.5801466667	55.6847283333
cathytran	2025-09-19 08:28:22	12.5817883333	55.6916166667
cathytran	2025-09-01 19:43:54	-122.9656916667	49.2359866667
cathytran	2025-06-28 16:32:47	-123.1362833333	49.2700466667
cathytran	2025-06-23 20:05:09	-122.8328783333	49.26123
cathytran	2025-05-16 13:59:15	105.8359133333	21.0284916667
cathytran	2025-05-13 11:31:49	105.68401887	20.3894056217
cathytran	2025-05-13 12:43:40	105.6070365972	20.3248831931
cathytran	2025-05-13 11:30:45	105.7164916667	20.2464366667
cathytran	2025-05-06 09:45:29	108.0325471667	16.0265611667
cathytran	2025-05-05 11:06:36	108.26435	16.00346945
cathytran	2025-05-01 14:09:50	107.8547283333	16.1911966667
cathytran	2025-05-01 09:55:29	107.86155	16.2147533333
cathytran	2025-04-30 11:23:57	107.5806716667	16.4713383333
cathytran	2025-04-16 16:18:54	-121.7965616667	49.306305
cathytran	2024-11-09 15:11:01	-122.5152583333	47.6235383333
cathytran	2024-07-19 17:36:22	-122.4187466667	37.8021883333
cathytran	2024-09-02 17:17:59	-123.14695	49.3000366667
cathytran	2024-09-02 16:46:03	-123.1560666667	49.3031716667
cathytran	2024-07-19 14:59:07	-122.4717783333	37.7695
cathytran	2024-06-08 21:35:16	2.338625	48.8530116667
britt66975	2026-06-05 08:03:23	5.8594267443	51.8416156916
britt66975	2026-06-05 08:03:13	5.8594267443	51.8416156916
britt66975	2026-06-05 08:05:56	5.8594267443	51.8416156916
cathytran	2024-05-18 17:54:25	-121.104575	49.5945033333
cathytran	2024-05-15 20:14:12	-121.0228583333	50.1502305
cathytran	2024-03-22 17:41:05	-118.305405	34.0371888333
cathytran	2024-02-24 08:19:28	-122.8869466667	49.3247216667
cathytran	2024-07-19 14:58:34	-122.471625	37.7695916667
cathytran	2024-07-14 21:28:07	-122.96553	49.2358583333
cathytran	2025-05-01 09:55:32	107.8616866667	16.214645
cathytran	2025-05-03 13:58:07	108.0274367984	16.3152213534
cathytran	2025-05-05 10:57:30	108.2641916667	16.00324445
cathytran	2025-05-15 08:21:33	107.0951611667	20.8527916667
cathytran	2025-09-27 14:55:12	12.5741	55.6870166667
cathytran	2025-10-06 15:38:59	-122.9140866667	49.2797166667
cathytran	2019-08-09 19:25:00	-79.57978	43.5538583333
cathytran	2019-08-09 19:38:53	-79.5839616667	43.5499033333
cathytran	2019-08-10 18:52:33	-79.8686666667	43.2681916667
cathytran	2019-08-11 15:15:43	-79.3777783333	43.6204533333
cathytran	2024-06-23 22:59:24	-78.4071283333	45.5228466667
cathytran	2024-07-19 17:54:57	-122.41153	37.8012116667
cathytran	2024-07-21 17:21:51	-122.4113533333	37.8109466667
cathytran	2024-08-03 19:19:24	-123.1347416667	49.2952533333
cathytran	2024-07-18 16:59:40	-122.4113533333	37.8109783333
cathytran	2024-09-02 16:46:04	-123.1560583333	49.3031666667
cathytran	2024-07-20 13:15:15	-122.4364383333	37.7770083333
cathytran	2026-06-04 14:54:32	-123.2913666667	49.37205
cathytran	2026-06-04 14:55:15	-123.2913666667	49.3720466667
cathytran	2025-05-16 13:58:18	105.8358	21.0285361667
cathytran	2026-06-05 21:06:37	-123.0446841684	49.2146188565
britt_hargreaves	2026-06-06 15:16:04+10:00	153.1872661379	-30.1471048433
britt_hargreaves	2026-06-06 15:47:18+10:00	153.1870784604	-30.1474676635
brandon_frederick	Sun Jun 07 2026 10:54:52 GMT -0700 (PDT)	-122.6576156616	45.6436195374
britt66975	2026-06-08 10:46:35	5.8531202003	51.8434397836
boonma_thawat	2026-06-07 06:19:48	103.2586533333	16.2539666667
boulderhiker	2026-06-12 09:46:38	-124.2134994	43.5927597
bugboy1002	2026-05-31 19:14:45	10.6116541196	55.8682317613
bugboy1002	2026-05-31 19:20:56	10.6122170482	55.8680052404
boulderhiker	2026-06-14 10:53:35	-124.194569	42.1169184997
boulderhiker	2026-06-14 11:17:34	-124.1928694	42.115844
bugboy1002	2026-05-31 19:21:38	10.6120628212	55.8681618562
bugboy1002	2026-06-02 14:49:42	10.6119568819	55.8684006666
bugboy1002	2026-06-02 17:55:25	10.58497	55.8698716667
bugboy1002	2026-06-04 16:46:20	10.6114	55.868245
bugboy1002	2026-06-14 13:18:50	10.61193	55.8682633333
boulderhiker	2026-06-16 18:40:44	-124.0924650997	44.3647188997
britt66975	2026-06-17 13:39:55	5.9148046374	51.9810632844
britt66975	2026-06-18 07:43:40	5.8555496112	51.8425911322
britt66975	2026-06-18 19:57:52	5.875582695	51.8499494452
britt66975	2026-06-18 21:28:16	5.876070857	51.8507728983
brandon_frederick	Sat Jun 20 2026 06:56:01 GMT -0700 (PDT)	-122.5315704346	45.6254234314
brynn95109	2026-06-21 10:41:42	105.6549834833	21.42120075
brynn95109	2026-06-21 09:27:25	105.6504458562	21.4153696919
brynn95109	2026-06-21 09:29:20	105.6511921808	21.4156506067
brynn95109	2026-06-21 09:31:12	105.6496934965	21.4148952566
brynn95109	2026-06-21 09:34:12	105.6497196481	21.4137325715
brynn95109	2026-06-21 09:35:39	105.6450599805	21.4137778306
brynn95109	2026-06-21 11:12:43	105.6503013521	21.4125161902
brynn95109	2026-06-21 09:57:49	105.6529828906	21.4088813439
brynn95109	2026-06-21 09:38:00	105.6529828906	21.4088813439
brynn95109	2026-06-21 09:50:20	105.6529828906	21.4088813439
brynn95109	2026-06-21 09:39:45	105.6529828906	21.4088813439
brynn95109	2026-06-21 10:26:26	105.6529828906	21.4088813439
britt66975	2026-06-21 14:22:10	5.9940243512	51.8726363189
brynn95109	2026-06-21 09:40:14	105.6529828906	21.4088813439
brynn95109	2026-06-21 09:55:57	105.6529828906	21.4088813439
britt66975	2026-06-21 14:27:02	6.0094121844	51.8646181562
britt66975	2026-06-21 14:26:32	6.0011258349	51.8734086418
britt66975	2026-06-21 14:26:59	6.0011258349	51.8734086418
britt66975	2026-06-21 14:37:21	6.0025772452	51.8699242858
boulderhiker	2026-06-21 12:31:19	-124.585262	47.8766873
bugboy1002	2026-06-18 11:15:45	10.6133979673	55.8683681866
bugboy1002	2026-06-21 13:08:09	10.6119780526	55.8688663516
bugboy1002	2026-06-22 14:27:28	10.5274761748	55.833518738
bugboy1002	2026-06-22 14:28:27	10.5275973771	55.8337184787
boulderhiker	2026-06-23 19:33:35	-123.7733455	48.0734448997
brookerocket	2026-06-24 17:00:05	-112.3365555556	34.7266722222
brookerocket	2026-06-25 08:20:23	-112.3366486	34.7267528
britt66975	2026-06-25 19:23:21	3.9121993259	51.7253947796
boulderhiker	2026-06-29 09:19:18	-121.2464515	48.672305
boulderhiker	2026-07-06 09:45:15	-113.2709229997	48.5473023997
boulderhiker	2026-07-04 11:18:48	-113.7182925	48.6946796
britt66975	2026-07-09 18:17:04	5.8621267229	51.84284778
boulderhiker	2026-07-12 08:23:34	-105.2494556997	39.9815876997
bugboy1002	2026-06-25 12:05:12	10.6121121053	55.8685064573
bugboy1002	2026-06-26 11:56:38	10.6119063827	55.8683084327
bugboy1002	2026-07-12 20:26:57	-122.4065402617	47.3895096872
boulderhiker	2026-07-15 10:57:07	-105.2815089997	40.0031391997
carlos99970	2026-07-17 13:38:13	-9.1112151	38.7600714
bugboy1002	2026-07-12 20:33:27	-122.4068136417	47.3898116563
bugboy1002	2026-07-13 17:39:12	-122.4029615243	47.3810619861
bugboy1002	2026-07-15 16:41:47	-122.3777192553	47.3897436262
bugboy1002	2026-07-17 09:41:43	-122.4063866667	47.3894783333
britt66975	2026-07-18 12:50:12	5.8576112241	51.8440050589
cameronbraun	2025-06-27 17:04:51-06:00	-90.9712533333	-0.9517583333
cameronbraun	2026-07-15 11:47:59-07:00	-117.3459318374	33.1477538263
cameronbraun	2026-07-18 08:43:32-07:00	-117.2825877928	33.0916593318
cameronbraun	2026-07-18 08:50:23-07:00	-117.2852328498	33.0926217424
cameronbraun	2026-07-18 08:51:49-07:00	-117.2856041239	33.0925414517
cameronbraun	2026-07-18 08:52:15-07:00	-117.2856170147	33.0925312217
cameronbraun	2026-07-18 08:53:25-07:00	-117.2859128311	33.0924847154
cameronbraun	2026-07-18 08:54:04-07:00	-117.2859506718	33.0924651281
cameronbraun	2026-07-18 09:00:10-07:00	-117.2883670275	33.0915592784
cameronbraun	2026-07-18 09:09:15-07:00	-117.2908003375	33.0925680931
cameronbraun	2026-07-18 09:40:36-07:00	-117.2796265217	33.0940847381
cade_lawson	2025-01-11 11:03:43	-84.1395416667	9.3800883333
cade_lawson	2025-01-13 12:20:42	-84.0523503713	9.4671837516
cade_lawson	2025-01-15 13:34:16	-84.7961666667	10.3022083333
cade_lawson	2025-01-11 13:03:41	-84.1454778333	9.3814533333
cade_lawson	2026-05-15 15:56:41	105.8165366667	21.0400888333
cade_lawson	2026-04-23 10:18:59	-118.9445333333	34.1652971667
cade_lawson	2026-06-25 12:01:15	98.6569869739	18.6214040308
cade_lawson	2025-01-09 17:58:30	-84.1355897664	9.3892346124
cade_lawson	2024-09-10 18:43:07	-159.4942783333	22.2037416667
cade_lawson	2025-01-09 11:53:16	-84.1441416667	9.3897166667
cade_lawson	2024-03-28 14:48:19	-118.950745	34.1420638333
cade_lawson	2024-04-28 12:36:12	-110.2675033333	44.9144833333
cade_lawson	2022-06-27 14:23:04	-105.642045	39.5876216667
cade_lawson	2025-01-15 13:35:02	-84.7961666667	10.3021883333
cade_lawson	2025-01-16 21:36:33	-84.826705	10.331095
cade_lawson	2025-01-16 20:21:08	-84.8280866667	10.329445
cade_lawson	2025-02-22 17:00:12	-121.0321111862	35.6625637282
cade_lawson	2025-01-09 11:47:34	-84.1444028333	9.3897783333
cade_lawson	2025-01-15 13:22:26	-84.7959133333	10.3023783333
cade_lawson	2026-07-19 17:43:01	-84.1362687381	9.3899532168
cade_lawson	2026-07-19 17:39:56	99.825112192	10.0720925597
cade_lawson	2026-07-07 20:09:01	99.825745	10.0722445
cade_lawson	2026-06-17 09:27:10	106.6935583333	10.77112
cade_lawson	2026-07-19 17:49:58	-84.1376499281	9.3916081959
cade_lawson	2026-07-19 17:50:25	-84.646274754	10.4719900615
cameronbraun	2026-07-19 19:10:49-07:00	-122.4857345686	37.7713981216
cameronbraun	2026-07-19 19:44:54-07:00	-122.493911495	37.7715307233
boonma_thawat	2026-06-10 15:23:01	103.2535734364	16.2466884746
boonma_thawat	2026-07-23 07:25:50	103.2586533333	16.25395
bug__enjoyer	2026/07/23 12:45 PM	151.0416612287	-34.1291825916
bugboy1002	2026-07-21 10:45:03	-122.4065892808	47.3896141892
bugboy1002	2026-07-24 11:23:11	-122.4067478814	47.389771035
britt66975	2026-08-01 10:34:44	5.7603633776	51.8170395898
britt66975	2026-08-01 12:36:52	5.7295048982	51.8115622252
britt66975	2026-08-01 12:36:29	5.7295048982	51.8115622252
britt66975	2026-08-01 12:36:25	5.7295048982	51.8115622252
brandon_frederick	Thu Aug 06 2026 08:08:32 GMT -0700 (PDT)	-122.5316238403	45.6265220642
cade_lawson	2026-08-07 10:47:49	145.0032972167	-41.618205
cade_lawson	2026-08-02 14:15:04	145.0773778333	-41.6513666667
cade_lawson	2026-08-07 10:48:24	145.0022888833	-41.6186666667
cade_lawson	2026-08-04 10:54:18	145.0780333333	-41.6509283333
cade_lawson	2026-08-07 11:34:24	144.9312883333	-41.6618916667
britt_hargreaves	2026-08-08 14:51:19+10:00	153.1834756227	-30.1085578427
britt66975	2026-08-09 14:25:48	5.8724438399	51.8477691686
brookerocket	2026-08-10 17:28:14	120.9931416667	14.5441194444
carlos99970	2026-08-11 11:54:54	14.5142782107	46.0446683797
carlos99970	2026-08-11 12:05:37	14.514057599	46.0422697416
carlos99970	2026-08-11 12:28:13	14.4604984004	46.0997277398
brynn95109	2026-08-11 07:01:05	105.8001915738	20.9848501902
carlos99970	2026-08-11 14:55:16	14.4965592027	46.0514883486
carlos99970	2026-08-11 15:04:26	14.493785128	46.056704912
britt66975	2026-08-15 20:11:00	7.1098893508	50.7317722418
britt66975	2026-08-15 11:44:25	7.0945394039	50.7238872071
britt66975	2026-08-15 11:24:58	7.0932921767	50.7262965992
britt66975	2026-08-12 17:40:14	5.8543164656	51.8427257741
britt66975	2026-08-15 11:27:29	7.0935603976	50.7260588916
britt66975	2026-08-15 11:44:26	7.0982066542	50.7373955641
britt66975	2026-08-09 14:00:26	5.8725112304	51.8467323248
britt66975	2026-08-16 12:06:20	7.2063741088	50.6686528881
bradtheenvironmentalist	2026-04-28 19:43:22	-119.8086543	39.3674169
bradtheenvironmentalist	2026-07-28 15:06:19	-119.8042415997	38.4886172
bradtheenvironmentalist	2025-07-24 18:01:50	-119.8086428	39.3674219997
bradtheenvironmentalist	2025-05-27 15:34:06	-135.5019996997	57.8408981997
bradtheenvironmentalist	2024-11-03 11:29:28	106.9202364437	10.4404725479
bradtheenvironmentalist	2026-05-18 09:42:45	35.5477172	-3.2291788
bradtheenvironmentalist	2026-05-23 15:00:08	29.6233332	-4.6701563997
bradtheenvironmentalist	2026-05-25 09:40:50	29.6257605028	-4.7672087563
bradtheenvironmentalist	2026-05-18 09:49:21	35.5516337997	-3.2284229997
bradtheenvironmentalist	2025-11-01 11:21:40	-119.8086930997	39.367448
britt66975	2026-08-16 13:57:52	7.2288959473	50.6863305716
britt66975	2026-08-16 12:02:06	7.2063741088	50.6686528881
britt66975	2026-08-16 21:55:31	7.2063741088	50.6686528881
britt66975	2026-08-16 11:31:45	7.2063741088	50.6686528881
britt66975	2026-08-19 07:39:24	5.8576112241	51.8440050589
cassidycollier	2026-07-02 10:58:53	174.4987633333	-35.8275616667
cassidycollier	2026-07-02 15:04:10	174.4988716667	-35.82845
cassidycollier	2026-07-02 14:18:23	174.5039216667	-35.8255416667
cassidycollier	2026-07-04T01:00	174.7373060444	-35.4610888161
cassidycollier	2026-07-14 13:33:07	174.7747633333	-41.2931666667
cassidycollier	2026-07-18 09:04:09	98.524575	8.9115616667
cassidycollier	2026-07-18 16:45:27	98.6925583333	8.9462466667
cassidycollier	2026-07-18 16:43:30	98.6926716667	8.9467466667
cassidycollier	2026-07-18 15:56:12	98.7047283333	8.96738
cassidycollier	2026-07-20 23:41:08	98.8174666667	8.0398305
cassidycollier	2026-07-20 10:43:53	98.5813431802	8.9050767605
cassidycollier	2026-07-20 10:20:32	98.511795	8.9118
cassidycollier	2026-07-23 17:39:07	98.8196543864	8.0150045645
cassidycollier	2026-07-19 08:52:53	98.6937033333	9.0051472167
carlos99970	2026-08-20 18:21:51	-9.1441839	38.7392008
cassidycollier	2026-07-18 16:45:58	98.6926416667	8.9463616667
cassidycollier	2026-07-24 13:16:42	98.831275	8.0188695
cassidycollier	2026-07-23 11:55:26	98.8343416667	8.0171055
cassidycollier	2026-07-28 19:22:15	99.1858681869	10.0527293313
cassidycollier	2026-07-31 08:58:32	99.8240583333	10.0820916667
cassidycollier	2026-07-31 11:15:42	99.8263466667	10.0875833333
cassidycollier	2026-07-29 19:29:10	99.180305	10.5025083333
cassidycollier	2026-07-29 19:21:32	99.1797866667	10.50257
cassidycollier	2026-07-25 12:41:31	98.86293	8.0298445
cassidycollier	2026-07-22 08:08:12	98.7615583333	8.0953138333
cassidycollier	2026-08-01 17:26:00	99.8256133333	10.0883083333
cassidycollier	2026-08-03 21:08:31	99.825745	10.0836583333
cassidycollier	2026-08-03 20:38:40	99.8275533333	10.080425
cassidycollier	2026-07-31 15:44:43	99.818205	10.0808778333
cassidycollier	2026-08-11 11:49:57	98.6041716667	18.6932466667
cassidycollier	2026-08-11 12:34:35	98.6339680774	18.6792552273
cassidycollier	2026-08-11 10:27:07	98.6041033333	18.690455
cassidycollier	2026-08-11 11:47:06	98.604225	18.69368
cassidycollier	2026-08-11 17:57:15	98.991195	18.784845
cassidycollier	2026-08-13 19:44:44	98.99163	18.78788
bradtheenvironmentalist	2026-05-23 15:54:51	29.6200186	-4.6850573
bradtheenvironmentalist	2026-05-14 11:54:31	34.8134078	-2.4502429
bradtheenvironmentalist	2026-05-17 07:47:13	34.9747502	-3.0084713997
bradtheenvironmentalist	2026-04-07 15:56:33	-121.9239221153	36.7998253487
bradtheenvironmentalist	2026-05-11 10:05:29	36.7924222997	-3.3840265997
bradtheenvironmentalist	2026-05-15 06:51:17	34.7030993997	-2.382372
bradtheenvironmentalist	2026-05-12 15:29:27	34.8408098	-2.3130641997
bradtheenvironmentalist	2026-05-11 10:14:22	36.7924649997	-3.3859868997
bradtheenvironmentalist	2026-05-12 15:54:18	34.8105972997	-2.3000219997
bradtheenvironmentalist	2026-05-18 09:24:18	35.4639777182	-3.2161562775
bradtheenvironmentalist	2026-05-18 10:03:29	35.404355149	-3.280928637
bradtheenvironmentalist	2026-05-20 15:03:15	35.9903298997	-3.7618225
bradtheenvironmentalist	2026-05-16 11:34:51	34.9680173201	-2.9467995818
bradtheenvironmentalist	2026-05-13 10:59:15	34.8529442	-2.4397180997
bradtheenvironmentalist	2026-05-13 11:10:44	34.8660594997	-2.4461678997
bradtheenvironmentalist	2026-05-16 12:48:45	34.9858965997	-3.0188855
bradtheenvironmentalist	2026-05-20 14:51:27	35.9721358997	-3.7413688
bradtheenvironmentalist	2026-05-15 10:21:07	34.9544444537	-2.4844392075
bradtheenvironmentalist	2026-05-15 13:46:06	35.1196013151	-2.8577191509
bradtheenvironmentalist	2026-05-13 09:46:54	34.7789184	-2.4255219
bradtheenvironmentalist	2026-05-20 20:08:01	36.0344444997	-3.7503446
bradtheenvironmentalist	2026-05-18 08:11:21	35.4587563632	-3.1958400031
bradtheenvironmentalist	2026-05-13 12:56:46	34.9396506646	-2.5919072543
bradtheenvironmentalist	2026-05-15 14:01:22	35.0450826	-2.8584545
bradtheenvironmentalist	2026-05-16 17:42:29	34.9661060997	-2.9902106
bradtheenvironmentalist	2026-05-16 18:00:01	34.9803391	-3.0184755997
bradtheenvironmentalist	2026-05-20 18:21:21	36.0217243997	-3.7706051997
bradtheenvironmentalist	2026-05-13 16:01:39	34.8179019	-2.4454125
bradtheenvironmentalist	2026-05-20 20:49:11	36.0483158997	-3.7707685997
bradtheenvironmentalist	2026-05-14 12:03:08	34.8019980997	-2.4292880997
bradtheenvironmentalist	2026-05-20 20:26:29	36.0308057	-3.7593358997
bradtheenvironmentalist	2026-05-21 10:24:01	36.0558720976	-3.6224516271
bradtheenvironmentalist	2026-05-21 11:23:32	36.1659175489	-3.6493676853
bradtheenvironmentalist	2023-11-11 11:47:26	34.9933394708	-2.8473525097
bradtheenvironmentalist	2023-11-07 15:44:49	36.8642235	-3.2387057
bradtheenvironmentalist	2023-11-14 18:32:55	35.3590781067	-3.5780957938
bradtheenvironmentalist	2023-11-10 13:59:12	35.4210400594	-3.0058316256
bradtheenvironmentalist	2023-11-10 14:33:01	35.5360135	-3.166917
bradtheenvironmentalist	2023-11-17 12:44:22	36.0472224	-3.7853043997
bradtheenvironmentalist	2025-06-11 10:26:44	-119.0315023997	37.9436758
bradtheenvironmentalist	2025-05-29 11:35:45	-135.5421143398	57.7069389468
bradtheenvironmentalist	2025-05-25 14:37:43	-136.883921806	58.8627606533
bradtheenvironmentalist	2025-05-25 06:58:51	-136.0445748997	58.6467924
bradtheenvironmentalist	2025-06-11 09:43:59	-119.0275201997	37.9442886
bradtheenvironmentalist	2025-05-28 10:17:34	-135.4103023	57.442576
bradtheenvironmentalist	2025-05-27 15:23:46	-135.0109953806	57.4007946637
bradtheenvironmentalist	2023-11-07 12:52:58	36.9025323997	-3.2775381
bradtheenvironmentalist	2026-05-13 12:40:41	34.9274922	-2.4917042997
bradtheenvironmentalist	2025-06-11 10:16:13	-119.0335654	37.9419960997
bradtheenvironmentalist	2025-06-11 09:34:18	-119.0229779	37.9421452997
bradtheenvironmentalist	2025-05-29 10:28:28	-135.3267182037	57.0788421227
bradtheenvironmentalist	2024-11-17 11:43:14	105.7997060997	21.039811
bradtheenvironmentalist	2024-11-15 14:56:04	103.8609318997	13.3850321
bradtheenvironmentalist	2025-05-27 06:57:40	-135.5677105	57.8304895997
bradtheenvironmentalist	2024-11-18 14:41:41	107.1044631997	20.8063174997
bradtheenvironmentalist	2024-11-14 20:18:54	103.8600547	13.3738115997
carlos99970	2026-08-25 10:26:35	-9.140975	38.7414916667
carlos99970	2026-08-14 17:05:33	14.0936414525	46.360940991
bradtheenvironmentalist	2026-05-16 08:40:10	35.0176621997	-3.0320866997
bradtheenvironmentalist	2024-11-15 08:28:15	103.860172	13.4256778
bradtheenvironmentalist	2024-11-12 10:10:41	105.4068886	12.0172530997
bradtheenvironmentalist	2023-11-08 09:20:57	106.3063053042	12.6495703135
bradtheenvironmentalist	2023-03-27 11:17:41	-156.041728	20.6623312
bradtheenvironmentalist	2023-06-15 10:42:11	-118.8619513997	37.5899517
bradtheenvironmentalist	2023-04-19 11:00:20	-111.7855157	34.8165827997
bradtheenvironmentalist	2023-04-19 10:59:00	-111.7855966	34.8166196997
bradtheenvironmentalist	2022-07-18 12:50:44	-119.811548	38.4887202
bradtheenvironmentalist	2022-07-18 12:19:17	-119.8159019997	38.4956704
bradtheenvironmentalist	2022-10-15 17:27:03	4.8708939997	52.3576863997
bradtheenvironmentalist	2020-09-20 12:23:15	-114.3098383024	38.9128078457
bradtheenvironmentalist	2020-07-21 14:01:08	-119.8942380089	38.4081342087
bradtheenvironmentalist	2019-03-17 17:32:31	-121.9223699346	36.534061515
bradtheenvironmentalist	2019-10-06 16:11:07	-4.3576481938	57.5507771932
bradtheenvironmentalist	2016-05-30 14:27:14	-119.8838417977	39.1803280151
bradtheenvironmentalist	2024-11-08 10:23:54	105.2001151	10.8249780997
bradtheenvironmentalist	2023-09-11 18:19:07	-119.8085887997	39.3674272
bradtheenvironmentalist	2023-11-07 14:48:01	36.9908092374	-3.2377117229
bradtheenvironmentalist	2023-11-11 13:48:48	34.8305047997	-2.4940728
bradtheenvironmentalist	2023-11-15 07:53:37	35.3966731	-3.5675886997
bradtheenvironmentalist	2023-11-11 13:43:38	34.8304809997	-2.4940399
bradtheenvironmentalist	2026-05-13 09:38:49	34.7675837	-2.4212354997
bradtheenvironmentalist	2026-05-14 10:59:48	34.8205778	-2.4581327
bradtheenvironmentalist	2026-05-13 09:52:43	34.7858586997	-2.4265444997
bradtheenvironmentalist	2026-05-18 17:15:19	35.5947195997	-3.3387627
bradtheenvironmentalist	2026-05-23 15:59:38	29.6301993728	-4.676219884
bradtheenvironmentalist	2026-05-16 16:16:18	35.0252634	-3.0416216997
bradtheenvironmentalist	2026-05-12 12:07:33	34.8020522997	-2.4294247
bradtheenvironmentalist	2023-10-31 11:02:14	-0.0543452824	51.472317268
bradtheenvironmentalist	2021-03-16 13:46:54	-111.803567782	34.8398481352
bradtheenvironmentalist	2025-05-25 06:52:04	-136.0386981997	58.6416517997
bradtheenvironmentalist	2025-05-27 15:28:00	-135.5007582	57.8401696
bradtheenvironmentalist	2023-04-16 11:28:48	-111.7873857	34.9050622
bradtheenvironmentalist	2026-02-22 12:57:14	-119.8086876997	39.367513
boonma_thawat	2026-08-29 10:26:04	103.3012098557	16.2573409475
cassidycollier	2026-08-16 10:40:05	98.4408283333	19.3571916667
cassidycollier	2026-08-22 14:11:38	103.8923333333	22.3152633333
cassidycollier	2026-08-23 16:02:40	103.892595	22.3005466667
cassidycollier	2026-08-26 10:25:44	105.8473966667	21.0305611667
bug__enjoyer	2026-09-02 09:20:13	151.0823637707	-33.9119651514
bug__enjoyer	2026-08-31 19:22:43	151.1964203035	-34.0215387999
bug__enjoyer	2026-08-29 16:42:05	151.0731500141	-34.1677160617
bug__enjoyer	2026-08-29 16:43:06	151.1153996356	-34.1980667771
britt66975	2026-09-05 11:28:48	-4.4255570322	36.7177989698
britt66975	2026-09-05 10:32:18	-4.4255570322	36.7177989698
britt66975	2026-09-05 11:18:24	-4.4255570322	36.7177989698
britt66975	2026-09-05 11:20:07	-4.4255570322	36.7177989698
britt66975	2026-09-05 10:31:39	-4.4255570322	36.7177989698
brynn95109	2026-09-05 16:03:13	105.6529828906	21.4088813439
brynn95109	2026-09-05 15:21:15	105.6529828906	21.4088813439
brynn95109	2026-09-05 15:30:50	105.6529828906	21.4088813439
brynn95109	2026-09-05 15:33:24	105.6529828906	21.4088813439
brynn95109	2026-09-05 15:35:34	105.6529828906	21.4088813439
brynn95109	2026-09-05 15:45:06	105.6529828906	21.4088813439
brynn95109	2026-09-05 15:46:43	105.6529828906	21.4088813439
brynn95109	2026-09-05 15:49:56	105.6529828906	21.4088813439
brynn95109	2026-09-05 15:56:46	105.6529828906	21.4088813439
brynn95109	2026-09-05 16:04:19	105.6529828906	21.4088813439
brynn95109	2026-09-05 16:19:49	105.6529828906	21.4088813439
britt66975	2026-09-05 19:55:56	-4.5197689533	36.5964727323
britt66975	2026-09-06 08:19:20	-4.8462303355	36.8777172599
brandon_frederick	Sun Sep 06 2026 14:01:58 GMT -0700 (PDT)	-122.5316925049	45.6243209839
cattailexplorer	Tue May 01 2018 15:47:59 GMT-0700 (PDT)	-122.93060288	49.3487615773
cattailexplorer	Tue May 01 2018 16:29:11 GMT-0700 (PDT)	-122.8891346327	49.3294519688
cattailexplorer	Tue May 01 2018 16:11:15 GMT-0700 (PDT)	-122.9004109111	49.2804573463
cattailexplorer	Tue May 01 2018 16:38:05 GMT-0700 (PDT)	-122.9706150232	49.3090362608
cattailexplorer	Wed May 02 2018 16:56:49 GMT-0700 (PDT)	-122.738238695	49.276483441
cattailexplorer	Thu May 03 2018 16:28:55 GMT-0700 (PDT)	-122.7537870064	49.2877249021
cattailexplorer	Sat May 05 2018 09:34:52 GMT-0700 (PDT)	-123.137925	49.29433
cattailexplorer	Sat May 05 2018 14:12:40 GMT-0700 (PDT)	-122.9242247973	49.3576942667
cattailexplorer	Sat May 05 2018 14:52:48 GMT-0700 (PDT)	-122.8861352935	49.2231190962
cattailexplorer	Sun May 06 2018 19:41:12 GMT-0700 (PDT)	-122.8767439755	49.2931929362
cattailexplorer	Fri May 11 2018 16:21:25 GMT-0700 (PDT)	-122.6539406382	49.3667937533
cattailexplorer	Fri May 11 2018 18:14:26 GMT-0700 (PDT)	-122.9914055562	49.2220904517
cattailexplorer	Sat May 12 2018 08:14:03 GMT-0700 (PDT)	-122.6412802156	49.2390978686
cattailexplorer	Sat May 12 2018 09:31:33 GMT-0700 (PDT)	-123.1384416667	49.29435
cattailexplorer	Sat May 12 2018 14:24:46 GMT-0700 (PDT)	-123.1404805	49.29677
cattailexplorer	Sat May 12 2018 15:36:15 GMT-0700 (PDT)	-123.0857	49.3108833333
cattailexplorer	Tue May 15 2018 17:26:48 GMT-0700 (PDT)	-123.1357416667	49.2723083333
cattailexplorer	Sun Apr 08 2018 13:58:53 GMT-0700 (PDT)	-123.07595	49.3866283333
cattailexplorer	Sun May 20 2018 10:48:01 GMT-0700 (PDT)	-122.85923	49.3255533333
cattailexplorer	Sun May 20 2018 12:05:52 GMT-0700 (PDT)	-122.8769533333	49.340755
cattailexplorer	Sat Jun 09 2018 11:25:48 GMT-0700 (PDT)	-123.138375	49.2943633333
cattailexplorer	Sat Jul 28 2018 12:42:13 GMT+0700 (GMT+7)	106.6755666667	10.4347633333
cattailexplorer	Sat Aug 11 2018 07:42:08 GMT+0700 (GMT+7)	100.5410783333	13.7331833333
cattailexplorer	Sat Aug 11 2018 07:55:45 GMT+0700 (GMT+7)	100.5400383333	13.7332416667
cattailexplorer	Tue Aug 14 2018 13:40:28 GMT+0700 (GMT+7)	103.982895	10.1125028333
chothuexemaynguyentu2	2018/08/24 8:32 AM +0700	105.8740213889	21.0446347222
cattailexplorer	Sat Sep 22 2018 14:21:20 GMT-0700 (PDT)	-122.8468783333	49.2952416667
chzeheanlim	Tue Nov 06 2018 16:37:43 GMT+0800 (GMT+8)	105.8327468877	21.0379158886
chzeheanlim	Tue Nov 06 2018 16:27:29 GMT+0800 (GMT+8)	105.8335858305	21.0383735318
chzeheanlim	Wed Nov 07 2018 14:41:48 GMT+0800 (GMT+8)	105.81565	21.0741721667
chzeheanlim	Wed Nov 07 2018 14:41:52 GMT+0800 (GMT+8)	105.81565	21.0741721667
chzeheanlim	Thu Nov 08 2018 13:44:16 GMT+0800 (GMT+8)	106.9898616667	20.9207
chzeheanlim	Thu Nov 08 2018 12:13:21 GMT+0800 (GMT+8)	107.080925	20.8590416667
chzeheanlim	Thu Nov 08 2018 10:09:22 GMT+0800 (GMT+8)	107.0949471667	20.8530033333
chzeheanlim	Fri Nov 09 2018 14:24:01 GMT+0800 (GMT+8)	105.915855	20.2175466667
chzeheanlim	Fri Nov 09 2018 14:21:40 GMT+0800 (GMT+8)	105.9157466667	20.2173116667
chzeheanlim	Fri Nov 09 2018 14:23:19 GMT+0800 (GMT+8)	105.915825	20.21747
chzeheanlim	Fri Nov 09 2018 14:23:40 GMT+0800 (GMT+8)	105.915925	20.21753
chzeheanlim	Fri Nov 09 2018 14:06:21 GMT+0800 (GMT+8)	105.915695	20.21728
chzeheanlim	Fri Nov 09 2018 13:59:24 GMT+0800 (GMT+8)	105.9162366667	20.2177783333
chzeheanlim	Mon Nov 12 2018 13:34:23 GMT+0800 (GMT+8)	101.6765847995	3.1181069734
chzeheanlim	Mon Nov 12 2018 13:37:20 GMT+0800 (GMT+8)	101.6762383842	3.1183403917
chzeheanlim	Tue Nov 13 2018 09:23:11 GMT+0800 (GMT+8)	101.6254207493	3.1035428122
chzeheanlim	Tue Nov 13 2018 09:24:07 GMT+0800 (GMT+8)	101.6254479066	3.103529904
chzeheanlim	Tue Nov 13 2018 09:24:59 GMT+0800 (GMT+8)	101.6255962663	3.1034406787
chzeheanlim	Tue Nov 13 2018 09:26:01 GMT+0800 (GMT+8)	101.6255924107	3.1034859829
chzeheanlim	Tue Nov 13 2018 09:29:00 GMT+0800 (GMT+8)	101.6247758457	3.1034330511
chzeheanlim	Tue Nov 13 2018 09:30:38 GMT+0800 (GMT+8)	101.6245166772	3.1035648566
chzeheanlim	Tue Nov 13 2018 09:32:09 GMT+0800 (GMT+8)	101.6244723369	3.1032536365
chzeheanlim	Tue Nov 13 2018 09:33:42 GMT+0800 (GMT+8)	101.6245104746	3.1029645447
chzeheanlim	Tue Nov 13 2018 09:35:51 GMT+0800 (GMT+8)	101.6244362948	3.1028163945
chzeheanlim	Tue Nov 13 2018 09:45:20 GMT+0800 (GMT+8)	101.6256301292	3.1022131909
chzeheanlim	Tue Nov 13 2018 09:46:38 GMT+0800 (GMT+8)	101.6260236596	3.1021465128
chzeheanlim	Tue Nov 13 2018 09:47:59 GMT+0800 (GMT+8)	101.6261027009	3.1021715747
chzeheanlim	Tue Nov 13 2018 09:50:07 GMT+0800 (GMT+8)	101.626072107	3.1021947926
chzeheanlim	Tue Nov 13 2018 09:50:39 GMT+0800 (GMT+8)	101.6261499749	3.1022045994
chzeheanlim	Tue Nov 13 2018 17:02:37 GMT+0800 (GMT+8)	101.6960174964	3.1495506596
chzeheanlim	Tue Nov 13 2018 17:17:07 GMT+0800 (GMT+8)	101.6932616667	3.1478971667
chzeheanlim	Wed Nov 14 2018 09:42:21 GMT+0800 (GMT+8)	101.6256866667	3.1086916667
chzeheanlim	Thu Nov 15 2018 09:52:26 GMT+0800 (GMT+8)	101.6115618591	3.0756856827
chzeheanlim	Fri Nov 16 2018 17:33:27 GMT+0800 (GMT+8)	101.7131886632	3.1547201565
chzeheanlim	Fri Nov 16 2018 17:36:22 GMT+0800 (GMT+8)	101.7139268574	3.1542995945
chzeheanlim	Tue Nov 20 2018 09:15:36 GMT+0800 (GMT+8)	101.6485864856	2.9815256037
chzeheanlim	Thu Nov 22 2018 14:20:14 GMT+0800 (GMT+8)	101.6564266664	2.9215867398
chzeheanlim	Fri Nov 23 2018 18:28:14 GMT+0800 (GMT+8)	101.6257107631	3.1086912286
chzeheanlim	Sat Nov 24 2018 15:00:51 GMT+0800 (GMT+8)	101.6235359945	3.1085212436
chzeheanlim	Tue Dec 04 2018 16:26:08 GMT+0800 (GMT+8)	101.6879996193	3.1225250568
chzeheanlim	Tue Dec 04 2018 16:27:29 GMT+0800 (GMT+8)	101.6879499984	3.1225302955
chzeheanlim	Tue Dec 04 2018 16:28:57 GMT+0800 (GMT+8)	101.6877346673	3.1223206641
chzeheanlim	Tue Dec 04 2018 16:50:06 GMT+0800 (GMT+8)	101.6877212563	3.1214111019
chzeheanlim	Tue Dec 04 2018 16:50:51 GMT+0800 (GMT+8)	101.6880646628	3.1215733755
chzeheanlim	Tue Dec 04 2018 16:51:27 GMT+0800 (GMT+8)	101.6879548599	3.1214931607
chzeheanlim	Fri Dec 07 2018 15:54:59 GMT+0800 (GMT+8)	101.7112116667	3.1559305
chzeheanlim	Fri Dec 07 2018 16:07:00 GMT+0800 (GMT+8)	101.7132180837	3.1544826133
chzeheanlim	Fri Dec 07 2018 16:08:53 GMT+0800 (GMT+8)	101.7124524807	3.1542186672
chzeheanlim	Fri Dec 07 2018 16:09:46 GMT+0800 (GMT+8)	101.7135010568	3.1543369778
chzeheanlim	Fri Dec 07 2018 16:10:57 GMT+0800 (GMT+8)	101.7133861409	3.1544541987
chzeheanlim	Fri Dec 07 2018 16:13:14 GMT+0800 (GMT+8)	101.7139742152	3.1547316816
chzeheanlim	Fri Dec 07 2018 16:14:31 GMT+0800 (GMT+8)	101.7140181364	3.1548250979
chzeheanlim	Fri Dec 07 2018 16:15:29 GMT+0800 (GMT+8)	101.714259619	3.1556233903
chzeheanlim	Fri Dec 07 2018 16:16:15 GMT+0800 (GMT+8)	101.7145002634	3.1545799272
chzeheanlim	Fri Dec 07 2018 16:17:28 GMT+0800 (GMT+8)	101.7143548374	3.1545064598
chzeheanlim	Fri Dec 07 2018 16:22:53 GMT+0800 (GMT+8)	101.7155479175	3.1545057474
chzeheanlim	Fri Dec 07 2018 16:23:34 GMT+0800 (GMT+8)	101.7155169045	3.1542556314
chzeheanlim	Fri Dec 07 2018 16:24:28 GMT+0800 (GMT+8)	101.7157087662	3.1546633691
chzeheanlim	Fri Dec 07 2018 16:25:27 GMT+0800 (GMT+8)	101.7159152963	3.1549390499
chzeheanlim	Fri Dec 07 2018 16:30:10 GMT+0800 (GMT+8)	101.7157751509	3.1557989493
chzeheanlim	Fri Dec 07 2018 16:59:09 GMT+0800 (GMT+8)	101.716134909	3.1546020899
chzeheanlim	Fri Dec 07 2018 17:02:32 GMT+0800 (GMT+8)	101.7168974877	3.1551456219
chzeheanlim	Fri Dec 07 2018 17:07:19 GMT+0800 (GMT+8)	101.7166366667	3.1559278333
chzeheanlim	Fri Dec 07 2018 17:27:41 GMT+0800 (GMT+8)	101.7516918746	3.0779543634
chzeheanlim	Sat Dec 08 2018 10:20:52 GMT+0800 (GMT+8)	101.62927215	3.0983820744
chzeheanlim	Sat Dec 08 2018 11:41:06 GMT+0800 (GMT+8)	101.6766313966	3.118129796
chzeheanlim	Sat Dec 08 2018 11:41:39 GMT+0800 (GMT+8)	101.6768580583	3.1179463584
chzeheanlim	Sun Dec 09 2018 13:27:58 GMT+0800 (GMT+8)	101.6776975059	3.1197840907
chzeheanlim	Sun Dec 09 2018 13:28:34 GMT+0800 (GMT+8)	101.6777102464	3.1195121817
chzeheanlim	Tue Dec 11 2018 09:26:49 GMT+0800 (GMT+8)	101.6536473949	2.923222133
chzeheanlim	Tue Dec 11 2018 09:27:53 GMT+0800 (GMT+8)	101.6537019611	2.9231512221
chzeheanlim	Sat Dec 15 2018 14:27:41 GMT+0800 (GMT+8)	101.6766015963	3.1180732858
chzeheanlim	Mon Dec 17 2018 19:47:46 GMT+0800 (GMT+8)	101.6561806575	2.9250176204
chzeheanlim	Tue Dec 18 2018 23:59:43 GMT+0800 (GMT+8)	101.6410916667	2.9190216667
chzeheanlim	Sun Dec 23 2018 13:55:20 GMT+0800 (GMT+8)	101.6770193261	3.1178260781
chzeheanlim	Wed Dec 26 2018 13:50:51 GMT+0800 (GMT+8)	101.657039635	2.9212260665
chzeheanlim	Sat Jan 05 2019 17:19:01 GMT+0800 (GMT+8)	101.6257550196	3.1087430287
chzeheanlim	Sun Jan 06 2019 16:40:01 GMT+0800 (GMT+8)	101.6276950111	3.103324296
chzeheanlim	Sun Jan 13 2019 15:03:43 GMT+0800 (GMT+8)	101.6270909273	3.1053458434
chzeheanlim	Tue Jan 22 2019 12:31:33 GMT+0800 (GMT+8)	101.653956771	2.9223760217
chzeheanlim	Sun Jan 27 2019 13:16:16 GMT+0800 (GMT+8)	101.7125033333	3.153
chzeheanlim	Sun Jan 27 2019 13:10:31 GMT+0800 (GMT+8)	101.6621332584	3.1650306848
chzeheanlim	Sun Jan 27 2019 13:08:02 GMT+0800 (GMT+8)	101.71257	3.1528695
chzeheanlim	Sun Jan 27 2019 13:04:17 GMT+0800 (GMT+8)	101.71257	3.1528666667
chzeheanlim	Sun Jan 27 2019 13:09:05 GMT+0800 (GMT+8)	101.71257	3.1528695
chzeheanlim	Sun Jan 27 2019 13:05:40 GMT+0800 (GMT+8)	101.71257	3.1528695
chzeheanlim	Fri Feb 01 2019 08:56:27 GMT+0800 (GMT+8)	101.6767150714	3.1180352749
chungcuhanoi	2019/06/12 10:39 PM WIB	105.7970523751	21.0630235429
cattailexplorer	Sat Jul 13 2019 12:17:32 GMT+0700 (GMT+7)	106.747795	10.7775833333
chzeheanlim	Wed Sep 11 2019 13:59:08 GMT+0800 (GMT+8)	121.0561116242	14.6578524325
cattailexplorer	Sat Sep 14 2019 12:49:16 GMT-0700 (PDT)	-123.1381221667	49.2948
chaupham30449	2019-10-12 9:47:48 PM EDT	-72.9318457	41.3082667
chaupham30449	2019-10-12 10:22:04 PM EDT	-72.9310317	41.3088918
chaupham30449	2019-10-18 2:37:14 PM EDT	-72.9314306751	41.3090599095
chaupham30449	2019-10-22 3:11:14 PM EDT	-72.9305585	41.3079534
chaupham30449	2019-10-24 3:56:46 PM EDT	-72.783774985	41.3194240071
chaupham30449	2019/10/11 6:16 PM UTC	-72.9278835	41.308274
chaupham30449	2019/10/11 6:17 PM UTC	-72.9278835	41.308274
chaupham30449	2019/10/11 6:06 PM UTC	-72.9278835	41.308274
chaupham30449	2019/10/04 8:56 PM UTC	-72.9278835	41.308274
chaupham30449	2019/10/11 6:09 PM UTC	-72.9278835	41.308274
chaupham30449	2019/10/11 6:07 PM UTC	-72.9278835	41.308274
chaupham30449	2019/10/11 6:08 PM UTC	-72.9278835	41.308274
chaupham30449	2019/10/11 6:02 PM UTC	-72.9278835	41.308274
chaupham30449	2019/10/11 6:05 PM UTC	-72.9278835	41.308274
chaupham30449	2019/10/11 6:04 PM UTC	-72.9278835	41.308274
chaupham30449	2019/10/11 5:58 PM UTC	-72.9278835	41.308274
chaupham30449	2019/10/11 6:01 PM UTC	-72.9278835	41.308274
chaupham30449	2019/10/11 5:59 PM UTC	-72.9278835	41.308274
chaupham30449	2019/10/25 8:03 PM UTC	-72.9278835	41.308274
chaupham30449	2019/10/25 8:01 PM UTC	-72.9278835	41.308274
chaupham30449	2019/10/25 8:02 PM UTC	-72.9278835	41.308274
chzeheanlim	Tue Oct 29 2019 08:30:43 GMT+0800 (GMT+8)	101.64980727	2.9228880366
chzeheanlim	Tue Oct 29 2019 08:31:48 GMT+0800 (GMT+8)	101.6501244246	2.9225680743
chaupham30449	2019/10/29 7:45 PM UTC	-72.9278835	41.308274
chaupham30449	2019/10/29 7:47 PM UTC	-72.9278835	41.308274
chaupham30449	2019/10/29 7:50 PM UTC	-72.9278835	41.308274
chaupham30449	2019/10/29 7:43 PM UTC	-72.9278835	41.308274
chaupham30449	2019/10/29 7:51 PM UTC	-72.9278835	41.308274
chaupham30449	2019/10/29 7:46 PM UTC	-72.9278835	41.308274
chaupham30449	2019-11-02 12:45:48 PM EDT	-72.9267368	41.3103442
chaupham30449	2019/11/01 5:33 PM UTC	-72.9278835	41.308274
chaupham30449	2019/11/01 5:34 PM UTC	-72.9278835	41.308274
chaupham30449	2019/11/01 5:35 PM UTC	-72.9278835	41.308274
chaupham30449	2019/11/01 5:37 PM UTC	-72.9278835	41.308274
chaupham30449	2019/11/01 5:20 PM UTC	-72.9278835	41.308274
chaupham30449	2019/11/01 5:24 PM UTC	-72.9278835	41.308274
chaupham30449	2019/11/01 5:26 PM UTC	-72.9278835	41.308274
chaupham30449	2019/11/01 4:58 PM UTC	-72.9278835	41.308274
chaupham30449	2019/11/01 5:01 PM UTC	-72.9278835	41.308274
chaupham30449	2019/11/01 5:04 PM UTC	-72.9278835	41.308274
chaupham30449	2019/10/24 3:03 PM UTC	-72.9278835	41.308274
chaupham30449	2019/10/24 3:15 PM UTC	-72.9278835	41.308274
chaupham30449	2019-11-10 11:50:25 PM EST	-72.9313662	41.3087222
chaupham30449	2019/10/24 2:45 PM UTC	-72.9278835	41.308274
chaupham30449	2019/10/24 2:40 PM UTC	-72.9278835	41.308274
chaupham30449	2019/10/29 7:57 PM UTC	-72.9278835	41.308274
chaupham30449	2019/10/29 7:59 PM UTC	-72.9278835	41.308274
chaupham30449	2019/11/01 5:13 PM UTC	-72.9278835	41.308274
chaupham30449	2019/11/01 5:14 PM UTC	-72.9278835	41.308274
chaupham30449	2019/11/01 5:15 PM UTC	-72.9278835	41.308274
chaupham30449	2019/10/11 5:35 PM UTC	-72.9278835	41.308274
chaupham30449	2019/10/11 6:13 PM UTC	-72.9278835	41.308274
superman4realz	2023-05-17	-84.5132155	39.1470915
superman4realz	2023-05-18	-84.51305312	39.14692074
superman4realz	2023-05-18	-84.51298762	39.14702345
superman4realz	2023-05-16	-84.5143541694	39.1269218006
superman4realz	2023-05-18	-84.5135303	39.1064232
superman4realz	2019-05-22	-84.5143541694	39.1269218006
superman4realz	2023-05-19	-84.5131334	39.1470714
superman4realz	2023-05-19	-84.51279649	39.14691762
superman4realz	2023-05-19	-84.51308	39.1469143
superman4realz	2023-05-19	-84.5130217	39.1468217
superman4realz	2023-05-20	-84.5160828531	39.1459110447
superman4realz	2023-05-20	-84.5158820227	39.14585176
superman4realz	2023-05-20	-84.5204753056	39.1356610777
superman4realz	2023-05-20	-84.5136862993	39.1469368174
superman4realz	2023-05-21	-84.5176311582	39.1394000949
superman4realz	2023-05-21	-84.5176311582	39.1394000949
superman4realz	2023-05-21	105.8781402558	20.9726734165
superman4realz	2023-05-22	-84.5091583952	39.13654553
superman4realz	2023-05-22	-84.5132189244	39.1470800863
superman4realz	2023-05-23	-84.5176311582	39.1394000949
superman4realz	2023-05-23	-84.5149502903	39.1329215716
superman4realz	2023-05-23	-84.3030152097	39.0398016811
superman4realz	2023-05-23	-84.6671452001	39.0513500028
superman4realz	2023-05-24	-84.5176311582	39.1394000949
superman4realz	2023-05-24	-84.5176311582	39.1394000949
superman4realz	2023-05-24	-84.5149502903	39.1329215716
superman4realz	2023-05-25	-84.5176311582	39.1394000949
superman4realz	2023-05-25	-84.5150153339	39.1425577428
superman4realz	2023-05-25	-84.5201829448	39.1321915561
superman4realz	2023-05-27	-84.5149502903	39.1329215716
superman4realz	2023-05-27	-84.5155122131	39.1420519774
superman4realz	2023-05-27	-84.5156070963	39.1415020021
superman4realz	2023-05-27	-84.5104083046	39.150818237
superman4realz	2023-05-27	-84.5132759213	39.146231129
superman4realz	2023-05-27	-84.5133744925	39.1459414671
superman4realz	2023-05-27	-84.426881969	39.1363874165
superman4realz	2023-05-28	-84.5200585574	39.1387338581
superman4realz	2023-05-28	-84.5190503821	39.14513696
superman4realz	2023-05-28	-84.5161820948	39.1459378268
superman4realz	2023-05-28	-84.5135270432	39.145171023
superman4realz	2023-05-28	-84.5092529431	39.1421643123
superman4realz	2023-05-28	-84.5058840886	39.1355313086
superman4realz	2023-05-31	-84.5117390156	39.1490996016
superman4realz	2023-05-31	-84.5194161683	39.1404792708
superman4realz	2023-05-31	-84.5198684558	39.1396752213
superman4realz	2023-06-01	-84.5115247741	39.1463637386
superman4realz	2023-06-01	-84.520476982	39.1342629911
superman4realz	2023-06-03	-84.5177468285	39.1370003646
superman4realz	2023-06-03	-84.5146555826	39.1364425482
superman4realz	2023-06-03	-84.5176311582	39.1394000949
superman4realz	2023-06-03	-84.514833279	39.1384194608
superman4realz	2023-06-03	-84.51511994	39.1384163402
superman4realz	2023-06-03	-84.5176311582	39.1394000949
superman4realz	2023-06-03	-84.5171423256	39.1369085658
superman4realz	2023-06-03	-84.5194225386	39.1358771858
superman4realz	2023-06-03	-84.5174477622	39.136272992
superman4realz	2023-06-03	-84.5152141526	39.1376450336
superman4realz	2023-06-03	-84.5163339749	39.1376712987
superman4realz	2023-06-04	-84.5121309534	39.1013247713
superman4realz	2023-06-04	-84.509646222	39.1017046403
superman4realz	2023-06-04	-84.2983548716	39.3286698946
superman4realz	2023-06-05	-84.513336271	39.1344871653
superman4realz	2023-06-05	-84.5156148076	39.1386300993
superman4realz	2023-06-05	-84.5154585689	39.1431521751
superman4realz	2023-06-05	-84.5167128369	39.1416247393
superman4realz	2023-06-05	-84.5147789642	39.1427496467
superman4realz	2023-06-05	-84.5180616528	39.143058304
superman4realz	2023-06-04	-84.5156040788	39.1406571382
superman4realz	2023-06-06	-84.5127495378	39.1400161373
superman4realz	2023-06-06	-84.5152999833	39.1399698498
superman4realz	2023-06-06	-84.5157831162	39.1444884592
superman4realz	2023-06-07	-84.5191885158	39.1358769257
superman4realz	2023-06-06	-84.5201963559	39.1369899625
superman4realz	2023-06-07	-84.5136024803	39.1472961593
superman4realz	2023-06-07	-84.5138988644	39.1467355643
superman4realz	2023-06-07	-84.512482658	39.1459053242
superman4realz	2023-06-07	-84.5144031197	39.1385973334
superman4realz	2023-06-07	-84.5132095367	39.1418254869
superman4realz	2023-06-07	-84.5150153339	39.1425577428
superman4realz	2023-06-07	-84.5150153339	39.1425577428
superman4realz	2023-06-07	-84.5150153339	39.1425577428
superman4realz	2023-06-07	-84.5150153339	39.1425577428
superman4realz	2023-06-08	-84.5135267079	39.1457558124
superman4realz	2023-06-09	-84.4957493618	39.0951232506
superman4realz	2023-06-09	-84.524390325	39.1268458542
superman4realz	2023-06-10	-84.519164376	39.1263025225
superman4realz	2023-06-12	-84.5194641128	39.1374923836
superman4realz	2023-06-13	-122.3271471262	47.6111797761
superman4realz	2023-06-13	-122.2962936759	47.6290004957
superman4realz	2023-06-13	-122.3163793981	47.6310832811
superman4realz	2023-06-13	-122.2962936759	47.6290004957
superman4realz	2023-06-13	-122.2960103676	47.6321099567
superman4realz	2023-06-13	-122.2961843759	47.6315896172
superman4realz	2023-06-13	-122.2963845357	47.631067917
superman4realz	2023-06-13	-122.2965709493	47.6318623273
superman4realz	2023-06-13	-122.2965944186	47.6313087719
superman4realz	2023-06-13	-122.2979606688	47.6322272187
superman4realz	2023-06-13	-122.2979777679	47.6321388768
superman4realz	2023-06-13	-122.3073296249	47.6219943799
superman4realz	2023-06-13	-122.3163793981	47.6310832811
superman4realz	2023-06-13	-122.2957713157	47.6317170478
superman4realz	2023-06-13	-122.3492773622	47.6205062644
superman4realz	2023-06-13	-122.3165027797	47.6270019108
superman4realz	2023-06-13	-122.3130953684	47.6243782142
superman4realz	2023-06-13	-122.3146544024	47.6346105864
superman4realz	2023-06-13	-122.3163793981	47.6310832811
superman4realz	2023-06-13	-122.3179102689	47.637548696
superman4realz	2023-06-13	-122.3198883981	47.6286136642
superman4realz	2023-06-13	-122.3485937342	47.6222239775
superman4realz	2023-06-13	-122.3174412176	47.6191283921
superman4realz	2023-06-13	-122.3035198823	47.6553337783
superman4realz	2023-06-13	-122.3260122165	47.6618957747
superman4realz	2023-06-13	-122.3270224035	47.6564557308
superman4realz	2023-06-13	-122.3035198823	47.6553337783
superman4realz	2023-06-13	-122.3320709914	47.606106079
superman4realz	2023-06-13	-122.3035198823	47.6553337783
superman4realz	2023-06-13	-122.3492773622	47.6205062644
superman4realz	2023-06-13	-122.3320709914	47.606106079
superman4realz	2023-06-13	-122.3320709914	47.606106079
superman4realz	2023-06-13	-122.3163793981	47.6310832811
superman4realz	2023-06-13	-122.3492773622	47.6205062644
superman4realz	2023-06-13	-122.3492773622	47.6205062644
superman4realz	2023-06-13	-122.3320709914	47.606106079
superman4realz	2023-06-13	-122.3320709914	47.606106079
superman4realz	2023-06-14	-122.3349620774	47.5986189567
superman4realz	2023-06-14	-122.3320709914	47.606106079
superman4realz	2023-06-14	-122.3320709914	47.606106079
superman4realz	2023-06-14	-122.3320709914	47.606106079
superman4realz	2023-06-14	-122.3373639956	47.6228341239
superman4realz	2023-06-14	-122.3320709914	47.606106079
superman4realz	2023-06-14	-122.3320709914	47.606106079
superman4realz	2023-06-16	-84.5188160241	39.1220160638
superman4realz	2023-06-17	105.8759629726	20.974713957
superman4realz	2023-06-17	105.8781402558	20.9726734165
superman4realz	2023-06-17	105.8756458014	20.9744012095
superman4realz	2023-06-17	105.8756136149	20.9743758516
superman4realz	2023-06-18	105.875617303	20.974408723
superman4realz	2023-06-14	-122.3348581418	47.5976942671
superman4realz	2023-06-18	105.8756193146	20.9743442324
superman4realz	2023-06-18	105.8756005391	20.9743116741
superman4realz	2023-06-19	105.8781402558	20.9726734165
superman4realz	2023-06-19	105.8781402558	20.9726734165
superman4realz	2023-06-20	105.8370696008	21.0112886875
superman4realz	2023-06-20	105.8341597393	21.0277610409
superman4realz	2023-06-22	105.8544312045	21.0266854314
superman4realz	2023-06-22	105.8522468805	21.0277331885
superman4realz	2023-06-22	105.8550417423	21.028616328
superman4realz	2023-06-23	105.8781402558	20.9726734165
superman4realz	2023-06-25	105.8757232502	20.972055739
superman4realz	2023-06-25	105.8781402558	20.9726734165
superman4realz	2023-06-25	105.8781402558	20.9726734165
superman4realz	2023-06-24	105.8781402558	20.9726734165
superman4realz	2023-06-23	105.8781402558	20.9726734165
superman4realz	2023-06-25	105.8781402558	20.9726734165
superman4realz	2023-06-28	105.8364597335	21.0430052576
superman4realz	2023-06-28	105.8781402558	20.9726734165
superman4realz	2023-06-28	105.8312917873	21.0403144603
superman4realz	2023-06-28	105.8312917873	21.0403144603
superman4realz	2023-06-28	105.8393042162	21.0389426013
superman4realz	2023-06-28	105.8393042162	21.0389426013
superman4realz	2023-06-28	105.8312917873	21.0403144603
superman4realz	2023-06-28	105.8312917873	21.0403144603
superman4realz	2023-06-28	105.8393042162	21.0389426013
superman4realz	2023-06-28	105.8312917873	21.0403144603
superman4realz	2023-06-28	105.8781402558	20.9726734165
superman4realz	2023-06-30	105.8756427839	21.0009198081
superman4realz	2023-06-30	105.8756427839	21.0009198081
superman4realz	2023-07-01	105.5992019176	21.3240596963
superman4realz	2023-07-01	106.640243344	17.4666422173
superman4realz	2023-07-02	106.6402389854	17.4666415776
superman4realz	2023-07-03	106.1340394244	17.477679093
superman4realz	2023-07-03	106.1340394244	17.477679093
superman4realz	2023-07-03	106.1340394244	17.477679093
superman4realz	2023-07-03	106.1340394244	17.477679093
superman4realz	2023-07-03	106.1340394244	17.477679093
superman4realz	2023-07-03	106.6405236349	17.466607677
superman4realz	2023-07-03	106.1340394244	17.477679093
superman4realz	2023-07-03	106.1340394244	17.477679093
superman4realz	2023-07-03	106.1340394244	17.477679093
superman4realz	2023-07-03	106.1340394244	17.477679093
superman4realz	2023-07-03	106.1340394244	17.477679093
superman4realz	2023-07-03	106.1340394244	17.477679093
superman4realz	2023-07-03	106.1340394244	17.477679093
superman4realz	2023-07-03	106.1340394244	17.477679093
superman4realz	2023-07-03	106.1340394244	17.477679093
superman4realz	2023-07-03	106.6405236349	17.466607677
superman4realz	2023-07-02	106.6405236349	17.466607677
superman4realz	2023-07-03	106.6405236349	17.466607677
superman4realz	2023-07-03	106.6405236349	17.466607677
superman4realz	2023-07-03	106.6405236349	17.466607677
superman4realz	2023-07-03	106.6405236349	17.466607677
superman4realz	2023-07-02	106.1341866106	17.4785035298
superman4realz	2023-07-02	106.6405236349	17.466607677
superman4realz	2023-07-03	106.1340394244	17.477679093
superman4realz	2023-07-02	106.6234785318	17.4764066132
superman4realz	2023-07-03	106.6405236349	17.466607677
superman4realz	2023-07-03	106.1340394244	17.477679093
superman4realz	2023-07-03	106.1340394244	17.477679093
superman4realz	2023-06-27	105.8677181974	20.994543754
superman4realz	2023-07-06	105.8781402558	20.9726734165
superman4realz	2023-07-03	106.5993275866	17.478136723
superman4realz	2023-06-19	105.8781402558	20.9726734165
superman4realz	2023-07-03	106.6405236349	17.466607677
superman4realz	2023-07-03	106.1340394244	17.477679093
superman4realz	2023-07-03	106.1340394244	17.477679093
superman4realz	2023-07-03	106.1340394244	17.477679093
superman4realz	2023-07-03	106.1340394244	17.477679093
superman4realz	2023-07-03	105.8312917873	21.0403144603
superman4realz	2023-07-03	106.1340394244	17.477679093
superman4realz	2023-07-03	106.1340394244	17.477679093
superman4realz	2023-07-03	106.1340394244	17.477679093
superman4realz	2023-07-08	105.8459557593	21.0197030129
superman4realz	2023-07-08	105.8459557593	21.0197030129
superman4realz	2023-07-08	105.8685366064	20.9933267325
superman4realz	2023-07-09	-0.1114635542	51.504235498
superman4realz	2023-07-09	-0.141890198	51.5013639744
superman4realz	2023-07-09	-0.141890198	51.5013639744
superman4realz	2023-07-09	-0.141890198	51.5013639744
superman4realz	2023-07-09	-0.141890198	51.5013639744
superman4realz	2023-07-09	-0.141890198	51.5013639744
superman4realz	2023-07-09	-0.141890198	51.5013639744
superman4realz	2023-07-09	-0.141890198	51.5013639744
superman4realz	2023-07-03	106.1340394244	17.477679093
superman4realz	2023-07-03	106.1340394244	17.477679093
superman4realz	2023-07-03	106.1340394244	17.477679093
superman4realz	2023-07-09	-0.1275863126	51.5069069231
superman4realz	2023-07-10	-1.8262152001	51.1788810025
superman4realz	2023-07-10	-1.8262152001	51.1788810025
superman4realz	2023-07-10	-1.8262152001	51.1788810025
superman4realz	2023-07-10	-1.8262152001	51.1788810025
superman4realz	2023-07-10	-1.8262152001	51.1788810025
superman4realz	2023-07-10	-1.8262152001	51.1788810025
superman4realz	2023-07-10	-1.8262152001	51.1788810025
superman4realz	2023-07-10	-1.8262152001	51.1788810025
superman4realz	2023-07-10	-1.8262152001	51.1788810025
superman4realz	2023-07-10	-1.8262152001	51.1788810025
superman4realz	2023-07-10	-1.8262152001	51.1788810025
superman4realz	2023-07-10	-1.8262152001	51.1788810025
superman4realz	2023-07-10	-1.8262152001	51.1788810025
superman4realz	2023-07-10	-1.8262152001	51.1788810025
superman4realz	2023-07-10	110.3387856111	1.5489288256
superman4realz	2023-07-10	-1.8366707861	51.760211456
superman4realz	2023-07-10	-1.8366707861	51.760211456
superman4realz	2023-07-10	-1.8366707861	51.760211456
superman4realz	2023-07-10	-1.8262152001	51.1788810025
superman4realz	2023-07-10	-1.8262152001	51.1788810025
superman4realz	2023-07-10	-1.8262152001	51.1788810025
superman4realz	2023-07-10	-1.8366707861	51.760211456
superman4realz	2023-07-10	-1.8262152001	51.1788810025
superman4realz	2023-07-10	-1.8262152001	51.1788810025
superman4realz	2023-07-10	-1.8262152001	51.1788810025
superman4realz	2023-07-10	-1.8262152001	51.1788810025
superman4realz	2023-07-10	-1.8262152001	51.1788810025
superman4realz	2023-07-10	-1.8262152001	51.1788810025
superman4realz	2023-07-10	-1.8262152001	51.1788810025
superman4realz	2023-07-10	-1.8262152001	51.1788810025
superman4realz	2023-07-10	-3.176673241	51.4761740941
superman4realz	2023-07-11	-3.1762209535	51.4760341822
superman4realz	2023-07-11	-3.1749998778	51.4684536577
superman4realz	2023-07-11	-3.1795006245	51.4834906788
superman4realz	2023-07-11	-3.1521544978	51.5030292255
superman4realz	2023-07-11	-2.4203788117	53.3183372839
superman4realz	2023-07-11	-1.7080276832	52.1938764694
superman4realz	2023-07-11	-2.229546681	53.4860685827
superman4realz	2023-07-11	-2.2288677469	53.4869050586
superman4realz	2023-07-11	-2.2288677469	53.4869050586
superman4realz	2023-07-11	-3.1838333979	51.4620575373
superman4realz	2023-07-11	-3.1832610816	51.4644784851
superman4realz	2023-07-11	-3.1763087958	51.4624143166
superman4realz	2023-07-11	-3.1811770052	51.4822312408
superman4realz	2023-07-11	-3.1811770052	51.4822312408
superman4realz	2023-07-11	-3.1811770052	51.4822312408
superman4realz	2023-07-11	-3.1811770052	51.4822312408
superman4realz	2023-07-11	-3.1811770052	51.4822312408
superman4realz	2023-07-11	-1.7080276832	52.1938764694
superman4realz	2023-07-11	-1.7080276832	52.1938764694
superman4realz	2023-07-11	-1.7080276832	52.1938764694
superman4realz	2023-07-11	-1.7080276832	52.1938764694
superman4realz	2023-07-11	-1.7080276832	52.1938764694
superman4realz	2023-07-11	-1.7080276832	52.1938764694
superman4realz	2023-07-11	-1.7080276832	52.1938764694
superman4realz	2023-07-12	-2.9062489048	54.3801635184
superman4realz	2023-07-12	-2.9223421589	54.3611911622
superman4realz	2023-07-12	-2.9223793745	54.3612552391
superman4realz	2023-07-12	-2.9229684547	54.3613714758
superman4realz	2023-07-12	-2.9229644313	54.3613792901
superman4realz	2023-07-12	-2.9229537025	54.3613869089
superman4realz	2023-07-12	-2.9192204028	54.3648119361
superman4realz	2023-07-12	-2.9138174281	54.3687675622
superman4realz	2023-07-12	-3.4115003049	55.2194026449
superman4realz	2023-07-13	-3.195849359	55.9485878174
superman4realz	2023-07-13	-3.1999135762	55.9485945758
superman4realz	2023-07-13	-3.1999135762	55.9485945758
superman4realz	2023-07-13	-4.2501650378	55.8611636289
superman4realz	2023-07-13	-4.2501650378	55.8611636289
superman4realz	2023-07-13	-4.2501650378	55.8611636289
superman4realz	2023-07-13	-4.2962041497	55.8627542757
superman4realz	2023-07-13	-4.2501650378	55.8611636289
superman4realz	2023-07-12	-4.2779879272	55.8644302736
superman4realz	2023-07-12	-4.2779879272	55.8644302736
superman4realz	2023-07-12	-4.2779879272	55.8644302736
superman4realz	2023-07-14	-0.1275863126	51.5069069231
superman4realz	2023-07-14	-0.136548914	51.5136141162
superman4realz	2023-07-14	-0.136548914	51.5136141162
superman4realz	2023-07-14	-0.1311479509	51.5239887784
superman4realz	2023-07-14	-0.1337651163	51.5221048329
superman4realz	2023-07-14	-0.1309970766	51.5173667755
superman4realz	2023-07-14	-0.136548914	51.5136141162
superman4realz	2023-07-15	-0.2023264021	51.5041386634
superman4realz	2023-07-15	-0.1465082914	51.5414024565
superman4realz	2023-07-15	-0.1657303423	51.5072662732
superman4realz	2023-07-15	-0.1734128594	51.5115713679
superman4realz	2023-07-15	-0.0904809684	51.5055826036
superman4realz	2023-07-15	-0.1657303423	51.5072662732
superman4realz	2023-07-15	-0.1657303423	51.5072662732
superman4realz	2023-07-15	-0.118820183	51.5192338096
superman4realz	2023-07-15	-0.1187413931	51.5191549489
superman4realz	2023-07-15	-0.1185610145	51.519192293
superman4realz	2023-07-15	-0.1190280542	51.5192413202
superman4realz	2023-07-15	-0.1185861602	51.5193817254
superman4realz	2023-07-15	-0.1187879965	51.5193297776
superman4realz	2023-07-15	-0.1190297306	51.5192110694
superman4realz	2023-07-15	-0.1183025166	51.5194017534
superman4realz	2023-07-15	-0.1184768602	51.5192519601
superman4realz	2023-07-15	-0.1184919477	51.5192229611
superman4realz	2023-07-15	-0.0904809684	51.5055826036
superman4realz	2023-07-15	-0.0904809684	51.5055826036
superman4realz	2023-07-15	-0.0840832293	51.5028816741
superman4realz	2023-07-15	-0.1197572798	51.5189617603
superman4realz	2023-07-15	-0.0695956126	51.5223601746
superman4realz	2023-07-15	-0.0893205777	51.5051956931
superman4realz	2023-07-15	-0.0916544348	51.5056861131
superman4realz	2023-07-15	-0.0919343904	51.5059686761
superman4realz	2023-07-15	-0.0904809684	51.5055826036
superman4realz	2023-07-15	-0.0904809684	51.5055826036
superman4realz	2023-07-15	-0.0904809684	51.5055826036
superman4realz	2023-07-15	-0.0706996769	51.5217641665
superman4realz	2023-07-15	-0.0777471811	51.5229104894
superman4realz	2023-07-15	-0.0777471811	51.5229104894
superman4realz	2023-07-15	-0.0777471811	51.5229104894
superman4realz	2023-07-15	-0.0777471811	51.5229104894
superman4realz	2023-07-15	-0.0777471811	51.5229104894
superman4realz	2023-07-18	105.8755313253	20.9736526825
superman4realz	2023-07-18	105.875569	20.9742981
superman4realz	2023-07-18	105.8755644	20.9742767
superman4realz	2023-07-18	105.875581	20.9743152
superman4realz	2023-07-18	105.8755639	20.9742848
superman4realz	2023-07-18	105.8755181	20.9743869
superman4realz	2023-07-18	105.8756126597	20.9730679595
superman4realz	2023-07-18	105.87556646	20.97417898
superman4realz	2023-07-18	105.8755623	20.9742659
superman4realz	2023-07-18	105.8755535	20.9742735
superman4realz	2023-07-18	105.8755230904	20.9745308166
superman4realz	2023-07-18	105.8755281195	20.9747033129
superman4realz	2023-07-20	105.8497091712	21.0255529663
superman4realz	2023-07-20	105.8493956924	21.0259969393
superman4realz	2023-07-20	105.8493812263	21.0259416626
superman4realz	2023-07-20	105.8494231657	21.0262076054
superman4realz	2023-07-20	105.8507769896	21.0263362832
superman4realz	2023-07-20	105.8756193598	20.9745784275
superman4realz	2023-07-21	105.8758979068	20.9740593536
superman4realz	2023-07-22	105.8755644188	20.9742842854
superman4realz	2023-07-22	105.8755644188	20.9742842854
superman4realz	2023-07-22	105.8753127249	20.9759512702
superman4realz	2023-07-23	105.8754827405	20.9761334027
superman4realz	2023-07-23	105.8743680616	20.9717877502
superman4realz	2023-07-23	105.8762297358	20.9724707566
superman4realz	2023-07-23	105.8739634393	20.9744398139
superman4realz	2023-07-23	105.8759392351	20.9745698973
superman4realz	2023-07-23	105.8760882522	20.9759594529
superman4realz	2023-07-23	105.8763492884	20.9736561305
superman4realz	2023-07-23	105.8760971737	20.9751244048
superman4realz	2023-07-23	105.8755383333	20.97432
superman4realz	2023-07-23	105.8755224377	20.9725211577
superman4realz	2023-07-23	105.8755964889	20.9743327764
superman4realz	2023-07-24	105.8224582673	21.013525296
superman4realz	2023-07-26	105.8763223886	20.9772606802
superman4realz	2023-07-28	105.87577153	20.9814330175
superman4realz	2023-07-28	105.8747754246	20.9777578106
superman4realz	2023-07-28	105.8794233575	20.9864448023
superman4realz	2023-07-29	105.8759629726	20.9749778665
superman4realz	2023-07-28	105.8780520782	20.991126177
superman4realz	2023-07-30	105.87517268	21.02373207
superman4realz	2023-07-30	105.87509816	21.02365083
superman4realz	2023-07-30	105.87515289	21.02370803
superman4realz	2023-07-30	105.87509429	21.02371246
superman4realz	2023-07-30	105.87523388	21.02370097
superman4realz	2023-07-30	105.87519762	21.02365109
superman4realz	2023-07-30	105.8749360219	21.0234932947
superman4realz	2023-07-30	105.87430271	21.02390332
superman4realz	2023-07-30	105.8743616939	21.023910154
superman4realz	2023-07-30	105.8743616939	21.023910154
superman4realz	2023-07-30	105.8743616939	21.023910154
superman4realz	2023-07-26	105.8756427839	21.0009198081
superman4realz	2023-07-30	105.8743616939	21.023910154
superman4realz	2023-07-30	105.8743616939	21.023910154
superman4realz	2023-07-30	105.8743616939	21.023910154
superman4realz	2023-08-01	105.7693971321	21.0090439526
superman4realz	2023-08-01	105.8759928122	20.975810916
superman4realz	2023-08-02	105.8558417112	21.0055199762
superman4realz	2023-08-03	105.8778130263	20.9802409331
superman4realz	2023-08-03	105.875665918	20.9733236501
superman4realz	2023-08-03	105.8753413707	20.971738603
superman4realz	2023-08-05	105.8781402558	20.9726734165
superman4realz	2023-08-04	105.8412729576	21.0042285505
superman4realz	2023-08-04	105.8413524181	21.0044573521
superman4realz	2023-08-07	103.8240640238	1.2845853246
superman4realz	2023-08-07	103.8242628425	1.2849238684
superman4realz	2023-08-07	103.786729686	1.2802020169
superman4realz	2023-08-07	103.8238648698	1.2842266693
superman4realz	2023-08-07	103.8222220168	1.2865746876
superman4realz	2023-08-08	103.8163369149	1.2815099374
superman4realz	2023-08-08	103.8247442991	1.2884591341
superman4realz	2023-08-08	103.8226330653	1.285720284
superman4realz	2023-08-09	103.8237528875	1.2856197265
superman4realz	2023-08-13	103.8237314299	1.2851709047
superman4realz	2023-08-12	103.8238155842	1.2846895693
superman4realz	2023-08-14	103.8164421916	1.2918324976
superman4realz	2023-08-14	103.8204128668	1.2843322548
superman4realz	2023-08-14	103.7868420035	1.2904515107
superman4realz	2023-08-17	103.8225629926	1.2826006528
superman4realz	2023-08-17	103.8241203502	1.2842833167
superman4realz	2023-08-17	103.8238306716	1.2839792977
superman4realz	2023-08-18	103.8239181787	1.2819044587
superman4realz	2023-08-18	103.8235668093	1.2818276997
superman4realz	2023-08-18	103.7740237266	1.2954609366
superman4realz	2023-08-19	103.8230303675	1.2828235556
superman4realz	2023-08-19	103.8231239095	1.2835117049
superman4realz	2023-08-19	103.8240516186	1.2848806286
superman4realz	2023-08-19	103.8231628016	1.2835237718
superman4realz	2023-08-19	103.8235141709	1.2837989644
superman4realz	2023-08-21	103.7732103467	1.297642355
superman4realz	2023-08-21	103.7734111771	1.2959902023
superman4realz	2023-08-21	103.7732438743	1.2950593785
superman4realz	2023-08-20	103.8218917698	1.2840845479
superman4realz	2023-08-20	103.8239181787	1.2819044587
superman4realz	2023-08-20	103.8239181787	1.2819044587
superman4realz	2023-08-23	103.8220510259	1.2823921633
superman4realz	2023-08-21	103.82037431	1.2830913741
superman4realz	2023-08-21	103.8179606572	1.2837620933
superman4realz	2023-08-21	103.8171576709	1.2840808608
superman4realz	2023-08-21	103.8156070188	1.2845735929
superman4realz	2023-08-21	103.7842707708	1.2954894278
superman4realz	2023-08-21	103.7845014408	1.2965194678
superman4realz	2023-08-26	103.8238859922	1.2845591797
superman4realz	2023-08-26	103.7839519233	1.296222154
superman4realz	2023-08-25	103.7842885405	1.2963441633
superman4realz	2023-08-28	103.8226588815	1.2826133901
superman4realz	2023-08-28	103.8226263598	1.2825064638
superman4realz	2023-08-28	103.8225448877	1.2825684744
superman4realz	2023-08-28	103.8226260245	1.2824933913
superman4realz	2023-08-28	103.8226213306	1.2824635592
superman4realz	2023-08-28	103.8226203248	1.2824618833
superman4realz	2023-08-28	103.7730651721	1.2963367891
superman4realz	2023-08-28	103.7727426365	1.2972501825
superman4realz	2023-08-31	103.8242058456	1.2835944973
superman4realz	2023-09-01	105.8781402558	20.9726734165
superman4realz	2023-08-31	105.8781402558	20.9726734165
superman4realz	2023-09-02	105.8758167922	20.9753087702
superman4realz	2023-09-02	105.8777255192	20.982181196
superman4realz	2023-09-03	105.8755173907	20.9754640474
superman4realz	2023-08-30	103.8258882612	1.2791113004
superman4realz	2023-09-04	103.8239882514	1.285077051
superman4realz	2023-09-05	103.8239181787	1.2819044587
superman4realz	2023-09-05	103.8239181787	1.2819044587
superman4realz	2023-09-05	103.7813384458	1.2910008888
superman4realz	2023-09-05	103.781362921	1.2909915035
superman4realz	2023-09-05	103.7813850492	1.2909764199
superman4realz	2023-09-05	103.7812445685	1.2909150799
superman4realz	2023-09-06	103.774205111	1.2936257684
superman4realz	2023-09-08	103.7869650498	1.2943189426
superman4realz	2023-09-08	103.792857863	1.2896393426
superman4realz	2023-09-08	103.77322644	1.2966454994
superman4realz	2023-09-08	103.77322644	1.2966454994
superman4realz	2023-09-08	103.77322644	1.2966454994
superman4realz	2023-09-08	103.77322644	1.2966454994
superman4realz	2023-09-08	103.77322644	1.2966454994
superman4realz	2023-09-08	103.77322644	1.2966454994
superman4realz	2023-09-08	103.77322644	1.2966454994
superman4realz	2023-09-08	103.77322644	1.2966454994
superman4realz	2023-09-08	103.77322644	1.2966454994
superman4realz	2023-09-09	103.7806595117	1.2973721918
superman4realz	2023-09-09	103.7806678936	1.2971415809
superman4realz	2023-09-08	103.77322644	1.2966454994
superman4realz	2023-09-11	103.77322644	1.2966454994
superman4realz	2023-09-11	103.77322644	1.2966454994
superman4realz	2023-09-11	103.7738188729	1.2943155907
superman4realz	2023-09-11	103.7738708407	1.294326652
superman4realz	2023-09-14	103.8242034987	1.2839377339
superman4realz	2023-09-15	103.772001341	1.3078994877
superman4realz	2023-09-15	103.772001341	1.3078994877
superman4realz	2023-09-18	103.8238108903	1.2834751689
superman4realz	2023-09-19	103.7794605643	1.3011471007
superman4realz	2023-09-22	103.7744900957	1.3017108897
superman4realz	2023-09-23	103.8283639401	1.2872236184
superman4realz	2023-09-21	103.7718052045	1.3069100103
superman4realz	2023-09-21	103.8218917698	1.2840845479
superman4realz	2023-09-30	105.8957717568	21.0376248662
superman4realz	2023-09-30	105.8996130154	21.0273373074
superman4realz	2023-09-30	105.8996130154	21.0273373074
superman4realz	2023-09-30	105.8996130154	21.0273373074
superman4realz	2023-10-05	103.8240030035	1.2802673794
superman4realz	2023-10-05	103.8218917698	1.2840845479
superman4realz	2023-10-05	103.8241381198	1.2851397319
superman4realz	2023-10-06	103.7845926359	1.2941406212
superman4realz	2023-10-06	103.7707366794	1.2972471658
superman4realz	2023-10-06	103.7731070817	1.2962932143
superman4realz	2023-10-06	103.7731094286	1.2962948903
superman4realz	2023-10-06	103.7731030583	1.2962982422
superman4realz	2023-10-06	103.7730913237	1.2963139961
superman4realz	2023-10-07	103.8161813468	1.284357059
superman4realz	2023-10-07	103.784269765	1.2933881182
superman4realz	2023-10-07	103.784269765	1.2933881182
superman4realz	2023-10-08	105.8957717568	21.0376248662
superman4realz	2023-10-08	103.7740297616	1.29499167
superman4realz	2023-10-10	103.8211055472	1.2832817631
superman4realz	2023-10-10	103.7846124172	1.2966277343
superman4realz	2023-10-10	103.8252951577	1.291425911
superman4realz	2023-10-12	103.7850626931	1.2961842775
superman4realz	2023-10-13	103.7729364261	1.2962700862
superman4realz	2023-10-14	103.8239181787	1.2819044587
superman4realz	2023-09-28	105.876423642	21.0009276333
superman4realz	2023-10-15	103.7740170211	1.2951505503
superman4realz	2023-10-16	103.7763937935	1.2966424826
superman4realz	2023-10-16	103.7763937935	1.2966424826
superman4realz	2023-10-18	103.7744817138	1.2944466502
superman4realz	2023-10-18	103.7744599208	1.2943913438
superman4realz	2023-10-20	105.8781402558	20.9726734165
superman4realz	2023-10-20	105.8781402558	20.9726734165
superman4realz	2023-10-20	105.8781402558	20.9726734165
superman4realz	2023-10-20	105.8781402558	20.9726734165
superman4realz	2023-10-20	105.8781402558	20.9726734165
superman4realz	2023-10-20	105.8781402558	20.9726734165
superman4realz	2023-10-20	105.8781402558	20.9726734165
superman4realz	2023-10-20	105.8781402558	20.9726734165
superman4realz	2023-10-20	105.8781402558	20.9726734165
superman4realz	2023-10-20	105.8781402558	20.9726734165
superman4realz	2023-10-20	105.8781402558	20.9726734165
superman4realz	2023-10-20	105.8781402558	20.9726734165
superman4realz	2023-10-20	105.8781402558	20.9726734165
superman4realz	2023-10-20	105.8632751182	21.0145746656
superman4realz	2023-10-20	105.8628784865	21.0143824978
superman4realz	2023-10-20	105.864036195	21.0142613756
superman4realz	2023-10-20	105.863227509	21.0137030231
superman4realz	2023-10-22	105.8781402558	20.9726734165
superman4realz	2023-10-22	105.8781402558	20.9726734165
superman4realz	2023-10-22	105.8781402558	20.9726734165
superman4realz	2023-10-22	105.8781402558	20.9726734165
superman4realz	2023-10-22	105.8781402558	20.9726734165
superman4realz	2023-10-22	105.8781402558	20.9726734165
superman4realz	2023-10-22	105.8781402558	20.9726734165
superman4realz	2023-10-22	105.8781402558	20.9726734165
superman4realz	2023-10-22	105.8762358874	20.9748632866
superman4realz	2023-10-22	105.8768142387	20.9762933375
superman4realz	2023-10-22	105.876830332	20.9806973573
superman4realz	2023-10-22	105.2374077961	21.4848939868
superman4realz	2023-10-22	105.8341597393	21.0277610409
superman4realz	2023-10-22	105.8341597393	21.0277610409
superman4realz	2023-10-22	105.8341597393	21.0277610409
superman4realz	2023-10-23	105.8781402558	20.9726734165
superman4realz	2023-10-26	103.8239181787	1.2819044587
superman4realz	2023-10-26	103.8218917698	1.2840845479
superman4realz	2023-10-27	103.7763937935	1.2966424826
superman4realz	2023-10-27	103.8239181787	1.2819044587
superman4realz	2023-10-27	103.8265822828	1.2799978847
superman4realz	2023-10-27	103.8297774643	1.2805395556
superman4realz	2023-10-27	103.8290529326	1.2808358657
superman4realz	2023-10-27	103.8300051168	1.277983042
superman4realz	2023-10-22	105.8781402558	20.9726734165
superman4realz	2023-10-28	103.8239181787	1.2819044587
superman4realz	2023-10-31	103.8236184418	1.2820355188
superman4realz	2023-10-31	103.8222689554	1.2854725773
superman4realz	2023-10-31	103.8222689554	1.2854725773
superman4realz	2023-11-01	103.7728224322	1.2969133164
superman4realz	2023-11-01	103.7727131322	1.2972548752
superman4realz	2023-11-01	103.7744052708	1.2992626637
superman4realz	2023-11-01	103.77322644	1.2966454994
superman4realz	2023-11-02	103.8225767389	1.2864781524
superman4realz	2023-11-01	103.8224801794	1.2867379259
superman4realz	2023-11-01	103.7730594724	1.3054857922
superman4realz	2023-11-01	103.7730594724	1.3054857922
superman4realz	2023-11-01	103.7730594724	1.3054857922
superman4realz	2023-11-03	103.7730594724	1.3054857922
superman4realz	2023-11-03	103.7730594724	1.3054857922
superman4realz	2023-11-04	103.7809277326	1.2978823512
superman4realz	2023-11-06	103.7725622579	1.2944285499
superman4realz	2023-11-06	103.7725622579	1.2944285499
superman4realz	2023-11-06	103.7724177539	1.295384178
superman4realz	2023-11-06	103.7725622579	1.2944285499
superman4realz	2023-11-07	103.77322644	1.2966454994
superman4realz	2023-11-07	103.77322644	1.2966454994
superman4realz	2023-11-07	103.77322644	1.2966454994
superman4realz	2023-10-30	103.7904358283	1.2924546119
superman4realz	2023-11-09	103.8240224496	1.2789872792
superman4realz	2023-11-10	103.7725622579	1.2944285499
superman4realz	2023-11-10	103.7724975497	1.2968828141
superman4realz	2023-11-10	103.7730292976	1.2974828045
superman4realz	2023-11-10	103.7744307518	1.3000020925
superman4realz	2023-11-10	103.7725622579	1.2944285499
superman4realz	2023-11-12	103.8222689554	1.2854725773
superman4realz	2023-11-12	103.8222689554	1.2854725773
superman4realz	2023-11-12	103.8222689554	1.2854725773
superman4realz	2023-11-11	103.8222689554	1.2854725773
superman4realz	2023-11-13	103.8198358566	1.3520736236
superman4realz	2023-11-14	103.8222689554	1.2854725773
superman4realz	2023-11-14	103.8222689554	1.2854725773
superman4realz	2023-11-13	103.8222689554	1.2854725773
superman4realz	2023-11-13	103.8222689554	1.2854725773
superman4realz	2023-11-13	103.8222689554	1.2854725773
superman4realz	2023-11-13	103.8222689554	1.2854725773
superman4realz	2023-11-14	103.8222689554	1.2854725773
superman4realz	2023-11-18	103.8222689554	1.2854725773
superman4realz	2023-11-19	103.8218917698	1.2840845479
superman4realz	2023-11-19	103.8218917698	1.2840845479
superman4realz	2023-11-19	103.8218917698	1.2840845479
superman4realz	2023-11-22	103.8198841363	1.2777701946
superman4realz	2023-11-22	103.7725622579	1.2944285499
superman4realz	2023-11-22	103.7725622579	1.2944285499
superman4realz	2023-11-23	103.8218917698	1.2840845479
superman4realz	2023-11-26	103.8218917698	1.2840845479
superman4realz	2023-11-26	103.8239181787	1.2819044587
superman4realz	2023-11-27	103.7763937935	1.2966424826
superman4realz	2023-11-27	103.775097616	1.2965208086
superman4realz	2023-11-27	103.7736777216	1.2948529011
superman4realz	2023-11-27	103.7831291556	1.2938664353
superman4realz	2023-11-28	103.77322644	1.2966454994
superman4realz	2023-11-28	103.77322644	1.2966454994
superman4realz	2023-11-29	103.8222689554	1.2854725773
superman4realz	2023-11-29	103.8583024219	1.2950298817
superman4realz	2023-12-03	103.7763937935	1.2966424826
superman4realz	2023-12-03	103.772761412	1.2943437467
superman4realz	2023-12-02	103.7736777216	1.2948529011
superman4realz	2023-12-03	103.8218917698	1.2840845479
superman4realz	2023-12-03	103.8218917698	1.2840845479
superman4realz	2023-12-04	103.7736777216	1.2948529011
superman4realz	2023-12-05	103.8198358566	1.3520736236
superman4realz	2023-12-05	103.8198358566	1.3520736236
superman4realz	2023-12-05	103.7763937935	1.2966424826
superman4realz	2023-12-06	103.8222689554	1.2854725773
superman4realz	2023-12-09	103.8051822782	1.2986449085
superman4realz	2023-12-09	103.8051822782	1.2986449085
superman4realz	2023-12-09	103.8051822782	1.2986449085
superman4realz	2023-12-09	103.8051822782	1.2986449085
superman4realz	2023-12-09	103.8051822782	1.2986449085
superman4realz	2023-12-09	103.8051822782	1.2986449085
superman4realz	2023-12-09	103.8051822782	1.2986449085
superman4realz	2023-12-09	103.8051822782	1.2986449085
superman4realz	2023-12-10	103.8222689554	1.2854725773
superman4realz	2023-12-10	103.8198358566	1.3520736236
superman4realz	2023-12-10	103.8218917698	1.2840845479
superman4realz	2023-12-10	103.8222689554	1.2854725773
superman4realz	2023-12-10	103.8222689554	1.2854725773
superman4realz	2023-12-10	103.8239181787	1.2819044587
superman4realz	2023-12-11	103.8214910012	1.2829177453
superman4realz	2023-12-13	103.8234416667	1.280275
superman4realz	2023-12-13	103.8215716667	1.2724216667
superman4realz	2023-12-13	103.8204333333	1.2716133333
superman4realz	2023-12-13	103.8203283333	1.2716083333
superman4realz	2023-12-13	103.8193883333	1.272055
superman4realz	2023-12-13	103.819245	1.272095
superman4realz	2023-12-13	103.8189783333	1.272295
superman4realz	2023-12-13	103.81897	1.272295
superman4realz	2023-12-13	103.8189616667	1.2723033333
superman4realz	2023-12-13	103.81897	1.2723083333
superman4realz	2023-12-13	103.8191533333	1.2716416667
superman4realz	2023-12-13	103.8190616667	1.2724783333
superman4realz	2023-12-15	105.8756191299	20.9757652321
superman4realz	2023-12-15	105.8763666667	20.9730833333
superman4realz	2023-12-15	105.8638166667	20.9848116667
superman4realz	2023-12-15	105.825255	21.0107027833
superman4realz	2023-12-15	105.82522	21.0104722167
superman4realz	2023-12-16	105.8782883333	20.9734883333
superman4realz	2023-12-16	105.8782966667	20.9735116667
superman4realz	2023-12-16	105.8782716667	20.97348
superman4realz	2023-12-16	105.8783283333	20.97347
superman4realz	2023-12-16	105.87828	20.9734283333
superman4realz	2023-12-16	105.87832	20.973455
superman4realz	2023-12-16	105.87838	20.9734783333
superman4realz	2023-12-16	105.878355	20.973495
superman4realz	2023-12-16	105.878395	20.973575
superman4realz	2023-12-16	105.878395	20.97352
superman4realz	2023-12-16	105.8783716667	20.9735866667
superman4realz	2023-12-16	105.87838	20.973595
superman4realz	2023-12-16	105.87835	20.9735916667
superman4realz	2023-12-16	105.8783866667	20.973605
superman4realz	2023-12-16	105.87835	20.9734783333
superman4realz	2023-12-16	105.8783633333	20.973475
superman4realz	2023-12-16	105.8784416667	20.9724716667
superman4realz	2023-12-16	105.8789366667	20.9728083333
superman4realz	2023-12-16	105.87838	20.973595
superman4realz	2023-12-16	105.8785083333	20.9729166667
superman4realz	2023-12-16	105.87857	20.9729283333
superman4realz	2023-12-16	105.8784416667	20.9730166667
superman4realz	2023-12-16	105.878655	20.9729
superman4realz	2023-12-16	105.878655	20.9729033333
superman4realz	2023-12-16	105.8787466667	20.9728966667
superman4realz	2023-12-16	105.87863	20.9728866667
superman4realz	2023-12-16	105.87883	20.9728833333
superman4realz	2023-12-16	105.8788383333	20.9728916667
superman4realz	2023-12-16	105.8788533333	20.9728366667
superman4realz	2023-12-15	105.8760337417	20.9711031451
superman4realz	2023-12-17	105.9441110116	20.9023357427
superman4realz	2023-12-17	105.8767827338	20.9726995481
superman4realz	2023-12-17	105.8757315089	20.9717996104
superman4realz	2023-12-18	105.8762366667	20.97307
superman4realz	2023-12-19	105.8759172143	20.9727438145
superman4realz	2023-12-19	105.8791041747	20.9761524618
superman4realz	2023-12-19	105.8781402558	20.9726734165
superman4realz	2023-12-19	105.8781402558	20.9726734165
superman4realz	2023-12-19	105.8781402558	20.9726734165
superman4realz	2023-12-19	105.8781402558	20.9726734165
superman4realz	2023-12-19	105.8781402558	20.9726734165
superman4realz	2023-12-19	105.8781402558	20.9726734165
superman4realz	2023-12-19	105.8781402558	20.9726734165
superman4realz	2023-12-19	105.8781402558	20.9726734165
superman4realz	2023-12-19	105.8781402558	20.9726734165
superman4realz	2023-12-19	105.8781402558	20.9726734165
superman4realz	2023-12-19	105.8781402558	20.9726734165
superman4realz	2023-12-19	105.8781402558	20.9726734165
superman4realz	2023-12-19	105.8781402558	20.9726734165
superman4realz	2023-12-19	105.8781402558	20.9726734165
superman4realz	2023-12-19	105.8781402558	20.9726734165
superman4realz	2023-12-19	105.8781402558	20.9726734165
superman4realz	2023-12-19	105.8781402558	20.9726734165
superman4realz	2023-12-19	105.8781402558	20.9726734165
superman4realz	2023-12-20	105.8781402558	20.9726734165
superman4realz	2023-12-20	105.8781402558	20.9726734165
superman4realz	2023-12-20	105.8685366064	20.9933267325
superman4realz	2023-12-20	105.8685366064	20.9933267325
superman4realz	2023-12-20	105.8685366064	20.9933267325
superman4realz	2023-12-22	105.8781402558	20.9726734165
superman4realz	2023-12-24	105.8759916667	20.9738416667
superman4realz	2023-12-24	105.8774033333	20.97295
superman4realz	2023-12-24	105.8785866667	20.9721533333
superman4realz	2023-12-24	105.87825	20.9713383333
superman4realz	2023-12-25	105.8792741597	20.9714358674
superman4realz	2023-12-25	105.8781402558	20.9726734165
superman4realz	2023-12-25	105.8781402558	20.9726734165
superman4realz	2023-12-25	105.8781402558	20.9726734165
superman4realz	2023-12-25	105.8781402558	20.9726734165
superman4realz	2023-12-25	105.8781402558	20.9726734165
superman4realz	2023-12-25	105.8781402558	20.9726734165
superman4realz	2023-12-25	105.8781402558	20.9726734165
superman4realz	2023-12-25	105.8781402558	20.9726734165
superman4realz	2023-12-25	105.8793720603	20.9732676117
superman4realz	2023-12-25	105.8781402558	20.9726734165
superman4realz	2023-12-25	105.8781402558	20.9726734165
superman4realz	2023-12-25	105.8781402558	20.9726734165
superman4realz	2023-12-25	105.8781402558	20.9726734165
superman4realz	2023-12-25	105.8781402558	20.9726734165
superman4realz	2023-12-26	105.8781402558	20.9726734165
superman4realz	2023-12-23	105.8781402558	20.9726734165
superman4realz	2023-12-28	105.867225	20.996405
superman4realz	2023-12-29	105.87558	20.974255
superman4realz	2023-12-29	105.8560416667	21.0320861667
superman4realz	2023-12-29	105.8559883333	21.0320833333
superman4realz	2023-12-29	105.8677133333	20.9936716667
superman4realz	2023-12-29	105.8665	20.9930666667
superman4realz	2023-12-29	105.86808	20.9932333333
superman4realz	2023-12-29	105.86767	20.9927
superman4realz	2023-12-29	105.8618263783	21.0029030411
superman4realz	2023-12-29	105.8665912476	20.9902475364
superman4realz	2023-12-29	105.8670416667	20.992825
superman4realz	2023-12-31	105.866045	20.97668
superman4realz	2023-12-31	105.866045	20.9766
superman4realz	2023-12-31	105.866045	20.9767133333
superman4realz	2023-12-31	105.86608	20.976675
superman4realz	2023-12-31	105.8663633333	20.97657
superman4realz	2023-12-31	105.8665466667	20.976605
superman4realz	2023-12-31	105.8665466667	20.9765716667
superman4realz	2023-12-31	105.86773	20.9766216667
superman4realz	2023-12-31	105.867745	20.976655
superman4realz	2023-12-31	105.8677583333	20.97638
superman4realz	2023-12-31	105.8608166667	21.00685
superman4realz	2023-12-31	105.8535216667	21.0275721667
superman4realz	2023-12-23	105.8615633333	21.0053722167
superman4realz	2024-01-01	105.9775466667	20.9529883333
superman4realz	2024-01-02	105.8758463453	20.9706697393
superman4realz	2024-01-02	105.8755116667	20.9743633333
superman4realz	2024-01-02	105.8787466667	20.97287
superman4realz	2024-01-02	105.8775416667	20.9728416667
superman4realz	2024-01-02	105.878625	20.97283
superman4realz	2024-01-02	105.8195633333	21.0131388833
superman4realz	2024-01-02	105.81543	21.0168278333
superman4realz	2024-01-02	105.820855	21.0122666667
superman4realz	2024-01-03	105.8759563968	20.9696994374
superman4realz	2023-12-27	105.8781402558	20.9726734165
superman4realz	2024-01-04	105.8174666667	21.01488055
superman4realz	2024-01-06	105.7154	21.0698305
superman4realz	2024-01-06	105.71543	21.0698833333
superman4realz	2024-01-06	105.715545	21.0698805
superman4realz	2024-01-06	105.7151033333	21.069925
superman4realz	2024-01-06	105.7151116667	21.0699805
superman4realz	2024-01-06	105.71515	21.0700083333
superman4realz	2024-01-06	105.7152116667	21.0700695
superman4realz	2024-01-06	105.7152466667	21.0700416667
superman4realz	2024-01-06	105.7152466667	21.0700416667
superman4realz	2024-01-06	105.7154216667	21.0697
superman4realz	2024-01-06	105.71547	21.0697028333
superman4realz	2024-01-06	105.7153166667	21.0697138333
superman4realz	2024-01-06	105.625625	21.4060283333
superman4realz	2024-01-06	105.6254583333	21.4053083333
superman4realz	2024-01-06	105.7131133229	21.0711838914
superman4realz	2024-01-06	105.7131133229	21.0711838914
superman4realz	2024-01-06	105.7131133229	21.0711838914
superman4realz	2024-01-06	105.7131133229	21.0711838914
superman4realz	2024-01-06	105.7131133229	21.0711838914
superman4realz	2024-01-06	105.7131133229	21.0711838914
superman4realz	2024-01-06	105.7131133229	21.0711838914
superman4realz	2024-01-06	105.7131133229	21.0711838914
superman4realz	2024-01-07	105.5708865076	21.4746691339
superman4realz	2024-01-07	105.5708865076	21.4746691339
superman4realz	2024-01-07	105.5708865076	21.4746691339
superman4realz	2024-01-07	105.5708865076	21.4746691339
superman4realz	2024-01-07	105.5708865076	21.4746691339
superman4realz	2024-01-07	105.5708865076	21.4746691339
superman4realz	2024-01-07	105.5708865076	21.4746691339
superman4realz	2024-01-07	105.5708865076	21.4746691339
superman4realz	2024-01-07	105.5708865076	21.4746691339
superman4realz	2024-01-07	105.5708865076	21.4746691339
superman4realz	2024-01-07	105.5708865076	21.4746691339
superman4realz	2024-01-07	105.5708865076	21.4746691339
superman4realz	2024-01-07	105.5708865076	21.4746691339
superman4realz	2024-01-07	105.5708865076	21.4746691339
superman4realz	2024-01-07	105.5708865076	21.4746691339
superman4realz	2024-01-07	105.5708865076	21.4746691339
superman4realz	2024-01-07	105.5708865076	21.4746691339
superman4realz	2024-01-07	105.5708865076	21.4746691339
superman4realz	2024-01-07	105.5708865076	21.4746691339
superman4realz	2024-01-07	105.5708865076	21.4746691339
superman4realz	2024-01-07	105.5708865076	21.4746691339
superman4realz	2024-01-07	105.5708865076	21.4746691339
superman4realz	2024-01-07	105.5708865076	21.4746691339
superman4realz	2024-01-07	105.5708865076	21.4746691339
superman4realz	2024-01-07	105.5708865076	21.4746691339
superman4realz	2024-01-07	105.5708865076	21.4746691339
superman4realz	2024-01-07	105.5708865076	21.4746691339
superman4realz	2024-01-07	105.5708865076	21.4746691339
superman4realz	2024-01-07	105.5708865076	21.4746691339
superman4realz	2024-01-07	105.5708865076	21.4746691339
superman4realz	2024-01-07	105.5708865076	21.4746691339
superman4realz	2024-01-07	105.5708865076	21.4746691339
superman4realz	2024-01-07	105.625695	21.4050716667
superman4realz	2024-01-07	105.6256033333	21.4051966667
superman4realz	2024-01-07	105.6256033333	21.4051883333
superman4realz	2024-01-07	105.625625	21.4051166667
superman4realz	2024-01-07	105.6256716667	21.4050633333
superman4realz	2024-01-07	105.625655	21.4062033333
superman4realz	2024-01-07	105.5708865076	21.4746691339
superman4realz	2024-01-09	105.8777	20.9726133333
superman4realz	2024-01-09	105.8794116667	20.97263
superman4realz	2024-01-09	105.86763	20.9971616667
superman4realz	2024-01-11	105.8749178234	20.9708682568
superman4realz	2024-01-12	105.9736166667	20.2651883333
superman4realz	2024-01-12	105.9735033333	20.2653166667
superman4realz	2024-01-12	105.97358	20.2653
superman4realz	2024-01-12	105.8556833333	20.3450716667
superman4realz	2024-01-12	105.8555916667	20.3451283333
superman4realz	2024-01-12	105.8556583333	20.3450133333
superman4realz	2024-01-12	105.8556666667	20.3451166667
superman4realz	2024-01-12	105.7147366667	20.2495216667
superman4realz	2024-01-12	105.7150033333	20.249
superman4realz	2024-01-12	105.7151416667	20.2485083333
superman4realz	2024-01-12	105.7151333333	20.2482833333
superman4realz	2024-01-12	105.7152866667	20.247775
superman4realz	2024-01-12	105.7154616667	20.2470033333
superman4realz	2024-01-12	105.7155216667	20.2466133333
superman4realz	2024-01-12	105.7156916667	20.246505
superman4realz	2024-01-12	105.715805	20.2462833333
superman4realz	2024-01-12	105.715605	20.2459116667
superman4realz	2024-01-12	105.714875	20.2466283333
superman4realz	2024-01-12	105.71515	20.2463383333
superman4realz	2024-01-12	105.71512	20.2463866667
superman4realz	2024-01-12	105.7155083333	20.245925
superman4realz	2024-01-12	105.71588	20.2460133333
superman4realz	2024-01-12	105.7160333333	20.245845
superman4realz	2024-01-12	105.716095	20.2457916667
superman4realz	2024-01-12	105.7159633333	20.24565
superman4realz	2024-01-12	105.71598	20.2458883333
superman4realz	2024-01-12	105.7094033333	20.25662
superman4realz	2024-01-12	105.7093416667	20.2565416667
superman4realz	2024-01-12	105.7095033333	20.2567583333
superman4realz	2024-01-12	105.70883	20.2568783333
superman4realz	2024-01-12	105.7092133333	20.2567466667
superman4realz	2024-01-12	105.7089533333	20.256955
superman4realz	2024-01-12	105.7089533333	20.25693
superman4realz	2024-01-12	105.708405	20.2565383333
superman4realz	2024-01-12	105.7086866667	20.25668
superman4realz	2024-01-12	105.70842	20.2564783333
superman4realz	2024-01-12	105.7083966667	20.2563333333
superman4realz	2024-01-12	105.709305	20.2568633333
superman4realz	2024-01-12	105.7083666667	20.2563366667
superman4realz	2024-01-12	105.7084366667	20.2565333333
superman4realz	2024-01-12	105.70842	20.256525
superman4realz	2024-01-12	105.9743633333	20.2632366667
superman4realz	2024-01-13	105.9170383333	20.2184616667
superman4realz	2024-01-13	105.89325	20.2187833333
superman4realz	2024-01-13	105.8932416667	20.2187833333
superman4realz	2024-01-13	105.8924416667	20.220045
superman4realz	2024-01-13	105.892355	20.2203083333
superman4realz	2024-01-13	105.8920666667	20.220445
superman4realz	2024-01-13	105.8919833333	20.22033
superman4realz	2024-01-13	105.8911216667	20.2220383333
superman4realz	2024-01-13	105.8912283333	20.2220616667
superman4realz	2024-01-13	105.89122	20.2220666667
superman4realz	2024-01-13	105.8910216667	20.2224116667
superman4realz	2024-01-13	105.8908083333	20.2226116667
superman4realz	2024-01-13	105.8900083333	20.2232
superman4realz	2024-01-13	105.888795	20.2226966667
superman4realz	2024-01-13	105.88913	20.22273
superman4realz	2024-01-13	105.889145	20.22273
superman4realz	2024-01-13	105.8891366667	20.2227283333
superman4realz	2024-01-13	105.8891666667	20.2227633333
superman4realz	2024-01-13	105.889175	20.2227716667
superman4realz	2024-01-13	105.8891666667	20.2227283333
superman4realz	2024-01-13	105.8891833333	20.22283
superman4realz	2024-01-13	105.889175	20.22275
superman4realz	2024-01-13	105.8891833333	20.2227616667
superman4realz	2024-01-13	105.8891916667	20.222755
superman4realz	2024-01-13	105.889175	20.222745
superman4realz	2024-01-13	105.889625	20.2226166667
superman4realz	2024-01-13	105.89073	20.2214616667
superman4realz	2024-01-13	105.89052	20.2219866667
superman4realz	2024-01-13	105.8910533333	20.2207616667
superman4realz	2024-01-13	105.8909833333	20.2205666667
superman4realz	2024-01-13	105.88817	20.2205633333
superman4realz	2024-01-13	105.8876283333	20.2207666667
superman4realz	2024-01-13	105.8930133333	20.217545
superman4realz	2024-01-13	105.8910366667	20.220755
superman4realz	2024-01-13	105.8908833333	20.2186466667
superman4realz	2024-01-13	105.8908833333	20.2184916667
superman4realz	2024-01-13	105.8905416667	20.2178366667
superman4realz	2024-01-13	105.8916783333	20.2211083333
superman4realz	2024-01-13	105.89167	20.2218866667
superman4realz	2024-01-14	103.8239181787	1.2819044587
superman4realz	2024-01-14	103.8239181787	1.2819044587
superman4realz	2024-01-14	103.8239181787	1.2819044587
superman4realz	2024-01-14	103.8239181787	1.2819044587
superman4realz	2024-01-14	103.8239181787	1.2819044587
superman4realz	2024-01-14	103.8239181787	1.2819044587
superman4realz	2024-01-14	103.8239181787	1.2819044587
superman4realz	2024-01-14	103.8239181787	1.2819044587
superman4realz	2024-01-14	103.8636131957	1.2815682609
superman4realz	2024-01-14	103.8636131957	1.2815682609
superman4realz	2024-01-14	103.8636131957	1.2815682609
superman4realz	2024-01-16	103.784269765	1.2933881182
superman4realz	2024-01-16	103.784269765	1.2933881182
superman4realz	2024-01-17	103.8239181787	1.2819044587
superman4realz	2024-01-17	103.8239181787	1.2819044587
superman4realz	2024-01-17	103.8239181787	1.2819044587
superman4realz	2024-01-17	103.8239181787	1.2819044587
superman4realz	2024-01-17	103.8239181787	1.2819044587
superman4realz	2024-01-18	103.7763937935	1.2966424826
superman4realz	2024-01-18	103.7763937935	1.2966424826
superman4realz	2024-01-18	103.7830557302	1.2933331469
superman4realz	2024-01-18	103.7830557302	1.2933331469
superman4realz	2024-01-19	103.77322644	1.2966454994
superman4realz	2024-01-19	103.77322644	1.2966454994
superman4realz	2024-01-19	103.77322644	1.2966454994
superman4realz	2024-01-19	103.77322644	1.2966454994
superman4realz	2024-01-19	103.77322644	1.2966454994
superman4realz	2024-01-19	103.77322644	1.2966454994
superman4realz	2024-01-19	103.77322644	1.2966454994
superman4realz	2024-01-19	103.77322644	1.2966454994
superman4realz	2024-01-19	103.77322644	1.2966454994
superman4realz	2024-01-19	103.7763937935	1.2966424826
superman4realz	2024-01-19	103.77322644	1.2966454994
superman4realz	2024-01-19	103.77322644	1.2966454994
superman4realz	2024-01-19	103.77322644	1.2966454994
superman4realz	2024-01-19	103.77322644	1.2966454994
superman4realz	2024-01-19	103.8239181787	1.2819044587
superman4realz	2024-01-20	103.7725612521	1.3071359276
superman4realz	2024-01-19	103.8239181787	1.2819044587
superman4realz	2024-01-20	103.7718052045	1.3069100103
superman4realz	2024-01-21	103.8677367568	1.2820073627
superman4realz	2024-01-21	103.8677367568	1.2820073627
superman4realz	2024-01-21	103.8677367568	1.2820073627
superman4realz	2024-01-21	103.8636131957	1.2815682609
superman4realz	2024-01-21	103.8677367568	1.2820073627
superman4realz	2024-01-21	103.8677367568	1.2820073627
superman4realz	2024-01-21	103.8677367568	1.2820073627
superman4realz	2024-01-21	103.8677367568	1.2820073627
superman4realz	2024-01-21	103.8677367568	1.2820073627
superman4realz	2024-01-21	103.8677367568	1.2820073627
superman4realz	2024-01-21	103.8677367568	1.2820073627
superman4realz	2024-01-21	103.8677367568	1.2820073627
superman4realz	2024-01-21	103.8677367568	1.2820073627
superman4realz	2024-01-21	103.8677367568	1.2820073627
superman4realz	2024-01-21	103.8677367568	1.2820073627
superman4realz	2024-01-21	103.8677367568	1.2820073627
superman4realz	2024-01-21	103.8677367568	1.2820073627
superman4realz	2024-01-21	103.8677367568	1.2820073627
superman4realz	2024-01-21	103.8677367568	1.2820073627
superman4realz	2024-01-12	105.891722627	20.2202981716
superman4realz	2024-01-13	105.891722627	20.2202981716
superman4realz	2024-01-13	105.891722627	20.2202981716
superman4realz	2024-01-22	103.8239181787	1.2819044587
superman4realz	2024-01-22	103.8239181787	1.2819044587
superman4realz	2024-01-22	103.8239181787	1.2819044587
superman4realz	2024-01-23	103.8239181787	1.2819044587
superman4realz	2024-01-23	103.784269765	1.2933881182
superman4realz	2024-01-23	103.772761412	1.2943437467
superman4realz	2024-01-23	103.772761412	1.2943437467
superman4realz	2024-01-23	103.772761412	1.2943437467
superman4realz	2024-01-24	103.8239181787	1.2819044587
superman4realz	2024-01-25	103.8198358566	1.3520736236
superman4realz	2024-01-25	103.7830557302	1.2933331469
superman4realz	2024-01-25	103.7747680396	1.2918214363
superman4realz	2024-01-25	103.77322644	1.2966454994
superman4realz	2024-01-25	103.7830557302	1.2933331469
superman4realz	2024-01-25	103.7830557302	1.2933331469
superman4realz	2024-01-25	103.7830557302	1.2933331469
superman4realz	2024-01-25	103.7830557302	1.2933331469
superman4realz	2024-01-25	103.7830557302	1.2933331469
superman4realz	2024-01-26	103.7736777216	1.2948529011
superman4realz	2024-01-26	103.7736777216	1.2948529011
superman4realz	2024-01-26	103.7736777216	1.2948529011
superman4realz	2024-01-26	103.7736777216	1.2948529011
superman4realz	2024-01-26	103.7763984874	1.2991034484
superman4realz	2024-01-26	103.7747680396	1.2918214363
superman4realz	2024-01-26	103.7830557302	1.2933331469
superman4realz	2024-01-26	103.7747680396	1.2918214363
superman4realz	2024-01-26	103.77322644	1.2966454994
superman4realz	2024-01-26	103.77322644	1.2966454994
superman4realz	2024-01-27	103.68481379	1.3429097092
superman4realz	2024-01-27	103.6849183962	1.34208281
superman4realz	2024-01-27	103.6849086732	1.3425855862
superman4realz	2024-01-27	103.68481379	1.3429097092
superman4realz	2024-01-27	103.6854813248	1.3429623331
superman4realz	2024-01-27	103.68488051	1.3424347534
superman4realz	2024-01-27	103.68481379	1.3429097092
superman4realz	2024-01-27	103.68481379	1.3429097092
superman4realz	2024-01-27	103.6849287897	1.3428175336
superman4realz	2024-01-27	103.68481379	1.3429097092
superman4realz	2024-01-27	103.68481379	1.3429097092
superman4realz	2024-01-27	103.6817885935	1.3509819331
superman4realz	2024-01-27	103.6826106906	1.3426670359
superman4realz	2024-01-27	103.6807063222	1.3481409209
superman4realz	2024-01-27	103.6831343919	1.3483098533
superman4realz	2024-01-27	103.6837630346	1.3464200891
superman4realz	2024-01-27	103.6839725822	1.3441472084
superman4realz	2024-01-27	103.6841127276	1.3436920286
superman4realz	2024-01-27	103.6848738045	1.3426345231
superman4realz	2024-01-27	103.68481379	1.3429097092
superman4realz	2024-01-29	103.8239181787	1.2819044587
superman4realz	2024-01-29	103.8239181787	1.2819044587
superman4realz	2024-01-29	103.8246222585	1.2788029232
superman4realz	2024-01-27	103.8239181787	1.2819044587
superman4realz	2024-01-27	103.68481379	1.3429097092
superman4realz	2024-01-30	103.8239181787	1.2819044587
superman4realz	2024-02-01	103.8208460435	1.2831010946
superman4realz	2024-02-01	103.8179351762	1.2838760585
superman4realz	2024-02-01	103.8149944693	1.2839655548
superman4realz	2024-02-01	103.8149944693	1.2839655548
superman4realz	2024-02-01	103.7729330733	1.2963200296
superman4realz	2024-02-01	103.7719440088	1.297569954
superman4realz	2024-02-01	103.7732334808	1.2964906414
superman4realz	2024-02-01	103.7732730433	1.2963723193
superman4realz	2024-02-02	103.7736777216	1.2948529011
superman4realz	2024-02-02	103.7779239938	1.2972994555
superman4realz	2024-02-02	103.7736777216	1.2948529011
superman4realz	2024-02-03	103.8222689554	1.2854725773
superman4realz	2024-02-03	103.8222689554	1.2854725773
superman4realz	2024-02-03	103.8222689554	1.2854725773
superman4realz	2024-02-03	103.8222689554	1.2854725773
superman4realz	2024-02-04	103.8239181787	1.2819044587
superman4realz	2024-02-05	103.8239181787	1.2819044587
superman4realz	2024-02-05	103.8239181787	1.2819044587
superman4realz	2024-02-05	103.8239181787	1.2819044587
superman4realz	2024-02-04	103.8239181787	1.2819044587
superman4realz	2024-02-05	103.8239181787	1.2819044587
superman4realz	2024-02-05	103.7739043683	1.3052015518
superman4realz	2024-02-07	103.848152943	1.2792101822
superman4realz	2024-02-07	103.8400000334	1.2838887958
superman4realz	2024-02-07	103.8400000334	1.2838887958
superman4realz	2024-02-07	103.8400000334	1.2838887958
superman4realz	2024-02-07	103.8400000334	1.2838887958
superman4realz	2024-02-07	103.8412499428	1.2837178479
superman4realz	2024-02-07	103.8400000334	1.2838887958
superman4realz	2024-02-07	103.8400000334	1.2838887958
superman4realz	2024-02-07	103.8400000334	1.2838887958
superman4realz	2024-02-07	103.8400000334	1.2838887958
superman4realz	2024-02-08	103.8239181787	1.2819044587
superman4realz	2024-02-09	103.8508918136	1.3052042333
superman4realz	2024-02-09	103.8508103415	1.3052199872
superman4realz	2024-02-10	103.8321984932	1.3048204417
superman4realz	2024-02-10	103.8164562732	1.3203359661
superman4realz	2024-02-10	103.8159134611	1.3138396962
superman4realz	2024-02-10	103.8159134611	1.3138396962
superman4realz	2024-02-10	103.8159134611	1.3138396962
superman4realz	2024-02-10	103.8159134611	1.3138396962
superman4realz	2024-02-10	103.8159134611	1.3138396962
superman4realz	2024-02-10	103.8159134611	1.3138396962
superman4realz	2024-02-10	103.8159134611	1.3138396962
superman4realz	2024-02-10	103.8159134611	1.3138396962
superman4realz	2024-02-10	103.8159134611	1.3138396962
superman4realz	2024-02-10	103.8159134611	1.3138396962
superman4realz	2024-02-10	103.8159134611	1.3138396962
superman4realz	2024-02-10	103.8159134611	1.3138396962
superman4realz	2024-02-10	103.8159134611	1.3138396962
superman4realz	2024-02-10	103.8159134611	1.3138396962
superman4realz	2024-02-10	103.8159134611	1.3138396962
superman4realz	2024-02-10	103.8159134611	1.3138396962
superman4realz	2024-02-10	103.8159134611	1.3138396962
superman4realz	2024-02-10	103.8159134611	1.3138396962
superman4realz	2024-02-10	103.8159134611	1.3138396962
superman4realz	2024-02-10	103.8159134611	1.3138396962
superman4realz	2024-02-10	103.8159134611	1.3138396962
superman4realz	2024-02-10	103.8159134611	1.3138396962
superman4realz	2024-02-10	103.8159134611	1.3138396962
superman4realz	2024-02-10	103.8159134611	1.3138396962
superman4realz	2024-02-10	103.8159134611	1.3138396962
superman4realz	2024-02-10	103.8159134611	1.3138396962
superman4realz	2024-02-10	103.8159134611	1.3138396962
superman4realz	2024-02-10	103.8159134611	1.3138396962
superman4realz	2024-02-10	103.8159134611	1.3138396962
superman4realz	2024-02-10	103.8159134611	1.3138396962
superman4realz	2024-02-10	103.8159134611	1.3138396962
superman4realz	2024-02-10	103.8159134611	1.3138396962
superman4realz	2024-02-10	103.8159134611	1.3138396962
superman4realz	2024-02-10	103.8159134611	1.3138396962
superman4realz	2024-02-10	103.8159134611	1.3138396962
superman4realz	2024-02-10	103.8159134611	1.3138396962
superman4realz	2024-02-10	103.8159134611	1.3138396962
superman4realz	2024-02-10	103.8159134611	1.3138396962
superman4realz	2024-02-10	103.8159134611	1.3138396962
superman4realz	2024-02-10	103.8159134611	1.3138396962
superman4realz	2024-02-10	103.8159134611	1.3138396962
superman4realz	2024-02-10	103.8159134611	1.3138396962
superman4realz	2024-02-10	103.8159134611	1.3138396962
superman4realz	2024-02-10	103.8159134611	1.3138396962
superman4realz	2024-02-10	103.8159134611	1.3138396962
superman4realz	2024-02-10	103.8159134611	1.3138396962
superman4realz	2024-02-10	103.8159134611	1.3138396962
superman4realz	2024-02-10	103.8159134611	1.3138396962
superman4realz	2024-02-10	103.8159134611	1.3138396962
superman4realz	2024-02-10	103.8159134611	1.3138396962
superman4realz	2024-02-10	103.8159134611	1.3138396962
superman4realz	2024-02-10	103.8159134611	1.3138396962
superman4realz	2024-02-10	103.8159134611	1.3138396962
superman4realz	2024-02-10	103.8159134611	1.3138396962
superman4realz	2024-02-10	103.8159134611	1.3138396962
superman4realz	2024-02-10	103.8159134611	1.3138396962
superman4realz	2024-02-11	103.8239181787	1.2819044587
superman4realz	2024-02-15	103.8239181787	1.2819044587
superman4realz	2024-02-15	103.8239181787	1.2819044587
superman4realz	2024-02-15	103.8239181787	1.2819044587
superman4realz	2024-02-15	103.77322644	1.2966454994
superman4realz	2024-02-15	103.77322644	1.2966454994
superman4realz	2024-02-15	101.6933570802	3.1472801625
superman4realz	2024-02-16	103.8223809376	1.2824548443
superman4realz	2024-02-16	103.784269765	1.2933881182
superman4realz	2024-02-16	103.7742714956	1.3088956686
superman4realz	2024-02-17	103.9099268988	1.4186959697
superman4realz	2024-02-17	103.9176845178	1.4080699445
superman4realz	2024-02-17	103.9216494933	1.4092950084
superman4realz	2024-02-17	103.9216494933	1.4092950084
superman4realz	2024-02-17	103.9203660563	1.4042241447
superman4realz	2024-02-17	103.9226395637	1.4083327216
superman4realz	2024-02-17	103.9226965606	1.4081577603
superman4realz	2024-02-17	103.9249697328	1.4079529685
superman4realz	2024-02-17	103.9239199832	1.4074579151
superman4realz	2024-02-17	103.9216494933	1.4092950084
superman4realz	2024-02-17	103.9239199832	1.407574556
superman4realz	2024-02-17	103.9237459749	1.4055350155
superman4realz	2024-02-17	103.9169844612	1.4124392802
superman4realz	2024-02-17	103.9216494933	1.4092950084
superman4realz	2024-02-17	103.9245047048	1.4082445706
superman4realz	2024-02-17	103.831246309	1.2807048055
superman4realz	2024-02-17	103.9229889214	1.4087409645
superman4realz	2024-02-17	103.8222689554	1.2854725773
superman4realz	2024-02-17	103.8222689554	1.2854725773
superman4realz	2024-02-17	103.8239181787	1.2819044587
superman4realz	2024-02-17	103.8224101067	1.2852895626
superman4realz	2024-02-17	103.9253784344	1.4080116241
superman4realz	2024-02-17	103.9245627075	1.4071669832
superman4realz	2024-02-17	103.9216494933	1.4092950084
superman4realz	2024-02-17	103.9216494933	1.4092950084
superman4realz	2024-02-17	103.9242133498	1.4075752263
superman4realz	2024-02-17	103.9228118956	1.4119589755
superman4realz	2024-02-17	103.925845474	1.4085368431
superman4realz	2024-02-17	103.9227559045	1.4080411195
superman4realz	2024-02-17	103.9235716313	1.4069337014
superman4realz	2024-02-17	103.9245033637	1.4092916567
superman4realz	2024-02-17	103.922813572	1.4076891858
superman4realz	2024-02-17	103.9207744226	1.406525123
superman4realz	2024-02-17	103.924036324	1.4066709241
superman4realz	2024-02-17	103.9128391072	1.4110292017
superman4realz	2024-02-17	103.9143015817	1.4111857282
superman4realz	2024-02-17	103.922114186	1.4104587347
superman4realz	2024-02-19	103.8218917698	1.2840845479
superman4realz	2024-02-20	103.8239181787	1.2819044587
superman4realz	2024-02-20	103.8222689554	1.2854725773
superman4realz	2024-02-21	103.7718400732	1.3064957167
superman4realz	2024-02-21	103.7718052045	1.3069100103
superman4realz	2024-02-22	103.8222689554	1.2854725773
superman4realz	2024-02-22	103.7713395059	1.2951022829
superman4realz	2024-02-22	103.7927408516	1.3073440799
superman4realz	2024-02-23	103.8237706572	1.2846845414
superman4realz	2024-02-23	103.8216657937	1.2877176907
superman4realz	2024-02-23	103.8214217126	1.2846433128
superman4realz	2024-02-23	103.8267348334	1.2811264774
superman4realz	2024-02-23	103.8260364532	1.2785786794
superman4realz	2024-02-23	103.8249038905	1.2754201571
superman4realz	2024-02-23	103.8243664429	1.2853743662
superman4realz	2024-02-23	103.8214820623	1.2833219862
superman4realz	2024-02-23	103.8214632869	1.2854672143
superman4realz	2024-02-23	103.8216778636	1.2832264564
superman4realz	2024-02-22	103.8220761716	1.2835881286
superman4realz	2024-02-24	103.9886014536	1.3544923013
superman4realz	2024-02-24	103.9901557937	1.3631349652
superman4realz	2024-02-24	103.9910151064	1.364126096
superman4realz	2024-02-24	103.9886014536	1.3544923013
superman4realz	2024-02-24	103.9886014536	1.3544923013
superman4realz	2024-02-24	103.9886014536	1.3544923013
superman4realz	2024-02-24	103.9886014536	1.3544923013
superman4realz	2024-02-24	103.9886014536	1.3544923013
superman4realz	2024-02-24	103.9886014536	1.3544923013
superman4realz	2024-02-24	103.9886014536	1.3544923013
superman4realz	2024-02-24	103.9886014536	1.3544923013
superman4realz	2024-02-24	103.9886014536	1.3544923013
superman4realz	2024-02-24	103.9886014536	1.3544923013
superman4realz	2024-02-24	103.9886014536	1.3544923013
superman4realz	2024-02-24	103.7775743008	1.297453643
superman4realz	2024-02-25	105.863625817	20.9836947588
superman4realz	2024-02-26	105.8781402558	20.9726734165
superman4realz	2024-02-26	105.8789781108	20.9715266568
superman4realz	2024-02-26	105.8794937655	20.9710742745
superman4realz	2024-02-26	105.8781402558	20.9726734165
superman4realz	2024-02-26	105.8777845278	20.9724921521
superman4realz	2024-02-26	105.878008157	20.9741034883
superman4realz	2024-02-26	105.8782344684	20.9750830545
superman4realz	2024-02-26	105.8767488599	20.9715989753
superman4realz	2024-02-26	105.8767827228	20.9712098328
superman4realz	2024-02-29	105.7993845642	21.0233759354
superman4realz	2024-02-29	105.7990616933	21.0233818816
superman4realz	2024-02-29	105.799709782	21.0231778327
superman4realz	2024-02-29	105.8043349162	21.0273977067
superman4realz	2024-02-29	105.8043349162	21.0273977067
superman4realz	2024-02-29	105.8043349162	21.0273977067
superman4realz	2024-02-29	105.8043349162	21.0273977067
superman4realz	2024-02-29	105.8043349162	21.0273977067
superman4realz	2024-02-29	105.8043349162	21.0273977067
superman4realz	2024-02-29	105.8043349162	21.0273977067
superman4realz	2024-02-29	105.8043349162	21.0273977067
superman4realz	2024-02-29	105.8043349162	21.0273977067
superman4realz	2024-02-29	105.8043349162	21.0273977067
superman4realz	2024-03-02	105.8751046658	21.0008747354
superman4realz	2024-03-06	103.8239181787	1.2819044587
superman4realz	2024-03-07	103.8212986663	1.2815538476
superman4realz	2024-03-07	103.821773082	1.2832066801
superman4realz	2024-03-07	103.8270181417	1.2791545403
superman4realz	2024-03-08	103.7852199376	1.2957016034
superman4realz	2024-03-08	103.7866348028	1.293076726
superman4realz	2024-03-08	103.8239181787	1.2819044587
superman4realz	2024-03-11	103.822482191	1.2837785177
superman4realz	2024-03-11	103.832218945	1.2858818464
superman4realz	2024-03-11	103.8290512562	1.2857772666
superman4realz	2024-03-07	103.8223158941	1.2823871354
superman4realz	2024-03-14	103.8217737526	1.2836203071
superman4realz	2024-03-13	103.8217576593	1.2835355035
superman4realz	2024-03-15	103.8218220323	1.2840594085
superman4realz	2024-03-15	103.8219420612	1.283407125
superman4realz	2024-03-17	103.8241673675	1.2838663055
superman4realz	2024-03-19	103.8207910582	1.2834620964
superman4realz	2024-03-19	103.8235718384	1.2818655764
superman4realz	2024-03-19	103.815070577	1.2851226371
superman4realz	2024-03-19	103.7718052045	1.3069100103
superman4realz	2024-03-19	103.7722755969	1.3067826385
superman4realz	2024-03-20	103.8229586184	1.2831590828
superman4realz	2024-03-20	103.8221110404	1.2835264533
superman4realz	2024-03-20	103.8204081729	1.2824303752
superman4realz	2024-03-23	103.8218354434	1.283756395
superman4realz	2024-03-23	103.8210136816	1.2840366155
superman4realz	2024-03-24	103.8224593922	1.2825929434
superman4realz	2024-03-24	103.778725	1.3413366667
superman4realz	2024-03-24	103.777655	1.34263
superman4realz	2024-03-24	103.7787033333	1.34138
superman4realz	2024-03-24	103.7787166667	1.341355
superman4realz	2024-03-24	103.7787859887	1.3414875229
superman4realz	2024-03-24	103.7783756107	1.3420466102
superman4realz	2024-03-24	103.7788802013	1.3412488717
superman4realz	2024-03-24	103.7777332217	1.3411831756
superman4realz	2024-03-24	103.7789241225	1.3411600479
superman4realz	2024-03-24	103.7787625194	1.3414925507
superman4realz	2024-03-24	103.7803302705	1.3393161985
superman4realz	2024-03-24	103.7793720514	1.3405795087
superman4realz	2024-03-24	103.7803302705	1.3393161985
superman4realz	2024-03-24	103.7796989456	1.3403365
superman4realz	2024-03-24	103.7788050994	1.3417301963
superman4realz	2024-03-24	103.7793797627	1.3406177197
superman4realz	2024-03-24	103.7799222395	1.3398360696
superman4realz	2024-03-24	103.7798229977	1.3399128269
superman4realz	2024-03-24	103.7798753008	1.3402828705
superman4realz	2024-03-24	103.7794273719	1.340365661
superman4realz	2024-03-24	103.7798246741	1.3396983088
superman4realz	2024-03-24	103.7792852148	1.340421972
superman4realz	2024-03-24	103.7798313797	1.3399359546
superman4realz	2024-03-24	103.779225871	1.3408265395
superman4realz	2024-03-24	103.7796734646	1.3401561708
superman4realz	2024-03-24	103.7800469622	1.3402215317
superman4realz	2024-03-24	103.7791256234	1.3408681024
superman4realz	2024-03-24	103.7799393386	1.3397683624
superman4realz	2024-03-24	103.7796124443	1.3402550502
superman4realz	2024-03-24	103.7793965265	1.3407152583
superman4realz	2024-03-24	103.7796737999	1.3401709189
superman4realz	2024-03-24	103.7796828523	1.3400914802
superman4realz	2024-03-24	103.7797717005	1.3399671268
superman4realz	2024-03-24	103.7794625759	1.3408376006
superman4realz	2024-03-24	103.7795105204	1.3407373805
superman4realz	2024-03-24	103.7793948501	1.3406264345
superman4realz	2024-03-24	103.7794967741	1.3405449847
superman4realz	2024-03-24	103.7798343971	1.3402248836
superman4realz	2024-03-24	103.7797710299	1.3407889989
superman4realz	2024-03-24	103.779344894	1.3404688978
superman4realz	2024-03-25	103.8217677176	1.2861131287
superman4realz	2024-03-26	103.8140476495	1.2846459944
superman4realz	2024-03-28	103.8220369443	1.2832512607
superman4realz	2024-03-28	103.8234896958	1.2843949356
superman4realz	2024-03-28	103.8218917698	1.2840845479
superman4realz	2024-03-28	103.8237954676	1.2828460135
superman4realz	2024-03-28	103.8214481995	1.2832572941
superman4realz	2024-03-28	103.8219776005	1.2837949421
superman4realz	2024-03-28	103.8217388839	1.2833632148
superman4realz	2024-03-28	103.8219051808	1.2833883542
superman4realz	2024-03-29	103.8215256482	1.2834775153
superman4realz	2024-03-29	103.8214595988	1.2854447564
superman4realz	2024-03-29	103.8209855184	1.2831188598
superman4realz	2024-03-29	103.8217137381	1.2836196367
superman4realz	2024-03-29	103.8219434023	1.2837128201
superman4realz	2024-03-29	103.8211715966	1.2842655516
superman4realz	2024-03-29	103.8059587777	1.2981625701
superman4realz	2024-03-29	103.8059577718	1.2980308404
superman4realz	2024-03-29	103.8213224709	1.2843858855
superman4realz	2024-03-29	103.8217100501	1.2837587414
superman4realz	2024-03-29	103.8217465952	1.2865230681
superman4realz	2024-03-30	103.8147312775	1.3137240564
superman4realz	2024-03-30	103.8157314062	1.3144772237
superman4realz	2024-03-30	103.8158393651	1.3116184045
superman4realz	2024-03-30	103.8147373125	1.3097634718
superman4realz	2024-03-30	103.8163023815	1.3120779476
superman4realz	2024-03-30	103.8165635616	1.310154972
superman4realz	2024-04-02	103.8218193501	1.2833323771
superman4realz	2024-04-02	103.8218458369	1.2833504775
superman4realz	2024-04-03	103.8218535483	1.2831909261
superman4realz	2024-04-03	103.8218974695	1.2837295797
superman4realz	2024-04-03	103.8210713491	1.2840744922
superman4realz	2024-04-03	103.82173419	1.2828872421
superman4realz	2024-04-04	103.8220852241	1.2757734505
superman4realz	2024-04-04	103.8217871636	1.2834362867
superman4realz	2024-04-04	103.8216610998	1.2835981844
superman4realz	2024-04-04	103.8217459247	1.2831547254
superman4realz	2024-04-04	103.8216865808	1.2831912613
superman4realz	2024-04-04	103.8213546574	1.282923778
superman4realz	2024-04-05	103.827862367	1.2784486246
superman4realz	2024-04-05	103.8235111535	1.2830866814
superman4realz	2024-04-05	103.8216919452	1.2822399861
superman4realz	2024-04-05	103.8218019158	1.2832764001
superman4realz	2024-04-06	103.8362969086	1.2769436091
superman4realz	2024-04-07	103.8040232286	1.2978565415
superman4realz	2024-04-09	103.8233535737	1.2794371076
superman4realz	2024-04-09	103.8218176737	1.2835220958
superman4realz	2024-04-09	103.8218609244	1.2833980748
superman4realz	2024-04-09	103.8218548894	1.2835710338
superman4realz	2024-04-08	103.8218609244	1.2834989676
superman4realz	2024-04-09	103.8208071515	1.2849955994
superman4realz	2024-04-12	103.7719084695	1.3068630838
superman4realz	2024-04-18	103.8223527744	1.2840315876
superman4realz	2024-04-17	103.8230149448	1.2812377613
superman4realz	2024-04-17	103.8215266541	1.2833008691
superman4realz	2024-04-19	103.7726792693	1.2971177824
superman4realz	2024-04-19	103.7741719186	1.3045636868
superman4realz	2024-04-19	103.7735003605	1.3059734923
superman4realz	2024-04-19	103.772482127	1.3110154007
superman4realz	2024-04-21	103.8264102861	1.3613749279
superman4realz	2024-04-21	103.8085994124	1.3935280017
superman4realz	2024-04-21	103.8256582618	1.3604196604
superman4realz	2024-04-21	103.8247768208	1.3590859724
superman4realz	2024-04-21	103.8251302019	1.3598103002
superman4realz	2024-04-21	103.8239922747	1.35842734
superman4realz	2024-04-21	103.825029619	1.3591064185
superman4realz	2024-04-21	103.8251851872	1.3589981547
superman4realz	2024-04-21	103.8266074285	1.3599178935
superman4realz	2024-04-21	103.825631775	1.3607974101
superman4realz	2024-04-21	103.8256166875	1.360416979
superman4realz	2024-04-21	103.8256146759	1.3591530087
superman4realz	2024-04-21	103.8261786103	1.3600690604
superman4realz	2024-04-21	103.8257950544	1.3589981547
superman4realz	2024-04-21	103.8259281591	1.3588912317
superman4realz	2024-04-21	103.8258037716	1.3598012502
superman4realz	2024-04-21	103.8234135881	1.3582671231
superman4realz	2024-04-21	103.8248096779	1.3590162546
superman4realz	2024-04-21	103.8238041848	1.359977891
superman4realz	2024-04-21	103.8247734681	1.3590873131
superman4realz	2024-04-21	103.8250245899	1.3592411615
superman4realz	2024-04-21	103.821827732	1.3585865514
superman4realz	2024-04-21	103.8239728287	1.3586988374
superman4realz	2024-04-21	103.8256388158	1.3591104406
superman4realz	2024-04-25	103.7905377522	1.2826743951
superman4realz	2024-04-25	103.7903731316	1.2824732798
superman4realz	2024-04-25	103.7904351577	1.2853864331
superman4realz	2024-04-25	103.792027384	1.2829019905
superman4realz	2024-04-25	103.7903114408	1.2834537166
superman4realz	2024-04-25	103.7906269357	1.2841505807
superman4realz	2024-04-25	103.7983654439	1.2790727533
superman4realz	2024-04-25	103.7996388227	1.2784901885
superman4realz	2024-04-25	103.7988140434	1.2788206885
superman4realz	2024-04-25	103.7992217392	1.2791602386
superman4realz	2024-04-25	103.7989069149	1.2793999012
superman4realz	2024-04-25	103.801561296	1.2787231474
superman4realz	2024-04-25	103.7990909815	1.2788944308
superman4realz	2024-04-25	103.8003911823	1.2791672776
superman4realz	2024-04-25	103.8008451462	1.2787563315
superman4realz	2024-04-25	103.7992425263	1.2792587852
superman4realz	2024-04-25	103.8212262467	1.2846201846
superman4realz	2024-04-25	103.7990460545	1.2794240351
superman4realz	2024-04-26	103.7721780315	1.3058900302
superman4realz	2024-04-29	103.7730376795	1.294715473
superman4realz	2024-04-29	103.7737893686	1.3058330481
superman4realz	2024-05-05	103.8216245547	1.2835039954
superman4realz	2024-05-03	103.8215789571	1.2836796361
superman4realz	2024-05-06	103.8220362738	1.2838110313
superman4realz	2024-05-08	105.877228719	20.9707457373
superman4realz	2024-05-10	105.8689677715	20.9949898049
superman4realz	2024-05-11	105.8488387987	21.0217225681
superman4realz	2024-05-11	105.8487315103	21.0216261759
superman4realz	2024-05-11	105.8486342803	21.0215507521
superman4realz	2024-05-11	105.8485799655	21.0221244104
superman4realz	2024-05-12	105.8765885979	20.9738020098
superman4realz	2024-05-12	105.8792044222	20.9707875041
superman4realz	2024-05-12	105.878623724	20.972386023
superman4realz	2024-05-12	105.8778157085	20.9691899072
superman4realz	2024-05-13	105.8781375736	20.9712398873
superman4realz	2024-05-17	105.8676732704	20.9942116408
superman4realz	2024-05-18	105.654268378	20.2922066864
superman4realz	2024-05-18	105.9242879972	20.2516868004
superman4realz	2024-05-18	105.7418723032	21.7122395933
superman4realz	2024-05-18	105.9251235053	20.2516468526
superman4realz	2024-05-18	105.9224010631	20.2516754766
superman4realz	2024-05-18	105.9240170941	20.252850001
superman4realz	2024-05-18	105.9243798628	20.2518387279
superman4realz	2024-05-18	105.9239634499	20.2518280332
superman4realz	2024-05-18	105.9317931533	20.2515310982
superman4realz	2024-05-18	105.931603387	20.2520133027
superman4realz	2024-05-18	105.9321006015	20.2499237391
superman4realz	2024-05-18	105.9201627597	20.252331626
superman4realz	2024-05-18	105.9232268482	20.2506786652
superman4realz	2024-05-18	105.9233576059	20.2508186407
superman4realz	2024-05-18	105.9243289009	20.2489722124
superman4realz	2024-05-18	105.9209996089	20.2509822074
superman4realz	2024-05-18	105.9227356687	20.2503163011
superman4realz	2024-05-18	105.9239285812	20.2507796363
superman4realz	2024-05-17	105.6109432876	20.2906517901
superman4realz	2024-05-17	105.6088887155	20.3073172142
superman4realz	2024-05-17	105.6100772694	20.3046344152
superman4realz	2024-05-17	105.6257584691	20.3043388391
superman4realz	2024-05-17	105.6126857176	20.2993023243
superman4realz	2024-05-17	105.5920819938	20.3266431868
superman4realz	2024-05-17	105.6119729206	20.3025766907
superman4realz	2024-05-17	105.5923995003	20.2919631276
superman4realz	2024-05-17	105.6028115004	20.3117434793
superman4realz	2024-05-17	105.6329665706	20.3087711636
superman4realz	2024-05-17	105.9382914752	20.2284001962
superman4realz	2024-05-17	105.9331530333	20.225992253
superman4realz	2024-05-17	105.6086647511	20.3162230691
superman4realz	2024-05-17	105.5906889215	20.3164120347
superman4realz	2024-05-17	105.6149585545	20.2992447794
superman4realz	2024-05-17	105.5935216695	20.3179463891
superman4realz	2024-05-17	105.6013403088	20.3122883819
superman4realz	2024-05-17	105.606074743	20.3015767475
superman4realz	2024-05-17	105.6037948653	20.3121921673
superman4realz	2024-05-17	105.6008772925	20.3187242506
superman4realz	2024-05-17	105.6032849103	20.3142299553
superman4realz	2024-05-17	105.6110086665	20.3045734134
superman4realz	2024-05-17	105.6066812575	20.3093006695
superman4realz	2024-05-17	105.6112913042	20.2967489434
superman4realz	2024-05-17	105.6027350575	20.309772947
superman4realz	2024-05-17	105.5891047418	20.318868252
superman4realz	2024-05-17	105.6137723476	20.3066785915
superman4realz	2024-05-17	105.604714863	20.3079611796
superman4realz	2024-05-17	105.6094979122	20.3054962993
superman4realz	2024-05-17	105.6138705835	20.3040482935
superman4realz	2024-05-17	105.6192487478	20.3176439212
superman4realz	2024-05-17	105.6049280986	20.305057654
superman4realz	2024-05-17	105.6083606556	20.3089617105
superman4realz	2024-05-17	105.6166409701	20.3107291315
superman4realz	2024-05-17	105.6167734042	20.3124235854
superman4realz	2024-05-17	105.6147292256	20.3278341205
superman4realz	2024-05-17	105.6392087415	20.3259417641
superman4realz	2024-05-17	105.6037549675	20.3319309504
superman4realz	2024-05-17	105.6661421433	20.2732325914
superman4realz	2024-05-17	105.617024526	20.2969190653
superman4realz	2024-05-17	105.9398706257	20.2325773574
superman4realz	2024-05-17	105.6126126274	20.3129568519
superman4realz	2024-05-17	105.6094187871	20.2993425743
superman4realz	2024-05-17	105.9358617291	20.2315344933
superman4realz	2024-05-17	105.9390143305	20.2299794645
superman4realz	2024-05-17	105.9433598444	20.22098969
superman4realz	2024-05-17	105.9397569671	20.2288912811
superman4realz	2024-05-17	105.9390921146	20.2303698748
superman4realz	2024-05-17	105.9407835826	20.2307338583
superman4realz	2024-05-17	105.9403661638	20.2296897234
superman4realz	2024-05-17	105.9395672008	20.2301373904
superman4realz	2024-05-17	105.9402887151	20.2214562587
superman4realz	2024-05-17	105.9400231764	20.2305498218
superman4realz	2024-05-17	105.9385503083	20.2310358665
superman4realz	2024-05-17	105.939023383	20.222684495
superman4realz	2024-05-17	105.935411118	20.2241266534
superman4realz	2024-05-17	105.9346808866	20.2293754434
superman4realz	2024-05-17	105.9384607896	20.2331329196
superman4realz	2024-05-17	105.9368504584	20.2254366653
superman4realz	2024-05-20	103.8265933469	1.2823941745
superman4realz	2023-06-10	-84.5211160183	39.1314240825
superman4realz	2024-05-23	103.8446818292	1.2780594659
superman4realz	2024-05-24	103.8213969022	1.287595681
superman4realz	2024-05-24	103.8209161162	1.2880119888
superman4realz	2024-05-24	103.8210817426	1.2874123312
superman4realz	2024-05-24	103.8208396733	1.2877616008
superman4realz	2024-05-26	103.9038946107	1.4076620366
superman4realz	2024-05-27	103.8501930982	1.2912646842
superman4realz	2024-05-29	103.8439241052	1.275906187
superman4realz	2024-05-31	103.827145882	1.2866534576
superman4realz	2024-06-03	103.8440444693	1.2767166835
superman4realz	2024-06-03	103.8439515978	1.2759819406
superman4realz	2024-06-04	103.830540888	1.2811968678
superman4realz	2024-06-04	103.8251858577	1.2776746646
superman4realz	2024-06-04	103.8237756863	1.2720367161
superman4realz	2024-06-01	103.8244080171	1.2875534469
superman4realz	2024-06-06	103.8223671913	1.2826080271
superman4realz	2024-06-07	103.8223604858	1.2854286672
superman4realz	2024-06-07	103.8265950233	1.2789437041
superman4realz	2024-06-08	103.8168797269	1.2895407963
superman4realz	2024-06-08	103.8167808205	1.2895873879
superman4realz	2024-06-08	103.8169202954	1.2893654913
superman4realz	2024-06-15	103.8244814426	1.2864124548
superman4realz	2024-06-16	103.8239181787	1.2819044587
superman4realz	2024-06-16	103.7905142829	1.312110796
superman4realz	2024-06-16	103.7886182964	1.3141779009
superman4realz	2024-06-16	103.7863162905	1.3159942836
superman4realz	2024-06-16	103.788972348	1.3138779076
superman4realz	2024-06-16	103.7899818644	1.3109882504
superman4realz	2024-06-16	103.7911201268	1.3095147619
superman4realz	2024-06-16	103.7913236395	1.308836005
superman4realz	2024-06-16	103.7890752777	1.3133225011
superman4realz	2024-06-16	103.7881244346	1.3144413586
superman4realz	2024-06-16	103.7900294736	1.3124590565
superman4realz	2024-06-16	103.7898313254	1.312552574
superman4realz	2024-06-16	103.7894755974	1.3139476267
superman4realz	2024-06-16	103.79069902	1.3115590761
superman4realz	2024-06-16	103.7892828137	1.3135524401
superman4realz	2024-06-16	103.7828391418	1.2985483738
superman4realz	2024-06-16	103.7906235829	1.3132501005
superman4realz	2024-06-16	103.7900361791	1.3117803004
superman4realz	2024-06-16	103.7895664573	1.3131498793
superman4realz	2024-06-16	103.7869274989	1.3156624478
superman4realz	2024-06-16	103.787182644	1.3148801195
superman4realz	2024-06-16	103.78946051	1.3132651839
superman4realz	2024-06-19	103.8239181787	1.2819044587
superman4realz	2024-06-20	103.8216624409	1.2848625283
superman4realz	2024-06-21	103.820393756	1.2848625283
superman4realz	2024-06-23	103.8409911096	1.2839980684
superman4realz	2024-06-22	103.8232127577	1.2837346075
superman4realz	2024-06-27	103.8230716065	1.2795078332
superman4realz	2024-06-27	103.8246222585	1.2793660468
superman4realz	2024-06-27	103.8225083426	1.2820442338
superman4realz	2024-06-27	103.8258828968	1.2754811622
superman4realz	2024-06-27	103.8237770274	1.2804239142
superman4realz	2024-07-03	103.8440588862	1.2763667421
superman4realz	2024-07-03	103.8218287379	1.2839115889
superman4realz	2024-07-01	103.8216315955	1.2833622092
superman4realz	2024-07-05	103.8221378624	1.2857712332
superman4realz	2024-07-07	103.8212393224	1.2865525649
superman4realz	2024-07-13	103.8008837029	1.2787040414
superman4realz	2024-07-14	103.8246219233	1.2787985657
superman4realz	2024-07-15	103.8218056038	1.2869688729
superman4realz	2024-07-15	103.8216181844	1.2861650834
superman4realz	2024-07-15	103.8216614351	1.2849322482
superman4realz	2024-07-23	103.8253263384	1.2811271478
superman4realz	2024-07-15	103.8235993311	1.2843218638
superman4realz	2024-07-27	103.8227691874	1.2680753962
superman4realz	2024-07-27	103.824746646	1.2674153991
superman4realz	2024-07-29	103.8268769905	1.2792252659
superman4realz	2024-08-01	103.8215279952	1.2868720025
superman4realz	2024-08-03	103.9881954342	1.3553419887
superman4realz	2024-08-04	105.8776215836	20.9725954634
superman4realz	2024-08-07	105.770030804	21.0088314334
superman4realz	2024-08-07	105.8762000129	20.9737256226
superman4realz	2024-08-07	105.8765225485	20.972700027
superman4realz	2024-08-07	105.877427794	20.9747518373
superman4realz	2024-08-10	105.8644086868	21.0098239173
superman4realz	2024-08-09	105.8777188137	20.9740286666
superman4realz	2024-08-07	105.8776530996	20.9711641249
superman4realz	2024-08-14	105.8623916656	20.9923745189
superman4realz	2024-08-14	105.8523028716	21.0169607805
superman4realz	2024-08-14	105.8754560351	20.9749309076
superman4realz	2024-08-14	105.8770720661	20.9735903796
superman4realz	2024-08-14	105.8767458424	20.9741463777
superman4realz	2024-08-14	105.8766194433	20.9706650943
superman4realz	2024-08-14	105.8756692708	20.9702941074
superman4realz	2024-08-15	105.8514267951	21.0289884218
superman4realz	2024-08-15	105.8515086025	21.0279106305
superman4realz	2024-08-15	105.8514807746	21.0277829474
superman4realz	2024-08-15	105.851357393	21.0292597461
superman4realz	2024-08-15	105.851605162	21.0299469735
superman4realz	2024-08-15	105.8459255844	21.0249250703
superman4realz	2024-08-17	105.8757463843	20.9747803257
superman4realz	2024-08-18	103.8270751387	1.2858734666
superman4realz	2024-08-21	103.8266654313	1.2859813984
superman4realz	2024-08-21	103.7714850157	1.3056922687
superman4realz	2024-08-22	103.8222689554	1.2854725773
superman4realz	2024-08-24	103.8291317225	1.2802814575
superman4realz	2024-08-25	103.9005311206	1.3306546797
superman4realz	2024-08-25	103.9003641531	1.3303597163
superman4realz	2024-08-25	103.8999021426	1.3308152337
superman4realz	2024-08-25	103.9000067487	1.3307240632
superman4realz	2024-08-26	103.7748615816	1.3060418708
superman4realz	2024-08-28	103.77271045	1.2944003939
superman4realz	2024-08-28	103.7738661468	1.2927348314
superman4realz	2024-08-28	103.7725622579	1.2944285499
superman4realz	2024-08-29	103.8219226152	1.2867778137
superman4realz	2024-08-29	103.8238487765	1.285120626
superman4realz	2024-08-29	103.8217412308	1.286715468
superman4realz	2024-08-29	103.8217036799	1.2867747969
superman4realz	2024-08-29	103.8212527335	1.2851729159
superman4realz	2024-08-31	103.8237605989	1.2817814431
superman4realz	2024-09-01	115.140315257	-8.6586708559
superman4realz	2024-09-02	115.0868199393	-8.3717511401
superman4realz	2024-09-02	103.7728023157	1.2945126827
superman4realz	2024-09-02	103.7723711506	1.2949725641
superman4realz	2024-09-03	103.8231141865	1.2850136998
superman4realz	2024-09-03	103.8212973252	1.2893014698
superman4realz	2024-09-04	103.8211799785	1.2848786175
superman4realz	2024-09-03	103.8226511702	1.2848343722
superman4realz	2024-09-05	103.7741296738	1.294447991
superman4realz	2024-09-06	103.8274710998	1.2827276906
superman4realz	2024-09-07	103.8256079704	1.2776736591
superman4realz	2024-09-09	103.772950843	1.3003952702
superman4realz	2024-09-11	103.7733045593	1.2975632502
superman4realz	2024-09-11	103.7725126371	1.2988892621
superman4realz	2024-09-11	103.7731000409	1.2972578919
superman4realz	2024-09-07	103.772321865	1.3078297685
superman4realz	2024-09-11	103.8221905008	1.2837597469
superman4realz	2024-09-13	103.8391712308	1.2813436821
superman4realz	2024-09-13	103.8273198903	1.2687682422
superman4realz	2024-09-13	103.7731258571	1.2969840415
superman4realz	2024-09-13	103.8238149136	1.2842417529
superman4realz	2024-09-14	103.8246722147	1.2853100093
superman4realz	2024-09-14	103.8161669299	1.3096950934
superman4realz	2024-09-14	103.8175231218	1.3082199282
superman4realz	2024-09-14	103.8164284453	1.3120410769
superman4realz	2024-09-14	103.817143254	1.3160479137
superman4realz	2024-09-14	103.8167489693	1.3098533024
superman4realz	2024-09-14	103.816293329	1.3141269523
superman4realz	2024-09-14	103.8163986057	1.3214481166
superman4realz	2024-09-14	103.8159198314	1.3212473396
superman4realz	2024-09-17	103.8231892884	1.2844150472
superman4realz	2024-09-17	103.8232603669	1.2839089074
superman4realz	2024-09-19	103.8239833333	1.2845716667
superman4realz	2024-09-20	103.8218310848	1.286645413
superman4realz	2024-09-25	105.8776189014	20.973348382
superman4realz	2024-09-24	105.8769107983	20.9732876478
superman4realz	2024-09-24	105.876619108	20.9736050936
superman4realz	2024-09-24	105.8779052272	20.9715679817
superman4realz	2024-09-25	105.877224952	21.0004249459
superman4realz	2024-09-28	105.8692785725	20.9951121948
superman4realz	2024-09-29	105.877652429	20.9737259356
superman4realz	2024-09-29	105.8775867149	20.9743739732
superman4realz	2024-09-29	105.8789787814	20.9734109946
superman4realz	2024-09-29	105.8774596453	20.9687966885
superman4realz	2024-09-29	105.8796503395	20.9737816607
superman4realz	2024-09-29	105.8782354742	20.9698680192
superman4realz	2024-09-29	105.8778995275	20.9694409906
superman4realz	2024-09-29	105.8780550957	20.9694625925
superman4realz	2024-09-29	105.8771833333	20.9726616667
superman4realz	2024-09-30	105.8757819235	20.9734707897
superman4realz	2024-09-30	105.790213421	21.2228960744
superman4realz	2024-09-30	105.7912071794	21.2195087548
superman4realz	2024-10-01	103.8049026579	1.2975283904
superman4realz	2024-10-01	103.8256478682	1.2894744285
superman4realz	2024-10-01	103.8249102607	1.2854350359
superman4realz	2024-10-02	103.8218099624	1.2848001826
superman4realz	2024-10-06	139.7539485991	35.7029102241
superman4realz	2024-10-07	103.825465478	1.2875997033
superman4realz	2024-10-06	103.8223464042	1.2849054328
superman4realz	2024-10-03	103.8996231928	1.3298217431
superman4realz	2024-10-09	103.7721247226	1.3063157203
superman4realz	2024-10-12	103.8224278763	1.2835227662
superman4realz	2024-10-15	103.8209560141	1.2806334095
superman4realz	2024-10-18	103.7728368491	1.2958973545
superman4realz	2024-10-18	103.8209570199	1.2883139962
superman4realz	2024-10-21	103.8052339107	1.2956231688
superman4realz	2024-10-23	103.8226897269	1.3819533071
superman4realz	2024-10-23	103.8246111944	1.3817009176
superman4realz	2024-10-23	103.8184357435	1.3534726761
superman4realz	2024-10-23	103.822616972	1.3824044575
superman4realz	2024-10-23	103.8226712868	1.382300217
superman4realz	2024-10-23	103.8218860701	1.3808059905
superman4realz	2024-10-23	103.8231775537	1.3805844373
superman4realz	2024-10-23	103.8230840117	1.3823665823
superman4realz	2024-10-23	103.823306635	1.3816556685
superman4realz	2024-10-23	103.8277775422	1.3495429923
superman4realz	2024-10-23	103.8158296421	1.3591285405
superman4realz	2024-10-23	103.8228499889	1.3504821753
superman4realz	2024-10-23	103.7638202682	1.347991094
superman4realz	2024-10-23	103.7651778013	1.3474276507
superman4realz	2024-10-23	103.7639590725	1.3493542842
superman4realz	2024-10-23	103.7755995244	1.3139291914
superman4realz	2024-10-23	103.7756209821	1.3143793488
superman4realz	2024-10-23	103.7756994367	1.3146089525
superman4realz	2024-10-23	103.7761812285	1.3135142287
superman4realz	2024-10-23	103.7756337225	1.3146280582
superman4realz	2024-10-23	103.7810574844	1.3301847493
superman4realz	2024-10-23	103.7805267423	1.3308903153
superman4realz	2024-10-23	103.781099394	1.3324405486
superman4realz	2024-10-23	103.7816901505	1.3341932328
superman4realz	2024-10-23	103.7823902071	1.3299444211
superman4realz	2024-10-23	103.7803758681	1.3304244071
superman4realz	2024-10-23	103.8248200715	1.3605875864
superman4realz	2024-10-25	103.8239483535	1.2858392771
superman4realz	2024-10-29	103.8217201084	1.2845306884
superman4realz	2024-11-04	103.8263170794	1.2832526014
superman4realz	2024-11-06	103.7744434923	1.2941952573
superman4realz	2024-11-09	103.8230276853	1.285202748
superman4realz	2024-11-10	103.8250447065	1.285143419
superman4realz	2024-11-13	103.822642453	1.2851414079
superman4realz	2024-11-14	103.8258896023	1.2799995606
superman4realz	2024-11-17	103.8232999295	1.2844103545
superman4realz	2024-11-18	104.0060317889	1.3738188436
superman4realz	2024-11-18	103.9929365739	1.3919711042
superman4realz	2024-11-18	104.0064549074	1.3744037322
superman4realz	2024-11-18	104.00591176	1.3744228375
superman4realz	2024-11-18	104.0060411766	1.3740028573
superman4realz	2024-11-18	104.0062034503	1.3748890723
superman4realz	2024-11-18	104.0061752871	1.3746102029
superman4realz	2024-11-18	104.005997926	1.3748967815
superman4realz	2024-11-18	104.0060445294	1.3748200253
superman4realz	2024-11-18	104.0062617883	1.3743665273
superman4realz	2024-11-18	104.0213019401	1.3662186307
superman4realz	2024-11-18	103.9934954792	1.3901879609
superman4realz	2024-11-18	104.0158084407	1.3692282173
superman4realz	2024-11-19	103.8241535425	1.2829267947
superman4realz	2024-11-19	103.8213673979	1.2865029566
superman4realz	2024-11-23	103.8206163794	1.2876650656
superman4realz	2024-11-25	103.7738751993	1.2949279838
superman4realz	2024-11-25	103.8234394044	1.2821732828
superman4realz	2024-12-01	105.8690251037	20.9944695686
superman4realz	2024-12-02	105.8764900267	20.9737991922
superman4realz	2024-12-02	105.8750067651	20.9738627438
superman4realz	2024-12-03	105.8796543628	20.9741022361
superman4realz	2024-12-03	105.876586251	20.9766486567
superman4realz	2024-12-03	105.8787826449	20.9737556766
superman4realz	2024-12-03	105.8790096268	20.9737572419
superman4realz	2024-12-03	105.8787836507	20.9750229471
superman4realz	2024-12-03	105.8793247864	20.9745038934
superman4realz	2024-12-03	105.8789026737	20.9749368557
superman4realz	2024-12-03	105.8792325854	20.9745696361
superman4realz	2024-12-03	105.8778147027	20.9749928934
superman4realz	2024-12-03	105.8789107203	20.9747956657
superman4realz	2024-12-03	105.8795510978	20.973239123
superman4realz	2024-12-03	105.8791397139	20.9750983944
superman4realz	2024-12-04	105.6206505373	20.3029684906
superman4realz	2024-12-04	105.6673387438	20.2737946128
superman4realz	2024-12-04	105.6894683093	20.2577955508
superman4realz	2024-12-04	105.6116426736	20.3146276998
superman4realz	2024-12-04	105.6264534965	20.306325477
superman4realz	2024-12-04	105.6145642698	20.3083690021
superman4realz	2024-12-04	105.6156629696	20.3086114311
superman4realz	2024-12-04	105.6137331203	20.3146321017
superman4realz	2024-12-04	105.642368719	20.279093616
superman4realz	2024-12-04	105.6243922189	20.2970306978
superman4realz	2024-12-04	105.6363250315	20.3062962342
superman4realz	2024-12-04	105.6912660599	20.2580808359
superman4realz	2024-12-04	105.6171210855	20.3136573902
superman4realz	2024-12-04	105.6163113937	20.3099267041
superman4realz	2024-12-04	105.6491815299	20.2967621507
superman4realz	2024-12-04	105.6912657246	20.2704255993
superman4realz	2024-12-04	105.7002360374	20.2600407022
superman4realz	2024-12-04	105.6165916845	20.3079894788
superman4realz	2024-12-04	105.6948551908	20.2664991847
superman4realz	2024-12-04	105.6984443218	20.2519079287
superman4realz	2024-12-04	105.7026302442	20.2541487617
superman4realz	2024-12-04	105.6757132709	20.2771610371
superman4realz	2024-12-04	105.6204356253	20.3010255182
superman4realz	2024-12-04	105.7918314636	20.2879212166
superman4realz	2024-12-04	105.7673878223	20.2815038807
superman4realz	2024-12-04	105.7321891934	20.3044353731
superman4realz	2024-12-04	105.6679331884	20.2561105649
superman4realz	2024-12-04	105.67212414	20.2690228705
superman4realz	2024-12-04	105.716155	20.2464966667
superman4realz	2024-12-04	105.7136466667	20.251525
superman4realz	2024-12-04	105.7136383333	20.25147
superman4realz	2024-12-04	105.7160116667	20.246625
superman4realz	2024-12-04	105.705575	20.25948
superman4realz	2024-12-04	105.7056583333	20.259475
superman4realz	2024-12-04	105.6622604947	20.3057407142
superman4realz	2024-12-04	105.7053383333	20.2596216667
superman4realz	2024-12-04	105.7055966667	20.25945
superman4realz	2024-12-04	105.7057333333	20.2594416667
superman4realz	2024-12-04	105.7057333333	20.259425
superman4realz	2024-12-04	105.7057283333	20.25943
superman4realz	2024-12-04	105.7057033333	20.25945
superman4realz	2024-12-04	105.70568	20.25942
superman4realz	2024-12-04	105.7056966667	20.2596033333
superman4realz	2024-12-04	105.7160633333	20.2463333333
superman4realz	2024-12-04	105.7063133333	20.2591033333
superman4realz	2024-12-04	105.70932	20.2553966667
superman4realz	2024-12-04	105.7093716667	20.2553166667
superman4realz	2024-12-04	105.71087	20.2535583333
superman4realz	2024-12-04	105.7109	20.2536
superman4realz	2024-12-04	105.6828908622	20.2749142463
superman4realz	2024-12-04	105.7008365169	20.2575203303
superman4realz	2024-12-04	105.6201710925	20.3049862758
superman4realz	2024-12-04	105.7056192309	20.2729457616
superman4realz	2024-12-04	105.7126216667	20.2523533333
superman4realz	2024-12-04	105.7109133333	20.2535883333
superman4realz	2024-12-04	105.710975	20.2535583333
superman4realz	2024-12-04	105.7109	20.2535916667
superman4realz	2024-12-04	105.7126533333	20.25223
superman4realz	2024-12-04	105.7127383333	20.2522166667
superman4realz	2024-12-04	105.7126616667	20.25223
superman4realz	2024-12-04	105.7126616667	20.2522416667
superman4realz	2024-12-04	105.7109	20.2535916667
superman4realz	2024-12-04	105.710945	20.2535583333
superman4realz	2024-12-04	105.7057033333	20.25945
superman4realz	2024-12-05	105.6749146694	20.2955382547
superman4realz	2024-12-05	105.7271020487	20.2605772943
superman4realz	2024-12-05	105.7262705639	20.2604335532
superman4realz	2024-12-05	105.7266638428	20.258873152
superman4realz	2024-12-05	105.7271235064	20.2588199956
superman4realz	2024-12-05	105.7258920372	20.259088923
superman4realz	2024-12-05	105.7252650708	20.2586130312
superman4realz	2024-12-05	105.7252999395	20.2591260381
superman4realz	2024-12-05	105.7258320227	20.2581673335
superman4realz	2024-12-05	105.7261153311	20.2582126267
superman4realz	2024-12-05	105.7265196741	20.2591493137
superman4realz	2024-12-05	105.7260238007	20.2586529772
superman4realz	2024-12-05	105.7269431278	20.2588693776
superman4realz	2024-12-05	105.7261029258	20.2578663216
superman4realz	2024-12-05	105.7263496891	20.2586476301
superman4realz	2024-12-04	105.7262645289	20.2589222195
superman4realz	2024-12-07	105.7261934504	20.2587448216
superman4realz	2024-12-12	121.5098716667	25.0401638333
superman4realz	2024-12-12	121.50988	25.0401638333
superman4realz	2024-12-13	121.5150091052	25.0410105142
superman4realz	2024-12-13	121.5638116667	25.0333278333
superman4realz	2024-12-13	121.5167166667	25.046875
superman4realz	2024-12-14	121.5137850121	25.0468984929
superman4realz	2024-12-14	120.302356258	22.6115308379
superman4realz	2024-12-14	120.3034583333	22.60492
superman4realz	2024-12-14	120.30352	22.6047216667
superman4realz	2024-12-14	120.3022216667	22.60985
superman4realz	2024-12-14	120.3020783333	22.610195
superman4realz	2024-12-14	120.3019866667	22.6102116667
superman4realz	2024-12-14	120.3010116667	22.6347116667
superman4realz	2024-12-14	120.3011083333	22.63393
superman4realz	2024-12-14	120.301255	22.6336916667
superman4realz	2024-12-14	120.3012166667	22.633695
superman4realz	2024-12-14	120.3006366667	22.6333583333
superman4realz	2024-12-14	120.30053	22.6333366667
superman4realz	2024-12-18	105.8763934672	20.9670929376
superman4realz	2024-12-18	105.8757480606	20.9662344803
superman4realz	2024-12-18	105.876814574	20.9673659398
superman4realz	2024-12-18	105.8750057593	20.9698063443
superman4realz	2024-12-18	105.8773285523	20.9764367175
superman4realz	2024-12-18	105.8441368863	21.0177134755
superman4realz	2024-12-18	105.8452412859	21.015934543
superman4realz	2024-12-18	105.8476244286	21.0174042607
superman4realz	2024-12-19	105.876555	20.9740366667
superman4realz	2024-12-19	105.8796083333	20.9730416667
superman4realz	2024-12-19	105.8796166667	20.9730333333
superman4realz	2024-12-19	105.8797133333	20.9731916667
superman4realz	2024-12-19	105.8795166667	20.9734633333
superman4realz	2024-12-19	105.8795166667	20.9734783333
superman4realz	2024-12-19	105.8794866667	20.9734383333
superman4realz	2024-12-19	105.8794866667	20.9734616667
superman4realz	2024-12-19	105.8795616667	20.9734533333
superman4realz	2024-12-19	105.8795383333	20.9734533333
superman4realz	2024-12-19	105.8796833333	20.9732366667
superman4realz	2024-12-19	105.8805833333	20.9723116667
superman4realz	2024-12-19	105.87558	20.9744116667
superman4realz	2024-12-20	105.8743911982	20.9715996014
superman4realz	2024-12-21	105.8766013384	21.0010027545
superman4realz	2024-12-24	105.8797123656	20.977140154
superman4realz	2024-12-25	105.8689764887	20.9963792842
superman4realz	2024-12-26	105.8712587133	20.9742963341
superman4realz	2024-12-26	105.8740354702	20.9703179007
superman4realz	2024-12-26	105.8744813874	21.0006891231
superman4realz	2024-12-27	105.8745796233	20.9759229907
superman4realz	2024-12-30	105.8755871281	20.9738001314
superman4realz	2024-12-30	105.875329636	20.9741185152
superman4realz	2025-01-01	105.875890553	20.9747108264
superman4realz	2025-01-02	105.8715970069	20.9994298955
superman4realz	2025-01-05	105.8764501289	20.9684269493
superman4realz	2025-01-08	105.8796550333	21.0006982002
superman4realz	2025-01-09	103.8133455813	1.2842984004
superman4realz	2025-01-11	103.8174319267	1.2863407238
superman4realz	2025-01-11	103.8215595111	1.2867617245
superman4realz	2025-01-16	103.8257487863	1.2870452965
superman4realz	2025-01-19	105.8801931515	20.973417569
superman4realz	2025-01-21	105.8764779568	20.9785260427
superman4realz	2025-01-21	105.879903473	20.9768258463
superman4realz	2025-01-22	105.8763280883	20.9742687847
superman4realz	2025-01-23	105.3675505891	21.2287147817
superman4realz	2025-01-23	105.3654386848	21.2314871659
superman4realz	2025-01-23	105.3703927249	21.2307027405
superman4realz	2025-01-24	105.4033144936	21.3183019152
superman4realz	2025-01-24	105.4012250528	21.3205222872
superman4realz	2025-01-24	105.412972793	21.3109559267
superman4realz	2025-01-24	105.4121634364	21.3106110913
superman4realz	2025-01-24	105.4112910479	21.3130171134
superman4realz	2025-01-24	105.4104977846	21.311095235
superman4realz	2025-01-24	105.4110724479	21.3114266382
superman4realz	2025-01-24	105.4107053205	21.311352299
superman4realz	2025-01-24	105.4097092152	21.3142496262
superman4realz	2025-01-24	105.4070712626	21.3160846329
superman4realz	2025-01-24	105.4090396687	21.3148280852
superman4realz	2025-01-24	105.4075460136	21.3156895228
superman4realz	2025-01-24	105.4096096382	21.3099167328
superman4realz	2025-01-24	105.4036775976	21.3171953084
superman4realz	2025-01-24	105.410460569	21.3109499921
superman4realz	2025-01-24	105.4057962075	21.3175295089
superman4realz	2025-01-24	105.4094269127	21.3096606034
superman4realz	2025-01-24	105.4065908119	21.3145910172
superman4realz	2025-01-24	105.4096817225	21.3103302873
superman4realz	2025-01-24	105.4101571441	21.3109234423
superman4realz	2025-01-24	105.4094634578	21.309172082
superman4realz	2025-01-24	105.4098446667	21.3109090741
superman4realz	2025-01-24	105.4092042893	21.3097861693
superman4realz	2025-01-24	105.4110164568	21.3125988813
superman4realz	2025-01-24	105.8730373532	20.9854822146
superman4realz	2025-01-24	105.4136306047	21.3076943263
superman4realz	2025-01-24	105.4130837694	21.3088566038
superman4realz	2025-01-24	105.4129945859	21.3069746529
superman4realz	2025-01-24	105.4055970535	21.3173786503
superman4realz	2025-01-24	105.4139608517	21.3082650022
superman4realz	2025-01-24	105.4103050008	21.3110443219
superman4realz	2025-01-24	105.4131960869	21.3108010008
superman4realz	2025-01-26	105.8124033362	21.0178671437
superman4realz	2025-01-26	105.8135892078	21.0172221116
superman4realz	2025-01-27	105.8749752492	20.9740440066
superman4realz	2025-01-29	105.8793465793	20.9710160439
superman4realz	2025-01-29	105.8753383532	20.974662302
superman4realz	2025-01-29	105.8792164922	20.9739500881
superman4realz	2025-01-29	105.879178606	20.9761759411
superman4realz	2025-01-29	105.875627026	20.9755820705
superman4realz	2025-01-29	105.8742285892	20.9755466949
superman4realz	2025-01-29	105.8762311935	20.9709822325
superman4realz	2025-01-31	108.2474759594	16.0501014329
superman4realz	2025-01-31	108.2255619764	16.0675465754
superman4realz	2025-01-31	108.2474561781	16.0522112342
superman4realz	2025-01-31	108.2473505661	16.0545355985
superman4realz	2025-01-31	108.2474055514	16.0541979326
superman4realz	2025-01-30	108.2482219487	16.0550404852
superman4realz	2025-02-01	108.2458502054	15.9831287747
superman4realz	2025-02-01	108.2218833268	15.9478192433
superman4realz	2025-02-02	108.2664462179	16.0036898218
superman4realz	2025-02-02	108.2645988464	16.0040043689
superman4realz	2025-02-02	108.2658782601	16.0042799195
superman4realz	2025-02-02	108.2628336176	16.0028444739
superman4realz	2025-02-02	108.2620621473	16.0042157856
superman4realz	2025-02-02	108.2625211403	16.0050501701
superman4realz	2025-02-02	108.2627762854	16.0040871953
superman4realz	2025-02-02	108.2636473328	16.0035818572
superman4realz	2025-02-02	108.2636252046	16.0023568584
superman4realz	2025-02-02	108.2636164874	16.0033359557
superman4realz	2025-02-02	108.2606851682	16.002970809
superman4realz	2025-02-02	108.2602925599	16.0035602643
superman4realz	2025-02-02	108.1883617491	16.0963746663
superman4realz	2025-02-02	108.2710160315	16.0037342967
superman4realz	2025-02-02	108.2693443447	16.0049383389
superman4realz	2025-02-02	108.2695890963	16.0046553768
superman4realz	2025-02-02	108.2704165578	16.0022534051
superman4realz	2025-02-02	108.2715145871	15.9998704196
superman4realz	2025-02-02	108.2760149986	15.9897200139
superman4realz	2025-02-02	108.276399225	15.9925259787
superman4realz	2025-02-02	108.2746805996	15.9861075904
superman4realz	2025-02-02	108.2723997161	15.9886734879
superman4realz	2025-02-02	108.2700638473	15.9987163018
superman4realz	2025-02-02	108.2612598315	16.0150273859
superman4realz	2025-02-02	108.2665384188	16.0031683686
superman4realz	2025-02-02	108.2681323215	16.005070796
superman4realz	2025-02-02	108.2485542074	16.0541621683
superman4realz	2025-02-02	108.2676223665	16.0041803346
superman4realz	2025-02-02	108.2686312124	16.0055745189
superman4realz	2025-02-04	105.8782284334	21.0011886795
superman4realz	2025-02-12	103.8225442171	1.2846939268
superman4realz	2025-02-14	103.8232596964	1.2850023033
superman4realz	2025-02-16	103.8149934635	1.308065071
superman4realz	2025-02-16	103.8151108101	1.3083543389
superman4realz	2025-02-16	103.8159724697	1.3104137375
superman4realz	2025-02-16	103.8161307201	1.3101506146
superman4realz	2025-02-16	103.8174051046	1.3089452765
superman4realz	2025-02-16	103.8166906312	1.3172904541
superman4realz	2025-02-20	103.8238310069	1.2845866654
superman4realz	2025-02-20	103.8243077695	1.2837929309
superman4realz	2025-02-22	103.8825301453	1.297860899
superman4realz	2025-02-25	103.7729692832	1.2965164511
superman4realz	2025-02-25	103.7837494165	1.2915016642
superman4realz	2025-02-25	103.773519136	1.2956224984
superman4realz	2025-02-26	103.8243332505	1.2847602948
svr_vietnam	2024-09-09	109.1497433815	12.4985736359
svr_vietnam	2024-09-09	105.4036857631	21.0670226558
svr_vietnam	2024-09-09	109.0034256203	14.5249569695
svr_vietnam	2024-09-09	105.558081335	10.5370644267
svr_vietnam	2024-09-08	108.1225542492	11.6982965326
svr_vietnam	2024-09-09	109.2814100045	13.1453479334
svr_vietnam	2024-07-27	105.6303893886	21.4705917976
svr_vietnam	2024-08-25	105.6382467225	21.4599800713
svr_vietnam	2024-01-21	108.4147352572	11.9434737949
svr_vietnam	2020-12-15	108.0708122266	11.4705108675
svr_vietnam	2024-07-08	108.4489069834	11.9434629092
svr_vietnam	2024-06-07	105.228420068	21.7287297618
svr_vietnam	2024-07-18	108.4724251976	15.3309982401
svr_vietnam	2024-07-13	103.8430022311	22.3304269584
svr_vietnam	2024-07-17	106.9963882097	20.7988699675
svr_vietnam	2024-07-11	109.1911081055	12.1450133712
svr_vietnam	2024-07-19	107.0011373361	20.8091805442
svr_vietnam	2024-06-01	108.139791	15.121575
svr_vietnam	2024-07-21	108.2773354138	15.5280516506
svr_vietnam	2024-06-30	105.6287411707	21.5575480183
svr_vietnam	2024-07-29	106.7247785844	21.0985557376
svr_vietnam	2024-08-18	105.2853376502	18.5097235626
svr_vietnam	2024-08-02	105.364478923	21.0742115387
svr_vietnam	2024-06-16	108.48000703	11.972945535
svr_vietnam	2024-06-16	108.4754770501	11.976803177
svr_vietnam	2024-07-21	103.8854770277	22.3400747063
svr_vietnam	2024-08-28	107.8364901452	15.074428153
svr_vietnam	2019-10-23	107.825482	16.221817
svr_vietnam	2024-09-09	105.6229041389	19.8870543737
svr_vietnam	2024-08-31	107.8171942494	16.2522211157
svr_vietnam	2024-08-13	107.8419809555	16.1806698164
svr_vietnam	2024-08-11	107.9278728981	16.2145267158
svr_vietnam	2024-08-11	107.8904526386	16.217889637
svr_vietnam	2024-08-09	107.8275394254	16.2050807676
svr_vietnam	2024-08-09	107.8403396008	16.2351752926
svr_vietnam	2024-07-27	107.885272529	16.2135781225
svr_vietnam	2024-07-13	107.8944298392	16.2158563582
svr_vietnam	2024-07-07	107.8946712333	16.2158747129
svr_vietnam	2024-07-05	107.8925996473	16.2161434713
svr_vietnam	2024-07-05	107.8948708547	16.2142002361
svr_vietnam	2024-06-29	107.8925082287	16.2133016963
svr_vietnam	2024-06-23	107.8956125534	16.2146708892
svr_vietnam	2024-05-10	107.8949725977	16.2154694646
svr_vietnam	2024-01-19	107.8954702683	16.2152277434
svr_vietnam	2023-11-10	107.8631415141	16.2126582374
svr_vietnam	2023-08-24	107.5847287622	16.4489765479
svr_vietnam	2021-01-29	108.9533057756	12.0612729716
svr_vietnam	2023-08-23	107.895082638	16.2186658565
svr_vietnam	2023-07-05	107.8934840008	16.2195834238
svr_vietnam	2023-07-05	107.8927733317	16.2126199989
svr_vietnam	2023-06-21	107.8939701032	16.2121869765
svr_vietnam	2023-06-19	107.8936800622	16.2137967379
svr_vietnam	2023-05-31	107.8943079666	16.2166367635
svr_vietnam	2023-05-28	107.8941406588	16.2142458241
svr_vietnam	2023-05-28	107.8928863916	16.2161666638
svr_vietnam	2023-05-28	107.8940948805	16.2159685972
svr_vietnam	2024-09-09	105.4010902455	21.0667977352
svr_vietnam	2023-05-23	107.8559629721	16.186833066
svr_vietnam	2023-05-23	107.8934613151	16.2151474455
svr_vietnam	2023-05-21	107.8561045376	16.1830744987
svr_vietnam	2023-05-21	107.8902595676	16.2146252845
svr_vietnam	2023-05-21	107.897531922	16.2197454799
svr_vietnam	2023-05-18	107.8967415672	16.2170768219
svr_vietnam	2023-05-18	107.8939449233	16.2147747664
svr_vietnam	2023-05-09	107.8893603113	16.215297305
svr_vietnam	2023-04-30	107.8935334896	16.214818414
svr_vietnam	2022-10-14	107.8977710556	16.2183168905
svr_vietnam	2022-09-20	107.895923432	16.2170821525
svr_vietnam	2022-09-16	107.8940763106	16.2156605884
svr_vietnam	2022-09-16	107.894839653	16.2167122736
svr_vietnam	2022-01-29	107.7787557506	16.2677552809
svr_vietnam	2021-05-01	107.8976682862	16.2200834087
svr_vietnam	2021-04-07	107.8945749003	16.215210554
svr_vietnam	2021-03-10	107.8908266464	16.222058579
svr_vietnam	2021-01-15	107.8945443873	16.2166213532
svr_vietnam	2020-08-01	107.8932309643	16.2162635672
svr_vietnam	2020-07-28	107.8963269029	16.2168519023
svr_vietnam	2020-07-16	107.8927370238	16.2186981152
svr_vietnam	2020-06-22	107.8763104173	16.2173392982
svr_vietnam	2020-06-19	107.8951162437	16.2131366383
svr_vietnam	2020-06-11	107.9020431207	16.2122572071
svr_vietnam	2020-05-13	107.8962453858	16.2105898282
svr_vietnam	2019-08-18	107.8936095861	16.2176370264
svr_vietnam	2020-01-21	107.890987179	16.2183409092
svr_vietnam	2019-11-27	107.9036807796	16.2220755246
svr_vietnam	2019-12-10	107.897051937	16.2130353951
svr_vietnam	2019-11-06	107.8981322378	16.2198296191
svr_vietnam	2019-11-06	107.7624677941	16.322247348
svr_vietnam	2019-10-27	107.8939296243	16.216194505
svr_vietnam	2024-09-09	106.7290697392	21.130970592
svr_vietnam	2019-10-18	107.8937180141	16.2163565861
svr_vietnam	2023-09-01	107.8945415379	16.2139881785
svr_vietnam	2023-04-15	107.9835315035	16.2369923561
svr_vietnam	2023-04-14	107.9949399932	16.2390343299
svr_vietnam	2022-07-29	107.9894876865	16.2283492819
svr_vietnam	2021-12-10	107.9546322804	16.2109236711
svr_vietnam	2017-07-31	107.9031968924	16.2173280348
svr_vietnam	2021-07-16	107.9817726865	16.2263614775
svr_vietnam	2021-07-16	107.9685529902	16.2149427445
svr_vietnam	2021-06-26	107.9792143148	16.2222863329
svr_vietnam	2021-04-03	107.9849649709	16.2251295729
svr_vietnam	2020-12-28	107.98948685	16.2204732309
svr_vietnam	2021-03-29	107.9849754911	16.2165997298
svr_vietnam	2024-09-10	109.1918178609	12.3332290868
svr_vietnam	2024-09-10	106.3608618288	10.2456749546
svr_vietnam	2024-09-10	106.9891733792	11.8037318553
svr_vietnam	2024-09-10	108.4768988948	15.5163767196
svr_vietnam	2017-09-06	107.9861229356	16.1949731808
svr_vietnam	2019-04-27	107.9321736087	16.2050602907
svr_vietnam	2018-11-24	107.8625650394	16.1716047769
svr_vietnam	2017-09-27	107.9566170055	16.2149418537
svr_vietnam	2018-11-14	107.9365066295	16.2199266318
svr_vietnam	2017-09-17	107.8931418273	16.2099547339
svr_vietnam	2017-11-07	107.9008838507	16.212246348
svr_vietnam	2017-07-31	107.9285187585	16.2188002094
svr_vietnam	2018-04-19	108.0012243118	16.2227933316
svr_vietnam	2018-07-10	107.9156148393	16.224251006
svr_vietnam	2020-06-18	107.9826132307	16.2125914149
svr_vietnam	2024-09-11	105.231092561	22.4578485706
svr_vietnam	2024-07-23	107.7541949112	16.0197586294
svr_vietnam	2024-09-07	107.7235229432	15.4394468822
svr_vietnam	2024-06-19	108.5847628648	12.0777567622
svr_vietnam	2024-09-12	104.5074731902	21.3258256572
svr_vietnam	2024-09-07	107.6204234555	21.539087389
svr_vietnam	2024-09-07	107.6306364367	21.5303962435
svr_vietnam	2024-09-12	104.5078707272	21.325363005
svr_vietnam	2020-11-22	105.1927542776	23.2459817129
svr_vietnam	2024-07-21	107.0087888333	20.8119308973
svr_vietnam	2024-07-09	106.7717620436	22.7792214207
svr_vietnam	2020-08-21	108.0696658907	12.3221696097
svr_vietnam	2019-11-17	108.3973819549	14.3356686804
svr_vietnam	2020-05-05	108.6143955064	12.217979253
svr_vietnam	2024-09-13	108.0426675397	11.4926076457
svr_vietnam	2024-09-13	105.9162501567	21.0217647501
svr_vietnam	2024-09-13	109.117351792	12.4679241633
svr_vietnam	2024-09-14	105.9988969027	11.4540984735
svr_vietnam	2021-01-26	108.0404596099	11.5078510034
svr_vietnam	2024-08-06	105.4455279798	21.2080665965
svr_vietnam	2024-07-27	105.5545713808	21.0635759218
svr_vietnam	2024-08-03	107.8885387285	11.5937804789
svr_vietnam	2024-08-02	109.2812742039	13.2236862203
svr_vietnam	2024-07-16	105.3533665545	23.2776743903
svr_vietnam	2022-03-03	106.5673616568	17.451498621
svr_vietnam	2019-12-15	107.3790164155	10.9452885917
svr_vietnam	2023-12-11	108.9743278976	12.2125715258
svr_vietnam	2023-08-10	107.0226013744	16.6577200514
svr_vietnam	2023-11-06	108.0847818985	11.4616130372
svr_vietnam	2024-05-31	107.9350164349	15.2514509051
svr_vietnam	2023-11-11	107.4190083698	11.401032506
svr_vietnam	2024-08-03	107.8228489481	12.2621729584
svr_vietnam	2024-07-27	108.5338842093	12.1329607588
svr_vietnam	2024-09-02	108.0826740477	11.4567527661
svr_vietnam	2024-08-31	108.0874257336	11.4645611584
svr_vietnam	2022-06-01	108.081302431	11.4299842818
svr_vietnam	2021-12-27	108.0952377647	11.483140847
svr_vietnam	2021-12-27	108.0952377647	11.483140847
svr_vietnam	2024-07-06	107.8946329464	14.8056198899
svr_vietnam	2024-09-14	106.6952172595	21.9495438764
svr_vietnam	2024-09-14	104.6383886706	20.8483559676
svr_vietnam	2024-09-14	104.6383886706	20.8483559676
svr_vietnam	2024-08-06	107.8807724152	12.5131764317
svr_vietnam	2024-09-03	106.6706057658	11.1719511289
svr_vietnam	2024-09-14	104.8120868332	22.802313011
svr_vietnam	2024-09-14	107.0739986975	11.9232795152
svr_vietnam	2024-09-15	105.3596299765	23.2759246745
svr_vietnam	2024-07-29	104.211000991	22.6470854934
svr_vietnam	2020-07-02	105.133576926	21.4225324496
svr_vietnam	2024-09-16	106.7208435395	11.0224026134
svr_vietnam	2024-09-17	108.2445228939	15.8895149901
svr_vietnam	2024-09-17	108.3682641	11.2233459
svr_vietnam	2024-09-19	105.404359694	21.2138380775
svr_vietnam	2024-09-19	107.4499404	11.405737
svr_vietnam	2024-09-19	106.5449160984	11.0147942538
svr_vietnam	2024-09-19	106.7099243849	20.8994546841
svr_vietnam	2024-09-19	105.750634	21.001785
svr_vietnam	2024-09-23	108.4712705	11.880372
svr_vietnam	2024-09-23	107.2437005	10.9329569
svr_vietnam	2024-09-23	106.5131967	11.0066683
svr_vietnam	2024-09-21	107.8937184	16.2163583
svr_vietnam	2022-03-30	107.8722619664	16.2348680515
svr_vietnam	2021-04-21	107.8937184	16.2163583
svr_vietnam	2021-04-21	107.8937184	16.2163583
svr_vietnam	2019-03-22	107.8937184	16.2163583
svr_vietnam	2020-09-01	107.8298251003	16.2409073635
svr_vietnam	2020-01-21	107.8937184	16.2163583
svr_vietnam	2019-10-27	107.9880908675	16.2280134668
svr_vietnam	2019-10-05	107.8937184	16.2163583
svr_vietnam	2019-10-03	107.8937184	16.2163583
svr_vietnam	2019-10-02	107.8937184	16.2163583
svr_vietnam	2019-06-05	107.8937184	16.2163583
svr_vietnam	2019-05-15	107.860199	16.18306
svr_vietnam	2019-04-30	107.8937184	16.2163583
svr_vietnam	2019-03-29	107.8934059671	16.21610765
svr_vietnam	2018-01-04	107.8937184	16.2163583
svr_vietnam	2018-08-19	107.8937184	16.2163583
svr_vietnam	2018-05-31	107.8937184	16.2163583
svr_vietnam	2018-05-21	107.8937184	16.2163583
svr_vietnam	2018-03-23	107.8937184	16.2163583
svr_vietnam	2018-03-12	107.8937184	16.2163583
svr_vietnam	2024-07-22	107.9112922335	16.2207262951
svr_vietnam	2022-04-26	107.9933377898	16.2306665186
svr_vietnam	2022-04-13	107.9933377898	16.2306665186
svr_vietnam	2021-06-21	107.8603792952	16.277445372
svr_vietnam	2021-05-08	107.9933377898	16.2306665186
svr_vietnam	2021-05-08	107.9933377898	16.2306665186
svr_vietnam	2021-05-08	107.9933377898	16.2306665186
svr_vietnam	2021-05-04	107.8937204117	16.2163589485
svr_vietnam	2021-05-04	107.8937204117	16.2163589485
svr_vietnam	2021-05-04	107.8937204117	16.2163589485
svr_vietnam	2021-05-04	107.8937204117	16.2163589485
svr_vietnam	2021-04-30	107.8937184	16.2163583
svr_vietnam	2021-04-30	107.8937184	16.2163583
svr_vietnam	2021-04-30	107.8937184	16.2163583
svr_vietnam	2021-04-30	107.8937184	16.2163583
svr_vietnam	2021-04-30	107.8937184	16.2163583
svr_vietnam	2021-04-27	107.8937184	16.2163583
svr_vietnam	2021-04-26	107.8937184	16.2163583
svr_vietnam	2021-04-26	107.8937184	16.2163583
svr_vietnam	2021-04-23	107.9933377898	16.2306665186
svr_vietnam	2021-04-23	107.9933377898	16.2306665186
svr_vietnam	2021-04-23	107.9933377898	16.2306665186
svr_vietnam	2021-04-22	107.8937184	16.2163583
svr_vietnam	2021-04-22	107.8937184	16.2163583
svr_vietnam	2021-04-13	107.8937184	16.2163583
svr_vietnam	2021-04-03	107.8937184	16.2163583
svr_vietnam	2021-03-29	107.8937184	16.2163583
svr_vietnam	2021-03-19	107.8937184	16.2163583
svr_vietnam	2021-03-19	107.8937184	16.2163583
svr_vietnam	2021-03-10	107.8937184	16.2163583
svr_vietnam	2021-03-10	107.8937184	16.2163583
svr_vietnam	2021-03-07	107.8937184	16.2163583
svr_vietnam	2021-03-06	107.9933377898	16.2306665186
svr_vietnam	2020-08-30	107.8937184	16.2163583
svr_vietnam	2020-08-16	107.8937184	16.2163583
svr_vietnam	2020-07-18	107.9933377898	16.2306665186
svr_vietnam	2020-07-17	107.8937184	16.2163583
svr_vietnam	2020-07-17	107.8937184	16.2163583
svr_vietnam	2020-07-14	107.8937184	16.2163583
svr_vietnam	2020-07-13	107.8937184	16.2163583
svr_vietnam	2020-07-12	107.8937184	16.2163583
svr_vietnam	2020-06-23	107.9933377898	16.2306665186
svr_vietnam	2020-06-23	107.8937184	16.2163583
svr_vietnam	2020-06-14	107.8937184	16.2163583
svr_vietnam	2020-06-12	107.8937184	16.2163583
svr_vietnam	2020-06-06	107.8937184	16.2163583
svr_vietnam	2020-05-17	107.8937184	16.2163583
svr_vietnam	2020-05-17	107.8937184	16.2163583
svr_vietnam	2020-05-17	107.8937184	16.2163583
svr_vietnam	2020-05-23	107.8937184	16.2163583
svr_vietnam	2020-05-21	107.8937184	16.2163583
svr_vietnam	2020-05-11	107.8937184	16.2163583
svr_vietnam	2020-05-03	107.8937184	16.2163583
svr_vietnam	2020-05-02	107.8937184	16.2163583
svr_vietnam	2020-05-01	107.8937184	16.2163583
svr_vietnam	2020-04-30	107.8937184	16.2163583
svr_vietnam	2020-04-29	107.8937184	16.2163583
svr_vietnam	2020-03-04	107.8937184	16.2163583
svr_vietnam	2020-02-29	107.8937184	16.2163583
svr_vietnam	2020-02-02	107.8937184	16.2163583
svr_vietnam	2019-10-09	107.8937184	16.2163583
svr_vietnam	2019-10-05	107.8937184	16.2163583
svr_vietnam	2019-10-12	107.8937184	16.2163583
svr_vietnam	2019-09-21	107.8937184	16.2163583
svr_vietnam	2019-06-17	107.8937184	16.2163583
svr_vietnam	2019-03-17	107.8937184	16.2163583
svr_vietnam	2019-03-04	107.8937184	16.2163583
svr_vietnam	2018-11-28	107.8937184	16.2163583
svr_vietnam	2019-02-04	107.8937184	16.2163583
svr_vietnam	2018-09-04	107.9945087053	16.1923750986
svr_vietnam	2018-09-03	107.8937184	16.2163583
svr_vietnam	2018-08-23	107.9858824324	16.072194105
svr_vietnam	2017-09-11	107.8937184	16.2163583
svr_vietnam	2017-09-02	107.8937184	16.2163583
svr_vietnam	2017-07-12	107.8937184	16.2163583
svr_vietnam	2017-05-21	107.8937184	16.2163583
svr_vietnam	2017-05-02	107.8937184	16.2163583
svr_vietnam	2017-04-19	107.8937184	16.2163583
svr_vietnam	2017-08-13	107.8937184	16.2163583
svr_vietnam	2017-08-13	107.8937184	16.2163583
svr_vietnam	2017-08-15	107.8937184	16.2163583
svr_vietnam	2017-08-12	107.8937184	16.2163583
svr_vietnam	2017-08-13	107.8937184	16.2163583
svr_vietnam	2017-08-12	107.8937184	16.2163583
svr_vietnam	2017-08-10	107.8937184	16.2163583
svr_vietnam	2017-08-07	107.8937184	16.2163583
svr_vietnam	2020-11-12	107.8643107	16.281899
svr_vietnam	2019-10-01	107.8937184	16.2163583
svr_vietnam	2018-07-09	107.8937184	16.2163583
svr_vietnam	2018-07-05	107.8937184	16.2163583
svr_vietnam	2018-07-05	107.8937184	16.2163583
svr_vietnam	2018-06-27	107.8937184	16.2163583
svr_vietnam	2018-06-10	107.8937184	16.2163583
svr_vietnam	2018-06-09	107.8937184	16.2163583
svr_vietnam	2018-06-01	107.8937184	16.2163583
svr_vietnam	2018-05-09	107.8937184	16.2163583
svr_vietnam	2018-04-20	107.8937184	16.2163583
svr_vietnam	2018-04-19	107.8937184	16.2163583
svr_vietnam	2018-03-18	107.8937184	16.2163583
svr_vietnam	2018-03-07	107.8937184	16.2163583
svr_vietnam	2018-03-06	107.8937184	16.2163583
svr_vietnam	2018-02-28	107.8937184	16.2163583
svr_vietnam	2019-02-28	107.8937184	16.2163583
svr_vietnam	2018-02-23	107.8937184	16.2163583
svr_vietnam	2018-02-21	107.8937184	16.2163583
svr_vietnam	2018-01-04	107.8937184	16.2163583
svr_vietnam	2017-10-06	107.8937184	16.2163583
svr_vietnam	2017-10-06	107.8937184	16.2163583
svr_vietnam	2017-10-06	107.8937184	16.2163583
svr_vietnam	2017-09-25	107.8937184	16.2163583
svr_vietnam	2017-09-25	107.8937184	16.2163583
svr_vietnam	2017-07-20	107.8937184	16.2163583
svr_vietnam	2017-09-20	107.8937184	16.2163583
svr_vietnam	2017-09-08	107.8937184	16.2163583
svr_vietnam	2024-09-28	108.4583132	11.9404192
svr_vietnam	2024-09-28	106.6645007	22.0261032
svr_vietnam	2024-08-10	104.6412925	9.8086251
svr_vietnam	2024-09-27	107.3766239	10.9373345
svr_vietnam	2024-08-28	108.9912066	11.5825677
svr_vietnam	2024-06-27	106.099291	20.370142
svr_vietnam	2024-10-09	107.8827780113	10.8280555642
svr_vietnam	2024-10-04	106.6114474833	8.7009236754
svr_vietnam	2024-10-04	107.7636208758	12.3014071033
svr_vietnam	2024-10-02	105.7851815969	19.8066740769
svr_vietnam	2024-09-29	106.7706456408	11.2655098821
svr_vietnam	2024-10-09	105.7776650414	21.8796646539
svr_vietnam	2024-10-07	106.2698668242	20.2557095249
svr_vietnam	2024-10-09	107.9413323104	15.1515149403
svr_vietnam	2024-08-10	107.9559040815	15.1560747148
svr_vietnam	2024-10-10	108.6769452319	11.2036157577
svr_vietnam	2024-10-10	108.6687551066	11.2120341489
svr_vietnam	2024-10-09	103.5277855396	21.5669032797
svr_vietnam	2024-10-09	103.5277855396	21.5669032797
svr_vietnam	2024-10-12	105.0557414442	8.8152568043
svr_vietnam	2024-10-12	103.6825858802	21.4327392041
svr_vietnam	2024-10-11	107.0893795788	16.8088852025
svr_vietnam	2024-10-12	106.9535689428	21.8283290191
svr_vietnam	2024-10-12	109.2553123087	13.2763111879
svr_vietnam	2024-10-13	108.4583133459	11.9404000557
svr_vietnam	2024-10-13	105.8994956687	19.8216483324
svr_vietnam	2024-10-13	105.8246264979	21.0316440613
svr_vietnam	2024-10-14	106.5937656909	10.8931207968
svr_vietnam	2024-10-14	106.5819787234	11.8036166314
svr_vietnam	2024-10-14	104.8041827604	21.3478845449
svr_vietnam	2024-10-14	108.444413133	11.9481235486
svr_vietnam	2024-10-14	108.4499998391	11.9166663064
svr_vietnam	2024-10-14	106.5760855749	11.128972212
svr_vietnam	2024-10-14	105.832311362	20.9702321196
svr_vietnam	2024-10-15	109.3978395313	12.8862205917
svr_vietnam	2024-10-15	105.2662931755	22.5023061714
svr_vietnam	2024-10-15	109.1404379904	14.0137183693
svr_vietnam	2024-10-15	107.858386673	15.5968595067
svr_vietnam	2024-10-15	105.7703285292	21.0730166006
svr_vietnam	2024-10-16	106.917998828	21.7644992744
svr_vietnam	2024-10-16	109.189901948	12.252866987
svr_vietnam	2024-10-16	105.6060660258	20.9724743074
svr_vietnam	2024-10-17	106.2169139832	11.1983189883
svr_vietnam	2024-10-18	108.0954349414	11.5345620917
svr_vietnam	2024-10-18	109.189901948	12.252866987
svr_vietnam	2024-10-18	108.0954349414	11.5345620917
svr_vietnam	2024-10-17	108.1279902533	12.7344213869
svr_vietnam	2024-10-19	106.4170309156	10.8700711559
svr_vietnam	2024-10-20	107.3766237125	10.9373344178
svr_vietnam	2024-10-21	108.1040900946	10.9300079652
svr_vietnam	2024-10-21	108.8551481813	13.9478739208
svr_vietnam	2024-10-21	105.7351171598	22.9201868081
svr_vietnam	2024-10-21	106.6072897241	11.1318217477
svr_vietnam	2024-10-21	107.8109997511	15.3761509762
svr_vietnam	2024-10-21	104.7054308653	21.1587128825
svr_vietnam	2024-10-21	104.2281294242	21.1870377377
svr_vietnam	2024-10-23	109.1345810518	12.4863637748
svr_vietnam	2024-10-23	103.4702628851	22.3862142098
svr_vietnam	2024-10-24	107.6215321943	10.6935270982
svr_vietnam	2024-10-24	107.6452083886	12.1995079305
svr_vietnam	2024-10-25	107.9057813063	10.8501831662
svr_vietnam	2024-10-25	104.8921665922	8.9291210048
svr_vietnam	2024-07-16	105.9699455649	20.2660774132
svr_vietnam	2024-08-23	108.0938276276	16.091621871
svr_vietnam	2024-10-24	108.8551481813	12.2705022056
svr_vietnam	2024-10-26	108.1405490773	11.7118708111
svr_vietnam	2024-10-25	106.7527418	10.8964757
svr_vietnam	2024-10-27	106.5112712	20.5503793
svr_vietnam	2024-10-27	105.7029119	21.0690793
svr_vietnam	2024-10-27	108.4363031443	11.982023478
svr_vietnam	2024-10-27	105.3950938582	21.4564530593
svr_vietnam	2024-10-27	108.5463162884	15.426961049
svr_vietnam	2024-10-30	104.705431	22.0900049
svr_vietnam	2024-10-30	107.9413323	14.6122703
svr_vietnam	2024-10-30	106.7588494	10.7967947
svr_vietnam	2024-11-04	108.4583132	11.9404192
svr_vietnam	2024-11-03	106.2992912	21.8437729
svr_vietnam	2024-11-03	106.2992912	21.8437729
svr_vietnam	2024-11-02	105.4595306	21.8161086
svr_vietnam	2024-11-02	108.3267487	15.8799241
svr_vietnam	2024-11-01	103.8324947	22.3301416
svr_vietnam	2024-11-01	107.1366364136	10.5368168055
svr_vietnam	2024-10-31	108.4583133459	11.9404000557
svr_vietnam	2024-10-31	109.0007287636	11.5994307023
svr_vietnam	2024-11-01	107.7044084296	21.5693318937
svr_vietnam	2024-11-06	107.3766237125	10.9373344178
svr_vietnam	2024-11-06	106.4896493778	11.0130417723
svr_vietnam	2024-11-06	109.1046120599	11.7994939211
svr_vietnam	2024-11-06	109.1345810518	12.4863637748
svr_vietnam	2024-11-08	108.427657	11.9699223
svr_vietnam	2024-11-08	105.9993672	20.5473856
svr_vietnam	2024-11-08	107.4943069	11.2747338
svr_vietnam	2024-11-07	105.1492869	9.8889535
svr_vietnam	2024-11-23	108.9947972	11.6196906
svr_vietnam	2024-11-23	105.5708865	21.4747064
svr_vietnam	2024-11-22	108.4192520008	12.0130403192
svr_vietnam	2024-11-21	106.676292	17.1064913
svr_vietnam	2024-11-19	107.1484521	11.7693374
svr_vietnam	2024-11-19	106.6586052	10.8731803
svr_vietnam	2024-11-19	107.2075388	11.163618
svr_vietnam	2024-11-16	108.2377512476	12.7100076524
svr_vietnam	2024-11-16	107.9933377898	16.2306665186
svr_vietnam	2024-11-16	107.9933377898	16.2306665186
svr_vietnam	2024-11-15	107.811	12.3426475
svr_vietnam	2024-11-15	106.1816196	22.7587489
svr_vietnam	2024-11-13	108.435356	11.9547224
svr_vietnam	2024-11-26	104.8058333	22.8016667
svr_vietnam	2024-11-26	105.6177942	20.4032247
svr_vietnam	2024-11-25	107.71625	11.7337863
svr_vietnam	2024-11-25	107.71625	11.7337863
svr_vietnam	2024-11-25	107.71625	11.7337863
svr_vietnam	2024-11-25	107.9057813	12.1602961
svr_vietnam	2024-11-24	108.1573916	10.9319021
svr_vietnam	2024-11-24	108.1903059	13.1998141
svr_vietnam	2024-11-24	106.9830865	11.9334944
svr_vietnam	2024-11-26	107.1105723828	16.7933193868
svr_vietnam	2024-11-26	106.5937656909	10.8931207968
svr_vietnam	2024-11-27	107.3405352607	17.1606499549
svr_vietnam	2024-11-27	107.3405352607	17.1606499549
svr_vietnam	2024-11-27	107.3405352607	17.1606499549
svr_vietnam	2024-11-27	107.3405352607	17.1606499549
svr_vietnam	2024-11-28	109.2937517166	13.3539579215
svr_vietnam	2024-11-29	108.8551485166	14.3931504751
svr_vietnam	2024-11-29	109.1345810518	12.4863637748
svr_vietnam	2024-11-30	108.0382475629	12.6661690927
svr_vietnam	2024-12-01	108.5463162884	15.426961049
svr_vietnam	2024-12-01	109.2236830294	12.4520946004
svr_vietnam	2024-12-01	106.7588492855	10.7967921944
svr_vietnam	2024-12-01	106.7588492855	10.7967921944
svr_vietnam	2024-12-01	106.6586050764	10.8731767237
svr_vietnam	2024-12-01	107.4308650196	11.4233510608
svr_vietnam	2024-12-02	108.4583133459	11.9404000557
svr_vietnam	2024-12-02	104.6121473238	20.8876434944
svr_vietnam	2025-02-09	107.0303220302	10.9666798901
svr_vietnam	2025-02-08	107.7162500471	11.7336990798
svr_vietnam	2025-02-06	103.6825858802	22.5537054406
svr_vietnam	2025-02-06	120.6736480817	24.1465847159
svr_vietnam	2025-02-04	106.5466218442	10.7212780145
svr_vietnam	2025-02-03	103.7816750631	22.3108901923
svr_vietnam	2025-02-01	109.0958489478	12.261622003
svr_vietnam	2025-02-01	108.4583133459	11.9404000557
svr_vietnam	2025-01-29	106.5991901234	11.1360739583
svr_vietnam	2025-01-29	108.1573916227	10.9319021418
svr_vietnam	2025-01-28	107.2437004745	10.9329427157
svr_vietnam	2025-01-27	105.4536716267	23.1340220851
svr_vietnam	2025-01-26	105.6556791812	18.6847976231
svr_vietnam	2025-01-26	109.2214648426	12.1479906818
svr_vietnam	2025-02-10	107.9057813063	12.1602748299
svr_vietnam	2025-01-25	106.705632247	10.8307762835
svr_vietnam	2025-01-24	106.5937656909	10.7623095344
svr_vietnam	2025-01-23	109.1750572622	11.6808793296
svr_vietnam	2025-01-20	108.0427992716	12.6276092369
svr_vietnam	2025-01-19	107.9057813063	10.8501831662
svr_vietnam	2025-01-16	107.2666393965	11.3020465983
svr_vietnam	2025-01-13	109.1750572622	11.6808793296
svr_vietnam	2025-01-15	106.7159597576	10.8273106716
svr_vietnam	2025-01-14	106.9594721496	21.7756679047
svr_vietnam	2025-01-12	106.6072897241	11.1318217477
svr_vietnam	2025-01-16	106.0169968754	11.5720656542
svr_vietnam	2025-01-11	107.2429977357	10.6284398595
svr_vietnam	2025-01-10	106.8886437267	10.6699148965
svr_vietnam	2025-01-10	106.5112709999	10.9959151568
svr_vietnam	2025-02-12	106.5963104367	8.7002107955
svr_vietnam	2025-02-16	105.2428852022	23.2245756346
svr_vietnam	2025-02-17	109.189901948	12.252866987
svr_vietnam	2025-02-17	108.5106985644	13.9640768298
svr_vietnam	2025-02-16	104.0143000335	10.3183260361
svr_vietnam	2025-02-22	107.9117646441	16.2236130379
svr_vietnam	2024-07-19	106.6114474833	8.7009236754
svr_vietnam	2025-04-09	108.4583133459	11.9404000557
svr_vietnam	2025-04-07	106.5937656909	10.7623095344
svr_vietnam	2025-04-07	106.7116698995	10.6687837921
svr_vietnam	2025-04-05	108.4583133459	11.9404000557
svr_vietnam	2025-04-05	107.788348496	12.5413333965
svr_vietnam	2025-04-04	108.0954349414	15.1725699862
svr_vietnam	2025-04-04	104.9680912122	9.4047365881
svr_vietnam	2025-04-09	106.6072897241	11.1318217477
svr_vietnam	2025-04-07	108.1428667903	11.5744900146
svr_vietnam	2025-04-03	107.2666393965	10.8225462131
svr_vietnam	2025-04-02	108.6650677398	11.3236672981
svr_vietnam	2025-04-01	107.0687389746	20.9542002177
svr_vietnam	2025-04-01	105.1087258011	10.7022337741
svr_vietnam	2025-03-30	108.0005933717	14.9105324607
svr_vietnam	2024-12-21	108.3682638779	11.2233341472
svr_vietnam	2025-03-30	106.7234639078	11.7504869524
svr_vietnam	2025-03-29	107.8937184066	16.2163583251
svr_vietnam	2025-03-27	107.7162500471	11.7336990798
svr_vietnam	2025-03-26	106.8426870927	10.9573940003
svr_vietnam	2025-03-24	108.2733408362	16.1159767309
svr_vietnam	2025-03-23	105.535713695	21.025441758
svr_vietnam	2025-04-11	103.833219409	22.0856945804
svr_vietnam	2025-04-15	107.2429974005	11.237871885
svr_vietnam	2025-04-13	108.5463162884	14.3960147762
svr_vietnam	2025-04-13	106.440587081	17.2634099098
svr_vietnam	2025-04-16	107.7162500471	12.8790236443
svr_vietnam	2025-04-18	105.5474372953	22.1963596404
svr_vietnam	2025-04-19	104.6121473238	20.8876434944
svr_vietnam	2025-04-19	107.8937184066	16.2163583251
svr_vietnam	2025-04-19	107.7310524881	20.1311427279
svr_vietnam	2025-04-19	108.0598658323	11.7663934875
svr_vietnam	2025-04-23	105.8947221816	19.8148993162
svr_vietnam	2025-04-23	108.0382475629	12.6661690927
svr_vietnam	2025-04-24	108.0717218667	12.4790959367
svr_vietnam	2025-04-23	103.9840199053	10.2898507645
svr_vietnam	2025-04-23	105.9464873001	21.4849410956
svr_vietnam	2025-04-23	105.9739048406	9.6025165482
svr_vietnam	2025-04-23	107.0093860477	20.8086537517
svr_vietnam	2025-04-23	103.9617569	10.2574277932
svr_vietnam	2025-04-23	109.2196634039	13.7829401
svr_vietnam	2025-04-22	103.6825858802	22.5537054406
svr_vietnam	2025-04-22	106.8617267534	10.7870504596
svr_vietnam	2025-04-22	108.2733408362	16.1159767309
svr_vietnam	2025-04-21	107.4321957305	10.6177242067
svr_vietnam	2025-04-21	108.0954349414	11.0991106137
svr_vietnam	2025-04-19	103.9840199053	10.2898507645
svr_vietnam	2025-04-18	107.3882095143	21.5504098283
svr_vietnam	2025-04-10	103.6825858802	22.5537054406
svr_vietnam	2025-04-10	103.6825858802	22.5537054406
svr_vietnam	2025-04-10	106.7917616665	10.8712762465
svr_vietnam	2025-03-26	108.3445306867	12.8899866502
svr_vietnam	2025-03-22	107.2666393965	10.8225462131
svr_vietnam	2025-03-22	103.9840199053	10.2898507645
svr_vietnam	2025-03-21	106.7308195308	10.793521162
svr_vietnam	2025-03-20	108.498826772	11.5739047015
svr_vietnam	2025-03-16	108.5463162884	11.7451653121
svr_vietnam	2025-03-16	108.0005933717	14.9105324607
svr_vietnam	2025-03-15	107.4362693354	10.4725290959
svr_vietnam	2025-03-15	107.8937184066	16.2163583251
svr_vietnam	2025-03-13	107.5908628106	16.4637075005
svr_vietnam	2025-03-12	106.4641455933	10.6930869478
svr_vietnam	2025-03-06	106.1186713725	10.4050636636
svr_vietnam	2025-03-05	103.7575046718	22.3723778226
svr_vietnam	2025-03-05	107.0067028329	16.6671982284
svr_vietnam	2025-03-06	109.1404379904	12.0753407567
svr_vietnam	2025-05-01	103.116373904	21.4437677654
svr_vietnam	2025-04-30	107.1145262942	11.2641232609
svr_vietnam	2025-04-25	108.0954349414	11.5345620917
svr_vietnam	2025-04-21	104.430179894	21.3546575666
svr_vietnam	2025-05-05	108.9665664732	10.4931987228
svr_vietnam	2025-05-06	107.0080181211	20.8135117914
svr_vietnam	2025-05-01	105.1902297512	23.2472759859
svr_vietnam	2025-05-04	107.0080181211	20.8135117914
svr_vietnam	2025-05-08	106.1885686431	17.5241744761
svr_vietnam	2025-05-17	107.6215321943	13.7751644444
svr_vietnam	2025-05-19	106.9860384	20.9736092
svr_vietnam	2025-05-19	106.8988704	11.6594861
svr_vietnam	2025-05-19	105.257262	23.260343
svr_vietnam	2025-05-19	105.8583873	20.1089734
svr_vietnam	2025-05-19	106.1974769	21.2819921
svr_vietnam	2025-05-19	105.3833808	21.1208466
svr_vietnam	2025-05-20	107.2989663	21.6808224
svr_vietnam	2025-05-19	105.8407722	20.9272518
svr_vietnam	2025-05-19	108.308934	14.5941164
svr_vietnam	2025-05-19	104.8985878	21.7167689
svr_vietnam	2025-05-18	105.9303209	20.5721449
svr_vietnam	2025-05-18	108.4583132	11.9404192
svr_vietnam	2025-05-18	105.8525154	18.301316
svr_vietnam	2025-05-18	106.7134428	21.0676407
svr_vietnam	2025-05-18	107.9294815	16.112019
svr_vietnam	2025-05-17	105.495325	21.1162257
svr_vietnam	2025-05-17	108.5463165	11.7452329
svr_vietnam	2025-05-17	105.3205937	21.3670003
svr_vietnam	2025-05-17	105.7763953	19.7826362
svr_vietnam	2025-05-17	105.6559158	21.2955067
svr_vietnam	2025-05-16	105.8320123	20.244809
svr_vietnam	2025-05-16	108.9502232	13.1431691
svr_vietnam	2025-05-14	105.802612	21.1771896
svr_vietnam	2025-05-16	103.8437852	22.3363608
svr_vietnam	2025-05-18	105.9523622	18.3907785
svr_vietnam	2025-05-20	103.6015462875	21.6381944705
svr_vietnam	2025-05-18	107.3553169146	11.2367038155
svr_vietnam	2025-05-21	104.107758	19.450311
svr_vietnam	2025-05-21	106.6645007	22.0261032
svr_vietnam	2025-05-18	107.172085	11.0457215
svr_vietnam	2025-05-18	107.2666396	10.8225699
svr_vietnam	2025-05-21	103.9143869	21.3269024
svr_vietnam	2025-05-09	106.575665373	11.717240331
svr_vietnam	2025-05-08	109.0334318	12.3345156
svr_vietnam	2025-03-15	106.1757379	11.3816891
svr_vietnam	2025-02-02	108.2496145	10.9920324
svr_vietnam	2024-10-16	104.5655273	21.8698428
svr_vietnam	2024-09-28	105.2105348	21.8015866
svr_vietnam	2024-09-23	107.2429976	11.2379341
svr_vietnam	2023-05-12	107.8346924	11.5731051
svr_vietnam	2022-10-22	105.4536718	23.1341053
svr_vietnam	2022-09-28	105.2280196	21.7767246
svr_vietnam	2025-01-07	107.2437005	10.9329569
svr_vietnam	2021-07-06	105.92299	17.719816
svr_vietnam	2020-05-01	105.921616709	17.7033981416
svr_vietnam	2019-07-16	105.9729255	17.8047876
svr_vietnam	2019-04-09	105.9161235449	17.760952197
svr_vietnam	2019-03-10	105.9985210059	17.8027980671
svr_vietnam	2018-08-31	105.9120036719	17.8001829875
svr_vietnam	2018-08-11	105.942559397	17.7168072716
svr_vietnam	2018-08-03	105.9859526935	17.8077404205
svr_vietnam	2018-07-15	105.9857381168	17.8076612693
svr_vietnam	2018-04-19	105.9838301408	17.8078624289
svr_vietnam	2018-03-16	105.9854865179	17.8087440349
svr_vietnam	2018-03-16	105.9854757891	17.8086521023
svr_vietnam	2019-06-12	107.8937184	16.2163583
svr_vietnam	2019-07-07	107.8937184	16.2163583
svr_vietnam	2019-06-01	107.8937184	16.2163583
svr_vietnam	2019-05-27	107.8937184	16.2163583
svr_vietnam	2019-05-27	108.2682211065	16.1154816879
svr_vietnam	2019-05-15	107.8937184	16.2163583
svr_vietnam	2019-04-23	107.8937184	16.2163583
svr_vietnam	2018-03-23	107.8937184	16.2163583
svr_vietnam	2018-11-07	103.82848408	22.314268874
svr_vietnam	2018-11-07	103.82848408	22.314268874
svr_vietnam	2017-11-20	108.6650678	11.3237516
svr_vietnam	2025-05-25	104.705431	22.7417169
svr_vietnam	2025-05-25	107.8937184066	16.2163583251
svr_vietnam	2025-05-25	108.2733408362	16.1159767309
svr_vietnam	2025-05-25	104.8985878006	21.716754251
svr_vietnam	2025-05-24	108.2871837169	10.933202118
svr_vietnam	2017-06-15	107.8399243578	16.1820133664
svr_vietnam	2017-06-07	107.7467239648	14.4421522334
svr_vietnam	2016-12-09	108.0382475629	12.6661690927
svr_vietnam	2015-10-31	106.8650392815	10.4757554367
svr_vietnam	2019-04-01	107.3766237125	10.9373344178
svr_vietnam	2017-06-02	107.8922281042	16.2176853442
svr_vietnam	2017-06-02	107.8937184066	16.2163583251
svr_vietnam	2017-06-02	107.8939826041	16.2195580292
svr_vietnam	2017-07-29	108.2733408362	16.1159767309
svr_vietnam	2015-08-28	105.5708865076	21.4746691339
svr_vietnam	2018-10-03	107.8939319775	11.2312498022
svr_vietnam	2019-09-24	107.8939319775	11.2312498022
svr_vietnam	2017-12-11	107.8939319775	11.2312498022
svr_vietnam	2017-08-03	107.8939319775	11.2312498022
svr_vietnam	2018-06-17	107.0489449427	11.1220910376
svr_vietnam	2017-01-11	107.0413633436	11.2083187998
svr_vietnam	2016-07-08	107.0578622818	11.2037696766
svr_vietnam	2016-04-18	107.0720340684	11.182416258
svr_vietnam	2025-05-27	106.1340394244	17.4775764379
svr_vietnam	2018-07-31	104.7229463607	8.6055643953
svr_vietnam	2018-07-23	108.4603491426	11.9872834402
svr_vietnam	2015-09-20	107.3565695062	16.0972270263
svr_vietnam	2015-09-15	104.9731783569	21.1243542427
svr_vietnam	2020-04-05	107.6223452389	14.4472305169
svr_vietnam	2022-11-23	106.5584071353	22.8116888095
svr_vietnam	2025-05-28	106.5466218442	10.7212780145
svr_vietnam	2025-05-28	106.8904914334	11.5344040807
svr_vietnam	2025-05-28	107.9057813063	10.8501831662
svr_vietnam	2025-05-30	107.1720848233	11.0457125053
svr_vietnam	2025-05-31	107.0402381569	11.1121392502
svr_vietnam	2025-06-01	108.6650677398	11.3236672981
svr_vietnam	2025-06-01	107.9413323104	10.9891825865
svr_vietnam	2025-06-02	105.9758631885	18.3657182144
svr_vietnam	2025-06-02	105.8055469394	19.6913160389
svr_vietnam	2025-06-02	107.0560779423	20.9529856855
svr_vietnam	2025-06-02	107.3375791311	21.3665475376
svr_vietnam	2025-06-02	105.362698473	21.0812012578
svr_vietnam	2025-01-09	107.9103611782	16.2258607052
svr_vietnam	2025-06-12	103.6755843088	21.4002903242
svr_vietnam	2025-06-13	103.4049443901	21.9230849679
svr_vietnam	2025-06-14	106.584434621	8.6474565753
svr_vietnam	2025-06-17	108.6650677398	11.3236672981
svr_vietnam	2025-06-16	109.1404379904	12.0753407567
svr_vietnam	2025-06-16	106.4641459286	10.3452531719
svr_vietnam	2025-06-16	108.0954349414	12.0597169033
svr_vietnam	2025-06-17	105.5254562572	22.4728278806
svr_vietnam	2025-06-14	109.1107114	15.383361
svr_vietnam	2025-06-20	107.5031811	10.6787414
svr_vietnam	2025-06-20	107.5031811	10.6787414
svr_vietnam	2025-06-20	107.5031811	10.6787414
svr_vietnam	2025-06-20	108.8551484	13.9479428
svr_vietnam	2025-06-17	107.6476962	11.2880802
svr_vietnam	2025-06-19	108.0835783	11.4808878
svr_vietnam	2025-06-20	109.1761126	12.3460914
svr_vietnam	2025-06-13	108.7600963	12.7165586
svr_vietnam	2024-09-14	106.698527	21.942109
svr_vietnam	2025-06-21	108.4583132	11.9404192
svr_vietnam	2025-06-21	107.447111734	11.4157780289
svr_vietnam	2025-06-21	107.0303221	10.7490125
svr_vietnam	2025-06-21	105.5122694	10.7757656
svr_vietnam	2025-06-21	105.7451999736	21.3164679205
svr_vietnam	2020-05-21	105.591902123	21.4806012163
svr_vietnam	2025-06-23	108.4583132	11.9404192
svr_vietnam	2025-06-27	103.6015462875	21.5681090172
svr_vietnam	2025-07-04	104.7054308653	22.089644129
svr_vietnam	2025-07-04	107.3139304295	10.5161042755
svr_vietnam	2025-07-01	108.1903060153	11.7905620448
svr_vietnam	2025-06-29	107.0126073807	10.9513695861
svr_vietnam	2025-06-29	107.6925674826	12.5048879491
svr_vietnam	2025-06-27	107.9750000685	15.0691661386
svr_vietnam	2025-06-26	108.2871837169	10.9331938882
svr_vietnam	2025-06-25	106.2169136479	20.2433409425
svr_vietnam	2025-06-24	105.6647142023	20.8626208727
svr_vietnam	2025-06-24	107.6215321943	13.7751644444
svr_vietnam	2025-06-24	109.238220267	12.4397723567
svr_vietnam	2025-06-20	104.8870576546	19.0196163704
svr_vietnam	2025-07-04	106.6744991764	8.6697389664
svr_vietnam	2025-07-03	108.4583133459	11.9404000557
svr_vietnam	2025-06-27	105.8838687837	22.5837815893
svr_vietnam	2025-04-24	106.9666665047	21.8499994687
svr_vietnam	2025-07-05	105.6340350956	10.45496694
svr_vietnam	2025-07-05	107.2437004745	10.9329427157
svr_vietnam	2025-07-05	105.6412525848	21.6303712326
svr_vietnam	2025-07-05	108.5654099286	11.8917379116
svr_vietnam	2025-07-12	108.0005933717	14.9105324607
svr_vietnam	2025-07-10	108.2852049172	13.9926046112
svr_vietnam	2025-07-10	108.3801313117	15.6889892219
svr_vietnam	2025-07-06	108.4583133459	11.9404000557
svr_vietnam	2025-07-06	107.6925674826	12.5048879491
svr_vietnam	2025-07-06	107.3967104405	10.478995261
svr_vietnam	2025-07-05	107.3766237125	10.9373344178
svr_vietnam	2025-07-09	105.6529828906	20.2956788379
svr_vietnam	2025-07-12	108.5566870496	12.1300916316
svr_vietnam	2025-07-13	104.9856174365	9.3554054118
svr_vietnam	2025-07-06	108.5454485938	11.9646788181
svr_vietnam	2025-07-14	107.6215321943	13.9537344574
svr_vietnam	2025-07-09	106.2293218821	17.3365982299
svr_vietnam	2025-07-16	108.1547258422	13.014178197
svr_vietnam	2025-07-22	104.9437686056	10.5830834343
svr_vietnam	2025-07-21	106.7411557585	10.8576772084
svr_vietnam	2025-07-19	106.6999563575	10.9048643748
svr_vietnam	2025-07-18	106.7866577581	10.8450841861
svr_vietnam	2025-07-16	108.0005933717	14.9105324607
svr_vietnam	2025-07-15	106.27472464	17.5714710667
svr_vietnam	2025-07-05	109.0690976009	11.7533079184
svr_vietnam	2025-07-27	106.9712788984	11.5715388023
svr_vietnam	2025-07-26	108.0005933717	14.9104864545
svr_vietnam	2025-07-26	107.8937184066	16.2163583251
svr_vietnam	2025-07-26	107.8346923739	11.5730957061
svr_vietnam	2025-07-12	105.8575197682	20.0848713569
svr_vietnam	2025-07-27	108.0598658323	11.003678025
svr_vietnam	2025-07-26	107.1105723828	16.7933193868
svr_vietnam	2025-07-26	106.5584071353	20.823104244
svr_vietnam	2025-07-24	108.0382475629	12.6661690927
svr_vietnam	2025-07-21	106.5967124328	10.8684241909
svr_vietnam	2025-07-16	104.6121473238	20.8876434944
svr_vietnam	2025-07-16	107.0448069647	20.9711559852
svr_vietnam	2025-07-16	106.6072897241	11.1318217477
svr_vietnam	2025-07-13	107.1395901963	10.9413748184
svr_vietnam	2025-07-26	108.2852045819	14.7975347715
svr_vietnam	2025-07-26	107.1307288483	10.4992098516
svr_vietnam	2025-07-28	105.8172879741	22.9235203224
svr_vietnam	2025-07-28	105.8172879741	22.9235203224
svr_vietnam	2025-08-04	103.8437849656	22.336356775
svr_vietnam	2025-08-03	103.6015462875	22.6426322037
svr_vietnam	2025-08-03	105.3865811974	21.0721819041
svr_vietnam	2025-08-02	106.9948944077	11.8337260915
svr_vietnam	2025-07-31	107.0480376855	20.9643819864
svr_vietnam	2025-07-30	106.5937656909	11.9462476385
svr_vietnam	2025-07-30	108.1821065024	11.9107777347
svr_vietnam	2025-07-30	107.9139811546	15.6178605304
svr_vietnam	2025-07-29	107.1366364136	10.5368168055
svr_vietnam	2025-07-30	107.1366364136	10.5368168055
svr_vietnam	2025-07-29	107.8937184066	16.2163583251
svr_vietnam	2025-07-29	108.2140278071	15.3201829148
svr_vietnam	2025-07-29	106.7369084805	10.7288912246
svr_vietnam	2025-07-29	105.0089888647	21.3409538178
svr_vietnam	2025-07-28	105.8055469394	19.6913160389
svr_vietnam	2025-07-29	107.6215321943	10.6935270982
svr_vietnam	2025-07-29	106.9666665047	21.8499994687
svr_vietnam	2025-08-03	105.4953249916	21.1162101207
svr_vietnam	2025-08-03	107.0094420388	20.8050852602
svr_vietnam	2025-08-03	108.0717218667	16.0543413118
svr_vietnam	2025-08-03	108.6650677398	11.3236672981
svr_vietnam	2025-08-03	105.7703285292	20.864337403
svr_vietnam	2025-08-02	108.6650677398	11.3235828094
svr_vietnam	2025-07-12	105.384913437	21.4043805473
svr_vietnam	2025-08-02	107.1105723828	16.7933193868
svr_vietnam	2025-08-04	108.5463162884	11.7451653121
svr_vietnam	2025-08-03	107.8601988405	16.1830595185
svr_vietnam	2025-08-01	105.8525154367	20.0110638605
svr_vietnam	2025-07-30	107.2271146998	21.0082082716
svr_vietnam	2025-07-28	105.7664953172	21.0447600855
svr_vietnam	2025-07-30	107.2429977357	10.6284095433
svr_vietnam	2025-07-19	105.3849673124	21.4044429945
svr_vietnam	2025-07-12	105.3849673124	21.4044429945
svr_vietnam	2025-07-11	105.3849673124	21.4044429945
svr_vietnam	2025-07-11	105.3849673124	21.4044429945
svr_vietnam	2025-07-11	105.3854289025	21.3769006988
svr_vietnam	2025-07-11	105.3849673124	21.4044429945
svr_vietnam	2025-07-05	105.3849673124	21.4044429945
svr_vietnam	2025-07-06	105.3849673124	21.4044429945
svr_vietnam	2025-07-06	105.3849673124	21.4044429945
svr_vietnam	2025-07-06	105.3849673124	21.4044429945
svr_vietnam	2025-07-06	105.3849673124	21.4044429945
svr_vietnam	2025-06-06	105.3849673124	21.4044429945
svr_vietnam	2025-07-06	105.3849673124	21.4044429945
svr_vietnam	2025-06-06	105.3849673124	21.4044429945
svr_vietnam	2025-06-06	105.3849673124	21.4044429945
svr_vietnam	2025-06-06	105.3849673124	21.4044429945
svr_vietnam	2025-06-06	105.3849673124	21.4044429945
svr_vietnam	2025-06-06	105.3849673124	21.4044429945
svr_vietnam	2025-06-06	105.3849673124	21.4044429945
svr_vietnam	2025-06-06	105.3849673124	21.4044429945
svr_vietnam	2025-06-06	105.3849673124	21.4044429945
svr_vietnam	2025-06-06	105.3849673124	21.4044429945
svr_vietnam	2025-06-06	105.3849673124	21.4044429945
svr_vietnam	2025-06-06	105.3849673124	21.4044429945
svr_vietnam	2025-05-31	105.3849673124	21.4044429945
svr_vietnam	2025-05-31	105.3849673124	21.4044429945
svr_vietnam	2025-05-31	105.3849673124	21.4044429945
svr_vietnam	2025-05-31	105.3849673124	21.4044429945
svr_vietnam	2025-05-31	105.3849673124	21.4044429945
svr_vietnam	2025-05-31	105.3849673124	21.4044429945
svr_vietnam	2025-08-31	105.3849199042	21.4044201449
svr_vietnam	2025-09-03	104.9213641137	20.7385584772
svr_vietnam	2025-08-25	108.4583133459	11.9404000557
svr_vietnam	2025-08-27	107.9961392283	15.9951362705
svr_vietnam	2025-08-22	108.4583133459	11.9404000557
svr_vietnam	2025-08-28	104.1466043517	21.7668246131
svr_vietnam	2025-08-27	104.4257532433	21.4627823433
svr_vietnam	2025-08-26	108.4583133459	11.9404000557
svr_vietnam	2025-08-29	103.6015462875	22.6426322037
svr_vietnam	2025-08-31	108.3801313117	13.0088776846
svr_vietnam	2025-08-31	105.37071459	21.0647560908
svr_vietnam	2025-08-22	105.0206755847	22.9327203343
svr_vietnam	2025-08-22	106.3935907558	21.2499443341
svr_vietnam	2025-08-22	104.026199989	22.0358175653
svr_vietnam	2025-08-27	108.4499998391	11.9166666345
svr_vietnam	2025-08-28	105.3390792757	20.827465131
svr_vietnam	2025-08-28	108.0954349414	11.5345620917
svr_vietnam	2025-09-08	105.8172881	22.5989805
svr_vietnam	2025-09-12	106.1163821071	17.5307785544
svr_vietnam	2025-09-13	109.0690976009	11.7533079184
svr_vietnam	2025-09-19	105.2897042	9.7525077
svr_vietnam	2025-08-06	108.0005933	14.9105786
svr_vietnam	2025-08-14	108.0005933	14.9105786
svr_vietnam	2025-09-15	102.9610297168	21.3335036797
svr_vietnam	2025-09-04	102.9838564	21.3313715
svr_vietnam	2025-08-18	102.9624030078	21.3339833756
svr_vietnam	2025-08-10	102.9648062671	21.33446307
svr_vietnam	2025-08-05	102.9589697803	21.3251887008
svr_vietnam	2025-09-17	104.8075462505	22.8381633553
svr_vietnam	2025-10-02	103.8390159979	22.3944899624
svr_vietnam	2025-10-03	104.8865503818	20.7541543881
svr_vietnam	2025-10-03	104.8799685761	20.7604688605
svr_vietnam	2025-10-03	104.8931533098	20.738464098
svr_vietnam	2025-10-03	104.8862922192	20.7473659029
svr_vietnam	2025-10-07	105.2721454203	19.6514925109
svr_vietnam	2025-10-03	106.9023575261	11.8319416035
svr_vietnam	2025-10-06	104.8852290586	20.7449808312
svr_vietnam	2025-10-06	104.8963062465	20.7384499881
svr_vietnam	2025-10-07	105.3833806515	9.2735640214
svr_vietnam	2025-10-08	105.2721454203	19.6514925109
svr_vietnam	2025-10-05	105.3875548393	21.3984313986
svr_vietnam	2025-10-04	105.3848511726	21.4043764437
svr_vietnam	2025-10-04	105.3849802539	21.4045244034
svr_vietnam	2025-10-30	107.720942907	14.0130791587
svr_vietnam	2025-10-22	106.2601887435	17.5025477461
svr_vietnam	2025-08-23	107.8346923739	14.0496433704
svr_vietnam	2025-10-31	107.9057813	16.2726321
svr_vietnam	2025-11-07	105.8391127735	20.9910028448
svr_vietnam	2025-11-07	104.6021564305	22.6655677311
svr_vietnam	2025-11-06	104.6028487757	22.6610670672
svr_vietnam	2025-11-10	104.8889868334	20.7409144903
svr_vietnam	2025-10-11	104.8860005289	20.7608955426
svr_vietnam	2025-11-23	105.3916847706	21.3957486354
svr_vietnam	2025-11-22	105.3913675994	21.3950849607
svr_vietnam	2025-11-23	105.3848783299	21.4042918506
svr_vietnam	2025-12-05	104.8808842152	20.7481732507
svr_vietnam	2025-12-08	103.8437849656	22.336356775
svr_vietnam	2025-12-04	107.0031475648	20.8144751696
svr_vietnam	2025-12-14	107.6274508238	11.2748313406
svr_vietnam	2026-02-12	105.3913035616	21.3950912042
svr_vietnam	2026-02-12	105.3817146644	21.4203798839
svr_vietnam	2026-02-14	105.3846668	21.4044714
svr_vietnam	2026-02-28	105.4025017	21.0957983
svr_vietnam	2026-02-28	105.4025017	21.0957983
svr_vietnam	2026-02-28	106.0169972107	22.4280956886
svr_vietnam	2026-03-02	103.6033993587	22.4237735394
svr_vietnam	2026-03-14	105.3846908	21.404027
svr_vietnam	2026-03-14	105.3844474	21.4045229
svr_vietnam	2026-03-14	105.3846352	21.4042283
svr_vietnam	2026-03-14	105.3845221	21.4041115
svr_vietnam	2026-03-14	105.3845642	21.4042199
svr_vietnam	2026-02-28	105.3637995	21.0720422
svr_vietnam	2026-02-28	105.36592443	21.07357221
svr_vietnam	2026-03-14	105.3847777471	21.404280301
svr_vietnam	2026-03-15	105.3848179802	21.4042537681
svr_vietnam	2026-03-15	105.3846449	21.4041861
svr_vietnam	2026-03-15	105.3846010566	21.4042874805
svr_vietnam	2026-03-15	105.3846731	21.4041632
svr_vietnam	2026-03-15	105.3846731	21.4041632
svr_vietnam	2026-03-15	105.384614	21.4041826
svr_vietnam	2026-04-06	105.3843537	21.4049447
svr_vietnam	2026-04-19	108.3545306325	14.6191030264
svr_vietnam	2026-04-22	105.580230318	20.9910460424
svr_vietnam	2026-04-22	105.3597738	21.0738645
svr_vietnam	2026-04-22	105.3597738	21.0738645
svr_vietnam	2026-04-22	105.37373436	21.08510036
svr_vietnam	2026-04-22	105.3619696	21.0613263
svr_vietnam	2026-04-22	105.3692735732	21.0886165524
svr_vietnam	2026-04-22	105.3665890172	21.0879305343
svr_vietnam	2026-04-22	105.3696715459	21.0897392628
svr_vietnam	2026-04-22	105.3708674759	21.0887932961
svr_vietnam	2026-04-22	105.3688709065	21.0858083315
svr_vietnam	2026-04-22	105.3702059761	21.0876658862
svr_vietnam	2026-04-22	105.3624124825	21.0726543154
svr_vietnam	2026-04-22	105.3622445092	21.0611054645
svr_vietnam	2026-04-22	105.3634977713	21.0827372778
svr_vietnam	2026-04-25	105.5306415	21.2824996
svr_vietnam	2026-04-25	105.3879372	21.3659804
svr_vietnam	2026-04-25	105.3845472	21.4043454
svr_vietnam	2026-04-25	105.3848216683	21.404249398
svr_vietnam	2026-04-25	105.3842959553	21.4042806132
svr_vietnam	2026-04-25	105.3851824254	21.404548439
svr_vietnam	2026-04-25	105.384067297	21.4043427313
svr_vietnam	2026-04-25	105.3852025419	21.4045072351
svr_vietnam	2016-01-14	105.3845889866	21.4040961314
svr_vietnam	2026-04-25	105.3845832869	21.4040811481
svr_vietnam	2026-04-25	105.3847971931	21.4042799889
svr_vietnam	2026-04-25	105.3849215806	21.4043386734
svr_vietnam	2026-04-30	105.3847301379	21.404335864
svr_vietnam	2026-05-02	104.9934685	21.1217561
svr_vietnam	2026-05-02	104.9549778923	21.111055386
svr_vietnam	2026-05-02	104.9540810287	21.1057174931
svr_vietnam	2026-05-02	104.9536854029	21.0998241939
svr_vietnam	2026-05-02	104.9550328776	21.1094958879
svr_vietnam	2026-05-02	104.955153577	21.109602232
svr_vietnam	2026-05-02	104.9553932995	21.1095387383
svr_vietnam	2026-05-02	104.9550650641	21.1097182722
svr_vietnam	2026-05-02	104.9551653117	21.1098837309
svr_vietnam	2016-01-20	104.9551089853	21.1098274311
svr_vietnam	2026-05-02	104.9550037086	21.1094880684
svr_vietnam	2026-05-02	104.9551988393	21.1094317685
svr_vietnam	2026-05-02	104.9550342187	21.1108001624
svr_vietnam	2026-05-02	104.9427440017	21.1428513723
svr_vietnam	2026-05-02	104.9392249435	21.1430633872
svr_vietnam	2026-05-02	104.941422008	21.1457013536
svr_vietnam	2026-05-02	104.940107055	21.1455875305
svr_vietnam	2026-05-02	104.9414753169	21.1441228322
svr_vietnam	2026-05-02	104.9414753169	21.1441228322
svr_vietnam	2026-05-02	104.9414753169	21.1441228322
svr_vietnam	2026-05-02	104.9414753169	21.1441228322
svr_vietnam	2026-05-02	104.9414753169	21.1441228322
svr_vietnam	2026-05-02	104.9396329746	21.142675631
svr_vietnam	2026-05-02	104.9430799484	21.1436534627
svr_vietnam	2026-05-02	104.9435634166	21.1444214642
svr_vietnam	2026-05-02	104.9430799484	21.1436534627
svr_vietnam	2026-05-02	104.9440002814	21.1436978668
svr_vietnam	2026-05-02	104.9258480966	21.1296461185
svr_vietnam	2026-05-02	104.9257408082	21.1297405643
svr_vietnam	2026-05-02	104.9324600771	21.1336443759
svr_vietnam	2026-05-02	104.9318763614	21.1333757439
svr_vietnam	2026-05-02	104.9333891273	21.1321148245
svr_vietnam	2016-01-21	104.9345870689	21.1349037186
svr_vietnam	2026-05-02	104.9332469702	21.1373066662
svr_vietnam	2026-05-02	104.934640713	21.1396082557
svr_vietnam	2026-05-02	104.9358175322	21.1389665661
svr_vietnam	2026-05-02	104.9449086	21.1428352
svr_vietnam	2026-05-03	105.8391395956	20.9909981494
svr_vietnam	2026-05-03	105.7110963	21.2773985
svr_vietnam	2026-05-03	105.8390383	20.9909787
svr_vietnam	2026-05-02	104.9414753169	21.1441228322
svr_vietnam	2026-05-02	104.9414753169	21.1441228322
svr_vietnam	2026-05-02	104.9414753169	21.1441228322
svr_vietnam	2026-05-12	105.8018996	20.9756214
svr_vietnam	2026-05-13	104.6014510095	22.656423002
svr_vietnam	2026-03-18	103.8955338299	22.3492525163
svr_vietnam	2026-05-17	105.3674594	21.0579179
svr_vietnam	2026-05-17	105.3630676	21.0608623
svr_vietnam	2026-05-17	105.3628938	21.0605234
svr_vietnam	2026-05-17	105.3630676	21.0608623
svr_vietnam	2026-05-17	105.3619696	21.0537071
svr_vietnam	2026-05-17	105.348063	21.0575273
svr_vietnam	2026-05-17	105.3630676	21.0612251
svr_vietnam	2026-05-17	105.3820996	21.0837777
svr_vietnam	2026-05-17	105.4489778	21.0352805
svr_vietnam	2026-05-17	105.36869207	21.08405046
svr_vietnam	2026-05-17	105.3627016	21.0797626
svr_vietnam	2026-05-17	105.3667274	21.0822939
svr_vietnam	2026-05-17	105.3725833	21.0839305
svr_vietnam	2026-05-17	105.365097709	21.0810776873
svr_vietnam	2026-05-17	105.3646987304	21.0809165762
svr_vietnam	2026-05-17	105.3667274	21.0822939
svr_vietnam	2026-05-17	105.3667274	21.0822939
svr_vietnam	2026-05-17	105.3667274	21.0822939
svr_vietnam	2026-05-17	105.3667274	21.0822939
svr_vietnam	2026-05-17	105.3627016	21.0797626
svr_vietnam	2026-05-17	105.3722173	21.0832387
svr_vietnam	2026-05-17	105.3725833	21.0839305
svr_vietnam	2026-05-17	105.3722173	21.0832387
svr_vietnam	2026-05-17	105.4110178	21.0829187
svr_vietnam	2026-05-17	105.3667274	21.0822939
svr_vietnam	2026-05-17	105.4110178	21.0829187
svr_vietnam	2026-05-17	105.3667274	21.0822939
svr_vietnam	2026-05-17	105.3655332327	21.0804664028
svr_vietnam	2026-05-17	105.3654266149	21.0803497141
svr_vietnam	2026-05-17	105.3619696	21.0537071
svr_vietnam	2026-05-19	105.8389608935	20.9910616937
svr_vietnam	2026-05-20	106.3581527397	21.9651009082
svr_vietnam	2026-05-14	106.3581527397	21.9650878488
svr_vietnam	2026-05-24	105.3871934116	21.3985172437
svr_vietnam	2026-05-24	105.3876493871	21.4004092572
svr_vietnam	2026-06-01	105.3663614	21.0823277
svr_vietnam	2026-06-01	105.3663614	21.0823277
svr_vietnam	2026-06-01	105.3725833	21.0832049
svr_vietnam	2026-06-01	105.3725833	21.0832049
svr_vietnam	2026-02-19	105.3841447458	21.0843446071
svr_vietnam	2026-02-19	105.3841447458	21.0843446071
svr_vietnam	2026-06-01	105.37107218	21.08360393
svr_vietnam	2026-06-01	105.3663614	21.0823277
svr_vietnam	2026-06-01	105.3663614	21.0823277
svr_vietnam	2026-06-01	105.3663614	21.0823277
svr_vietnam	2026-06-01	105.3663614	21.0823277
svr_vietnam	2026-06-01	105.37107218	21.08360393
svr_vietnam	2026-06-01	105.3725833	21.0832049
svr_vietnam	2026-06-01	105.3725833	21.0832049
svr_vietnam	2026-06-01	105.3725833	21.0832049
svr_vietnam	2026-06-01	105.3725639731	21.0832190404
svr_vietnam	2026-06-01	105.3663614	21.0823277
svr_vietnam	2026-06-01	105.3663614	21.0823277
svr_vietnam	2026-06-01	105.3663614	21.0823277
svr_vietnam	2026-06-01	105.3663614	21.0823277
svr_vietnam	2026-06-01	105.3663614	21.0823277
svr_vietnam	2026-06-01	105.3663614	21.0823277
svr_vietnam	2026-06-01	105.3663614	21.0823277
svr_vietnam	2026-06-01	105.3663614	21.0823277
svr_vietnam	2026-06-01	105.3663614	21.0823277
svr_vietnam	2026-06-01	105.3663614	21.0823277
svr_vietnam	2026-06-01	105.3663614	21.0823277
svr_vietnam	2026-06-01	105.3663614	21.0823277
svr_vietnam	2026-06-01	105.3663614	21.0823277
svr_vietnam	2026-06-01	105.3663614	21.0823277
svr_vietnam	2026-06-01	105.3663614	21.0823277
svr_vietnam	2026-06-01	105.3663614	21.0823277
svr_vietnam	2026-06-01	105.3663614	21.0823277
svr_vietnam	2026-06-01	105.3663614	21.0823277
svr_vietnam	2026-06-01	105.3663614	21.0823277
svr_vietnam	2026-06-01	105.3663614	21.0823277
svr_vietnam	2026-06-01	105.3663614	21.0823277
svr_vietnam	2026-06-01	105.3663614	21.0823277
svr_vietnam	2026-06-01	105.3663614	21.0823277
svr_vietnam	2026-06-01	105.3663614	21.0823277
svr_vietnam	2026-06-01	105.3624309227	21.0799079856
svr_vietnam	2026-06-01	105.3623155877	21.079957727
svr_vietnam	2026-06-01	105.3626857325	21.0797697105
svr_vietnam	2026-06-01	105.3627016	21.0797626
svr_vietnam	2026-06-01	105.3663614	21.0823277
svr_vietnam	2026-06-01	105.3663614	21.0823277
svr_vietnam	2026-06-01	105.363612771	21.0817462183
svr_vietnam	2026-06-01	105.3612377	21.0813489
svr_vietnam	2026-06-01	105.3663614	21.0823277
svr_vietnam	2026-06-01	105.3707533	21.0779316
svr_vietnam	2026-06-01	105.37060672	21.07653441
svr_vietnam	2026-06-01	105.3700213	21.0761851
svr_vietnam	2026-06-01	105.3652635	21.0755354
svr_vietnam	2026-06-01	105.3663614	21.075797
svr_vietnam	2026-06-01	105.3641655	21.0723713
svr_vietnam	2026-06-01	105.36320984	21.07526435
svr_vietnam	2026-06-01	105.3605057	21.0741599
svr_vietnam	2026-06-01	105.3612377	21.073004
svr_vietnam	2026-06-01	105.3641655	21.0723713
svr_vietnam	2026-06-01	105.3619696	21.0613263
svr_vietnam	2026-06-01	105.3608717	21.0679582
svr_vietnam	2026-06-01	105.3641655	21.0723713
svr_vietnam	2026-06-01	105.3707533	21.077206
svr_vietnam	2026-06-01	105.3689233	21.0810029
svr_vietnam	2026-06-01	105.3736813	21.084192
svr_vietnam	2026-06-01	105.3656294	21.0758645
svr_vietnam	2026-06-01	105.3601397	21.0731052
svr_vietnam	2026-06-01	105.3601397	21.0731052
svr_vietnam	2026-06-01	105.3601397	21.0731052
svr_vietnam	2026-06-01	105.3630676	21.0790032
svr_vietnam	2026-06-01	105.3641655	21.0723713
svr_vietnam	2026-06-01	105.3630676	21.0790032
svr_vietnam	2026-06-01	105.3641655	21.0723713
svr_vietnam	2026-06-01	105.36047373	21.06871628
svr_vietnam	2026-06-09	104.6022778004	22.6613585149
svr_vietnam	2026-06-18	105.3678254	21.0763876
svr_vietnam	2026-06-18	105.3656294	21.0758645
svr_vietnam	2026-06-18	105.3608717	21.0675954
svr_vietnam	2026-06-18	105.3597738	21.0738645
svr_vietnam	2026-06-18	105.3641655	21.0756366
svr_vietnam	2026-06-18	105.3451354	21.1764498
svr_vietnam	2026-06-18	105.3641655	21.0756366
svr_vietnam	2026-06-18	105.4179735	21.0960597
svr_vietnam	2026-06-18	105.3667274	21.0764889
svr_vietnam	2026-06-18	105.3678254	21.0763876
svr_vietnam	2026-06-18	105.3608717	21.0813826
svr_vietnam	2026-06-18	105.4110178	21.0832814
svr_vietnam	2026-06-18	105.3659954	21.0827243
svr_vietnam	2026-06-18	105.3740473	21.1062898
svr_vietnam	2026-06-18	105.3788055	21.0851703
svr_vietnam	2026-06-18	105.3788055	21.0851703
svr_vietnam	2026-06-18	105.3912504	21.0909138
svr_vietnam	2026-06-18	105.3397065	21.1061714
svr_vietnam	2026-06-18	105.35669195	21.0365102
svr_vietnam	2026-06-18	105.35710063	21.03741799
svr_vietnam	2026-06-18	105.35635066	21.03486179
svr_vietnam	2026-06-18	105.35616871	21.03442648
svr_vietnam	2026-06-18	105.3125696	21.004182
svr_vietnam	2026-06-18	105.3507932	21.0222268
svr_vietnam	2026-06-18	105.3690121	21.0091628
svr_vietnam	2026-06-18	105.4480473	20.9846292
svr_vietnam	2026-06-18	105.4507154971	20.9724060592
svr_vietnam	2026-06-18	105.523808	20.9944854
svr_vietnam	2026-06-18	105.450774841	20.9746172213
svr_vietnam	2026-06-18	105.4524938017	20.9732694901
svr_vietnam	2026-06-18	105.3556824848	21.0319613829
svr_vietnam	2026-06-18	105.357173793	21.0331521154
svr_vietnam	2026-06-18	105.3595244139	21.0330479072
svr_vietnam	2026-06-18	105.3571110964	21.0374142654
svr_vietnam	2026-06-18	105.3571110964	21.0374142654
svr_vietnam	2026-06-18	105.3571375832	21.0374446194
svr_vietnam	2026-06-18	105.3601397	21.081813
svr_vietnam	2026-06-16	104.9098799005	20.678471523
svr_vietnam	2026-06-20	105.8633418	21.1610659
svr_vietnam	2026-06-20	105.8768843	21.1650872
svr_vietnam	2026-06-20	105.8755941689	21.1630039473
svr_vietnam	2026-06-20	105.8766137436	21.1615550546
svr_vietnam	2026-06-20	105.8768957	21.1524087
svr_vietnam	2026-06-20	105.8726470917	21.1505615805
svr_vietnam	2026-06-25	105.8389802	20.9909892
svr_vietnam	2026-06-07	105.3845588	21.4047169
svr_vietnam	2026-06-07	105.3894202	21.3973078
svr_vietnam	2026-06-07	105.3894202	21.3973078
svr_vietnam	2026-06-07	105.3851733729	21.4036238446
svr_vietnam	2026-05-02	104.9438134	21.1418435
svr_vietnam	2026-04-30	105.3845722	21.4047005
svr_vietnam	2026-04-25	105.3846504	21.4041113
svr_vietnam	2026-04-25	105.3897863	21.3972736
svr_vietnam	2026-04-28	105.3845988	21.4042002
svr_vietnam	2026-07-16	105.3795375	21.0843771
svr_vietnam	2026-07-16	105.3824224323	21.0849199004
svr_vietnam	2026-07-16	105.3822212666	21.0849577526
svr_vietnam	2026-07-16	105.37901621	21.08553598
svr_vietnam	2026-07-16	105.3823640943	21.0850071796
svr_vietnam	2026-07-16	105.3807014599	21.0834449052
svr_vietnam	2026-07-16	105.3678254	21.0763876
svr_vietnam	2026-07-16	105.3678254	21.0763876
svr_vietnam	2026-07-16	105.3678254	21.0763876
svr_vietnam	2026-07-16	105.3678254	21.0763876
svr_vietnam	2026-07-16	105.3678254	21.0763876
svr_vietnam	2026-07-16	105.3678254	21.0763876
svr_vietnam	2026-07-16	105.3678254	21.0763876
svr_vietnam	2026-07-16	105.3678254	21.0763876
svr_vietnam	2026-07-16	105.3678254	21.0763876
svr_vietnam	2026-07-16	105.3678254	21.0763876
svr_vietnam	2026-07-16	105.3678254	21.0763876
svr_vietnam	2026-07-16	105.3670934	21.0764551
svr_vietnam	2026-07-16	105.3678254	21.0763876
svr_vietnam	2026-07-16	105.368733108	21.0752838352
svr_vietnam	2026-07-16	105.3641655	21.0756366
svr_vietnam	2026-07-16	105.36374156	21.07340723
svr_vietnam	2026-07-16	105.3639852628	21.0701073441
svr_vietnam	2026-07-16	105.3585792705	21.0689926198
svr_vietnam	2026-07-16	105.3645315	21.0607274
svr_vietnam	2026-07-16	105.3612377	21.073004
svr_vietnam	2026-07-16	105.3670934	21.0764551
svr_vietnam	2026-07-16	105.3628577292	21.0817972104
svr_vietnam	2026-07-16	105.3638752922	21.0825104734
svr_vietnam	2026-07-16	105.3619696	21.0838212
svr_vietnam	2026-07-16	105.3648975	21.0831883
svr_vietnam	2026-07-16	105.3648975	21.0831883
svr_vietnam	2026-07-16	105.3648975	21.0831883
svr_vietnam	2026-07-16	105.3648975	21.0831883
svr_vietnam	2026-07-16	105.3608717	21.0821083
svr_vietnam	2026-07-16	105.3608717	21.0821083
svr_vietnam	2026-07-16	105.3608717	21.0821083
svr_vietnam	2026-07-16	105.3648975	21.0831883
svr_vietnam	2026-07-16	105.3648975	21.0831883
svr_vietnam	2026-07-16	105.3648975	21.0831883
svr_vietnam	2026-07-16	105.3619696	21.0838212
svr_vietnam	2026-07-16	105.3564710543	21.0810798772
svr_vietnam	2026-07-16	105.3795375	21.0843771
svr_vietnam	2026-07-16	105.3853938	21.0849246
svr_vietnam	2026-07-16	105.3914158791	21.0893935978
svr_vietnam	2026-07-17	105.2666348219	21.1427541204
svr_vietnam	2026-07-23	105.49789675	20.93908482
svr_vietnam	2026-07-23	105.49789522	20.93924901
svr_vietnam	2026-07-23	105.4220006	20.990493
svr_vietnam	2026-07-23	105.4227328	20.9911509
svr_vietnam	2026-07-23	105.4311966	20.982947
svr_vietnam	2026-07-23	105.4311978	20.9829468
svr_vietnam	2026-07-23	105.431197	20.9829453
svr_vietnam	2026-07-23	105.431197	20.9829453
svr_vietnam	2026-07-23	105.431197	20.9829453
svr_vietnam	2026-07-26	105.8593657985	21.0382851434
svr_vietnam	2026-07-26	105.8582499996	21.0420408444
svr_vietnam	2026-07-26	105.8582771569	21.0414422292
svr_vietnam	2026-07-26	105.8586473018	21.0402149509
svr_vietnam	2026-07-26	105.8589902893	21.0388202474
svr_vietnam	2026-07-26	105.8586211503	21.0391807374
svr_vietnam	2026-07-26	105.8580458164	21.0429739659
svr_vietnam	2026-07-26	105.8580555394	21.0429511229
svr_vietnam	2026-07-26	105.8583167195	21.0401827199
svr_vietnam	2026-07-26	105.8585195616	21.0408389177
svr_vietnam	2025-08-25	107.6854800242	11.9985841152
svr_vietnam	2026-05-15	106.7280468	22.8510852
svr_vietnam	2025-09-12	107.1822409563	11.0847566991
svr_vietnam	2024-08-09	106.8874524	21.408403
svr_vietnam	2025-09-22	106.2987025809	10.1005287999
svr_vietnam	2025-06-13	106.1850348923	17.5142893139
svr_vietnam	2026-06-06	106.1757379	11.3816891
svr_vietnam	2026-03-30	103.8448134	22.5165227
svr_vietnam	2026-04-20	103.8448134	22.5165227
svr_vietnam	2026-06-18	109.1523292	13.0505888
svr_vietnam	2026-03-16	105.6507835	20.4646822
svr_vietnam	2026-03-16	103.8564085	22.3404698
svr_vietnam	2026-01-15	107.8937184	16.2163583
svr_vietnam	2026-02-09	107.8937184	16.2163583
svr_vietnam	2025-11-13	107.6663287605	11.9898405051
svr_vietnam	2024-10-08	107.7399345	12.545896
svr_vietnam	2025-11-01	104.266237221	21.4982298047
svr_vietnam	2026-07-25	107.8937184	16.2163583
svr_vietnam	2024-06-29	107.7495472095	12.5351702387
svr_vietnam	2024-10-08	107.7275745323	12.5279337991
svr_vietnam	2024-10-16	107.7220813682	12.5225713694
svr_vietnam	2026-07-13	107.8937184	16.2163583
svr_vietnam	2026-06-02	107.8937184	16.2163583
svr_vietnam	2026-05-29	107.8937184	16.2163583
svr_vietnam	2026-05-19	107.8937184	16.2163583
svr_vietnam	2026-05-05	107.8937184	16.2163583
svr_vietnam	2026-02-12	107.8937184	16.2163583
svr_vietnam	2026-07-12	103.6033995	22.4237736
svr_vietnam	2025-03-10	104.5422225	20.9171022
svr_vietnam	2026-02-27	108.273341	16.1159837
svr_vietnam	2026-02-27	108.273341	16.1159837
svr_vietnam	2019-10-23	105.2083453909	20.4624713907
svr_vietnam	2022-05-24	106.2812564895	17.4912296993
svr_vietnam	2026-07-29	105.8581252769	21.0421973038
svr_vietnam	2026-07-30	105.8591974899	21.038123986
svr_vietnam	2026-07-30	105.8581128716	21.040833911
svr_vietnam	2026-07-30	105.8576917648	21.0412507218
svr_vietnam	2026-07-30	105.8576917648	21.0412507218
svr_vietnam	2026-07-30	106.640919596	16.6410374332
svr_vietnam	2026-07-30	105.8581128716	21.040833911
svr_vietnam	2026-07-31	105.3845396	21.4046892
svr_vietnam	2026-08-01	104.9134921655	20.7341172584
svr_vietnam	2026-07-12	103.8590676997	22.5150705195
svr_vietnam	2026-03-31	108.0609997525	11.4864647985
svr_vietnam	2021-03-29	108.0766368669	11.4728601598
svr_vietnam	2026-03-29	106.13763621	20.6745884698
svr_vietnam	2024-06-22	105.5483378145	21.5516507947
svr_vietnam	2022-05-24	106.2812565	17.4912297
svr_vietnam	2025-05-25	104.0185003643	22.4861023169
svr_vietnam	2025-02-21	108.2474455401	13.0394711198
svr_vietnam	2024-01-15	106.2054436948	17.4611599135
svr_vietnam	2024-09-03	107.6614707962	12.3262554748
svr_vietnam	2025-08-23	107.9601171698	15.0657147911
svr_vietnam	2025-06-14	108.0183722485	15.9976548924
svr_vietnam	2024-04-19	108.4083118941	12.4015196655
svr_vietnam	2026-04-17	108.4221227037	12.4051595777
svr_vietnam	2025-11-30	104.9980024719	10.4314658281
svr_vietnam	2025-07-16	108.3212625707	11.8781624893
svr_vietnam	2026-06-24	108.1929276772	16.06370578
svr_vietnam	2025-01-13	105.7791327	10.0354671
svr_vietnam	2025-01-04	108.4381004267	11.7387497756
svr_vietnam	2026-08-02	105.38975	21.397579
svr_vietnam	2026-06-06	108.033408918	16.0290684405
svr_vietnam	2024-09-24	105.6713088623	18.7321564356
svr_vietnam	2026-08-13	105.7948824763	21.3090177789
svr_vietnam	2026-08-13	105.7991265	21.2983488
svr_vietnam	2026-08-13	105.7987597	21.3074418
svr_vietnam	2026-08-13	105.7991235	21.3060557
svr_vietnam	2026-08-13	105.8042629	21.3043784
svr_vietnam	2026-08-13	105.7929583266	21.303760756
svr_vietnam	2026-08-13	105.793360658	21.3039575463
svr_vietnam	2026-08-13	105.7936201617	21.3096221839
svr_vietnam	2026-08-13	105.7936037332	21.3085626774
svr_vietnam	2026-08-08	105.8577480912	21.0417992707
svr_vietnam	2026-08-08	105.8572897688	21.0418671742
svr_vietnam	2026-08-08	105.8575368673	21.0411862602
svr_vietnam	2026-08-08	105.8575368673	21.0411862602
svr_vietnam	2026-08-08	105.8572897688	21.0418671742
svr_vietnam	2026-08-19	105.3823610768	21.0850484729
svr_vietnam	2026-08-19	105.3604139015	21.0664834428
svr_vietnam	2026-08-19	105.3650581464	21.071509263
svr_vietnam	2026-08-19	105.3625120595	21.0722591794
svr_vietnam	2026-08-19	105.3601397	21.0731052
svr_vietnam	2026-08-19	105.3620674834	21.0729521527
svr_vietnam	2026-08-19	105.3673427179	21.0736739051
svr_vietnam	2026-08-19	105.3673088551	21.0756489296
svr_vietnam	2026-08-19	105.3670934	21.0764551
svr_vietnam	2026-08-19	105.3670934	21.0764551
svr_vietnam	2026-08-19	105.3670934	21.0764551
svr_vietnam	2026-08-19	105.3694341704	21.083981411
svr_vietnam	2026-08-19	105.373734422	21.0850090565
svr_vietnam	2026-08-19	105.3616742	21.06192312
svr_vietnam	2026-08-19	105.3616742	21.06192312
svr_vietnam	2026-08-19	105.3614485636	21.0619808971
svr_vietnam	2026-08-19	105.3616742	21.06192312
svr_vietnam	2026-08-19	105.3618488833	21.0618250842
svr_vietnam	2026-08-19	105.3618488833	21.0618250842
svr_vietnam	2026-08-19	105.3618488833	21.0618250842
svr_vietnam	2026-08-19	105.3615890443	21.0619205118
svr_vietnam	2026-08-19	105.3618488833	21.0618250842
svr_vietnam	2026-08-19	105.3627016	21.060896
svr_vietnam	2026-08-19	105.3615890443	21.0619205118
svr_vietnam	2026-08-19	105.3615890443	21.0619205118
svr_vietnam	2026-08-19	105.3627016	21.060896
svr_vietnam	2026-08-19	105.3627016	21.060896
svr_vietnam	2026-08-19	105.3644278273	21.0740383777
svr_vietnam	2026-08-19	105.3644278273	21.0740383777
svr_vietnam	2026-08-19	105.3642605245	21.0733288284
svr_vietnam	2026-08-19	105.3644700721	21.074661577
svr_vietnam	2026-08-19	105.3690952063	21.0747788959
svr_vietnam	2026-08-19	105.3708946332	21.079021709
svr_vietnam	2026-08-26	105.3823714703	21.0850562937
svr_vietnam	2026-08-26	105.3696852922	21.0787288894
svr_vietnam	2026-08-26	105.3707682341	21.0779311406
svr_vietnam	2026-08-26	105.3652556241	21.0755128405
svr_vietnam	2026-08-26	105.3845343366	21.0846530572
svr_vietnam	2026-08-26	105.36349524	21.07355217
svr_vietnam	2026-08-26	105.3623356	21.0609297
svr_vietnam	2026-08-26	105.3623356	21.0609297
svr_vietnam	2026-08-26	105.3619696	21.0613263
svr_vietnam	2026-08-26	105.3616135195	21.0616861666
svr_vietnam	2026-08-26	105.3614022955	21.0618150721
svr_vietnam	2026-08-26	105.3611712903	21.0619999826
svr_vietnam	2026-08-26	105.3612883016	21.0620372149
svr_vietnam	2026-08-26	105.361722149	21.0614727838
svr_vietnam	2016-05-16	105.362024568	21.0620775761
svr_vietnam	2016-05-16	105.3616333008	21.0615284761
svr_vietnam	2016-05-16	105.362024568	21.0620775761
svr_vietnam	2016-05-16	105.362024568	21.0620775761
svr_vietnam	2026-08-26	105.3639359772	21.0700435206
svr_vietnam	2026-08-26	105.3708480299	21.0771427728
svr_vietnam	2026-08-26	105.3711410612	21.0781814152
svr_vietnam	2026-08-26	105.3711779416	21.0782008114
svr_vietnam	2026-08-26	105.3689882532	21.0787939605
svr_vietnam	2026-08-26	105.3605057	21.0817792
svr_vietnam	2026-08-26	105.3641655	21.0843443
svr_vietnam	2026-08-26	105.3608717	21.0821083
svr_vietnam	2026-08-26	105.3733153	21.0842258
svr_vietnam	2026-08-26	105.3701711074	21.083877864
svr_vietnam	2026-08-26	105.3700574487	21.0804154101
svr_vietnam	2026-08-26	105.3685872629	21.0863329414
svr_vietnam	2026-08-26	105.3627016	21.060896
svr_vietnam	2026-08-26	105.3648392111	21.0727409761
svr_vietnam	2026-09-05	105.59679143	21.4732022
svr_vietnam	2026-09-05	105.6102808	21.4791201
svr_vietnam	2026-09-05	105.6102808	21.4791201
svr_vietnam	2026-09-05	105.6099143	21.4758917
svr_vietnam	2026-09-05	105.6075299	21.4759017
svr_vietnam	2026-09-05	105.6110138	21.4794129
svr_vietnam	2026-09-05	105.6080818	21.4760661
svr_vietnam	2026-09-05	105.614967607	21.481695853
svr_vietnam	2026-09-05	105.6128463	21.4810513
svr_vietnam	2026-09-05	105.5806338	21.4667245
svr_vietnam	2026-09-05	105.5915371701	21.4702470753
svr_vietnam	2026-09-05	105.610688813	21.479525662
svr_vietnam	2026-09-05	105.6106271222	21.4791197615
svr_vietnam	2026-09-05	105.6010865048	21.473998954
svr_vietnam	2026-09-05	105.6014502794	21.4739821059
svr_vietnam	2026-09-05	105.6014479	21.4740428
svr_vietnam	2026-09-05	105.6056744233	21.4747424542
svr_vietnam	2026-08-29	105.3847367	21.4046426
svr_vietnam	2026-09-05	105.5820086	21.4684112
svr_vietnam	2026-09-09	105.6003856	21.4742602
lynetteclennell	2018-04-27	114.1350173	22.2000056
lynetteclennell	2020-04-12	113.5763888889	22.1269444444
lynetteclennell	2020-05-10	113.5605555556	22.1227777778
lynetteclennell	2020-05-09	113.563922	22.126089
lynetteclennell	2020-08-04	113.5605555556	22.1194444444
lynetteclennell	2020-08-04	113.5577777778	22.1225
lynetteclennell	2020-08-04	113.5605555556	22.1194444444
lynetteclennell	2020-08-04	113.5608333333	22.1194444444
lynetteclennell	2020-08-04	113.5608333333	22.1194444444
lynetteclennell	2020-08-09	113.5519444444	22.1372222222
lynetteclennell	2020-08-06	113.5755555556	22.1291666667
lynetteclennell	2020-07-30	113.5544444444	22.1216666667
lynetteclennell	2020-05-24	113.5513888889	22.1183333333
lynetteclennell	2020-05-24	113.5544444444	22.1122222222
lynetteclennell	2020-02-18	113.5711111111	22.1341666667
lynetteclennell	2020-03-22	113.5908333333	22.13
lynetteclennell	2020-03-14	113.5505555556	22.1977777778
lynetteclennell	2020-03-13	113.5625	22.1230555556
lynetteclennell	2020-04-29	113.5513888889	22.1183333333
lynetteclennell	2020-05-17	113.5769444444	22.1280555556
lynetteclennell	2020-04-07	113.5597222222	22.1208333333
lynetteclennell	2020-03-23	113.5591666667	22.1608333333
lynetteclennell	2019-06-29	113.563922	22.126089
lynetteclennell	2019-06-20	113.5630645556	22.1229476667
lynetteclennell	2020-07-16	113.5716666667	22.1225
lynetteclennell	2020-07-11	113.5605555556	22.1186111111
lynetteclennell	2020-07-11	113.563922	22.126089
lynetteclennell	2020-07-10	113.5741666667	22.1286111111
lynetteclennell	2020-06-29	113.5588888889	22.1183333333
lynetteclennell	2020-06-29	113.5561111111	22.1172222222
lynetteclennell	2020-07-05	113.5569444444	22.1208333333
lynetteclennell	2020-07-05	113.563922	22.126089
lynetteclennell	2020-07-22	113.5611111111	22.1236111111
lynetteclennell	2020-05-24	113.5497222222	22.1141666667
lynetteclennell	2020-04-29	113.5530555556	22.1208333333
lynetteclennell	2020-04-27	113.5513888889	22.1183333333
lynetteclennell	2020-04-27	113.5513888889	22.1183333333
lynetteclennell	2020-05-16	113.5513888889	22.1183333333
lynetteclennell	2020-05-10	113.5644444444	22.1238888889
lynetteclennell	2018-05-20	113.58	22.1344444444
lynetteclennell	2020-05-10	113.5627777778	22.1197222222
lynetteclennell	2020-05-02	113.5513888889	22.1183333333
lynetteclennell	2020-04-12	113.5591666667	22.1183333333
lynetteclennell	2019-10-05	113.5652777778	22.1241666667
lynetteclennell	2019-04-28	113.563856	22.119665
lynetteclennell	2019-05-18	113.57438	22.146272
lynetteclennell	2019-05-11	113.562882	22.118505
lynetteclennell	2019-05-18	113.543873	22.198745
lynetteclennell	2018-06-20	113.5641666667	22.1541666667
lynetteclennell	2018-06-16	113.5702777778	22.1275
lynetteclennell	2018-04-24	113.5616666667	22.1572222222
lynetteclennell	2018-06-23	113.5625	22.1794444444
lynetteclennell	2018-01-14	113.5672222222	22.1255555556
lynetteclennell	2019-05-11	113.563922	22.126089
lynetteclennell	2018-06-10	113.5519444444	22.1975
lynetteclennell	2018-07-01	113.5716666667	22.1258333333
lynetteclennell	2017-10-23	113.5655555556	22.1558333333
lynetteclennell	2020-08-09	113.5519444444	22.1422222222
lynetteclennell	2020-03-14	113.55	22.1977777778
lynetteclennell	2020-01-24	20.4263888889	-34.0486111111
lynetteclennell	2020-01-25	18.4619444444	-34.3052777778
lynetteclennell	2020-01-24	20.4483333333	-34.0722222222
lynetteclennell	2017-12-28	19.3608333333	-32.5513888889
lynetteclennell	2017-09-24	113.5666666667	22.16
lynetteclennell	2019-10-01	98.8955555556	18.9205555556
lynetteclennell	2019-10-01	98.8869444444	18.9211111111
lynetteclennell	2019-10-01	98.885	18.9205555556
lynetteclennell	2019-02-13	116.050255	5.859775
lynetteclennell	2019-02-14	116.0502548	5.8597748
lynetteclennell	2019-02-13	116.0693279	5.8494915
lynetteclennell	2019-02-13	116.0502548	5.8597748
lynetteclennell	2019-02-13	116.0734568	5.980408
lynetteclennell	2019-02-13	116.0502548	5.8597748
lynetteclennell	2019-02-15	116.0007493	5.9758774
lynetteclennell	2019-02-10	116.5783072	5.986033
lynetteclennell	2019-02-10	116.5783072	5.986033
lynetteclennell	2019-02-05	116.0734568	5.980408
lynetteclennell	2019-02-04	116.0734568	5.980408
lynetteclennell	2019-02-09	116.5783072	5.986033
lynetteclennell	2019-02-07	116.5783072	5.986033
lynetteclennell	2019-02-09	116.5783072	5.986033
lynetteclennell	2019-02-12	116.5783072	5.986033
lynetteclennell	2019-02-12	116.5783072	5.986033
lynetteclennell	2019-02-10	116.5783072	5.986033
lynetteclennell	2019-02-10	116.5783072	5.986033
lynetteclennell	2019-02-07	116.5783072	5.986033
lynetteclennell	2019-02-09	116.5783072	5.986033
lynetteclennell	2019-02-07	116.5783072	5.986033
lynetteclennell	2019-02-06	116.5783072	5.986033
lynetteclennell	2019-02-05	116.0734568	5.980408
lynetteclennell	2019-02-05	116.0734568	5.980408
lynetteclennell	2019-02-05	116.0734568	5.980408
lynetteclennell	2019-02-05	116.0734568	5.980408
lynetteclennell	2019-02-13	116.5783072	5.986033
lynetteclennell	2019-02-11	116.5783072	5.986033
lynetteclennell	2019-02-10	116.5783072	5.986033
lynetteclennell	2019-02-10	116.5783072	5.986033
lynetteclennell	2019-02-10	116.5783072	5.986033
lynetteclennell	2019-02-10	116.5783072	5.986033
lynetteclennell	2019-02-10	116.5783072	5.986033
lynetteclennell	2019-02-10	116.5783072	5.986033
lynetteclennell	2019-02-10	116.5783072	5.986033
lynetteclennell	2019-02-10	116.5783072	5.986033
lynetteclennell	2019-02-09	116.5783072	5.986033
lynetteclennell	2019-02-09	116.5783072	5.986033
lynetteclennell	2019-02-09	116.5783072	5.986033
lynetteclennell	2019-02-09	116.5783072	5.986033
lynetteclennell	2019-02-09	116.5783072	5.986033
lynetteclennell	2019-02-09	116.5783072	5.986033
lynetteclennell	2019-02-09	116.5783072	5.986033
lynetteclennell	2019-02-08	116.5783072	5.986033
lynetteclennell	2019-02-08	116.5783072	5.986033
lynetteclennell	2019-02-08	116.5783072	5.986033
lynetteclennell	2019-02-08	116.5783072	5.986033
lynetteclennell	2019-02-07	116.5783072	5.986033
lynetteclennell	2019-02-07	116.5783072	5.986033
lynetteclennell	2019-02-07	116.5783072	5.986033
lynetteclennell	2019-02-07	116.5783072	5.986033
lynetteclennell	2019-02-07	116.5783072	5.986033
lynetteclennell	2019-02-06	116.5783072	5.986033
lynetteclennell	2019-02-06	116.5783072	5.986033
lynetteclennell	2019-02-06	116.5783072	5.986033
lynetteclennell	2019-02-06	116.5783072	5.986033
lynetteclennell	2019-04-20	98.3380884	7.9519331
lynetteclennell	2019-04-14	98.3380884	7.9519331
lynetteclennell	2019-04-14	98.3380884	7.9519331
lynetteclennell	2019-04-19	98.541855	8.911049
lynetteclennell	2019-04-19	98.525346	8.912459
lynetteclennell	2019-04-19	98.5316717354	8.912615935
lynetteclennell	2019-04-18	98.5282385078	8.9108352494
lynetteclennell	2019-04-17	98.5284530846	8.9124039491
lynetteclennell	2019-04-16	98.5288393227	8.9121071686
lynetteclennell	2019-04-16	98.528882238	8.912191963
lynetteclennell	2019-04-16	98.5296547142	8.9127007294
lynetteclennell	2019-04-15	98.5272514549	8.911683196
lynetteclennell	2019-04-15	98.5287964073	8.9109624415
lynetteclennell	2019-04-15	98.5287105766	8.910792852
lynetteclennell	2019-10-01	98.8872222222	18.9202777778
lynetteclennell	2019-09-30	98.9038888889	18.9072222222
lynetteclennell	2019-10-01	98.8955555556	18.9205555556
lynetteclennell	2019-09-30	98.9013052507	18.9062797982
lynetteclennell	2019-09-30	98.9011335893	18.907290614
lynetteclennell	2019-09-30	98.897614531	18.9184145919
lynetteclennell	2019-09-30	98.90121942	18.9056666138
lynetteclennell	2019-09-30	98.9036111111	18.9072222222
lynetteclennell	2019-09-30	98.9038888889	18.9072222222
lynetteclennell	2019-09-30	98.9036111111	18.9072222222
lynetteclennell	2019-09-29	98.8982153459	18.9043856132
lynetteclennell	2019-09-28	98.9083333333	18.9183333333
lynetteclennell	2019-09-28	98.9083333333	18.9183333333
lynetteclennell	2019-09-28	98.9044444444	18.9091666667
lynetteclennell	2019-09-28	98.9036111111	18.9072222222
lynetteclennell	2019-09-28	98.8989878221	18.907155535
lynetteclennell	2019-09-28	98.9038888889	18.9075
lynetteclennell	2020-07-29	113.5713888889	22.1591666667
lynetteclennell	2020-06-27	113.563922	22.1260891
lynetteclennell	2017-09-24	113.5675	22.1591666667
lynetteclennell	2019-11-17	113.9911111111	22.2536111111
lynetteclennell	2019-11-16	113.9936111111	22.2405555556
lynetteclennell	2019-11-16	113.9969444444	22.2322222222
lynetteclennell	2019-10-27	113.9141666667	22.2191666667
lynetteclennell	2019-10-26	113.9788888889	22.2386111111
lynetteclennell	2019-10-26	113.9972222222	22.2263888889
lynetteclennell	2019-10-26	113.9866666667	22.2183333333
lynetteclennell	2019-10-26	113.9841666667	22.2225
lynetteclennell	2019-06-09	113.941751	22.2664984
lynetteclennell	2019-06-08	113.9418856343	22.2567623503
lynetteclennell	2019-06-08	113.9514986714	22.2351541072
lynetteclennell	2019-06-08	113.9267794331	22.2364252726
lynetteclennell	2019-06-08	113.9226595601	22.2618461583
lynetteclennell	2019-06-07	113.915793105	22.2478652421
lynetteclennell	2019-03-09	113.9053189	22.2560986
lynetteclennell	2019-03-09	113.9251035324	22.2644339064
lynetteclennell	2018-10-17	113.9313511328	22.2700057571
lynetteclennell	2018-10-16	113.9176182226	22.2611094906
lynetteclennell	2017-12-18	113.8669444444	22.2530555556
lynetteclennell	2017-10-28	114.0038888889	22.2738888889
lynetteclennell	2017-10-27	113.9966666667	22.2580555556
lynetteclennell	2019-03-30	113.543873	22.198745
lynetteclennell	2019-04-06	114.1234149	22.3704243
lynetteclennell	2019-04-06	114.1234149	22.3704243
lynetteclennell	2019-04-06	114.0415559763	22.2757824217
lynetteclennell	2019-04-06	114.1234149	22.3704243
lynetteclennell	2019-04-06	114.1234149	22.3704243
lynetteclennell	2019-04-05	114.1234149	22.3704243
lynetteclennell	2018-04-29	114.1272222222	22.2152777778
lynetteclennell	2018-04-29	114.1461111111	22.2027777778
lynetteclennell	2018-04-29	114.1444444444	22.2011111111
lynetteclennell	2018-04-29	114.1405555556	22.1994444444
lynetteclennell	2018-04-28	114.1396594854	22.1970392952
lynetteclennell	2018-04-28	114.1416666667	22.1958333333
lynetteclennell	2018-04-28	114.1314197393	22.2062574877
lynetteclennell	2018-04-27	114.1322222222	22.2066666667
lynetteclennell	2018-04-27	114.1319444444	22.2066666667
lynetteclennell	2018-04-27	114.1363888889	22.1963888889
lynetteclennell	2018-04-26	114.1311111111	22.2038888889
lynetteclennell	2018-04-26	114.1252777778	22.2061111111
lynetteclennell	2018-04-26	114.1258333333	22.2044444444
lynetteclennell	2018-04-26	114.1286111111	22.2036111111
lynetteclennell	2018-04-26	114.13	22.2016666667
lynetteclennell	2018-04-25	114.1369444444	22.1955555556
lynetteclennell	2018-07-21	12.1211111111	45.9594444444
lynetteclennell	2019-08-14	12.1329627696	45.9756609602
lynetteclennell	2019-08-13	12.1281562511	45.956093628
lynetteclennell	2019-08-13	12.1243797008	45.9422483888
lynetteclennell	2018-08-10	12.1227777778	45.9605555556
lynetteclennell	2018-08-10	12.1216666667	45.9602777778
lynetteclennell	2018-08-06	12.1213888889	45.9597222222
lynetteclennell	2018-08-04	12.1341666667	45.9688888889
lynetteclennell	2018-08-02	12.1247222222	45.9425
lynetteclennell	2018-07-28	12.1391666667	45.9777777778
lynetteclennell	2018-07-28	12.1286984223	45.9580728247
lynetteclennell	2018-07-28	12.1455555556	45.9786111111
lynetteclennell	2018-07-21	12.1308333333	45.9694444444
lynetteclennell	2018-07-21	12.1211111111	45.9594444444
lynetteclennell	2018-07-20	12.1555555556	45.9561111111
lynetteclennell	2018-07-20	12.1591666667	45.9577777778
lynetteclennell	2020-08-12	113.5516666667	22.1161111111
lynetteclennell	2019-08-16	12.118912	45.952778
lynetteclennell	2019-08-14	12.1191004907	45.9519785968
lynetteclennell	2020-01-28	18.9858333333	-33.9977777778
lynetteclennell	2020-01-28	18.9780555556	-33.9922222222
lynetteclennell	2019-02-04	116.0734568	5.980408
lynetteclennell	2019-02-04	116.0627397405	5.978528061
lynetteclennell	2019-02-15	116.0007493	5.9758774
lynetteclennell	2019-02-15	116.0007493	5.9758774
lynetteclennell	2019-10-01	98.9025	18.9175
lynetteclennell	2018-08-13	11.7833333	46.3833333
lynetteclennell	2018-08-13	11.7854100658	46.3830138479
lynetteclennell	2018-08-19	12.4255437	46.0648254
lynetteclennell	2018-08-19	12.4255437	46.0648254
lynetteclennell	2018-08-19	12.4215584613	46.098525239
lynetteclennell	2018-08-15	12.4311714984	46.0851918758
lynetteclennell	2020-03-13	113.543873	22.198745
lynetteclennell	2019-05-11	113.543873	22.198745
lynetteclennell	2019-03-30	113.543873	22.198745
lynetteclennell	2018-07-08	113.565	22.125
lynetteclennell	2018-07-08	113.5636111111	22.1233333333
lynetteclennell	2018-06-20	113.5666666667	22.1625
lynetteclennell	2020-07-12	113.5647222222	22.155
lynetteclennell	2020-07-04	113.5536111111	22.1219444444
lynetteclennell	2020-04-17	113.563922	22.1260891
lynetteclennell	2019-09-23	113.563922	22.1596848
lynetteclennell	2019-10-12	113.5736111111	22.1305555556
lynetteclennell	2020-05-10	113.5638888889	22.1213888889
lynetteclennell	2020-04-19	113.5625	22.1230555556
lynetteclennell	2020-04-12	113.5591666667	22.1183333333
lynetteclennell	2020-04-02	113.5513888889	22.1183333333
lynetteclennell	2019-11-03	113.5627777778	22.1230555556
lynetteclennell	2019-07-06	113.5497176	22.1964155
lynetteclennell	2019-06-15	113.5613889	22.1205556
lynetteclennell	2019-05-12	113.5497176	22.1964155
lynetteclennell	2019-05-12	113.543873	22.198745
lynetteclennell	2018-07-08	113.565	22.1247222222
lynetteclennell	2018-07-01	113.5744444444	22.1288888889
lynetteclennell	2018-06-20	113.5641666667	22.1541666667
lynetteclennell	2018-06-16	113.5752777778	22.1322222222
lynetteclennell	2018-05-20	113.5716666667	22.1336111111
lynetteclennell	2018-05-05	113.5522222222	22.1980555556
lynetteclennell	2020-06-30	113.5783333333	22.1291666667
lynetteclennell	2020-04-23	113.5694444444	22.1119444444
lynetteclennell	2020-04-23	113.5694444444	22.1119444444
lynetteclennell	2020-04-23	113.5694444444	22.1119444444
lynetteclennell	2020-04-23	113.5694444444	22.1119444444
lynetteclennell	2020-04-07	113.5630555556	22.1211111111
lynetteclennell	2020-02-28	113.5658333	22.1586111
lynetteclennell	2020-03-05	113.563922	22.1596848
lynetteclennell	2018-05-22	113.563922	22.1596848
lynetteclennell	2020-04-08	113.563922	22.1260891
lynetteclennell	2020-05-04	113.563922	22.1260891
lynetteclennell	2020-04-22	113.563922	22.1260891
lynetteclennell	2020-06-30	113.563922	22.1260891
lynetteclennell	2020-06-22	113.563922	22.1260891
lynetteclennell	2020-06-30	113.563922	22.1260891
lynetteclennell	2020-08-09	113.563922	22.1260891
lynetteclennell	2020-08-08	113.563922	22.1260891
lynetteclennell	2019-05-25	113.5457795	22.130002
lynetteclennell	2020-04-22	113.543873	22.198745
lynetteclennell	2019-10-12	113.5738888889	22.1244444444
lynetteclennell	2020-06-28	113.5513888889	22.1166666667
lynetteclennell	2019-04-15	98.5284041	8.9154549
lynetteclennell	2019-04-15	98.5284041	8.9154549
lynetteclennell	2019-04-15	98.5283946991	8.9154714638
lynetteclennell	2019-04-15	98.5283946991	8.9154714638
lynetteclennell	2019-04-15	98.5284705767	8.9161002467
lynetteclennell	2019-04-15	98.5283946991	8.9154714638
lynetteclennell	2019-04-16	98.5283946991	8.9154714638
lynetteclennell	2019-04-16	98.5283946991	8.9154714638
lynetteclennell	2019-04-16	98.5283946991	8.9154714638
lynetteclennell	2019-04-17	98.5283946991	8.9154714638
lynetteclennell	2019-04-17	98.5283946991	8.9154714638
lynetteclennell	2019-04-18	98.5283946991	8.9154714638
lynetteclennell	2019-04-18	98.5283946991	8.9154714638
lynetteclennell	2019-04-19	98.5283946991	8.9154714638
lynetteclennell	2019-04-19	98.5283946991	8.9154714638
lynetteclennell	2019-04-19	98.5283946991	8.9154714638
lynetteclennell	2019-04-19	98.5283946991	8.9154714638
lynetteclennell	2019-04-19	98.5283946991	8.9154714638
lynetteclennell	2019-04-19	98.5283946991	8.9154714638
lynetteclennell	2019-04-19	98.5283946991	8.9154714638
lynetteclennell	2020-08-14	113.5639220104	22.1260892096
lynetteclennell	2020-08-14	113.5639220104	22.1260892096
lynetteclennell	2020-08-14	113.5639220104	22.1260892096
lynetteclennell	2020-08-14	113.5639220104	22.1260892096
lynetteclennell	2020-08-15	113.5825	22.1325
lynetteclennell	2020-08-15	113.5825	22.1325
lynetteclennell	2020-08-15	113.5822222222	22.1322222222
lynetteclennell	2020-08-15	113.58173	22.132087
lynetteclennell	2020-08-15	113.58173	22.132087
lynetteclennell	2020-08-15	113.58173	22.132087
lynetteclennell	2020-08-15	113.58173	22.132087
lynetteclennell	2020-08-15	113.5911111111	22.1291666667
lynetteclennell	2020-08-15	113.5889613652	22.128278837
lynetteclennell	2020-08-15	113.5913888889	22.1294444444
lynetteclennell	2020-08-15	113.5881459736	22.1279776029
lynetteclennell	2020-08-15	113.5902777778	22.1286111111
lynetteclennell	2020-08-15	113.5897338414	22.1283040388
lynetteclennell	2020-08-15	113.59	22.1283333333
lynetteclennell	2020-08-15	113.5894334339	22.1280655127
lynetteclennell	2020-08-16	113.5513888889	22.1183333333
lynetteclennell	2020-08-16	113.563922	22.1260891
lynetteclennell	2020-08-16	113.563922	22.1260891
lynetteclennell	2020-08-16	113.5652777778	22.1177777778
lynetteclennell	2020-08-16	113.5594924628	22.1153705619
lynetteclennell	2020-08-16	113.5608657538	22.1191872746
lynetteclennell	2020-08-16	113.560522431	22.1214136427
lynetteclennell	2020-08-16	113.5627777778	22.1127777778
lynetteclennell	2020-08-16	113.563922	22.1260891
lynetteclennell	2020-08-16	113.5663589179	22.1277745004
lynetteclennell	2020-08-16	113.5667022406	22.1271384276
lynetteclennell	2020-07-05	113.563922	22.1260891
lynetteclennell	2020-06-30	113.5599269754	22.1260773105
lynetteclennell	2017-10-25	113.5472222222	22.1605555556
lynetteclennell	2017-09-10	113.5466666667	22.1591666667
lynetteclennell	2018-07-01	113.5588888889	22.1258333333
lynetteclennell	2020-03-25	113.5572222222	22.2116666667
lynetteclennell	2019-11-20	113.5586111111	22.1602777778
lynetteclennell	2019-04-26	113.563922	22.1596848
lynetteclennell	2018-09-29	113.5463889	22.1997222
lynetteclennell	2018-04-05	113.5519444444	22.1319444444
lynetteclennell	2017-09-24	113.5583333333	22.1527777778
lynetteclennell	2018-08-16	12.1177103704	45.9608930524
lynetteclennell	2018-08-16	12.118912	45.952778
lynetteclennell	2018-08-16	12.1212060221	45.9528030173
lynetteclennell	2019-10-06	113.5391666667	22.2002777778
lynetteclennell	2018-03-10	113.5405555556	22.1963888889
lynetteclennell	2020-07-26	113.5634745868	22.1237026676
lynetteclennell	2020-07-15	113.5477067615	22.2089717691
lynetteclennell	2020-06-21	113.5322222222	22.1833333333
lynetteclennell	2020-06-21	113.5715112767	22.1316522965
lynetteclennell	2020-02-26	113.5625	22.1230555556
lynetteclennell	2019-05-12	113.5646150867	22.1572561334
lynetteclennell	2018-06-16	113.5738888889	22.135
lynetteclennell	2017-09-29	113.5561111111	22.1611111111
lynetteclennell	2020-02-26	113.5630555556	22.1230555556
lynetteclennell	2019-10-12	113.5738888889	22.1244444444
lynetteclennell	2020-05-22	113.563922	22.1260891
lynetteclennell	2020-05-02	113.563922	22.1260891
lynetteclennell	2019-10-12	113.5905905743	22.1291615604
lynetteclennell	2020-05-10	113.563922	22.1260891
lynetteclennell	2018-10-24	113.563922	22.1596848
lynetteclennell	2018-10-15	113.941751	22.2664984
lynetteclennell	2019-03-18	113.5486373889	22.1635245833
lynetteclennell	2019-05-02	113.563922	22.1260891
lynetteclennell	2020-05-02	113.5476029568	22.1610369146
lynetteclennell	2019-04-27	113.563922	22.1260891
lynetteclennell	2019-05-30	113.563922	22.1260891
lynetteclennell	2020-04-02	113.5622053758	22.1223069666
lynetteclennell	2019-07-05	113.563922	22.1596848
lynetteclennell	2019-11-27	113.5616378611	22.1206931944
lynetteclennell	2019-01-19	113.563235344	22.1607855243
lynetteclennell	2019-06-30	113.5317574719	22.1864703969
lynetteclennell	2019-05-30	113.563922	22.1260891
lynetteclennell	2019-05-18	113.5656386033	22.124215242
lynetteclennell	2019-06-28	113.563922	22.1596848
lynetteclennell	2019-11-01	113.563922	22.1260891
lynetteclennell	2019-07-10	113.563922	22.1596848
lynetteclennell	2020-05-10	113.564608635	22.1191264503
lynetteclennell	2020-06-23	113.5670118943	22.1598316376
lynetteclennell	2019-06-01	113.5543089524	22.1194445051
lynetteclennell	2020-05-28	113.5513888889	22.1183333333
lynetteclennell	2019-04-24	113.5622053758	22.1569699388
lynetteclennell	2019-03-30	113.5652952805	22.1582418121
lynetteclennell	2019-04-24	113.5601454392	22.1566519686
lynetteclennell	2019-04-27	113.560488762	22.1598316376
lynetteclennell	2020-08-17	113.5466348259	22.1618713549
lynetteclennell	2020-08-17	113.5471712677	22.1620502065
lynetteclennell	2020-08-17	113.5471283523	22.1619707169
lynetteclennell	2020-08-17	113.5460983841	22.1618514824
lynetteclennell	2020-08-17	113.5498749344	22.161354671
lynetteclennell	2020-08-17	113.5491666667	22.1633333333
lynetteclennell	2020-08-17	113.5491666667	22.1636111111
lynetteclennell	2020-08-17	113.5494996493	22.1610963284
lynetteclennell	2020-08-17	113.5458333333	22.1619444444
lynetteclennell	2020-08-17	113.5458333333	22.1616666667
lynetteclennell	2020-08-17	113.5502721255	22.1619905893
lynetteclennell	2020-08-17	113.5455555556	22.1611111111
lynetteclennell	2020-08-17	113.5455555556	22.1608333333
lynetteclennell	2020-08-17	113.545	22.1594444444
lynetteclennell	2020-08-17	113.5494836688	22.1608379853
lynetteclennell	2018-07-22	12.1602777778	46.0005555556
lynetteclennell	2018-07-22	12.1355083676	45.9935774146
lynetteclennell	2018-07-22	12.1389415951	45.9883297322
lynetteclennell	2018-07-22	12.1583333333	46.0086111111
lynetteclennell	2018-07-22	12.1588888889	46.0102777778
lynetteclennell	2018-07-28	12.1419444444	45.9877777778
lynetteclennell	2018-07-29	12.118912	45.952778
lynetteclennell	2020-08-18	113.5522222222	22.1180555556
lynetteclennell	2020-08-18	113.5638888889	22.1225
lynetteclennell	2020-08-18	113.5633333333	22.1225
lynetteclennell	2020-08-18	113.5632705688	22.1226972649
lynetteclennell	2020-08-18	113.5641666667	22.1238888889
lynetteclennell	2020-08-18	113.5633333333	22.1238888889
lynetteclennell	2020-08-18	113.5619444444	22.1238888889
lynetteclennell	2020-08-18	113.5632705688	22.1226972649
lynetteclennell	2020-08-18	113.5632705688	22.1226972649
lynetteclennell	2020-08-18	113.5632705688	22.1226972649
lynetteclennell	2020-07-08	113.563922	22.1260891
lynetteclennell	2020-08-18	113.5516666667	22.1183333333
lynetteclennell	2020-08-19	113.5513888889	22.1180555556
lynetteclennell	2020-08-19	113.5513888889	22.1183333333
lynetteclennell	2020-08-20	113.5591666667	22.1183333333
lynetteclennell	2020-08-20	113.5640842761	22.122911626
lynetteclennell	2020-08-20	113.5616666667	22.1191666667
lynetteclennell	2020-08-20	113.5616666667	22.1208333333
lynetteclennell	2020-08-20	113.5633333333	22.1216666667
lynetteclennell	2020-08-20	113.5641666667	22.1238888889
lynetteclennell	2020-08-20	113.5644444444	22.1238888889
lynetteclennell	2020-08-20	113.5594444444	22.1236111111
lynetteclennell	2020-08-20	113.5594444444	22.1236111111
lynetteclennell	2020-08-20	113.5513888889	22.1183333333
lynetteclennell	2020-08-20	113.5513888889	22.1183333333
lynetteclennell	2020-08-21	113.56	22.1197222222
lynetteclennell	2020-08-21	113.5566666667	22.1213888889
lynetteclennell	2020-08-21	113.5566666667	22.1211111111
lynetteclennell	2020-08-21	113.5555555556	22.1213888889
lynetteclennell	2020-08-21	113.5591666667	22.1222222222
lynetteclennell	2020-08-21	113.5597222222	22.1222222222
lynetteclennell	2020-08-21	113.5630555556	22.1236111111
lynetteclennell	2020-08-21	113.5638888889	22.1236111111
lynetteclennell	2020-08-21	113.5638888889	22.1238888889
lynetteclennell	2020-08-21	113.5652777778	22.1238888889
lynetteclennell	2020-08-21	113.5566845743	22.1209175732
lynetteclennell	2020-08-21	113.5569849817	22.1209970859
lynetteclennell	2020-08-21	113.5655555556	22.1252777778
lynetteclennell	2020-08-21	113.5719444444	22.1225
lynetteclennell	2020-08-21	113.5602777778	22.1180555556
lynetteclennell	2019-11-05	113.5561980833	22.1610469722
lynetteclennell	2019-11-27	113.563922	22.1260891
lynetteclennell	2019-05-18	113.563922	22.1260891
lynetteclennell	2020-04-09	113.563922	22.1260891
lynetteclennell	2019-11-10	113.5561111111	22.1611111111
lynetteclennell	2020-05-03	113.563922	22.1596848
lynetteclennell	2019-05-01	113.563922	22.1596848
lynetteclennell	2019-04-28	113.563922	22.1596848
lynetteclennell	2020-05-10	113.5563888889	22.1188888889
lynetteclennell	2020-04-26	113.5712879	22.1217451
lynetteclennell	2020-07-03	113.563922	22.1260891
lynetteclennell	2020-06-24	113.563922	22.1260891
lynetteclennell	2020-06-23	113.563922	22.1260891
lynetteclennell	2019-03-12	113.5654906944	22.1258811944
lynetteclennell	2020-06-30	113.5686111111	22.1325
lynetteclennell	2019-03-08	113.5497970278	22.1638374167
lynetteclennell	2018-11-24	113.5584487778	22.1184920833
lynetteclennell	2019-06-22	113.5895843333	22.1275825278
lynetteclennell	2019-03-08	113.5440215556	22.1585655
lynetteclennell	2020-08-23	113.5505555556	22.12
lynetteclennell	2020-08-23	113.5522222222	22.1208333333
lynetteclennell	2020-08-23	113.550339969	22.1199093621
lynetteclennell	2020-08-23	113.5550329065	22.1143515817
lynetteclennell	2020-08-23	113.554915101	22.1141726695
lynetteclennell	2020-08-23	113.5552777778	22.1152777778
lynetteclennell	2020-08-23	113.5555555556	22.1144444444
lynetteclennell	2020-08-23	113.5547222222	22.1144444444
lynetteclennell	2020-08-23	113.5556122637	22.1144310982
lynetteclennell	2020-08-23	113.5558333333	22.1127777778
lynetteclennell	2020-08-24	113.5513888889	22.1183333333
lynetteclennell	2020-08-24	113.5639220104	22.1260892096
lynetteclennell	2020-08-24	113.5639220104	22.1260892096
lynetteclennell	2020-08-24	113.5639220104	22.1260892096
lynetteclennell	2020-08-24	113.5600552708	22.124324452
lynetteclennell	2020-08-24	113.5639220104	22.1260892096
lynetteclennell	2020-08-25	113.5639220104	22.1260892096
lynetteclennell	2020-08-25	113.5639220104	22.1260892096
lynetteclennell	2020-08-25	113.5639220104	22.1260892096
lynetteclennell	2020-08-25	113.5639220104	22.1260892096
lynetteclennell	2020-08-25	113.5639220104	22.1260892096
lynetteclennell	2020-08-26	113.5613695307	22.1576945833
lynetteclennell	2020-08-26	113.5615523993	22.1546930013
lynetteclennell	2020-08-26	113.5653289496	22.159780508
lynetteclennell	2020-08-26	113.5632690131	22.1550109758
lynetteclennell	2020-08-26	113.5663589179	22.1566008378
lynetteclennell	2020-08-26	113.5612090765	22.1562828669
lynetteclennell	2020-08-26	113.5612090765	22.1537390733
lynetteclennell	2020-08-26	113.5649856268	22.1566008378
lynetteclennell	2020-08-26	113.5618957221	22.1562828669
lynetteclennell	2020-08-26	113.5632690131	22.1562828669
lynetteclennell	2020-08-27	113.5639220104	22.1260892096
lynetteclennell	2020-08-28	113.5513888889	22.1183333333
lynetteclennell	2020-08-28	113.5513888889	22.1183333333
lynetteclennell	2020-08-28	113.5513888889	22.1183333333
lynetteclennell	2020-08-28	113.563922	22.1260891
lynetteclennell	2020-08-28	113.5605574412	22.1246296189
lynetteclennell	2020-08-28	113.562274055	22.1217672045
lynetteclennell	2020-08-28	113.5605574412	22.1208130535
lynetteclennell	2020-08-28	113.5612440867	22.1214491549
lynetteclennell	2020-08-28	113.560900764	22.1208130535
lynetteclennell	2020-08-28	113.563922	22.1260891
lynetteclennell	2020-08-29	113.5541666667	22.1105555556
lynetteclennell	2020-08-29	113.5532688846	22.1110976613
lynetteclennell	2020-08-29	113.5516666667	22.1119444444
lynetteclennell	2020-08-29	113.563922	22.1260891
lynetteclennell	2020-08-29	113.5505660712	22.1144163811
lynetteclennell	2020-08-29	113.5505555556	22.1116666667
lynetteclennell	2020-08-29	113.5505555556	22.1116666667
lynetteclennell	2020-08-29	113.563922	22.1260891
lynetteclennell	2020-08-29	113.5553725897	22.1140983149
lynetteclennell	2020-08-29	113.55	22.1122222222
lynetteclennell	2020-08-29	113.5497222222	22.1125
lynetteclennell	2020-08-29	113.563922	22.1260891
lynetteclennell	2020-08-29	113.563922	22.1260891
lynetteclennell	2020-08-29	113.5497222222	22.1127777778
lynetteclennell	2020-08-29	113.5497222222	22.1127777778
lynetteclennell	2020-08-29	113.5497222222	22.1141666667
lynetteclennell	2020-08-29	113.5497222222	22.1138888889
lynetteclennell	2020-08-29	113.5497222222	22.1144444444
lynetteclennell	2020-08-29	113.55	22.1144444444
lynetteclennell	2020-08-29	113.5497222222	22.1144444444
lynetteclennell	2020-08-29	113.5494444444	22.1144444444
lynetteclennell	2020-08-29	113.5497222222	22.1147222222
lynetteclennell	2020-08-29	113.5497222222	22.1144444444
lynetteclennell	2020-08-29	113.5494444444	22.1147222222
lynetteclennell	2020-08-29	113.5494444444	22.1147222222
lynetteclennell	2020-08-29	113.5497222222	22.1144444444
lynetteclennell	2020-08-29	113.5497222222	22.1144444444
lynetteclennell	2020-08-29	113.55	22.1147222222
lynetteclennell	2020-08-29	113.55	22.1147222222
lynetteclennell	2020-08-29	113.55	22.1147222222
lynetteclennell	2020-08-29	113.55	22.1144444444
lynetteclennell	2020-08-29	113.5512527167	22.1134621803
lynetteclennell	2020-08-29	113.5512527167	22.1128260428
lynetteclennell	2020-08-29	113.5502777778	22.1147222222
lynetteclennell	2020-08-29	113.5511111111	22.1169444444
lynetteclennell	2020-08-29	113.5539992987	22.1153705754
lynetteclennell	2020-08-29	113.5513888889	22.1183333333
lynetteclennell	2020-08-29	113.5513888889	22.1183333333
lynetteclennell	2020-08-30	113.5583333333	22.1183333333
lynetteclennell	2020-08-30	113.5583333333	22.1183333333
lynetteclennell	2020-08-30	113.5584211349	22.1182644128
lynetteclennell	2020-08-30	113.5586111111	22.1183333333
lynetteclennell	2020-08-30	113.5586111111	22.1183333333
lynetteclennell	2020-08-30	113.5588765666	22.11836337
lynetteclennell	2020-08-30	113.5613888889	22.1191666667
lynetteclennell	2020-08-30	113.5627777778	22.1186111111
lynetteclennell	2020-08-30	113.5630555556	22.1180555556
lynetteclennell	2020-08-30	113.562910609	22.1181049485
lynetteclennell	2020-08-30	113.5586070678	22.1180449862
lynetteclennell	2020-08-30	113.5630313505	22.1181047308
lynetteclennell	2020-08-31	113.5680973489	22.159423953
lynetteclennell	2020-08-31	113.5680115182	22.159662426
lynetteclennell	2020-08-31	113.5686981637	22.1602188613
lynetteclennell	2020-08-31	113.5687839944	22.1601393707
lynetteclennell	2020-08-31	113.5675823648	22.1593444619
lynetteclennell	2020-08-31	113.5681831796	22.1591059884
lynetteclennell	2020-08-31	113.5686981637	22.1599803893
lynetteclennell	2020-08-31	113.5673248727	22.1599008985
lynetteclennell	2020-08-31	113.5680115182	22.159503444
lynetteclennell	2020-08-31	113.5680115182	22.16005988
lynetteclennell	2020-08-31	113.5682690103	22.159662426
lynetteclennell	2020-08-31	113.5678398569	22.159582935
lynetteclennell	2020-08-31	113.5685265024	22.1591059884
lynetteclennell	2020-08-31	113.5563888889	22.1705555556
lynetteclennell	2020-08-31	113.5563888889	22.1705555556
lynetteclennell	2020-08-31	113.5680115182	22.159423953
lynetteclennell	2020-08-31	113.5681831796	22.159582935
lynetteclennell	2020-08-31	113.5674965341	22.1593444619
lynetteclennell	2020-08-31	113.5669444444	22.16
lynetteclennell	2020-08-31	113.5669444444	22.16
lynetteclennell	2020-08-31	113.5669444444	22.16
lynetteclennell	2020-08-31	113.568354841	22.1602188613
lynetteclennell	2020-08-31	113.5678398569	22.1591059884
lynetteclennell	2020-08-31	113.5705555556	22.1594444444
lynetteclennell	2020-08-31	113.5677540262	22.1587880231
lynetteclennell	2020-08-31	113.568354841	22.1591059884
lynetteclennell	2020-08-31	113.5674107034	22.1593444619
lynetteclennell	2020-08-31	113.567239042	22.1591854796
lynetteclennell	2020-08-31	113.5684406717	22.159423953
lynetteclennell	2020-08-31	113.5678398569	22.1590264971
lynetteclennell	2020-08-31	113.5679929898	22.1608467405
lynetteclennell	2020-08-31	113.5678215027	22.1594167664
lynetteclennell	2020-09-01	113.5639220104	22.1260892096
lynetteclennell	2020-09-01	113.5639220104	22.1260892096
lynetteclennell	2020-09-01	113.5639220104	22.1260892096
lynetteclennell	2020-09-01	113.5639220104	22.1260892096
lynetteclennell	2020-09-01	113.5639220104	22.1260892096
lynetteclennell	2020-09-01	113.5639220104	22.1260892096
lynetteclennell	2020-09-02	113.5629613017	22.1220197945
lynetteclennell	2020-09-02	113.5626925791	22.1215147916
lynetteclennell	2020-09-02	113.5629183854	22.1215864696
lynetteclennell	2020-09-02	113.570407113	22.1204931696
lynetteclennell	2020-09-02	113.5632052988	22.121328054
lynetteclennell	2020-09-02	113.562861976	22.1216262258
lynetteclennell	2020-09-02	113.5629692644	22.1219840311
lynetteclennell	2020-09-02	113.5627117723	22.1217454944
lynetteclennell	2020-09-03	113.5639220104	22.1260892096
lynetteclennell	2020-09-03	113.5639220104	22.1260892096
lynetteclennell	2020-09-03	113.5639220104	22.1260892096
lynetteclennell	2020-09-03	113.5639220104	22.1260892096
lynetteclennell	2020-09-03	113.5639220104	22.1260892096
lynetteclennell	2020-09-03	113.5639220104	22.1260892096
lynetteclennell	2020-09-04	113.563922	22.1260891
lynetteclennell	2020-09-04	113.5625823676	22.12491215
lynetteclennell	2020-09-04	113.5636123358	22.1245941074
lynetteclennell	2020-09-04	113.5629256903	22.12491215
lynetteclennell	2020-09-04	113.5660155951	22.1268203901
lynetteclennell	2020-09-04	113.5639556586	22.1258662732
lynetteclennell	2020-09-04	113.5646423041	22.1255482329
lynetteclennell	2020-09-04	113.5656722723	22.1239580202
lynetteclennell	2020-09-04	113.5622390448	22.12491215
lynetteclennell	2020-09-04	113.5636123358	22.1258662732
lynetteclennell	2020-09-05	113.5480555556	22.2083333333
lynetteclennell	2020-09-05	113.5483333333	22.2086111111
lynetteclennell	2020-09-05	113.5494444444	22.2063888889
lynetteclennell	2020-09-05	113.548136875	22.2075986318
lynetteclennell	2020-09-05	113.5477777778	22.2086111111
lynetteclennell	2020-09-05	113.548136875	22.2075986318
lynetteclennell	2020-09-05	113.5480555556	22.2088888889
lynetteclennell	2020-09-05	113.548136875	22.2075986318
lynetteclennell	2020-09-06	113.5536111111	22.1238888889
lynetteclennell	2020-09-06	113.5608653259	22.1287920051
lynetteclennell	2020-09-06	113.5618559325	22.1289595551
lynetteclennell	2020-09-06	113.5536111111	22.12
lynetteclennell	2020-09-06	113.555	22.1227777778
lynetteclennell	2020-09-06	113.5563888889	22.1236111111
lynetteclennell	2020-09-06	113.5566666667	22.1230555556
lynetteclennell	2020-09-06	113.5564185616	22.1228765834
lynetteclennell	2020-09-06	113.5561111111	22.1233333333
lynetteclennell	2020-09-06	113.5558333333	22.1233333333
lynetteclennell	2020-09-06	113.5558333333	22.1233333333
lynetteclennell	2020-09-06	113.5558333333	22.1233333333
lynetteclennell	2020-09-06	113.5561111111	22.1230555556
lynetteclennell	2020-09-06	113.5559894081	22.1229524219
lynetteclennell	2020-09-06	113.5552777778	22.1213888889
lynetteclennell	2020-09-06	113.555731916	22.1228970635
lynetteclennell	2020-09-06	113.5569444444	22.1211111111
lynetteclennell	2020-09-06	113.5575	22.1208333333
lynetteclennell	2020-09-06	113.5575	22.1205555556
lynetteclennell	2020-09-06	113.5570622917	22.1231114451
lynetteclennell	2020-09-06	113.5608333333	22.1191666667
lynetteclennell	2020-09-06	113.5611111111	22.1191666667
lynetteclennell	2020-09-06	113.5586930748	22.1186431245
lynetteclennell	2020-09-06	113.5588888889	22.1183333333
lynetteclennell	2020-09-06	113.5588888889	22.1183333333
lynetteclennell	2020-09-06	113.5586111111	22.1183333333
lynetteclennell	2020-09-06	113.5566666667	22.1183333333
lynetteclennell	2020-09-06	113.5566666667	22.1183333333
lynetteclennell	2020-09-06	113.5563888889	22.1183333333
lynetteclennell	2020-09-06	113.5563888889	22.1183333333
lynetteclennell	2020-09-06	113.558349752	22.1180070104
lynetteclennell	2020-09-06	113.5561111111	22.1175
lynetteclennell	2020-09-06	113.5561111111	22.1175
lynetteclennell	2020-09-06	113.5541115512	22.1200899735
lynetteclennell	2020-09-08	113.563922	22.1596848
lynetteclennell	2020-09-08	113.5618932651	22.154317669
lynetteclennell	2020-09-08	113.5636098789	22.1571794218
lynetteclennell	2020-09-08	113.5656698154	22.1571794218
lynetteclennell	2020-09-08	113.5622365879	22.1562255106
lynetteclennell	2020-09-08	113.5656698154	22.155271593
lynetteclennell	2020-09-08	113.5656698154	22.1549536191
lynetteclennell	2020-09-08	113.5632665561	22.1584512932
lynetteclennell	2020-09-08	113.5636098789	22.1578153589
lynetteclennell	2020-09-08	113.5639532016	22.1578153589
lynetteclennell	2020-09-10	113.5597222222	22.1619444444
lynetteclennell	2020-09-10	113.563922	22.1260891
lynetteclennell	2020-09-10	113.5642028933	22.1272418881
lynetteclennell	2020-09-10	113.5593963747	22.1237434386
lynetteclennell	2020-09-10	113.5659195071	22.1224712537
lynetteclennell	2020-09-10	113.561799634	22.1243795268
lynetteclennell	2020-09-10	113.5614563113	22.1218351569
lynetteclennell	2020-09-10	113.5676361208	22.1253336537
lynetteclennell	2020-09-10	113.5621429568	22.1240614831
lynetteclennell	2020-09-10	113.5648895388	22.1240614831
lynetteclennell	2020-09-10	113.5676361208	22.1250156121
lynetteclennell	2020-09-10	113.5676361208	22.1234253935
lynetteclennell	2020-09-10	113.5676361208	22.1221532056
lynetteclennell	2020-09-10	113.5676361208	22.1246975698
lynetteclennell	2020-09-11	113.563922	22.1260891
lynetteclennell	2020-09-11	113.5648895388	22.1272418881
lynetteclennell	2020-09-11	113.5676361208	22.1231073476
lynetteclennell	2020-09-11	113.563172925	22.1256516946
lynetteclennell	2020-09-11	113.5621429568	22.122789301
lynetteclennell	2020-09-12	113.5911111111	22.1294444444
lynetteclennell	2020-09-12	113.5911111111	22.1294444444
lynetteclennell	2020-09-12	113.5919444444	22.1294444444
lynetteclennell	2020-09-12	113.5919444444	22.1294444444
lynetteclennell	2020-09-12	113.5919444444	22.1294444444
lynetteclennell	2020-09-12	113.5919444444	22.1291666667
lynetteclennell	2020-09-12	113.5911111111	22.1294444444
lynetteclennell	2020-09-12	113.5911024635	22.1294617048
lynetteclennell	2020-09-12	113.5911111111	22.1302777778
lynetteclennell	2020-09-12	113.5919444444	22.1291666667
lynetteclennell	2020-09-12	113.5913888889	22.1291666667
lynetteclennell	2020-09-12	113.5580555556	22.1141666667
lynetteclennell	2020-09-12	113.55	22.1136111111
lynetteclennell	2020-09-12	113.5908333333	22.1294444444
lynetteclennell	2020-09-12	113.59	22.1283333333
lynetteclennell	2020-09-12	113.5908624393	22.1294667568
lynetteclennell	2020-09-12	113.563922	22.1260891
lynetteclennell	2020-09-13	113.5519444444	22.1208333333
lynetteclennell	2020-09-13	113.5530555556	22.1230555556
lynetteclennell	2020-09-13	113.5580555556	22.1252777778
lynetteclennell	2020-09-13	113.5583333333	22.1266666667
lynetteclennell	2020-09-13	113.5588888889	22.1263888889
lynetteclennell	2020-09-13	113.5625	22.1263888889
lynetteclennell	2020-09-13	113.5622222222	22.1263888889
lynetteclennell	2020-09-13	113.5595986593	22.1265024594
lynetteclennell	2020-09-13	113.5624892107	22.1261197154
lynetteclennell	2020-09-13	113.5608333333	22.1266666667
lynetteclennell	2020-09-13	113.5619444444	22.1266666667
lynetteclennell	2020-09-13	113.5625	22.1261111111
lynetteclennell	2020-09-13	113.5575	22.1252777778
lynetteclennell	2020-09-13	113.5583333333	22.1252777778
lynetteclennell	2020-09-13	113.5599641766	22.1260898324
lynetteclennell	2020-09-13	113.56	22.1261111111
lynetteclennell	2020-09-13	113.5602777778	22.1261111111
lynetteclennell	2020-09-13	113.5608333333	22.1266666667
lynetteclennell	2020-09-13	113.5566666667	22.125
lynetteclennell	2020-09-13	113.5566666667	22.125
lynetteclennell	2020-09-13	113.5566666667	22.125
lynetteclennell	2020-09-13	113.5577723883	22.1259264626
lynetteclennell	2020-09-13	113.5569564507	22.1253622421
lynetteclennell	2020-09-13	113.5569444444	22.1252777778
lynetteclennell	2020-09-13	113.5569444444	22.1252777778
lynetteclennell	2020-09-13	113.5569444444	22.1252777778
lynetteclennell	2020-09-13	113.5577777778	22.1252777778
lynetteclennell	2020-09-13	113.5575	22.125
lynetteclennell	2020-09-13	113.5575	22.1247222222
lynetteclennell	2020-09-13	113.5575	22.1244444444
lynetteclennell	2020-09-13	113.5575	22.1244444444
lynetteclennell	2020-09-13	113.5569444444	22.1247222222
lynetteclennell	2020-09-13	113.5566666667	22.125
lynetteclennell	2020-09-13	113.5578793287	22.1249086693
lynetteclennell	2020-09-13	113.5577777778	22.125
lynetteclennell	2020-09-13	113.5577777778	22.125
lynetteclennell	2020-09-13	113.5577777778	22.1252777778
lynetteclennell	2020-09-14	113.563922	22.1260891
lynetteclennell	2020-09-14	113.560426343	22.1246975698
lynetteclennell	2020-09-14	113.5614563113	22.1224712537
lynetteclennell	2020-09-14	113.5607696658	22.1240614831
lynetteclennell	2020-09-14	113.5583664065	22.1234253935
lynetteclennell	2020-09-14	113.5611129885	22.1246975698
lynetteclennell	2020-09-14	113.5593963747	22.1246975698
lynetteclennell	2020-09-14	113.557679761	22.1246975698
lynetteclennell	2020-09-14	113.5566497927	22.1240614831
lynetteclennell	2020-09-14	113.5583664065	22.1243795268
lynetteclennell	2020-09-14	113.5580230837	22.1211990572
lynetteclennell	2020-09-14	113.5593963747	22.1221532056
lynetteclennell	2020-09-14	113.5566497927	22.1215171074
lynetteclennell	2020-09-14	113.5556198244	22.1246975698
lynetteclennell	2020-09-14	113.5569931155	22.1234253935
lynetteclennell	2020-09-14	113.5559631472	22.1218351569
lynetteclennell	2020-09-14	113.5566497927	22.1240614831
lynetteclennell	2020-09-14	113.5639220104	22.1260892096
lynetteclennell	2020-09-15	113.563922	22.1260891
lynetteclennell	2020-09-15	113.56	22.1619444444
lynetteclennell	2020-09-17	113.5575	22.1630555556
lynetteclennell	2020-09-17	113.5575	22.1630555556
lynetteclennell	2020-09-16	113.563922	22.1596848
lynetteclennell	2020-09-19	113.5919444444	22.1291666667
lynetteclennell	2020-09-19	113.5919777728	22.1294437936
lynetteclennell	2020-09-19	113.5913953903	22.1293096238
lynetteclennell	2020-09-19	113.5915246892	22.1294577389
lynetteclennell	2020-09-20	113.5519444444	22.1180555556
lynetteclennell	2020-09-20	113.5891666667	22.1311111111
lynetteclennell	2020-09-20	113.5899773037	22.1308272431
lynetteclennell	2020-09-20	113.5902777778	22.1288888889
lynetteclennell	2020-09-20	113.5919444444	22.1308333333
lynetteclennell	2020-09-20	113.5919444444	22.1305555556
lynetteclennell	2020-09-20	113.5919444444	22.1305555556
lynetteclennell	2020-09-20	113.5891666667	22.1319444444
lynetteclennell	2020-09-16	113.5469444	22.1608333
lynetteclennell	2020-09-16	113.5469444	22.1608333
lynetteclennell	2020-09-16	113.5461029224	22.1596084498
lynetteclennell	2020-09-16	113.5467895679	22.1600853947
lynetteclennell	2020-09-16	113.545931261	22.1597674316
lynetteclennell	2020-09-16	113.5467895679	22.1594494678
lynetteclennell	2020-09-16	113.5469612293	22.1597674316
lynetteclennell	2020-09-16	113.5467895679	22.1604033571
lynetteclennell	2020-09-16	113.5464462452	22.160244376
lynetteclennell	2020-09-16	113.5467895679	22.1594494678
lynetteclennell	2020-09-16	113.5488495044	22.1588135381
lynetteclennell	2020-09-20	113.5911111111	22.13
lynetteclennell	2020-09-19	113.5919444444	22.1294444444
lynetteclennell	2020-09-20	113.5513888889	22.1183333333
lynetteclennell	2020-09-20	113.5908333333	22.1297222222
lynetteclennell	2020-09-20	113.5919444444	22.1308333333
lynetteclennell	2020-09-20	113.5919444444	22.1305555556
lynetteclennell	2020-09-19	113.5922222222	22.1294444444
lynetteclennell	2020-09-19	113.5917379513	22.1292274177
lynetteclennell	2020-09-19	113.5919444444	22.1291666667
lynetteclennell	2020-09-19	113.5922222222	22.1294444444
lynetteclennell	2020-09-19	113.5917379513	22.1291506655
lynetteclennell	2020-09-19	113.5916666667	22.1291666667
lynetteclennell	2020-09-19	113.5888888889	22.1311111111
lynetteclennell	2020-09-19	113.5883333333	22.1311111111
lynetteclennell	2020-09-19	113.5919444444	22.1294444444
lynetteclennell	2020-09-20	113.5919444444	22.1305555556
lynetteclennell	2020-09-20	113.5919444444	22.1305555556
lynetteclennell	2020-09-20	113.5917266899	22.1292179445
lynetteclennell	2020-09-20	113.5513888889	22.1183333333
lynetteclennell	2020-09-20	113.5513888889	22.1183333333
lynetteclennell	2020-09-20	113.5924137942	22.1292974526
lynetteclennell	2020-09-20	113.5902777778	22.1302777778
lynetteclennell	2020-09-20	113.59	22.13
lynetteclennell	2020-09-20	113.5908333333	22.1297222222
lynetteclennell	2020-09-20	113.5913888889	22.1302777778
lynetteclennell	2020-09-20	113.5919444444	22.1305555556
lynetteclennell	2020-09-20	113.5922222222	22.1305555556
lynetteclennell	2020-09-20	113.5922222222	22.1308333333
lynetteclennell	2020-09-20	113.5919444444	22.1308333333
lynetteclennell	2020-09-20	113.5919444444	22.1308333333
lynetteclennell	2020-09-20	113.5919444444	22.1308333333
lynetteclennell	2020-09-20	113.5922222222	22.1308333333
lynetteclennell	2020-09-20	113.5902777778	22.1286111111
lynetteclennell	2020-09-20	113.5919444444	22.1291666667
lynetteclennell	2020-09-20	113.5919444444	22.1291666667
lynetteclennell	2020-09-20	113.5911111111	22.13
lynetteclennell	2020-09-20	113.5919444444	22.1302777778
lynetteclennell	2020-09-20	113.5922222222	22.1308333333
lynetteclennell	2020-09-20	113.5922222222	22.1305555556
lynetteclennell	2020-09-20	113.5919444444	22.1305555556
lynetteclennell	2020-09-20	113.5919444444	22.1291666667
lynetteclennell	2020-09-20	113.5922222222	22.1308333333
lynetteclennell	2020-09-20	113.5902777778	22.1305555556
lynetteclennell	2020-09-22	113.563922	22.1260891
lynetteclennell	2020-09-22	113.5615523993	22.1255482329
lynetteclennell	2020-09-22	113.557775849	22.1255482329
lynetteclennell	2020-09-22	113.5625823676	22.12491215
lynetteclennell	2020-09-22	113.5646423041	22.1226858372
lynetteclennell	2020-09-22	113.5660155951	22.1242760642
lynetteclennell	2020-09-22	113.5653289496	22.1223677896
lynetteclennell	2020-09-22	113.5612090765	22.1242760642
lynetteclennell	2020-09-22	113.5656722723	22.1233219301
lynetteclennell	2020-09-22	113.5642989813	22.1220497414
lynetteclennell	2020-09-22	113.563922	22.1260891
lynetteclennell	2020-09-23	113.5639220104	22.1260892096
lynetteclennell	2020-09-23	113.5639220104	22.1260892096
lynetteclennell	2020-09-23	113.5639220104	22.1260892096
lynetteclennell	2020-09-23	113.5639220104	22.1260892096
lynetteclennell	2020-09-23	113.5639220104	22.1260892096
lynetteclennell	2020-09-23	113.5639220104	22.1260892096
lynetteclennell	2020-09-23	113.5639220104	22.1260892096
lynetteclennell	2020-09-23	113.5639220104	22.1260892096
lynetteclennell	2020-09-23	113.5639220104	22.1260892096
lynetteclennell	2020-09-23	113.5639220104	22.1260892096
lynetteclennell	2020-09-24	113.5639220104	22.1260892096
lynetteclennell	2020-09-24	113.5639220104	22.1260892096
lynetteclennell	2020-09-24	113.5639220104	22.1260892096
lynetteclennell	2020-09-24	113.5639220104	22.1260892096
lynetteclennell	2020-09-24	113.5639220104	22.1260892096
lynetteclennell	2020-09-24	113.5639220104	22.1260892096
lynetteclennell	2020-09-24	113.5639220104	22.1260892096
lynetteclennell	2020-09-24	113.5639220104	22.1260892096
lynetteclennell	2020-09-24	113.5639220104	22.1260892096
lynetteclennell	2020-09-24	113.5639220104	22.1260892096
lynetteclennell	2020-09-24	113.5639220104	22.1260892096
lynetteclennell	2020-09-24	113.5639220104	22.1260892096
lynetteclennell	2020-09-24	113.5639220104	22.1260892096
lynetteclennell	2020-09-24	113.5639220104	22.1260892096
lynetteclennell	2020-09-24	113.5639220104	22.1260892096
lynetteclennell	2020-09-24	113.5639220104	22.1260892096
lynetteclennell	2020-09-24	113.5639220104	22.1260892096
lynetteclennell	2020-09-24	113.5639220104	22.1260892096
lynetteclennell	2020-09-24	113.5639220104	22.1260892096
lynetteclennell	2020-09-24	113.5639220104	22.1260892096
lynetteclennell	2020-09-24	113.5639220104	22.1260892096
lynetteclennell	2020-09-24	113.5639220104	22.1260892096
lynetteclennell	2020-09-24	113.5639220104	22.1260892096
lynetteclennell	2020-09-25	113.5594444444	22.1611111111
lynetteclennell	2020-09-26	113.56	22.1638888889
lynetteclennell	2020-09-26	113.5505555556	22.1144444444
lynetteclennell	2020-09-26	113.5505555556	22.1152777778
lynetteclennell	2020-09-26	113.5533333333	22.1202777778
lynetteclennell	2020-09-26	113.5548496541	22.1187627652
lynetteclennell	2020-09-26	113.5658333	22.1586111
lynetteclennell	2020-09-26	113.5627460774	22.1587994093
lynetteclennell	2020-09-26	113.5606861409	22.1572095722
lynetteclennell	2020-09-26	113.5634327229	22.159753303
lynetteclennell	2020-09-26	113.5606861409	22.1600712661
lynetteclennell	2020-09-26	113.5613727864	22.1549837699
lynetteclennell	2020-09-26	113.5596561726	22.1587994093
lynetteclennell	2020-09-26	113.5620594319	22.1591173746
lynetteclennell	2020-09-26	113.5610294637	22.1578455092
lynetteclennell	2020-09-26	113.5634327229	22.1578455092
lynetteclennell	2020-09-26	113.5603428181	22.1600712661
lynetteclennell	2020-09-26	113.5603428181	22.1600712661
lynetteclennell	2020-09-26	113.5613727864	22.1581634766
lynetteclennell	2020-09-26	113.5620594319	22.1587994093
lynetteclennell	2020-09-26	113.5593128499	22.1546657953
lynetteclennell	2020-09-26	113.5599994954	22.1572095722
lynetteclennell	2020-09-26	113.5617161092	22.15434782
lynetteclennell	2020-09-26	113.5613727864	22.1553017438
lynetteclennell	2020-09-26	113.5610294637	22.1565736323
lynetteclennell	2020-09-26	113.5513888889	22.1183333333
lynetteclennell	2020-09-23	113.5583748668	22.1254903996
lynetteclennell	2020-09-27	113.5769444444	22.1280555556
lynetteclennell	2020-09-27	113.5763888889	22.1275
lynetteclennell	2020-09-27	113.5783333333	22.1286111111
lynetteclennell	2020-09-27	113.5766666667	22.1283333333
lynetteclennell	2020-09-27	113.5761111111	22.1288888889
lynetteclennell	2020-09-27	113.5759765205	22.1284513758
lynetteclennell	2020-09-27	113.576276928	22.1282680798
lynetteclennell	2020-09-27	113.5744444444	22.1286111111
lynetteclennell	2020-09-27	113.5738888889	22.1283333333
lynetteclennell	2020-09-27	113.5741666667	22.1283333333
lynetteclennell	2020-09-27	113.5746461449	22.1281090624
lynetteclennell	2020-09-27	113.5747748909	22.1281885711
lynetteclennell	2020-09-27	113.5748178063	22.128069308
lynetteclennell	2020-09-27	113.5762340126	22.1282680798
lynetteclennell	2020-09-27	113.5763198433	22.1281488168
lynetteclennell	2020-09-27	113.5756331978	22.128427097
lynetteclennell	2020-09-27	113.5760194359	22.128427097
lynetteclennell	2020-09-27	113.5757190285	22.1280295536
lynetteclennell	2020-09-27	113.576276928	22.1281488168
lynetteclennell	2020-09-27	113.5743886528	22.1284668513
lynetteclennell	2020-09-27	113.5749465523	22.1281168002
lynetteclennell	2020-09-27	113.563922	22.1260891
lynetteclennell	2020-09-27	113.563922	22.1260891
lynetteclennell	2020-09-27	113.5598048092	22.1212424218
lynetteclennell	2020-09-27	113.5622080684	22.1237868024
lynetteclennell	2020-09-27	113.5598048092	22.1225146179
lynetteclennell	2020-09-27	113.5659846187	22.1218785213
lynetteclennell	2020-09-27	113.5604914547	22.120924371
lynetteclennell	2020-09-27	113.5663279415	22.1241048468
lynetteclennell	2020-09-27	113.5611781002	22.1212424218
lynetteclennell	2020-09-27	113.5635813595	22.1231507116
lynetteclennell	2020-09-27	113.5635813595	22.1247409333
lynetteclennell	2020-09-27	113.5673579097	22.1241048468
lynetteclennell	2020-09-27	113.5704478145	22.1269672136
lynetteclennell	2020-09-27	113.5616666667	22.1194444444
lynetteclennell	2020-09-27	113.5613888889	22.1194444444
lynetteclennell	2020-09-27	113.5597222222	22.1183333333
lynetteclennell	2020-09-27	113.5588888889	22.1183333333
lynetteclennell	2020-09-27	113.5580555556	22.1186111111
lynetteclennell	2020-09-27	113.5577777778	22.1183333333
lynetteclennell	2020-09-27	113.5649546505	22.1228326651
lynetteclennell	2020-09-27	113.5575	22.1183333333
lynetteclennell	2020-09-27	113.5575	22.1186111111
lynetteclennell	2020-09-27	113.5569444444	22.1183333333
lynetteclennell	2020-09-27	113.5569444444	22.1183333333
lynetteclennell	2020-09-27	113.5569444444	22.1183333333
lynetteclennell	2020-09-27	113.5563888889	22.1183333333
lynetteclennell	2020-09-27	113.5608347774	22.1206116055
lynetteclennell	2020-09-27	113.5618647457	22.1215604719
lynetteclennell	2020-09-29	113.563922	22.1260891
lynetteclennell	2020-09-29	113.5652328616	22.1282086421
lynetteclennell	2020-09-29	113.5659195071	22.1304348676
lynetteclennell	2020-09-29	113.5635162478	22.1288447101
lynetteclennell	2020-09-29	113.5621429568	22.1272545347
lynetteclennell	2020-09-29	113.5635162478	22.1259823814
lynetteclennell	2020-09-29	113.561799634	22.1247102166
lynetteclennell	2020-09-29	113.5611129885	22.1263004208
lynetteclennell	2020-09-29	113.5624862795	22.1307528969
lynetteclennell	2020-09-29	113.563172925	22.127890607
lynetteclennell	2020-09-29	113.5683227663	22.127890607
lynetteclennell	2020-09-30	113.5597222222	22.1619444444
lynetteclennell	2020-09-30	113.563922	22.1260891
lynetteclennell	2020-09-30	113.5652979732	22.1241048468
lynetteclennell	2020-09-30	113.5649546505	22.1250589755
lynetteclennell	2020-09-30	113.565641296	22.1199702142
lynetteclennell	2020-09-30	113.5635813595	22.1301475531
lynetteclennell	2020-09-30	113.5673579097	22.128239358
lynetteclennell	2020-09-30	113.5622080684	22.1263311371
lynetteclennell	2020-09-30	113.5628947139	22.1291934588
lynetteclennell	2020-09-30	113.564268005	22.1301475531
lynetteclennell	2020-09-30	113.5608347774	22.127921323
lynetteclennell	2020-09-30	113.5677012325	22.1276032873
lynetteclennell	2020-09-30	113.5646113277	22.1247409333
lynetteclennell	2020-09-30	113.5649546505	22.1183799387
lynetteclennell	2020-09-30	113.569761169	22.1215604719
lynetteclennell	2020-09-30	113.5714777828	22.1212424218
lynetteclennell	2020-09-30	113.5680445553	22.1212424218
lynetteclennell	2020-09-30	113.5659846187	22.1199702142
lynetteclennell	2020-09-30	113.5666712642	22.128239358
lynetteclennell	2020-09-30	113.5666712642	22.1180618814
lynetteclennell	2020-09-30	113.565641296	22.1231507116
lynetteclennell	2020-09-30	113.568387878	22.1266491757
lynetteclennell	2020-09-30	113.567014587	22.1247409333
lynetteclennell	2020-10-01	113.5549597639	22.1168581821
lynetteclennell	2020-10-01	113.5553030866	22.1169376971
lynetteclennell	2020-10-01	113.5517692566	22.1153024743
lynetteclennell	2020-10-01	113.5557246434	22.1169774546
lynetteclennell	2020-10-01	113.5551743406	22.1169376971
lynetteclennell	2020-10-01	113.555603494	22.1171762421
lynetteclennell	2020-10-01	113.5556745491	22.116654243
lynetteclennell	2020-10-01	113.5559749542	22.1168132733
lynetteclennell	2020-10-01	113.5557174683	22.1154615062
lynetteclennell	2020-10-01	113.5552601713	22.1168979396
lynetteclennell	2020-10-01	113.5561954074	22.1157888543
lynetteclennell	2020-10-01	113.5555516773	22.1157490964
lynetteclennell	2020-10-01	113.5558953353	22.1170114945
lynetteclennell	2020-10-01	113.5552777778	22.1147222222
lynetteclennell	2020-10-01	113.5552777778	22.115
lynetteclennell	2020-10-01	113.5553030866	22.1168581821
lynetteclennell	2020-10-01	113.5553741439	22.1157795701
lynetteclennell	2020-10-01	113.5544444444	22.1127777778
lynetteclennell	2020-10-01	113.5552709001	22.1150094441
lynetteclennell	2020-10-01	113.555	22.1125
lynetteclennell	2020-10-01	113.5547222222	22.1122222222
lynetteclennell	2020-10-01	113.5547222222	22.1122222222
lynetteclennell	2020-10-01	113.5556464094	22.1159835134
lynetteclennell	2020-10-01	113.555	22.1122222222
lynetteclennell	2020-10-01	113.5547222222	22.1122222222
lynetteclennell	2020-10-01	113.5555555556	22.1122222222
lynetteclennell	2020-10-01	113.5558333333	22.1127777778
lynetteclennell	2020-10-01	113.5558333333	22.1127777778
lynetteclennell	2020-10-01	113.5575	22.1144444444
lynetteclennell	2020-10-01	113.556180167	22.1147107768
lynetteclennell	2020-10-01	113.5561111111	22.1163888889
lynetteclennell	2020-10-01	113.5561111111	22.1163888889
lynetteclennell	2020-10-01	113.5558333333	22.1166666667
lynetteclennell	2020-10-01	113.5561111111	22.1169444444
lynetteclennell	2020-10-01	113.5561111111	22.1169444444
lynetteclennell	2020-10-01	113.5558333333	22.1166666667
lynetteclennell	2020-10-01	113.5558333333	22.1166666667
lynetteclennell	2020-10-01	113.5555555556	22.1169444444
lynetteclennell	2020-10-01	113.5547222222	22.1169444444
lynetteclennell	2020-10-01	113.555	22.1169444444
lynetteclennell	2020-10-01	113.5558333333	22.1169444444
lynetteclennell	2020-10-01	113.5555555556	22.1172222222
lynetteclennell	2020-10-01	113.5555555556	22.1175
lynetteclennell	2020-10-01	113.5552777778	22.1169444444
lynetteclennell	2020-10-01	113.5552777778	22.1172222222
lynetteclennell	2020-10-01	113.5555555556	22.1172222222
lynetteclennell	2020-10-01	113.5552777778	22.1172222222
lynetteclennell	2020-10-01	113.5555555556	22.1172222222
lynetteclennell	2020-10-01	113.5555555556	22.1172222222
lynetteclennell	2020-10-01	113.5555555556	22.1172222222
lynetteclennell	2020-10-01	113.5555555556	22.1172222222
lynetteclennell	2020-10-01	113.5555555556	22.1175
lynetteclennell	2020-10-01	113.563922	22.1260891
lynetteclennell	2020-10-01	113.5505555556	22.1144444444
lynetteclennell	2020-10-02	113.5915883919	22.1301233617
lynetteclennell	2020-10-02	113.5918673417	22.1295668074
lynetteclennell	2020-10-02	113.5913997448	22.1300438541
lynetteclennell	2020-10-02	113.5915499485	22.1298848387
lynetteclennell	2020-10-02	113.5891666667	22.1313888889
lynetteclennell	2020-10-02	113.5908333333	22.1302777778
lynetteclennell	2020-10-02	113.5919444444	22.1308333333
lynetteclennell	2020-10-02	113.5919444444	22.1305555556
lynetteclennell	2020-10-02	113.5907560146	22.1300836079
lynetteclennell	2020-10-02	113.5916666667	22.1302777778
lynetteclennell	2020-10-02	113.59	22.1280555556
lynetteclennell	2020-10-02	113.5899406231	22.1303618843
lynetteclennell	2020-10-02	113.5916666667	22.1297222222
lynetteclennell	2020-10-02	113.5913782871	22.1300438541
lynetteclennell	2020-10-02	113.5831354765	22.1317590356
lynetteclennell	2020-10-02	113.5899423157	22.1304441558
lynetteclennell	2020-10-02	113.5900281464	22.1303646484
lynetteclennell	2020-10-02	113.5916666667	22.1297222222
lynetteclennell	2020-10-02	113.5905860459	22.1302056334
lynetteclennell	2020-10-02	113.590972284	22.1300267412
lynetteclennell	2020-10-02	113.5911439454	22.1300267412
lynetteclennell	2020-10-02	113.59	22.1283333333
lynetteclennell	2020-10-02	113.5916666667	22.1302777778
lynetteclennell	2020-10-02	113.5919444444	22.1302777778
lynetteclennell	2020-10-02	113.5908333333	22.13
lynetteclennell	2020-10-02	113.59	22.1305555556
lynetteclennell	2020-10-02	113.5888888889	22.1325
lynetteclennell	2020-10-02	113.5887431359	22.1322803766
lynetteclennell	2020-10-03	113.5508333333	22.1994444444
lynetteclennell	2020-10-03	113.5511111111	22.1994444444
lynetteclennell	2020-10-03	113.5513888889	22.1994444444
lynetteclennell	2020-10-03	113.5511111111	22.1997222222
lynetteclennell	2020-10-03	113.5513888889	22.2
lynetteclennell	2020-10-03	113.5513888889	22.1997222222
lynetteclennell	2020-10-03	113.5513888889	22.1997222222
lynetteclennell	2020-10-03	113.5516666667	22.2
lynetteclennell	2020-10-03	113.5513888889	22.2
lynetteclennell	2020-10-03	113.5516666667	22.1991666667
lynetteclennell	2020-10-03	113.5511111111	22.1986111111
lynetteclennell	2020-10-03	113.5515863075	22.1993286972
lynetteclennell	2020-10-03	113.5514790191	22.1993684315
lynetteclennell	2020-10-03	113.5505555556	22.1986111111
lynetteclennell	2020-10-03	113.5511111111	22.1988888889
lynetteclennell	2020-10-03	113.5508333333	22.1988888889
lynetteclennell	2020-10-03	113.5488888889	22.1972222222
lynetteclennell	2020-10-03	113.5516666667	22.1977777778
lynetteclennell	2020-10-03	113.5516666667	22.1977777778
lynetteclennell	2020-10-03	113.5519444444	22.1983333333
lynetteclennell	2020-10-03	113.5519444444	22.1980555556
lynetteclennell	2020-10-03	113.5519444444	22.1980555556
lynetteclennell	2020-10-03	113.5525	22.1986111111
lynetteclennell	2020-10-03	113.5530555556	22.2
lynetteclennell	2020-10-03	113.5525	22.1994444444
lynetteclennell	2020-10-03	113.5522222222	22.1997222222
lynetteclennell	2020-10-03	113.5522222222	22.1997222222
lynetteclennell	2020-10-03	113.5526275635	22.1989482952
lynetteclennell	2020-10-03	113.55	22.1975
lynetteclennell	2020-10-03	113.5466666667	22.1961111111
lynetteclennell	2020-10-03	113.5488888889	22.1966666667
lynetteclennell	2020-10-03	113.5514361038	22.1988518855
lynetteclennell	2020-10-03	113.5513888889	22.1988888889
lynetteclennell	2020-10-03	113.5519444444	22.1994444444
lynetteclennell	2020-10-03	113.5526275635	22.1989482952
lynetteclennell	2020-10-03	113.5522222222	22.1994444444
lynetteclennell	2020-10-03	113.5525	22.2
lynetteclennell	2020-10-03	113.5527777778	22.2005555556
lynetteclennell	2020-10-03	113.5525	22.1988888889
lynetteclennell	2020-10-03	113.5516666667	22.1980555556
lynetteclennell	2020-10-03	113.5516666667	22.1980555556
lynetteclennell	2020-10-03	113.5513888889	22.1977777778
lynetteclennell	2020-10-03	113.5494444444	22.1969444444
lynetteclennell	2020-10-03	113.5494444444	22.1972222222
lynetteclennell	2020-10-03	113.5502777778	22.1983333333
lynetteclennell	2020-10-03	113.5508333333	22.1986111111
lynetteclennell	2020-10-03	113.55	22.1983333333
lynetteclennell	2020-10-03	113.5505555556	22.1986111111
lynetteclennell	2020-10-03	113.5514575615	22.1989114871
lynetteclennell	2020-10-03	113.5513073578	22.1985936118
lynetteclennell	2020-10-03	113.5513888889	22.1994444444
lynetteclennell	2020-10-03	113.5513888889	22.1997222222
lynetteclennell	2020-10-03	113.5513888889	22.1997222222
lynetteclennell	2020-10-03	113.5516666667	22.1997222222
lynetteclennell	2020-10-03	113.5519444444	22.1997222222
lynetteclennell	2020-10-03	113.5516666667	22.1997222222
lynetteclennell	2020-10-03	113.5516666667	22.1997222222
lynetteclennell	2020-10-03	113.5516666667	22.1997222222
lynetteclennell	2020-10-03	113.5513888889	22.1994444444
lynetteclennell	2020-10-03	113.5513888889	22.1994444444
lynetteclennell	2020-10-03	113.5513888889	22.1997222222
lynetteclennell	2020-10-03	113.5513888889	22.1997222222
lynetteclennell	2020-10-03	113.5516666667	22.2
lynetteclennell	2020-10-03	113.5516666667	22.1997222222
lynetteclennell	2020-10-03	113.5511111111	22.1997222222
lynetteclennell	2020-10-03	113.5508333333	22.2002777778
lynetteclennell	2020-10-04	113.5555555556	22.1175
lynetteclennell	2020-10-04	113.57	22.1127777778
lynetteclennell	2020-10-04	113.5561111111	22.1166666667
lynetteclennell	2020-10-04	113.5725	22.115
lynetteclennell	2020-10-04	113.5725	22.115
lynetteclennell	2020-10-04	113.5730555556	22.1138888889
lynetteclennell	2020-10-04	113.5730555556	22.1138888889
lynetteclennell	2020-10-04	113.57170416	22.1130759855
lynetteclennell	2020-10-04	113.5727777778	22.1136111111
lynetteclennell	2020-10-04	113.5725	22.1133333333
lynetteclennell	2020-10-04	113.5713888889	22.1133333333
lynetteclennell	2020-10-04	113.5716666667	22.1133333333
lynetteclennell	2020-10-04	113.5716666667	22.1133333333
lynetteclennell	2020-10-04	113.5696571169	22.1156225177
lynetteclennell	2020-10-04	113.5711111111	22.1130555556
lynetteclennell	2020-10-04	113.5713888889	22.1130555556
lynetteclennell	2020-10-04	113.5711111111	22.1130555556
lynetteclennell	2020-10-04	113.5708333333	22.1127777778
lynetteclennell	2020-10-04	113.5705555556	22.1127777778
lynetteclennell	2020-10-04	113.5702777778	22.1130555556
lynetteclennell	2020-10-04	113.5705555556	22.1127777778
lynetteclennell	2020-10-04	113.5704023094	22.1131656603
lynetteclennell	2020-10-04	113.5694444444	22.1127777778
lynetteclennell	2020-10-04	113.5697222222	22.1127777778
lynetteclennell	2020-10-04	113.5697222222	22.1127777778
lynetteclennell	2020-10-04	113.5697222222	22.1127777778
lynetteclennell	2020-10-04	113.5691666667	22.1122222222
lynetteclennell	2020-10-04	113.5688888889	22.1125
lynetteclennell	2020-10-04	113.5680555556	22.1127777778
lynetteclennell	2020-10-04	113.5682837204	22.1106129615
lynetteclennell	2020-10-04	113.5677777778	22.1130555556
lynetteclennell	2020-10-04	113.5677777778	22.1130555556
lynetteclennell	2020-10-04	113.5630555556	22.1127777778
lynetteclennell	2020-10-04	113.5558333333	22.1169444444
lynetteclennell	2020-10-04	113.5561111111	22.1169444444
lynetteclennell	2020-10-04	113.5561111111	22.1166666667
lynetteclennell	2020-10-04	113.5555555556	22.1172222222
lynetteclennell	2020-10-04	113.5555555556	22.1172222222
lynetteclennell	2020-10-04	113.5555555556	22.1172222222
lynetteclennell	2020-10-04	113.5558333333	22.1175
lynetteclennell	2020-10-05	113.563922	22.1596848
lynetteclennell	2020-10-05	113.5613127397	22.1571768891
lynetteclennell	2020-10-05	113.5599394487	22.1571768891
lynetteclennell	2020-10-05	113.5616560625	22.1571768891
lynetteclennell	2020-10-05	113.5619993852	22.157494858
lynetteclennell	2020-10-05	113.5599394487	22.1565409491
lynetteclennell	2020-10-05	113.5599394487	22.1578128263
lynetteclennell	2020-10-05	113.5606260942	22.159084692
lynetteclennell	2020-10-05	113.5613127397	22.1555870336
lynetteclennell	2020-10-05	113.5599394487	22.1578128263
lynetteclennell	2020-10-05	113.5599394487	22.1568589194
lynetteclennell	2020-10-06	113.5639220104	22.1260873461
lynetteclennell	2020-10-06	113.5438728333	22.1987372063
lynetteclennell	2020-10-06	113.5438728333	22.1987372063
lynetteclennell	2020-10-06	113.5438728333	22.1987372063
lynetteclennell	2020-10-06	113.5438728333	22.1987372063
lynetteclennell	2020-10-06	113.5438728333	22.1987372063
lynetteclennell	2020-10-06	113.5438728333	22.1987372063
lynetteclennell	2020-10-06	113.5438728333	22.1987372063
lynetteclennell	2020-10-06	113.5438728333	22.1987372063
lynetteclennell	2020-10-07	113.5578632355	22.1249235775
lynetteclennell	2020-10-07	113.5578632355	22.1249235775
lynetteclennell	2020-10-07	113.5578632355	22.1249235775
lynetteclennell	2020-10-07	113.5578632355	22.1249235775
lynetteclennell	2020-10-07	113.5577362414	22.124908668
lynetteclennell	2020-10-07	113.5578632355	22.1249235775
lynetteclennell	2020-10-07	113.5574957754	22.1247803942
lynetteclennell	2020-10-07	113.5574957754	22.1248002718
lynetteclennell	2020-10-07	113.5578632355	22.1249235775
lynetteclennell	2020-10-07	113.5578632355	22.1249235775
lynetteclennell	2020-10-07	113.5578632355	22.1249235775
lynetteclennell	2020-10-07	113.5578632355	22.1249235775
lynetteclennell	2020-10-07	113.5578632355	22.1249235775
lynetteclennell	2020-10-07	113.5576674368	22.1247008835
lynetteclennell	2020-10-07	113.5574743177	22.1247406389
lynetteclennell	2020-10-07	113.5576888945	22.1246412505
lynetteclennell	2020-10-07	113.5578632355	22.1249235775
lynetteclennell	2020-10-07	113.5576888945	22.1248880918
lynetteclennell	2020-10-07	113.5578632355	22.1249235775
lynetteclennell	2020-10-07	113.5575816061	22.1248483365
lynetteclennell	2020-10-08	113.5639220104	22.1260873461
lynetteclennell	2020-10-08	113.5639220104	22.1260873461
lynetteclennell	2020-10-08	113.5639220104	22.1260873461
lynetteclennell	2020-10-08	113.5639220104	22.1260873461
lynetteclennell	2020-10-08	113.5639220104	22.1260873461
lynetteclennell	2020-10-08	113.5639220104	22.1260873461
lynetteclennell	2020-10-08	113.5639220104	22.1260873461
lynetteclennell	2020-10-08	113.5639220104	22.1260873461
lynetteclennell	2020-10-08	113.5639220104	22.1260873461
lynetteclennell	2020-10-09	113.5492007514	22.1610022687
lynetteclennell	2020-10-09	113.5492007514	22.1590944918
lynetteclennell	2020-10-09	113.5478274604	22.1590944918
lynetteclennell	2020-10-09	113.5464541694	22.1578226262
lynetteclennell	2020-10-09	113.5492007514	22.1603663459
lynetteclennell	2020-10-09	113.5471408149	22.157186689
lynetteclennell	2020-10-09	113.5471408149	22.1590944918
lynetteclennell	2020-10-09	113.5505740424	22.1610022687
lynetteclennell	2020-10-09	113.5519473334	22.1584585604
lynetteclennell	2020-10-09	113.5492007514	22.1610022687
lynetteclennell	2020-10-09	113.5512606879	22.1603663459
lynetteclennell	2020-10-09	113.5512606879	22.157186689
lynetteclennell	2020-10-09	113.5492007514	22.1584585604
lynetteclennell	2020-10-09	113.5478274604	22.1578226262
lynetteclennell	2020-10-09	113.5478274604	22.1584585604
lynetteclennell	2020-10-09	113.5519473334	22.156550749
lynetteclennell	2020-10-09	113.563922	22.1260891
lynetteclennell	2020-10-09	113.5485141059	22.1590944918
lynetteclennell	2020-10-09	113.5469444	22.1608333
lynetteclennell	2020-06-06	113.563922	22.1260891
lynetteclennell	2020-10-11	113.5577777778	22.1186111111
lynetteclennell	2020-10-11	113.5636907432	22.1239170998
lynetteclennell	2020-10-11	113.5634762646	22.1236785663
lynetteclennell	2020-10-11	113.5638888889	22.1238888889
lynetteclennell	2020-10-11	113.5638888889	22.1236111111
lynetteclennell	2020-10-11	113.5615021588	22.1250302509
lynetteclennell	2020-10-11	113.5588888889	22.1233333333
lynetteclennell	2020-10-11	113.5562594181	22.127263493
lynetteclennell	2020-10-11	113.5575812379	22.1272597043
lynetteclennell	2020-10-11	113.5568087617	22.1269416671
lynetteclennell	2020-10-11	113.556980423	22.1270211765
lynetteclennell	2020-10-11	113.5565691368	22.128786597
lynetteclennell	2020-10-11	113.5541658775	22.1273554393
lynetteclennell	2020-10-11	113.5536508933	22.128309546
lynetteclennell	2020-10-11	113.5551958457	22.1289456136
lynetteclennell	2020-10-11	113.553479232	22.1281505287
lynetteclennell	2020-10-11	113.5538225547	22.1276734756
lynetteclennell	2020-10-11	113.5526209251	22.1273554393
lynetteclennell	2020-10-11	113.5517626182	22.1279915112
lynetteclennell	2020-10-11	113.5515909568	22.1279915112
lynetteclennell	2020-10-11	113.5572222222	22.1277777778
lynetteclennell	2020-10-11	113.5586111111	22.1269444444
lynetteclennell	2020-10-11	113.553736724	22.1239762593
lynetteclennell	2020-10-11	113.563922	22.1260891
lynetteclennell	2020-10-11	113.563922	22.1260891
lynetteclennell	2020-10-11	113.5527296709	22.122625934
lynetteclennell	2020-10-11	113.5552777778	22.125
lynetteclennell	2020-10-11	113.5552777778	22.125
lynetteclennell	2020-10-11	113.5530729936	22.1232620272
lynetteclennell	2020-10-11	113.5537596392	22.1229439809
lynetteclennell	2020-10-11	113.5611111111	22.1261111111
lynetteclennell	2020-10-11	113.5520430254	22.1251702896
lynetteclennell	2020-10-11	113.5516997026	22.124534205
lynetteclennell	2020-10-11	113.5544462847	22.1213537389
lynetteclennell	2020-10-11	113.5544462847	22.1235800727
lynetteclennell	2020-10-11	113.5572222222	22.1244444444
lynetteclennell	2020-10-11	113.5555555556	22.1275
lynetteclennell	2020-10-11	113.5530729936	22.1235800727
lynetteclennell	2020-10-11	113.563922	22.1260891
lynetteclennell	2020-10-11	113.5588888889	22.1233333333
lynetteclennell	2020-10-11	113.5588888889	22.1233333333
lynetteclennell	2020-10-11	113.5588888889	22.1233333333
lynetteclennell	2020-10-11	113.5588888889	22.1233333333
lynetteclennell	2020-10-11	113.5588888889	22.1233333333
lynetteclennell	2020-10-11	113.5644444444	22.1238888889
lynetteclennell	2020-10-11	113.5638888889	22.1236111111
lynetteclennell	2020-10-11	113.5561628984	22.1216717888
lynetteclennell	2020-10-11	113.5638888889	22.1236111111
lynetteclennell	2020-10-11	113.5638888889	22.1238888889
lynetteclennell	2020-10-11	113.5638888889	22.1238888889
lynetteclennell	2020-10-11	113.5638888889	22.1238888889
lynetteclennell	2020-10-11	113.559596126	22.1251702896
lynetteclennell	2020-10-11	113.558222835	22.1238981176
lynetteclennell	2020-10-11	113.5578795122	22.1242161617
lynetteclennell	2020-10-11	113.5558195757	22.1175370849
lynetteclennell	2020-10-11	113.5522222222	22.1180555556
lynetteclennell	2020-10-11	113.5663896351	22.1289713802
lynetteclennell	2020-10-11	113.5679002479	22.1305968469
lynetteclennell	2020-10-12	113.5639220104	22.1260873461
lynetteclennell	2020-10-12	113.5639220104	22.1260873461
lynetteclennell	2020-10-12	113.5639220104	22.1260873461
lynetteclennell	2020-10-12	113.5639220104	22.1260873461
lynetteclennell	2020-10-12	113.5639220104	22.1260873461
lynetteclennell	2020-10-12	113.5639220104	22.1260873461
lynetteclennell	2020-10-12	113.5639220104	22.1260873461
lynetteclennell	2020-10-12	113.5639220104	22.1260873461
lynetteclennell	2020-10-12	113.5639220104	22.1260873461
lynetteclennell	2020-10-12	113.5639220104	22.1260873461
lynetteclennell	2020-10-12	113.5639220104	22.1260873461
lynetteclennell	2020-10-15	113.5639216751	22.1260873461
lynetteclennell	2020-10-15	113.5639220104	22.1260873461
lynetteclennell	2020-10-14	113.5639220104	22.1260873461
lynetteclennell	2020-10-15	113.5639220104	22.1260873461
lynetteclennell	2020-10-15	113.5639220104	22.1260873461
lynetteclennell	2020-10-15	113.5639220104	22.1260873461
lynetteclennell	2020-10-15	113.5639216751	22.1260873461
lynetteclennell	2020-10-15	113.5639220104	22.1260873461
lynetteclennell	2020-10-15	113.5639220104	22.1260873461
lynetteclennell	2020-10-15	113.5639216751	22.1260873461
lynetteclennell	2020-10-15	113.5639220104	22.1260873461
lynetteclennell	2020-10-15	113.5639216751	22.1260873461
lynetteclennell	2020-10-15	113.5639216751	22.1260873461
lynetteclennell	2020-10-15	113.5639220104	22.1260873461
lynetteclennell	2020-10-15	113.5639220104	22.1260873461
lynetteclennell	2020-10-15	113.5639220104	22.1260873461
lynetteclennell	2020-10-15	113.5639216751	22.1260873461
lynetteclennell	2020-10-15	113.5639220104	22.1260873461
lynetteclennell	2020-10-15	113.5639216751	22.1260873461
lynetteclennell	2020-10-15	113.5639220104	22.1260873461
lynetteclennell	2020-10-15	113.5639216751	22.1260873461
lynetteclennell	2020-10-15	113.5639216751	22.1260873461
lynetteclennell	2020-10-15	113.5639216751	22.1260873461
lynetteclennell	2020-10-15	113.5639216751	22.1260873461
lynetteclennell	2020-10-15	113.5639216751	22.1260873461
lynetteclennell	2020-10-16	113.5572936013	22.115165185
lynetteclennell	2020-10-16	113.5572936013	22.115165185
lynetteclennell	2020-10-16	113.5572936013	22.115165185
lynetteclennell	2020-10-16	113.5572936013	22.115165185
lynetteclennell	2020-10-16	113.5572936013	22.115165185
lynetteclennell	2020-10-16	113.5572936013	22.115165185
lynetteclennell	2020-10-16	113.5639216751	22.1260873461
lynetteclennell	2020-10-16	113.5572936013	22.115165185
lynetteclennell	2020-10-16	113.5572936013	22.115165185
lynetteclennell	2020-10-16	113.563922	22.1260891
lynetteclennell	2020-10-17	113.54	22.1997222222
lynetteclennell	2020-10-17	113.5423493385	22.1969118949
lynetteclennell	2020-10-17	113.5422034874	22.1970043974
lynetteclennell	2020-10-17	113.5417948338	22.1984453805
lynetteclennell	2020-10-17	113.5413888889	22.1966666667
lynetteclennell	2020-10-17	113.5413888889	22.1975
lynetteclennell	2020-10-17	113.5427777778	22.1969444444
lynetteclennell	2020-10-17	113.5427777778	22.1969444444
lynetteclennell	2020-10-17	113.5472222222	22.1986111111
lynetteclennell	2020-10-17	113.563922	22.1260891
lynetteclennell	2020-10-18	113.5538888889	22.1108333333
lynetteclennell	2020-10-18	113.563922	22.1260891
lynetteclennell	2020-10-18	113.5583333333	22.1141666667
lynetteclennell	2020-10-18	113.56	22.1138888889
lynetteclennell	2020-10-18	113.565	22.1152777778
lynetteclennell	2020-10-18	113.563922	22.1260891
lynetteclennell	2020-10-18	113.563922	22.1260891
lynetteclennell	2020-10-18	113.5644444444	22.1213888889
lynetteclennell	2020-10-18	113.5644444444	22.1213888889
lynetteclennell	2020-10-18	113.563922	22.1260891
lynetteclennell	2020-10-18	113.563922	22.1260891
lynetteclennell	2020-10-18	113.5627777778	22.1227777778
lynetteclennell	2020-10-18	113.5627777778	22.1227777778
lynetteclennell	2020-10-18	113.5627777778	22.1227777778
lynetteclennell	2020-10-18	113.5627777778	22.1227777778
lynetteclennell	2020-10-18	113.5625	22.1227777778
lynetteclennell	2020-10-18	113.5627777778	22.1230555556
lynetteclennell	2020-10-18	113.5630555556	22.1227777778
lynetteclennell	2020-10-18	113.5641666667	22.1236111111
lynetteclennell	2020-10-18	113.5638888889	22.1236111111
lynetteclennell	2020-10-18	113.5638888889	22.1238888889
lynetteclennell	2020-10-18	113.5630555556	22.1238888889
lynetteclennell	2020-10-18	113.5619444444	22.1238888889
lynetteclennell	2020-10-18	113.5594444444	22.1225
lynetteclennell	2020-10-18	113.5586111111	22.1222222222
lynetteclennell	2020-10-18	113.555	22.1233333333
lynetteclennell	2020-10-18	113.555	22.1233333333
lynetteclennell	2020-10-18	113.563922	22.1260891
lynetteclennell	2020-10-18	113.563922	22.1260891
lynetteclennell	2020-10-18	113.563922	22.1260891
lynetteclennell	2020-10-18	113.5639216751	22.1260873461
lynetteclennell	2020-10-20	113.5639216751	22.1260873461
lynetteclennell	2020-10-20	113.5639216751	22.1260873461
lynetteclennell	2020-10-20	113.5639216751	22.1260873461
lynetteclennell	2020-10-20	113.5639220104	22.1260873461
lynetteclennell	2020-10-20	113.5639220104	22.1260873461
lynetteclennell	2020-10-20	113.5639220104	22.1260873461
lynetteclennell	2020-10-20	113.5639220104	22.1260873461
lynetteclennell	2020-10-20	113.5639216751	22.1260873461
lynetteclennell	2020-10-20	113.5639216751	22.1260873461
lynetteclennell	2020-10-20	113.5639216751	22.1260873461
lynetteclennell	2020-10-20	113.5639220104	22.1260873461
lynetteclennell	2020-10-20	113.5639220104	22.1260873461
lynetteclennell	2020-10-21	113.583862558	22.1294087079
lynetteclennell	2020-10-21	113.587394692	22.1290080615
lynetteclennell	2020-10-21	113.5835249349	22.1301202407
lynetteclennell	2020-10-21	113.5833750665	22.130323047
lynetteclennell	2020-10-21	113.5832463205	22.1279287953
lynetteclennell	2020-10-21	113.5828691348	22.1293646058
lynetteclennell	2020-10-21	113.5852750763	22.129540393
lynetteclennell	2020-10-21	113.5834525153	22.1295372872
lynetteclennell	2020-10-21	113.5817094147	22.128739721
lynetteclennell	2020-10-21	113.5831873119	22.1298425849
lynetteclennell	2020-10-21	113.5830330849	22.1298481753
lynetteclennell	2020-10-21	113.5828242078	22.1295770412
lynetteclennell	2020-10-21	113.5829509422	22.1298826494
lynetteclennell	2020-10-21	113.5818519071	22.1284825608
lynetteclennell	2020-10-21	113.5823689029	22.1293708174
lynetteclennell	2020-10-21	113.5831172392	22.1293043536
lynetteclennell	2020-10-22	113.5469442979	22.1608326041
lynetteclennell	2020-10-22	113.5469442979	22.1608326041
lynetteclennell	2020-10-22	113.5469442979	22.1608326041
lynetteclennell	2020-10-22	113.5469442979	22.1608326041
lynetteclennell	2020-10-21	113.5597222222	22.1619444444
lynetteclennell	2020-10-25	113.563922	22.1260891
lynetteclennell	2020-10-25	113.5578795122	22.1165829187
lynetteclennell	2020-10-25	113.5606260942	22.1172190392
lynetteclennell	2020-10-25	113.5658333333	22.1236111111
lynetteclennell	2020-10-25	113.5647222222	22.1219444444
lynetteclennell	2020-10-25	113.5647222222	22.1219444444
lynetteclennell	2020-10-25	113.5638888889	22.1202777778
lynetteclennell	2020-10-25	113.5630555556	22.1183333333
lynetteclennell	2020-10-25	113.5636111111	22.1177777778
lynetteclennell	2020-10-25	113.5636111111	22.1172222222
lynetteclennell	2020-10-25	113.5636111111	22.1172222222
lynetteclennell	2020-10-25	113.560969417	22.1172190392
lynetteclennell	2020-10-25	113.5644444444	22.115
lynetteclennell	2020-10-25	113.5644444444	22.1152777778
lynetteclennell	2020-10-25	113.5644444444	22.1152777778
lynetteclennell	2020-10-25	113.5641666667	22.115
lynetteclennell	2020-10-25	113.5602777778	22.1141666667
lynetteclennell	2020-10-25	113.5566666667	22.1147222222
lynetteclennell	2020-10-25	113.5566666667	22.1147222222
lynetteclennell	2020-10-25	113.5566666667	22.115
lynetteclennell	2020-10-25	113.5563888889	22.1158333333
lynetteclennell	2020-10-25	113.5566666667	22.115
lynetteclennell	2020-10-25	113.5566666667	22.115
lynetteclennell	2020-10-25	113.5566666667	22.115
lynetteclennell	2020-10-25	113.5566666667	22.115
lynetteclennell	2020-10-25	113.5563888889	22.115
lynetteclennell	2020-10-25	113.5563888889	22.115
lynetteclennell	2020-10-25	113.5566666667	22.115
lynetteclennell	2020-10-25	113.5566666667	22.115
lynetteclennell	2020-10-25	113.5566666667	22.115
lynetteclennell	2020-10-25	113.5566666667	22.115
lynetteclennell	2020-10-25	113.5566666667	22.115
lynetteclennell	2020-10-25	113.5575361894	22.114038408
lynetteclennell	2020-10-23	113.5639216751	22.1260873461
lynetteclennell	2020-10-23	113.5639220104	22.1260873461
lynetteclennell	2020-10-25	113.5639216751	22.1260873461
lynetteclennell	2020-10-27	113.5639220104	22.1260873461
lynetteclennell	2020-10-27	113.5639220104	22.1260873461
lynetteclennell	2020-10-27	113.5639216751	22.1260873461
lynetteclennell	2020-10-27	113.5639216751	22.1260873461
lynetteclennell	2020-10-27	113.5639216751	22.1260873461
lynetteclennell	2020-10-27	113.5639216751	22.1260873461
lynetteclennell	2020-10-27	113.5639216751	22.1260873461
lynetteclennell	2020-10-27	113.5639220104	22.1260873461
lynetteclennell	2020-10-28	113.5639220104	22.1260873461
lynetteclennell	2020-10-28	113.5639216751	22.1260873461
lynetteclennell	2020-10-29	113.5639216751	22.1260873461
lynetteclennell	2020-10-29	113.5658334196	22.1586105854
lynetteclennell	2020-10-29	113.5658334196	22.1586105854
lynetteclennell	2020-10-29	113.5658334196	22.1586105854
lynetteclennell	2020-10-29	113.5658334196	22.1586105854
lynetteclennell	2020-10-29	113.5658334196	22.1586105854
lynetteclennell	2020-10-29	113.5658334196	22.1586105854
lynetteclennell	2020-10-29	113.5658334196	22.1586105854
lynetteclennell	2020-10-29	113.5658334196	22.1586105854
lynetteclennell	2020-10-29	113.5658334196	22.1586105854
lynetteclennell	2020-10-29	113.5658334196	22.1586105854
lynetteclennell	2020-10-29	113.5658334196	22.1586105854
lynetteclennell	2020-10-30	113.563922	22.1260891
lynetteclennell	2020-10-30	113.5639220104	22.1260873461
lynetteclennell	2020-10-30	113.5639220104	22.1260873461
lynetteclennell	2020-10-30	113.5639220104	22.1260873461
lynetteclennell	2020-10-30	113.5639220104	22.1260873461
lynetteclennell	2020-10-30	113.5639216751	22.1260873461
lynetteclennell	2020-10-30	113.5639220104	22.1260873461
lynetteclennell	2020-10-30	113.5639220104	22.1260873461
lynetteclennell	2020-10-30	113.5639220104	22.1260873461
lynetteclennell	2020-10-30	113.5639220104	22.1260873461
lynetteclennell	2020-10-30	113.5639216751	22.1260873461
lynetteclennell	2020-10-30	113.5639220104	22.1260873461
lynetteclennell	2020-10-30	113.5639220104	22.1260873461
lynetteclennell	2020-10-30	113.5639216751	22.1260873461
lynetteclennell	2020-10-31	113.563922	22.1260891
lynetteclennell	2020-10-31	113.5640494	22.1237213
lynetteclennell	2020-10-31	113.5611781002	22.1231507251
lynetteclennell	2020-10-31	113.5584315181	22.1228326786
lynetteclennell	2020-10-31	113.5591181637	22.1241048603
lynetteclennell	2020-10-31	113.5615214229	22.1234687708
lynetteclennell	2020-10-31	113.5608347774	22.1221965834
lynetteclennell	2020-11-01	113.563922	22.1260891
lynetteclennell	2020-11-01	113.5899268307	22.1293042452
lynetteclennell	2020-11-01	113.5867529631	22.126696398
lynetteclennell	2020-11-01	113.5864096404	22.1279685448
lynetteclennell	2020-11-01	113.5833197356	22.128604614
lynetteclennell	2020-11-01	113.5840063811	22.1270144358
lynetteclennell	2020-11-01	113.5864096404	22.1273324729
lynetteclennell	2020-11-01	113.5874396086	22.126696398
lynetteclennell	2020-11-01	113.5884695769	22.1244701134
lynetteclennell	2020-11-01	113.5860663176	22.126696398
lynetteclennell	2020-11-02	113.563922	22.1260891
lynetteclennell	2020-11-02	113.561862053	22.1273250078
lynetteclennell	2020-11-02	113.5622053758	22.1244626483
lynetteclennell	2020-11-02	113.561862053	22.1244626483
lynetteclennell	2020-11-02	113.5649519578	22.1228724234
lynetteclennell	2020-11-02	113.560488762	22.1231904698
lynetteclennell	2020-11-02	113.564608635	22.1212821805
lynetteclennell	2020-11-02	113.5615187302	22.1241446047
lynetteclennell	2020-11-02	113.5601454392	22.1228724234
lynetteclennell	2020-11-02	113.5622053758	22.1228724234
lynetteclennell	2020-11-02	113.5625486985	22.1228724234
lynetteclennell	2020-11-03	113.5639220104	22.1260873461
lynetteclennell	2020-11-03	113.5639216751	22.1260873461
lynetteclennell	2020-11-04	113.563922	22.1260891
lynetteclennell	2020-11-04	113.5622080684	22.1244228904
lynetteclennell	2020-11-04	113.5635813595	22.1247409333
lynetteclennell	2020-11-04	113.5625513912	22.1234687574
lynetteclennell	2020-11-04	113.5615214229	22.1256950578
lynetteclennell	2020-11-04	113.5628947139	22.1241048468
lynetteclennell	2020-11-04	113.5618647457	22.1269672136
lynetteclennell	2020-11-04	113.5622080684	22.1247409333
lynetteclennell	2020-11-04	113.5622080684	22.1234687574
lynetteclennell	2020-11-04	113.5635813595	22.1234687574
lynetteclennell	2020-11-04	113.5639246822	22.1228326651
lynetteclennell	2020-11-04	113.5652979732	22.1237868024
lynetteclennell	2020-11-04	113.564268005	22.1196521606
lynetteclennell	2020-11-04	113.5639246822	22.1186979952
lynetteclennell	2020-11-04	113.5632380367	22.1212424218
lynetteclennell	2020-11-04	113.5639246822	22.1221965699
lynetteclennell	2020-11-05	113.563922	22.1260891
lynetteclennell	2020-11-05	113.5652979732	22.125377017
lynetteclennell	2020-11-05	113.5635813595	22.1260130978
lynetteclennell	2020-11-05	113.567014587	22.1256950578
lynetteclennell	2020-11-05	113.5646113277	22.1231507116
lynetteclennell	2020-11-05	113.5649546505	22.1234687574
lynetteclennell	2020-11-05	113.5652979732	22.1250589755
lynetteclennell	2020-11-05	113.5663279415	22.1269672136
lynetteclennell	2020-11-05	113.5680445553	22.1250589755
lynetteclennell	2020-11-06	113.5639216751	22.1260873461
lynetteclennell	2020-11-06	113.5639216751	22.1260873461
lynetteclennell	2020-11-06	113.5639220104	22.1260873461
lynetteclennell	2020-11-06	113.5639220104	22.1260873461
lynetteclennell	2020-11-06	113.5639220104	22.1260873461
lynetteclennell	2020-11-06	113.5639220104	22.1260873461
lynetteclennell	2020-11-07	113.5639220104	22.1260873461
lynetteclennell	2020-11-07	113.5565640391	22.1135748702
lynetteclennell	2020-11-07	113.5564569184	22.1130729313
lynetteclennell	2020-11-07	113.5564354608	22.1131922071
lynetteclennell	2020-11-07	113.5563710877	22.1130729313
lynetteclennell	2020-11-07	113.5565427491	22.1128343795
lynetteclennell	2020-11-07	113.5565642068	22.1126554653
lynetteclennell	2020-11-07	113.5565212914	22.1129138968
lynetteclennell	2020-11-07	113.5564354608	22.1128542588
lynetteclennell	2020-11-06	113.5639220104	22.1260873461
lynetteclennell	2020-11-08	113.5352777778	22.18
lynetteclennell	2020-11-08	113.5427777778	22.1883333333
lynetteclennell	2020-11-08	113.5375	22.1869444444
lynetteclennell	2020-11-08	113.5322222222	22.1808333333
lynetteclennell	2020-11-08	113.5320500866	22.1805008008
lynetteclennell	2020-11-10	113.563922	22.1260891
lynetteclennell	2020-11-09	113.5639216751	22.1260873461
lynetteclennell	2020-11-11	113.5594444444	22.1622222222
lynetteclennell	2020-11-11	113.564268005	22.1234687708
lynetteclennell	2020-11-11	113.5649546505	22.1237868159
lynetteclennell	2020-11-11	113.5615214229	22.1241048603
lynetteclennell	2020-11-11	113.5618647457	22.1256950712
lynetteclennell	2020-11-11	113.563922	22.1260891
lynetteclennell	2020-11-11	113.5622080684	22.1247409468
lynetteclennell	2020-11-11	113.5639246822	22.1256950712
lynetteclennell	2020-11-11	113.5639246822	22.1231507251
lynetteclennell	2020-11-11	113.5632380367	22.1241048603
lynetteclennell	2020-11-11	113.5646113277	22.1247409468
lynetteclennell	2020-11-11	113.5646113277	22.1234687708
lynetteclennell	2020-11-11	113.5639246822	22.1241048603
lynetteclennell	2020-11-11	113.5646113277	22.1241048603
lynetteclennell	2020-11-11	113.5639246822	22.1237868159
lynetteclennell	2020-11-11	113.5618647457	22.1241048603
lynetteclennell	2020-11-11	113.564268005	22.1225146313
lynetteclennell	2020-11-13	113.563922	22.1260891
lynetteclennell	2020-11-13	113.565641296	22.1269672136
lynetteclennell	2020-11-13	113.564268005	22.1266491758
lynetteclennell	2020-11-13	113.5639246822	22.1260130978
lynetteclennell	2020-11-13	113.5625513912	22.1272852508
lynetteclennell	2020-11-13	113.5646113277	22.125377017
lynetteclennell	2020-11-13	113.5673579097	22.1234687574
lynetteclennell	2020-11-14	113.5605555556	22.1533333333
lynetteclennell	2020-11-14	113.5602777778	22.1533333333
lynetteclennell	2020-11-14	113.5602777778	22.1533333333
lynetteclennell	2020-11-14	113.5602777778	22.1533333333
lynetteclennell	2020-11-14	113.5602777778	22.1533333333
lynetteclennell	2020-11-14	113.5602777778	22.1536111111
lynetteclennell	2020-11-14	113.5602777778	22.1536111111
lynetteclennell	2020-11-14	113.5605555556	22.1538888889
lynetteclennell	2020-11-14	113.5608333333	22.1536111111
lynetteclennell	2020-11-14	113.5605555556	22.1533333333
lynetteclennell	2020-11-14	113.5605479243	22.1541847543
lynetteclennell	2020-11-14	113.5611111111	22.1505555556
lynetteclennell	2020-11-14	113.5597222222	22.1505555556
lynetteclennell	2020-11-14	113.5586111111	22.1508333333
lynetteclennell	2020-11-14	113.5586111111	22.1513888889
lynetteclennell	2020-11-14	113.5602777778	22.1538888889
lynetteclennell	2020-11-15	113.563922	22.1260891
lynetteclennell	2020-11-15	113.5558333333	22.1541666667
lynetteclennell	2020-11-15	113.5611781002	22.1262913823
lynetteclennell	2020-11-15	113.5611781002	22.1262516274
lynetteclennell	2020-11-15	113.5611111111	22.1266666667
lynetteclennell	2020-11-15	113.5611111111	22.1266666667
lynetteclennell	2020-11-15	113.5611111111	22.1266666667
lynetteclennell	2020-11-15	113.5616666667	22.1269444444
lynetteclennell	2020-11-15	113.5619444444	22.1269444444
lynetteclennell	2020-11-15	113.5622222222	22.1269444444
lynetteclennell	2020-11-15	113.5622222222	22.1269444444
lynetteclennell	2020-11-15	113.5622222222	22.1269444444
lynetteclennell	2020-11-15	113.5622222222	22.1269444444
lynetteclennell	2020-11-15	113.5622222222	22.1269444444
lynetteclennell	2020-11-15	113.5601481319	22.1227531533
lynetteclennell	2020-11-15	113.5601481319	22.1252975067
lynetteclennell	2020-11-15	113.5622222222	22.1266666667
lynetteclennell	2020-11-15	113.5622222222	22.1266666667
lynetteclennell	2020-11-15	113.5622222222	22.1266666667
lynetteclennell	2020-11-15	113.5622222222	22.1266666667
lynetteclennell	2020-11-15	113.5622222222	22.1266666667
lynetteclennell	2020-11-15	113.5622222222	22.1266666667
lynetteclennell	2020-11-15	113.5622222222	22.1266666667
lynetteclennell	2020-11-15	113.5622222222	22.1266666667
lynetteclennell	2020-11-15	113.5622222222	22.1266666667
lynetteclennell	2020-11-15	113.5622222222	22.1266666667
lynetteclennell	2020-11-15	113.5622222222	22.1266666667
lynetteclennell	2020-11-15	113.5558333333	22.1541666667
lynetteclennell	2020-11-15	113.5616666667	22.1266666667
lynetteclennell	2020-11-15	113.5619444444	22.1266666667
lynetteclennell	2020-11-15	113.5619444444	22.1266666667
lynetteclennell	2020-11-15	113.5619444444	22.1266666667
lynetteclennell	2020-11-15	113.5619444444	22.1266666667
lynetteclennell	2020-11-15	113.5622222222	22.1269444444
lynetteclennell	2020-11-15	113.5619444444	22.1269444444
lynetteclennell	2020-11-15	113.5619444444	22.1269444444
lynetteclennell	2020-11-15	113.5619444444	22.1266666667
lynetteclennell	2020-11-15	113.5619444444	22.1269444444
lynetteclennell	2020-11-15	113.5619444444	22.1269444444
lynetteclennell	2020-11-15	113.5622222222	22.1266666667
lynetteclennell	2020-11-15	113.5622222222	22.1266666667
lynetteclennell	2020-11-15	113.5625	22.1266666667
lynetteclennell	2020-11-15	113.5608347774	22.1278418141
lynetteclennell	2020-11-15	113.5622222222	22.1272222222
lynetteclennell	2020-11-15	113.5630555556	22.1261111111
lynetteclennell	2020-11-15	113.5601481319	22.1262516274
lynetteclennell	2020-11-15	113.5639246822	22.1243433796
lynetteclennell	2020-11-15	113.5580881954	22.1240253358
lynetteclennell	2020-11-16	113.563922	22.1260891
lynetteclennell	2020-11-16	113.5639246822	22.1234687574
lynetteclennell	2020-11-16	113.5625513912	22.125377017
lynetteclennell	2020-11-16	113.5625513912	22.1244228904
lynetteclennell	2020-11-16	113.5635813595	22.1237868024
lynetteclennell	2020-11-16	113.5625513912	22.1256950578
lynetteclennell	2020-11-16	113.5618647457	22.1256950578
lynetteclennell	2020-11-16	113.5628947139	22.1244228904
lynetteclennell	2020-11-16	113.5618647457	22.1231507116
lynetteclennell	2020-11-16	113.5646113277	22.1215604719
lynetteclennell	2020-11-17	113.5639220104	22.1260873461
lynetteclennell	2020-11-17	113.5639220104	22.1260873461
lynetteclennell	2020-11-17	113.5639220104	22.1260873461
lynetteclennell	2020-11-17	113.5639220104	22.1260873461
lynetteclennell	2020-11-17	113.5438728333	22.1987372063
lynetteclennell	2020-11-19	113.5639216751	22.1260873461
lynetteclennell	2020-11-18	113.5469444	22.1608333
lynetteclennell	2020-11-18	113.5461795316	22.1605809586
lynetteclennell	2020-11-18	113.5499560819	22.1551755073
lynetteclennell	2020-11-18	113.5502994046	22.1602629966
lynetteclennell	2020-11-18	113.5475528226	22.1561294256
lynetteclennell	2020-11-18	113.5485827908	22.1583552097
lynetteclennell	2020-11-19	113.5520160184	22.1529496729
lynetteclennell	2020-11-19	113.5612857327	22.1230564873
lynetteclennell	2020-11-19	113.563922	22.1260891
lynetteclennell	2020-11-19	113.5598021165	22.1257348152
lynetteclennell	2020-11-19	113.5570555344	22.1244626483
lynetteclennell	2020-11-19	113.5580855027	22.1241446047
lynetteclennell	2020-11-19	113.5598021165	22.1257348152
lynetteclennell	2020-11-19	113.5639219895	22.1270069708
lynetteclennell	2020-11-20	113.563922	22.1260891
lynetteclennell	2020-11-20	113.563922	22.1260891
lynetteclennell	2020-11-20	113.5591181637	22.1250589755
lynetteclennell	2020-11-20	113.5608347774	22.1241048468
lynetteclennell	2020-11-20	113.5598048092	22.1228326651
lynetteclennell	2020-11-20	113.5598048092	22.1221965699
lynetteclennell	2020-11-20	113.5604914547	22.1215604719
lynetteclennell	2020-11-20	113.5604914547	22.1218785213
lynetteclennell	2020-11-20	113.5601481319	22.1228326651
lynetteclennell	2020-11-20	113.5608347774	22.1237868024
lynetteclennell	2020-11-20	113.5601481319	22.1218785213
lynetteclennell	2020-11-21	113.5658333	22.1586111
lynetteclennell	2020-11-21	113.5708333333	22.1594444444
lynetteclennell	2020-11-21	113.5708333333	22.1594444444
lynetteclennell	2020-11-21	113.5661417764	22.1584819871
lynetteclennell	2020-11-21	113.5660130304	22.1585614787
lynetteclennell	2020-11-21	113.5694444444	22.1580555556
lynetteclennell	2020-11-21	113.5660988611	22.1583627497
lynetteclennell	2020-11-21	113.5659271997	22.1584819871
lynetteclennell	2020-11-21	113.5660988611	22.1586012245
lynetteclennell	2020-11-21	113.5658333	22.1586111
lynetteclennell	2020-11-21	113.5670362707	22.1577775946
lynetteclennell	2020-11-22	113.5638888889	22.1238888889
lynetteclennell	2020-11-22	113.5614841583	22.1225871685
lynetteclennell	2020-11-22	113.5621708038	22.1220305844
lynetteclennell	2020-11-22	113.5618274811	22.1217125354
lynetteclennell	2020-11-22	113.5619991424	22.1229847272
lynetteclennell	2020-11-22	113.5618274811	22.1224281447
lynetteclennell	2020-11-22	113.5618274811	22.1225871685
lynetteclennell	2020-11-22	113.5620849731	22.1225076566
lynetteclennell	2020-11-22	113.5627777778	22.1227777778
lynetteclennell	2020-11-22	113.5621708038	22.1223486327
lynetteclennell	2020-11-22	113.5594444444	22.1208333333
lynetteclennell	2020-11-22	113.5613983276	22.1220305844
lynetteclennell	2020-11-22	113.5588888889	22.1230555556
lynetteclennell	2020-11-22	113.563922	22.1260891
lynetteclennell	2020-11-22	113.5619991424	22.1224281447
lynetteclennell	2020-11-22	113.5613124969	22.1217125354
lynetteclennell	2020-11-22	113.5613452402	22.1215734802
lynetteclennell	2020-11-23	113.5639220104	22.1260873461
lynetteclennell	2020-11-23	113.5438728333	22.1987372063
lynetteclennell	2020-11-23	113.5438728333	22.1987372063
lynetteclennell	2020-11-23	113.5438728333	22.1987372063
lynetteclennell	2020-11-23	113.5438728333	22.1987372063
lynetteclennell	2020-11-24	113.5438728333	22.1987372063
lynetteclennell	2020-11-24	113.5438728333	22.1987372063
lynetteclennell	2020-11-24	113.5639220104	22.1260873461
lynetteclennell	2020-11-25	113.563922	22.1260891
lynetteclennell	2020-11-25	113.5646113277	22.1247409333
lynetteclennell	2020-11-25	113.5649546505	22.1247409333
lynetteclennell	2020-11-25	113.564268005	22.1231507116
lynetteclennell	2020-11-25	113.5649546505	22.1231507116
lynetteclennell	2020-11-25	113.5666712642	22.1244228904
lynetteclennell	2020-11-25	113.5659846187	22.1247409333
lynetteclennell	2020-11-25	113.5646113277	22.1241048468
lynetteclennell	2020-11-25	113.5663279415	22.125377017
lynetteclennell	2020-11-25	113.567014587	22.1250589755
lynetteclennell	2020-11-25	113.5652979732	22.1244228904
lynetteclennell	2020-11-26	113.563922	22.1260891
lynetteclennell	2020-11-26	113.564268005	22.1250589755
lynetteclennell	2020-11-26	113.5639246822	22.1256950578
lynetteclennell	2020-11-26	113.5639246822	22.1237868024
lynetteclennell	2020-11-26	113.5646113277	22.1234687574
lynetteclennell	2020-11-26	113.5635813595	22.1234687574
lynetteclennell	2020-11-27	113.5469444	22.1608333
lynetteclennell	2020-11-27	113.5469876506	22.1608631565
lynetteclennell	2020-11-27	113.5467730739	22.1606246856
lynetteclennell	2020-11-27	113.5468589046	22.1607041759
lynetteclennell	2020-11-27	113.5472022273	22.1607041759
lynetteclennell	2020-11-27	113.547159312	22.1606246856
lynetteclennell	2020-11-27	113.547288058	22.1607041759
lynetteclennell	2020-11-27	113.547030566	22.1603862143
lynetteclennell	2020-11-29	113.5519444444	22.1222222222
lynetteclennell	2020-11-29	113.554604652	22.1102070935
lynetteclennell	2020-11-29	113.5547222222	22.1102777778
lynetteclennell	2020-11-29	113.5536111111	22.1211111111
lynetteclennell	2020-11-29	113.5547222222	22.1102777778
lynetteclennell	2020-11-29	113.5544444444	22.11
lynetteclennell	2020-11-29	113.555	22.11
lynetteclennell	2020-11-29	113.5547222222	22.1102777778
lynetteclennell	2020-11-29	113.5552777778	22.1102777778
lynetteclennell	2020-11-29	113.5683333333	22.1197222222
lynetteclennell	2020-11-29	113.555	22.1102777778
lynetteclennell	2020-11-29	113.5580555556	22.1138888889
lynetteclennell	2020-11-29	113.5602777778	22.1141666667
lynetteclennell	2020-11-29	113.5630555556	22.1144444444
lynetteclennell	2020-11-29	113.5633333333	22.1183333333
lynetteclennell	2020-11-29	113.5628229404	22.1183616059
lynetteclennell	2020-11-29	113.5622222222	22.1188888889
lynetteclennell	2020-11-29	113.5570722843	22.1185206343
lynetteclennell	2020-11-29	113.5577777778	22.1186111111
lynetteclennell	2020-11-29	113.5572222222	22.1188888889
lynetteclennell	2020-11-29	113.5529061712	22.1182360724
lynetteclennell	2020-11-29	113.5513888889	22.1186111111
lynetteclennell	2020-12-01	113.563922	22.1260891
lynetteclennell	2020-12-01	113.5594614864	22.1240253358
lynetteclennell	2020-12-01	113.5594614864	22.1237072912
lynetteclennell	2020-12-01	113.563922	22.1260891
lynetteclennell	2020-12-02	113.5658333	22.1586111
lynetteclennell	2020-12-02	113.5651479956	22.1578968325
lynetteclennell	2020-12-02	113.5648046728	22.1574198802
lynetteclennell	2020-12-02	113.5649763342	22.1574198802
lynetteclennell	2020-12-03	113.563922	22.1260891
lynetteclennell	2020-12-03	113.563922	22.1260891
lynetteclennell	2020-12-03	113.5653006554	22.1283456792
lynetteclennell	2020-12-03	113.5618674279	22.1308899316
lynetteclennell	2020-12-03	113.5632407189	22.127709609
lynetteclennell	2020-12-03	113.5625540734	22.1270735358
lynetteclennell	2020-12-05	113.5694444444	22.1194444444
lynetteclennell	2020-12-05	113.569452411	22.119774051
lynetteclennell	2020-12-05	113.5693490084	22.1197541727
lynetteclennell	2020-12-05	113.5712879	22.1217451
lynetteclennell	2020-12-06	113.543873	22.198745
lynetteclennell	2020-12-06	113.5390718459	22.1986016817
lynetteclennell	2020-12-08	113.563922	22.1260891
lynetteclennell	2020-12-08	113.5646113277	22.1266491758
lynetteclennell	2020-12-08	113.567014587	22.1250589755
lynetteclennell	2020-12-08	113.5659846187	22.1247409333
lynetteclennell	2020-12-08	113.5659846187	22.125377017
lynetteclennell	2020-12-08	113.5673579097	22.125377017
lynetteclennell	2020-12-08	113.5673579097	22.1263311371
lynetteclennell	2020-12-08	113.5659846187	22.125377017
lynetteclennell	2020-12-08	113.565641296	22.1269672136
lynetteclennell	2020-12-08	113.567014587	22.1244228904
lynetteclennell	2020-12-08	113.5666712642	22.1256950578
lynetteclennell	2020-12-08	113.5663279415	22.1247409333
lynetteclennell	2020-12-09	113.563922	22.1260891
lynetteclennell	2020-12-09	113.5663279415	22.1250589755
lynetteclennell	2020-12-09	113.5646113277	22.1250589755
lynetteclennell	2020-12-09	113.5639246822	22.1244228904
lynetteclennell	2020-12-09	113.5666712642	22.1244228904
lynetteclennell	2020-12-09	113.5649546505	22.1244228904
lynetteclennell	2020-12-09	113.5639246822	22.1256950578
lynetteclennell	2020-12-10	113.5469444	22.1608333
lynetteclennell	2020-12-10	113.547030566	22.1611413785
lynetteclennell	2020-12-10	113.5469447353	22.1623734694
lynetteclennell	2020-12-10	113.5469018199	22.1620157667
lynetteclennell	2020-12-10	113.5472451427	22.1621350011
lynetteclennell	2020-12-10	113.5471163967	22.1620555115
lynetteclennell	2020-12-10	113.5471163967	22.1622144906
lynetteclennell	2020-12-11	113.563922	22.1260891
lynetteclennell	2020-12-13	113.5840889	22.1327251
lynetteclennell	2020-12-13	113.5836339964	22.1320135718
lynetteclennell	2020-12-13	113.5912300124	22.1292705696
lynetteclennell	2020-12-13	113.5834194197	22.1313775181
lynetteclennell	2020-12-16	113.5658333	22.1586111
lynetteclennell	2020-12-16	113.5660736223	22.1581512062
lynetteclennell	2020-12-17	113.563922	22.1260891
lynetteclennell	2020-12-17	113.563922	22.1260891
lynetteclennell	2020-12-17	113.5671035905	22.1575152705
lynetteclennell	2020-12-17	113.5614500615	22.1268191048
lynetteclennell	2020-12-17	113.5614500615	22.1210943069
lynetteclennell	2020-12-17	113.562136707	22.1204582039
lynetteclennell	2020-12-17	113.560763416	22.1191859893
lynetteclennell	2020-12-17	113.562136707	22.114097016
lynetteclennell	2020-12-20	113.5480555556	22.1625
lynetteclennell	2020-12-20	113.5455555556	22.1594444444
lynetteclennell	2020-12-20	113.5441666667	22.1594444444
lynetteclennell	2020-12-20	113.545	22.1591666667
lynetteclennell	2020-12-20	113.5491666667	22.1605555556
lynetteclennell	2020-12-20	113.5466666667	22.1597222222
lynetteclennell	2020-12-21	113.563922	22.1260891
lynetteclennell	2020-12-21	113.5763888889	22.1277777778
lynetteclennell	2020-12-21	113.575	22.1297222222
lynetteclennell	2020-12-21	113.5725	22.1313888889
lynetteclennell	2020-12-21	113.5725	22.1311111111
lynetteclennell	2020-12-21	113.5722222222	22.1308333333
lynetteclennell	2020-12-21	113.5716666667	22.1319444444
lynetteclennell	2020-12-21	113.5733333333	22.1333333333
lynetteclennell	2020-12-21	113.5705555556	22.1347222222
lynetteclennell	2020-12-21	113.5702777778	22.1325
lynetteclennell	2020-12-21	113.5725	22.1313888889
lynetteclennell	2020-12-21	113.5685225176	22.1283506831
lynetteclennell	2020-12-21	113.5738888889	22.1277777778
lynetteclennell	2020-12-21	113.563922	22.1596848
lynetteclennell	2020-12-22	113.5527777778	22.1236111111
lynetteclennell	2020-12-22	113.5519444444	22.1308333333
lynetteclennell	2020-12-23	113.5513888889	22.1155555556
lynetteclennell	2020-12-23	113.55	22.1141666667
lynetteclennell	2020-12-23	113.5550671123	22.1126402475
lynetteclennell	2020-12-23	113.5558333333	22.1105555556
lynetteclennell	2020-12-23	113.5558333333	22.1105555556
lynetteclennell	2020-12-23	113.555	22.1119444444
lynetteclennell	2020-12-23	113.555	22.1119444444
lynetteclennell	2020-12-23	113.5547222222	22.1125
lynetteclennell	2020-12-23	113.5552777778	22.1122222222
lynetteclennell	2020-12-23	113.5558333333	22.1130555556
lynetteclennell	2020-12-23	113.5563888889	22.115
lynetteclennell	2020-12-23	113.5563888889	22.115
lynetteclennell	2020-12-23	113.5566666667	22.1163888889
lynetteclennell	2020-12-23	113.5566666667	22.1163888889
lynetteclennell	2020-12-23	113.5555555556	22.1172222222
lynetteclennell	2020-12-23	113.5555555556	22.1175
lynetteclennell	2020-12-24	113.555278046	22.1397154521
lynetteclennell	2020-12-24	113.5553574391	22.1398158249
lynetteclennell	2020-12-24	113.5552777778	22.1397222222
lynetteclennell	2020-12-24	113.5552777778	22.1397222222
lynetteclennell	2020-12-24	113.5552777778	22.1397222222
lynetteclennell	2020-12-25	113.5547222222	22.1219444444
lynetteclennell	2020-12-25	113.555	22.1222222222
lynetteclennell	2020-12-25	113.5548345068	22.122327933
lynetteclennell	2020-12-25	113.555	22.1227777778
lynetteclennell	2020-12-25	113.5550514721	22.122367689
lynetteclennell	2020-12-25	113.555	22.1225
lynetteclennell	2020-12-25	113.56	22.1236111111
lynetteclennell	2020-12-25	113.5552777778	22.1227777778
lynetteclennell	2020-12-25	113.5611111111	22.1236111111
lynetteclennell	2020-12-25	113.5644444444	22.1225
lynetteclennell	2020-12-25	113.5613888889	22.1191666667
lynetteclennell	2020-12-25	113.5605555556	22.1186111111
lynetteclennell	2020-12-25	113.56	22.1183333333
lynetteclennell	2020-12-20	113.5511111111	22.1180555556
lynetteclennell	2020-12-26	113.563922	22.1596848
lynetteclennell	2020-12-26	113.5625	22.1555555556
lynetteclennell	2020-12-27	113.5877777778	22.1325
lynetteclennell	2020-12-27	113.590221405	22.1302506828
lynetteclennell	2020-12-27	113.5897862141	22.1294868134
lynetteclennell	2020-12-27	113.5905555556	22.1297222222
lynetteclennell	2020-12-27	113.5908333333	22.13
lynetteclennell	2020-12-27	113.590180244	22.1305369283
lynetteclennell	2020-12-27	113.5908333333	22.1294444444
lynetteclennell	2020-12-27	113.5919444444	22.1294444444
lynetteclennell	2020-12-28	113.563922	22.1260891
lynetteclennell	2020-12-28	113.5625540734	22.1251267226
lynetteclennell	2020-12-28	113.5625540734	22.1251267226
lynetteclennell	2020-12-28	113.563922	22.1260891
lynetteclennell	2020-12-28	113.5646140099	22.1257628045
lynetteclennell	2020-12-28	113.5646140099	22.1257628045
lynetteclennell	2020-12-28	113.5632407189	22.1263988836
lynetteclennell	2020-12-29	113.547622	22.207903
lynetteclennell	2020-12-31	113.5538888889	22.1108333333
lynetteclennell	2020-12-31	113.57	22.1119444444
lynetteclennell	2020-12-31	113.5719444444	22.1127777778
lynetteclennell	2020-12-31	113.5680555556	22.1183333333
lynetteclennell	2020-12-31	113.5686111111	22.1175
lynetteclennell	2021-01-01	113.5594444444	22.1530555556
lynetteclennell	2021-01-01	113.5594444444	22.1527777778
lynetteclennell	2021-01-01	113.5594444444	22.1530555556
lynetteclennell	2021-01-02	113.5655555556	22.1225
lynetteclennell	2021-01-02	113.563922	22.1260891
lynetteclennell	2021-01-03	113.5513888889	22.1875
lynetteclennell	2021-01-03	113.5513888889	22.1877777778
lynetteclennell	2021-01-04	113.5469442979	22.1608326041
lynetteclennell	2021-01-04	113.5469442979	22.1608326041
lynetteclennell	2021-01-04	113.5469442979	22.1608326041
lynetteclennell	2021-01-04	113.5469442979	22.1608326041
lynetteclennell	2021-01-04	113.5469444	22.1608333
lynetteclennell	2021-01-05	113.563922	22.1260891
lynetteclennell	2021-01-07	113.563922	22.1260891
lynetteclennell	2021-01-07	113.5652979732	22.1295114909
lynetteclennell	2021-01-09	113.5712051	22.1242199
lynetteclennell	2021-01-09	113.5719444444	22.1263888889
lynetteclennell	2021-01-09	113.5719444444	22.1263888889
lynetteclennell	2021-01-09	113.5719444444	22.1263888889
lynetteclennell	2021-01-10	113.563922	22.1260891
lynetteclennell	2021-01-10	113.5577777778	22.1138888889
lynetteclennell	2021-01-10	113.5532816768	22.1129728675
lynetteclennell	2021-01-10	113.5625	22.1125
lynetteclennell	2021-01-10	113.5575	22.1133333333
lynetteclennell	2021-01-10	113.5522517086	22.1129728675
lynetteclennell	2021-01-10	113.5577777778	22.1122222222
lynetteclennell	2021-01-10	113.5513888889	22.1119444444
lynetteclennell	2021-01-10	113.563922	22.1260891
lynetteclennell	2021-01-10	113.5519444444	22.1113888889
lynetteclennell	2021-01-11	113.5632380367	22.1256155477
lynetteclennell	2021-01-12	113.5628947139	22.1252975067
lynetteclennell	2021-01-12	113.5632380367	22.1246614227
lynetteclennell	2021-01-12	113.5632380367	22.1224351059
lynetteclennell	2021-01-12	113.563922	22.1260891
lynetteclennell	2021-01-13	113.563922	22.1596848
lynetteclennell	2021-01-15	113.5519679	22.120919
lynetteclennell	2021-01-15	113.563922	22.1260891
lynetteclennell	2021-01-15	113.5611781002	22.1237868024
lynetteclennell	2021-01-15	113.5622080684	22.1241048468
lynetteclennell	2021-01-15	113.5618647457	22.1221965699
lynetteclennell	2021-01-15	113.5625513912	22.125377017
lynetteclennell	2021-01-15	113.5601481319	22.1221965699
lynetteclennell	2021-01-17	113.5528771815	22.1181756112
lynetteclennell	2021-01-17	113.5572222222	22.1147222222
lynetteclennell	2021-01-17	113.5561111111	22.1130555556
lynetteclennell	2021-01-17	113.5558333333	22.1130555556
lynetteclennell	2021-01-17	25.6022423	-33.9608369
lynetteclennell	2021-01-20	113.5639216751	22.1260873461
lynetteclennell	2021-01-21	113.563922	22.1260891
lynetteclennell	2021-01-21	113.5646113277	22.1237868024
lynetteclennell	2021-01-23	113.5655555556	22.1133333333
lynetteclennell	2021-01-23	113.5652777778	22.1133333333
lynetteclennell	2021-01-23	113.5710634113	22.1202200867
lynetteclennell	2021-01-23	113.5702777778	22.1183333333
lynetteclennell	2021-01-23	113.5713888889	22.1216666667
lynetteclennell	2021-01-23	113.5722222222	22.1227777778
lynetteclennell	2021-01-23	113.5741666667	22.125
lynetteclennell	2021-01-23	113.5744444444	22.125
lynetteclennell	2021-01-23	113.5744444444	22.1252777778
lynetteclennell	2021-01-24	113.563922	22.1428869
lynetteclennell	2021-01-24	113.563922	22.1428869
lynetteclennell	2021-01-24	113.563922	22.1428869
lynetteclennell	2021-01-24	113.563922	22.1428869
lynetteclennell	2021-01-24	113.563922	22.1428869
lynetteclennell	2021-01-24	113.5608347774	22.1398674512
lynetteclennell	2021-01-24	113.5598048092	22.1417754887
lynetteclennell	2021-01-24	113.563922	22.1428869
lynetteclennell	2021-01-24	113.563922	22.1428869
lynetteclennell	2021-01-24	113.563922	22.1428869
lynetteclennell	2021-01-24	113.563922	22.1428869
lynetteclennell	2021-01-24	113.5639246822	22.1417754887
lynetteclennell	2021-01-24	113.563922	22.1428869
lynetteclennell	2021-01-24	113.563922	22.1428869
lynetteclennell	2021-01-24	113.563922	22.1428869
