id	user	date	date_kind	lon	lat	accuracy	url
1067669	6331752|MạnhHưng	2017-07-17 07:39:43 UTC	created	105.5614	20.6579		https://www.openstreetmap.org/note/1067669
1067687	6331752|MạnhHưng	2017-07-17 08:10:56 UTC	created	105.5698	20.6668		https://www.openstreetmap.org/note/1067687
2625706	13096133|Xe Thích Nguyễn	2021-04-16 14:50:42 UTC	created	105.8258244	20.6392528		https://www.openstreetmap.org/note/2625706
3337248	16974271|TD18	2022-08-29 17:25:57 UTC	created	105.7945	20.6306		https://www.openstreetmap.org/note/3337248
1904279	10259749|huynv293	2019-08-29 01:46:38 UTC	created	105.7733256	20.6920352		https://www.openstreetmap.org/note/1904279
1267936	7468669|Ngô Quốc Hiệu	2018-01-14 11:48:28 UTC	created	105.7681859	20.6952584		https://www.openstreetmap.org/note/1267936
1268578	7468669|Ngô Quốc Hiệu	2018-01-15 00:35:28 UTC	created	105.7681859	20.6952584		https://www.openstreetmap.org/note/1268578
902552	5368127|Cường1108	2017-02-23 00:59:25 UTC	created	105.7864952	20.6275128		https://www.openstreetmap.org/note/902552
902543	5368127|Cường1108	2017-02-23 00:44:49 UTC	created	105.7840812	20.6272317		https://www.openstreetmap.org/note/902543
4668370	22639845|Nhide	2025-03-17 11:51:03 UTC	created	105.9302187	20.6595039		https://www.openstreetmap.org/note/4668370
4668272	22639845|Nhide	2025-03-17 10:30:53 UTC	created	105.9306	20.66668		https://www.openstreetmap.org/note/4668272
884492	4073039|Anh Letuan	2017-02-07 14:08:53 UTC	created	105.9481378	20.6059619		https://www.openstreetmap.org/note/884492
446807	3288358|NH_CanhBuom	2015-10-06 06:36:38 UTC	created	105.9190124	20.6425987		https://www.openstreetmap.org/note/446807
5276377	24095832|Rizty99	2026-05-03 01:14:30 UTC	created	106.0879487	20.6449995		https://www.openstreetmap.org/note/5276377
893595	5326086|Cuongtuanmotor	2017-02-16 01:16:07 UTC	created	106.0669899	20.6500131		https://www.openstreetmap.org/note/893595
3719935	19480539|Pphat	2023-06-04 14:38:46 UTC	created	106.0850707	20.6848939		https://www.openstreetmap.org/note/3719935
654978	4358486|Si Hung	2016-08-02 23:15:22 UTC	created	106.0131032	20.6466522		https://www.openstreetmap.org/note/654978
447748	3294102|PHÒNG VÉ MÁY BAY VĂN GIANG	2015-10-08 02:32:20 UTC	created	106.0513338	20.6490342		https://www.openstreetmap.org/note/447748
2609690	13005153|Thanh Tung Ngo	2021-04-05 11:44:35 UTC	created	106.2093	20.6518		https://www.openstreetmap.org/note/2609690
2628525	13110808|Phạm Hường	2021-04-18 14:41:10 UTC	created	105.4803	20.7669		https://www.openstreetmap.org/note/2628525
5063393	18625884|xmap-vn	2025-11-22 09:26:52 UTC	created	105.7808347	20.7904723		https://www.openstreetmap.org/note/5063393
4539534	22241043|HoangHoaYen	2024-12-01 08:37:01 UTC	created	105.7813079	20.7278798		https://www.openstreetmap.org/note/4539534
4539531	22241043|HoangHoaYen	2024-12-01 08:34:25 UTC	created	105.780573	20.728334		https://www.openstreetmap.org/note/4539531
393112	3041999|Xanh Nguyễn	2015-07-08 14:35:30 UTC	created	105.7474852	20.7220396		https://www.openstreetmap.org/note/393112
392574	3041999|Xanh Nguyễn	2015-07-07 14:23:26 UTC	created	105.7551241	20.7193904		https://www.openstreetmap.org/note/392574
392582	3041999|Xanh Nguyễn	2015-07-07 14:54:25 UTC	created	105.7477856	20.7220798		https://www.openstreetmap.org/note/392582
580330	4050851|Tâm Tít	2016-06-02 07:56:34 UTC	created	105.7197189	20.7519403		https://www.openstreetmap.org/note/580330
5495720	1722488|Mateusz Konieczny	2026-09-02 21:49:00 UTC	created	105.8295455	20.7845464		https://www.openstreetmap.org/note/5495720
2864531	15944521|Taya_S	2021-09-22 15:39:08 UTC	created	105.83848	20.794421		https://www.openstreetmap.org/note/2864531
2175974	11102798|Mrktinh	2020-04-29 16:41:57 UTC	created	105.8411694	20.7953158		https://www.openstreetmap.org/note/2175974
558797	3912917|Tu Duong Van	2016-05-03 13:14:07 UTC	created	105.8913803	20.7663868		https://www.openstreetmap.org/note/558797
5312388	24154004|Eriss102	2026-05-27 11:20:59 UTC	created	105.9076232	20.7775256		https://www.openstreetmap.org/note/5312388
5199975	12805364|Bình Lý	2026-03-11 03:25:48 UTC	created	105.915056	20.735621		https://www.openstreetmap.org/note/5199975
1558806	8771830|Varezz	2018-10-13 05:00:21 UTC	created	105.9145814	20.7330624		https://www.openstreetmap.org/note/1558806
1778998	9952673|go va sa	2019-05-14 20:15:49 UTC	created	105.9136641	20.7414557		https://www.openstreetmap.org/note/1778998
792946	4873065|Nguyen Hoang 7788	2016-11-23 05:24:04 UTC	created	105.9042284	20.7623299		https://www.openstreetmap.org/note/792946
791758	4873065|Nguyen Hoang 7788	2016-11-22 05:34:35 UTC	created	105.9043056	20.7624369		https://www.openstreetmap.org/note/791758
3009817	11196308|vietnam321	2022-01-14 02:01:44 UTC	created	106.0532958	20.7084861		https://www.openstreetmap.org/note/3009817
528647	14770278|sheikchilli	2016-03-16 17:11:34 UTC	created	106.1030227	20.7223507		https://www.openstreetmap.org/note/528647
1239033	7164606|MrKun198	2017-12-15 13:29:28 UTC	created	106.1673366	20.7296174		https://www.openstreetmap.org/note/1239033
1231066	7164606|MrKun198	2017-12-06 15:25:23 UTC	created	106.1673366	20.7296174		https://www.openstreetmap.org/note/1231066
5468320	1722488|Mateusz Konieczny	2026-08-20 19:41:45 UTC	created	106.2737469	20.7608213		https://www.openstreetmap.org/note/5468320
5075766	23568195|One-id Map	2025-12-02 02:50:41 UTC	created	106.246065	20.785845		https://www.openstreetmap.org/note/5075766
2607487	23342750|Kaizuke	2021-04-03 19:29:48 UTC	created	106.2520537	20.7864482		https://www.openstreetmap.org/note/2607487
5088552	1722488|Mateusz Konieczny	2025-12-12 13:52:21 UTC	created	105.3478146	20.8242493		https://www.openstreetmap.org/note/5088552
4756625	1722488|Mateusz Konieczny	2025-05-13 10:04:40 UTC	created	105.3436818	20.8223081		https://www.openstreetmap.org/note/4756625
1915485	3199858|Mateusz Konieczny - bot account	2019-09-06 18:43:26 UTC	created	105.339489	20.8272564		https://www.openstreetmap.org/note/1915485
4723981	1722488|Mateusz Konieczny	2025-04-23 09:26:09 UTC	created	105.3341673	20.8167075		https://www.openstreetmap.org/note/4723981
708582	4561016|Guillaume Gourinel	2016-09-11 12:53:53 UTC	created	105.3254861	20.8100883		https://www.openstreetmap.org/note/708582
3193072	16075370|Tran dong	2022-05-24 15:07:38 UTC	created	105.357728	20.8448952		https://www.openstreetmap.org/note/3193072
3193064	16075370|Tran dong	2022-05-24 14:55:07 UTC	created	105.3525245	20.8260545		https://www.openstreetmap.org/note/3193064
3193060	16075370|Tran dong	2022-05-24 14:53:55 UTC	created	105.3546676	20.8275135		https://www.openstreetmap.org/note/3193060
407409	3096539|dangxuanhung	2015-08-02 12:13:02 UTC	created	105.3426433	20.8431709		https://www.openstreetmap.org/note/407409
4020608	20662839|Nghiêm Digital	2023-12-09 02:56:19 UTC	created	105.5751291	20.8969822		https://www.openstreetmap.org/note/4020608
707163	4551730|Văn Tuyên Vương	2016-09-10 07:05:52 UTC	created	105.5765533	20.8979469		https://www.openstreetmap.org/note/707163
929935	5501331|islee	2017-03-17 10:11:16 UTC	created	105.6586266	20.8796634		https://www.openstreetmap.org/note/929935
2483237	10329894|Kaheetonaa	2021-01-03 04:19:31 UTC	created	105.7183816	20.8983041		https://www.openstreetmap.org/note/2483237
2482141	10329894|Kaheetonaa	2021-01-02 08:56:39 UTC	created	105.7243218	20.8996308		https://www.openstreetmap.org/note/2482141
1227996	6977698|Ewan Shearer	2017-12-04 09:05:08 UTC	created	105.9252566	20.8818938		https://www.openstreetmap.org/note/1227996
2857778	14132736|0obmob	2021-09-18 04:38:31 UTC	created	105.94145	20.87389		https://www.openstreetmap.org/note/2857778
3369793	17212244|haleeabc	2022-09-23 04:10:00 UTC	created	105.99241	20.87491		https://www.openstreetmap.org/note/3369793
584721	4055889|Như Thành	2016-06-06 01:28:26 UTC	created	105.905757	20.8906099		https://www.openstreetmap.org/note/584721
584720	4055889|Như Thành	2016-06-06 01:27:59 UTC	created	105.9221935	20.8847159		https://www.openstreetmap.org/note/584720
5495724	1722488|Mateusz Konieczny	2026-09-02 21:49:09 UTC	created	105.8515383	20.8120766		https://www.openstreetmap.org/note/5495724
5495718	1722488|Mateusz Konieczny	2026-09-02 21:48:56 UTC	created	105.8519944	20.8072915		https://www.openstreetmap.org/note/5495718
5384159	24293990|16May	2026-07-09 04:44:09 UTC	created	105.8513939	20.8632882		https://www.openstreetmap.org/note/5384159
428929	3195228|Nhà bạt Tuấn Ý	2015-09-05 06:34:59 UTC	created	105.8590221	20.8881641		https://www.openstreetmap.org/note/428929
1943011	5109677|Summerhook	2019-09-29 00:44:26 UTC	created	105.8675229	20.8873079		https://www.openstreetmap.org/note/1943011
2805174	13936450|phuong nguyen van	2021-08-15 22:56:36 UTC	created	105.84659	20.86446		https://www.openstreetmap.org/note/2805174
2804041	13936450|phuong nguyen van	2021-08-15 08:54:14 UTC	created	105.8470562	20.8664288		https://www.openstreetmap.org/note/2804041
2611980	13019633|Greenland Academy Việt Nam	2021-04-07 07:45:57 UTC	created	105.8613396	20.8676341		https://www.openstreetmap.org/note/2611980
1943015	10308075|Summerallw	2019-09-29 01:01:49 UTC	created	105.8674793	20.8837586		https://www.openstreetmap.org/note/1943015
661388	4132570|Hkardoso	2016-08-07 12:34:57 UTC	created	105.8831974	20.8210983		https://www.openstreetmap.org/note/661388
449981	3303243|lymacsau	2015-10-12 03:09:40 UTC	created	105.8698985	20.8716692		https://www.openstreetmap.org/note/449981
1151985	3199858|Mateusz Konieczny - bot account	2017-09-25 02:20:57 UTC	created	106.0196	20.8541		https://www.openstreetmap.org/note/1151985
4527859	16194143|Tewuzij	2024-11-21 12:55:55 UTC	created	106.029117	20.861833		https://www.openstreetmap.org/note/4527859
2376821	7627139|Bob Sandow	2020-10-07 01:46:56 UTC	created	106.098192	20.8094011		https://www.openstreetmap.org/note/2376821
2614135	13031320|Nguyễn Chí Tuấn	2021-04-08 14:55:56 UTC	created	106.085	20.8827		https://www.openstreetmap.org/note/2614135
711485	4573557|Đàm Quang	2016-09-14 03:26:30 UTC	created	106.0877609	20.8559244		https://www.openstreetmap.org/note/711485
5198653	18148797|Kenkton	2026-03-10 04:50:24 UTC	created	106.1185305	20.8592411		https://www.openstreetmap.org/note/5198653
2738509	5060057|NeisBot	2021-07-02 18:37:52 UTC	created	106.1398319	20.8967434		https://www.openstreetmap.org/note/2738509
2738506	15944521|Taya_S	2021-07-02 18:36:23 UTC	created	106.1398294	20.896721		https://www.openstreetmap.org/note/2738506
1013194	15944521|Taya_S	2017-05-30 00:47:16 UTC	created	106.2253904	20.8311409		https://www.openstreetmap.org/note/1013194
2940528	14486648|phucnhikha	2021-11-19 05:13:01 UTC	created	106.2309694	20.8138901		https://www.openstreetmap.org/note/2940528
3946372	20482421|hoanglongutc	2023-10-18 10:32:01 UTC	created	105.4764184	20.9667144		https://www.openstreetmap.org/note/3946372
2311218	11665877|Kysonxanh	2020-08-17 16:30:04 UTC	created	105.44076	20.92644		https://www.openstreetmap.org/note/2311218
4556783	22302932|Lahavy	2024-12-19 09:30:09 UTC	created	105.534668	20.9085438		https://www.openstreetmap.org/note/4556783
3582275	18598550|Quoctum	2023-03-03 09:12:19 UTC	created	105.57285	20.91151		https://www.openstreetmap.org/note/3582275
2573252	1415492|Hang Nguyen	2021-03-10 10:11:47 UTC	created	105.5071163	20.9987851		https://www.openstreetmap.org/note/2573252
1400285	5512979|Vương Tuấn Quang	2018-05-20 16:51:15 UTC	created	105.5395973	20.954841		https://www.openstreetmap.org/note/1400285
1400284	5512979|Vương Tuấn Quang	2018-05-20 16:51:15 UTC	created	105.5395544	20.9552117		https://www.openstreetmap.org/note/1400284
1400283	5512979|Vương Tuấn Quang	2018-05-20 16:51:14 UTC	created	105.5370653	20.9589213		https://www.openstreetmap.org/note/1400283
3207871	14936252|pinnam_22	2022-06-03 11:17:48 UTC	created	105.6734066	20.9680769		https://www.openstreetmap.org/note/3207871
587041	4083674|Biên	2016-06-08 07:44:50 UTC	created	105.676935	20.9753255		https://www.openstreetmap.org/note/587041
2459746	12290054|algastroller	2020-12-12 06:30:27 UTC	created	105.6711766	20.9264813		https://www.openstreetmap.org/note/2459746
2449328	12227057|Thắng Pô Độ	2020-12-02 00:53:59 UTC	created	105.6404972	20.9936166		https://www.openstreetmap.org/note/2449328
2439001	12227057|Thắng Pô Độ	2020-11-24 00:03:05 UTC	created	105.6400144	20.9928653		https://www.openstreetmap.org/note/2439001
2145864	10973534|Hải Leo	2020-04-02 15:21:23 UTC	created	105.6292	20.9864		https://www.openstreetmap.org/note/2145864
2145863	10973534|Hải Leo	2020-04-02 15:19:51 UTC	created	105.6841	20.974		https://www.openstreetmap.org/note/2145863
888279	5296826|Diep Nguyen Sy	2017-02-10 20:32:41 UTC	created	105.6131068	20.9117685		https://www.openstreetmap.org/note/888279
5249680	1722488|Mateusz Konieczny	2026-04-14 11:31:59 UTC	created	105.94403	20.9808024		https://www.openstreetmap.org/note/5249680
518622	3656903|BiBi Phuong	2016-02-25 00:25:00 UTC	created	105.9832191	20.9099741		https://www.openstreetmap.org/note/518622
2475664	3199858|Mateusz Konieczny - bot account	2020-12-28 12:08:57 UTC	created	105.946548	20.9948587		https://www.openstreetmap.org/note/2475664
2698621	13465354|Dự án Vinhomes Dream City	2021-06-04 14:22:15 UTC	created	105.9648857	20.9506183		https://www.openstreetmap.org/note/2698621
4655275	22601899|Anim114134	2025-03-08 00:42:02 UTC	created	105.935181	20.997353		https://www.openstreetmap.org/note/4655275
1375062	8185436|Đại Chân Đất	2018-04-27 17:19:47 UTC	created	105.987618	20.9885431		https://www.openstreetmap.org/note/1375062
2736180	15944521|Taya_S	2021-07-01 11:26:45 UTC	created	105.9042281	20.9593558		https://www.openstreetmap.org/note/2736180
2508495	10329894|Kaheetonaa	2021-01-23 04:10:03 UTC	created	105.9096434	20.9464067		https://www.openstreetmap.org/note/2508495
2141601	2678766|hieuvan	2020-03-30 09:14:59 UTC	created	105.9063329	20.9990095		https://www.openstreetmap.org/note/2141601
2508490	10329894|Kaheetonaa	2021-01-23 03:57:42 UTC	created	105.9101489	20.9577224		https://www.openstreetmap.org/note/2508490
3522823	18299826|travelsenseasia	2023-01-18 08:41:08 UTC	created	105.9173012	20.9383545		https://www.openstreetmap.org/note/3522823
3598286	18723207|Hang Hai	2023-03-15 05:52:24 UTC	created	105.974502	20.9868251		https://www.openstreetmap.org/note/3598286
3598288	18723207|Hang Hai	2023-03-15 05:53:53 UTC	created	105.9747219	20.9870405		https://www.openstreetmap.org/note/3598288
3463909	17860890|Tamnt42	2022-12-02 03:53:15 UTC	created	105.94321	20.99435		https://www.openstreetmap.org/note/3463909
2994597	13565612|Trịnh Lam Anh	2022-01-03 01:10:15 UTC	created	105.9452525	20.9961207		https://www.openstreetmap.org/note/2994597
2581374	12859596|TVC191	2021-03-16 13:05:01 UTC	created	105.93773	20.94563		https://www.openstreetmap.org/note/2581374
2567388	12796169|Wantai Hà Nội	2021-03-06 09:19:38 UTC	created	105.95658	20.9856		https://www.openstreetmap.org/note/2567388
2567395	12796169|Wantai Hà Nội	2021-03-06 09:24:57 UTC	created	105.9566206	20.9854845		https://www.openstreetmap.org/note/2567395
2518810	10599752|Fghomes-Vietnam	2021-01-30 18:42:07 UTC	created	105.941	20.9942		https://www.openstreetmap.org/note/2518810
2512617	10329894|Kaheetonaa	2021-01-26 04:28:50 UTC	created	105.9140665	20.9652714		https://www.openstreetmap.org/note/2512617
2512623	10329894|Kaheetonaa	2021-01-26 04:30:59 UTC	created	105.9133091	20.9644193		https://www.openstreetmap.org/note/2512623
2508512	10329894|Kaheetonaa	2021-01-23 05:18:19 UTC	created	105.9106362	20.9577133		https://www.openstreetmap.org/note/2508512
2245474	11411156|Nguyễn Minh Thuần	2020-06-28 09:16:20 UTC	created	105.9506893	20.9602173		https://www.openstreetmap.org/note/2245474
1971876	10406472|Đặng Minh Tú	2019-10-23 18:54:31 UTC	created	105.91294	20.97721		https://www.openstreetmap.org/note/1971876
1002828	5570214|Hùng Nguyễn Thế	2017-05-21 12:01:09 UTC	created	105.9877763	20.9773865		https://www.openstreetmap.org/note/1002828
1502761	8738201|An Do Café	2018-08-26 08:58:40 UTC	created	105.9122157	20.9746531		https://www.openstreetmap.org/note/1502761
618044	4197594|Zacharyquack	2016-07-06 10:21:28 UTC	created	105.9126548	20.9753294		https://www.openstreetmap.org/note/618044
1375067	8185436|Đại Chân Đất	2018-04-27 17:22:29 UTC	created	105.987618	20.9884679		https://www.openstreetmap.org/note/1375067
949532	5601754|Hồ câu Thắng Ngần	2017-04-02 10:31:08 UTC	created	105.9205136	20.9245667		https://www.openstreetmap.org/note/949532
584719	4055889|Như Thành	2016-06-06 01:26:59 UTC	created	105.9091902	20.9093728		https://www.openstreetmap.org/note/584719
430469	3220441|Ton Minh Long	2015-09-07 11:05:38 UTC	created	105.9564829	20.9705364		https://www.openstreetmap.org/note/430469
5354830	23281960|Simoi@9000	2026-06-21 16:35:57 UTC	created	106.0309248	20.9860088		https://www.openstreetmap.org/note/5354830
1094678	6358277|Phi Xuan Nam	2017-08-07 11:35:48 UTC	created	106.0175	20.9851		https://www.openstreetmap.org/note/1094678
4922997	23207143|KhoiOSM2907	2025-08-22 05:12:56 UTC	created	106.0037182	20.9368544		https://www.openstreetmap.org/note/4922997
3962339	20514625|Nguyễn Văn Thuỷ	2023-10-28 20:38:58 UTC	created	106.0968161	20.989069		https://www.openstreetmap.org/note/3962339
3962340	20514625|Nguyễn Văn Thuỷ	2023-10-28 20:39:59 UTC	created	106.0938978	20.9625818		https://www.openstreetmap.org/note/3962340
2765192	13799619|Siêu Thị Tiện Lợi Huy Hùng	2021-07-22 07:06:15 UTC	created	106.0435796	20.9397774		https://www.openstreetmap.org/note/2765192
2482854	12424109|Vua Chân Gà-Thuy Dung Chicken	2021-01-02 19:40:45 UTC	created	106.0041904	20.9620808		https://www.openstreetmap.org/note/2482854
1473442	8625209|Sang Phan	2018-07-31 13:44:14 UTC	created	106.0582592	20.9089318		https://www.openstreetmap.org/note/1473442
5426777	24368377|AAAAAAAAAAAAAAAAAAAAAAAAAAAAAAAAAAAAAAAAAAAAAAAAAAAAAAAAAAAAAAAAAAAAAAAAAAAAAAA	2026-07-30 17:10:35 UTC	created	106.181027	20.997934		https://www.openstreetmap.org/note/5426777
1526804	5664482|ban pham	2018-09-14 16:48:10 UTC	created	106.1548317	20.9232093		https://www.openstreetmap.org/note/1526804
1076478	5664482|ban pham	2017-07-24 06:31:10 UTC	created	106.1548317	20.9232093		https://www.openstreetmap.org/note/1076478
1076457	5664482|ban pham	2017-07-24 06:13:31 UTC	created	106.1548317	20.9232093		https://www.openstreetmap.org/note/1076457
5006885	23398950|Minhhyra	2025-10-15 07:16:58 UTC	created	105.76235	20.972868		https://www.openstreetmap.org/note/5006885
5369189	13204120|Haivd	2026-07-01 02:03:20 UTC	created	105.7857576	20.9790066		https://www.openstreetmap.org/note/5369189
1067670	6329030|Du Đặng	2017-07-17 07:42:04 UTC	created	105.7791325	20.971103		https://www.openstreetmap.org/note/1067670
5369185	13204120|Haivd	2026-07-01 01:57:27 UTC	created	105.7885417	20.9765347		https://www.openstreetmap.org/note/5369185
5369178	13204120|Haivd	2026-07-01 01:55:10 UTC	created	105.7878149	20.9750045		https://www.openstreetmap.org/note/5369178
5357467	24241763|PhongVuNghiem	2026-06-23 06:50:30 UTC	created	105.7801368	20.9952762		https://www.openstreetmap.org/note/5357467
5349752	24227394|tummyBear	2026-06-18 06:57:04 UTC	created	105.786157	20.987313		https://www.openstreetmap.org/note/5349752
2347575	3199858|Mateusz Konieczny - bot account	2020-09-14 07:14:54 UTC	created	105.78559	20.97899		https://www.openstreetmap.org/note/2347575
4807371	23002642|minhphi	2025-06-15 16:36:52 UTC	created	105.745495	20.960608		https://www.openstreetmap.org/note/4807371
4784643	20910140|Hung Tran 9x0	2025-06-01 07:19:08 UTC	created	105.7708815	20.9964504		https://www.openstreetmap.org/note/4784643
2734730	5060057|NeisBot	2021-06-30 10:01:24 UTC	created	105.7646728	20.9603425		https://www.openstreetmap.org/note/2734730
4667730	22637860|getscholarshipv	2025-03-16 21:29:29 UTC	created	105.7593191	20.9747816		https://www.openstreetmap.org/note/4667730
4309524	21601496|Phạm Đức Quân	2024-06-27 00:47:12 UTC	created	105.7771155	20.9998128		https://www.openstreetmap.org/note/4309524
2503348	10329894|Kaheetonaa	2021-01-19 08:22:29 UTC	created	105.7112791	20.9126155		https://www.openstreetmap.org/note/2503348
2499556	10329894|Kaheetonaa	2021-01-16 03:46:53 UTC	created	105.7126186	20.9133452		https://www.openstreetmap.org/note/2499556
2508188	10341989|Quang Huy NGUYEN	2021-01-22 17:10:01 UTC	created	105.7132014	20.9127291		https://www.openstreetmap.org/note/2508188
2485279	10341989|Quang Huy NGUYEN	2021-01-04 16:58:08 UTC	created	105.7126084	20.9152941		https://www.openstreetmap.org/note/2485279
2485269	10341989|Quang Huy NGUYEN	2021-01-04 16:50:12 UTC	created	105.711845	20.915111		https://www.openstreetmap.org/note/2485269
2499537	10329894|Kaheetonaa	2021-01-16 02:55:07 UTC	created	105.7106701	20.9138998		https://www.openstreetmap.org/note/2499537
2499536	10329894|Kaheetonaa	2021-01-16 02:54:46 UTC	created	105.7107032	20.9141491		https://www.openstreetmap.org/note/2499536
2485294	10341989|Quang Huy NGUYEN	2021-01-04 17:09:14 UTC	created	105.7103331	20.913944		https://www.openstreetmap.org/note/2485294
2509284	10341989|Quang Huy NGUYEN	2021-01-23 16:30:10 UTC	created	105.71341	20.9131166		https://www.openstreetmap.org/note/2509284
2509311	10341989|Quang Huy NGUYEN	2021-01-23 16:57:06 UTC	created	105.7133806	20.9113022		https://www.openstreetmap.org/note/2509311
2509312	10341989|Quang Huy NGUYEN	2021-01-23 16:58:09 UTC	created	105.7132335	20.9117326		https://www.openstreetmap.org/note/2509312
2503342	10329894|Kaheetonaa	2021-01-19 08:09:13 UTC	created	105.7114222	20.9128874		https://www.openstreetmap.org/note/2503342
2503339	10329894|Kaheetonaa	2021-01-19 08:05:13 UTC	created	105.7144738	20.9089203		https://www.openstreetmap.org/note/2503339
2503334	10329894|Kaheetonaa	2021-01-19 08:01:13 UTC	created	105.7137281	20.9138055		https://www.openstreetmap.org/note/2503334
389582	3028654|linhnh281186	2015-07-01 16:03:50 UTC	created	105.7967412	20.9953294		https://www.openstreetmap.org/note/389582
2004089	10483985|minhducdoo	2019-11-21 15:49:44 UTC	created	105.7677636	20.9586208		https://www.openstreetmap.org/note/2004089
2503189	10329894|Kaheetonaa	2021-01-19 02:58:45 UTC	created	105.7189594	20.9055796		https://www.openstreetmap.org/note/2503189
2503343	10329894|Kaheetonaa	2021-01-19 08:10:36 UTC	created	105.7116774	20.9124621		https://www.openstreetmap.org/note/2503343
2508136	10341989|Quang Huy NGUYEN	2021-01-22 16:37:38 UTC	created	105.7127535	20.9124849		https://www.openstreetmap.org/note/2508136
2503202	10329894|Kaheetonaa	2021-01-19 03:48:26 UTC	created	105.7138705	20.913619		https://www.openstreetmap.org/note/2503202
2499554	10329894|Kaheetonaa	2021-01-16 03:46:04 UTC	created	105.712394	20.9135662		https://www.openstreetmap.org/note/2499554
2301574	10971950|Nguyen Thai	2020-08-10 05:56:13 UTC	created	105.78592	20.9872		https://www.openstreetmap.org/note/2301574
2187278	10483985|minhducdoo	2020-05-10 03:55:40 UTC	created	105.7958501	20.9805844		https://www.openstreetmap.org/note/2187278
1984147	10435340|anhnv1927	2019-11-04 09:10:28 UTC	created	105.7866	20.9935		https://www.openstreetmap.org/note/1984147
3120647	15944521|Taya_S	2022-04-05 10:05:12 UTC	created	105.7988017	20.9950889		https://www.openstreetmap.org/note/3120647
2187279	10483985|minhducdoo	2020-05-10 03:55:59 UTC	created	105.7954348	20.9803108		https://www.openstreetmap.org/note/2187279
1900943	15944521|Taya_S	2019-08-26 08:59:06 UTC	created	105.7567334	20.973091		https://www.openstreetmap.org/note/1900943
1900954	15944521|Taya_S	2019-08-26 09:11:35 UTC	created	105.7738781	20.96166		https://www.openstreetmap.org/note/1900954
1900956	15944521|Taya_S	2019-08-26 09:15:34 UTC	created	105.7350397	20.9600971		https://www.openstreetmap.org/note/1900956
1900948	15944521|Taya_S	2019-08-26 09:00:58 UTC	created	105.7614648	20.9754052		https://www.openstreetmap.org/note/1900948
1900951	15944521|Taya_S	2019-08-26 09:05:56 UTC	created	105.7620013	20.9758961		https://www.openstreetmap.org/note/1900951
728719	4640804|Mầm	2016-09-28 03:42:49 UTC	created	105.7784647	20.9733741		https://www.openstreetmap.org/note/728719
1067674	6329030|Du Đặng	2017-07-17 07:52:41 UTC	created	105.7793293	20.9706875		https://www.openstreetmap.org/note/1067674
1170242	6781928|Bố Su	2017-10-12 02:59:38 UTC	created	105.7641067	20.9615668		https://www.openstreetmap.org/note/1170242
1170244	6781928|Bố Su	2017-10-12 03:00:31 UTC	created	105.7635757	20.9614536		https://www.openstreetmap.org/note/1170244
1679225	2250373|AussieLuke	2019-02-12 20:37:55 UTC	created	105.7494186	20.9601454		https://www.openstreetmap.org/note/1679225
1315105	7567948|Thế Linh	2018-03-02 09:56:06 UTC	created	105.7428825	20.9603977		https://www.openstreetmap.org/note/1315105
4246978	21505258|Hauhomes	2024-05-15 08:24:34 UTC	created	105.7682428	20.9811053		https://www.openstreetmap.org/note/4246978
4189712	21285954|Vietkingtravel01	2024-04-08 21:53:40 UTC	created	105.76413	20.97142		https://www.openstreetmap.org/note/4189712
3649254	18998337|KonNakiri	2023-04-19 03:25:15 UTC	created	105.7598019	20.9601561		https://www.openstreetmap.org/note/3649254
4233790	14782376|Khuyến Nguyễn Văn	2024-05-07 03:47:58 UTC	created	105.7851043	20.9471672		https://www.openstreetmap.org/note/4233790
2513777	10329894|Kaheetonaa	2021-01-27 03:34:30 UTC	created	105.7141695	20.9112261		https://www.openstreetmap.org/note/2513777
4059365	20851784|RoyalStone	2024-01-09 10:02:48 UTC	created	105.7527	20.9964		https://www.openstreetmap.org/note/4059365
2519154	10329894|Kaheetonaa	2021-01-31 02:48:26 UTC	created	105.7154209	20.9031363		https://www.openstreetmap.org/note/2519154
663844	4369943|Montana Dakota	2016-08-09 04:44:55 UTC	created	105.7825385	20.9833094		https://www.openstreetmap.org/note/663844
908869	5400438|Dylan Vũ	2017-02-28 09:50:08 UTC	created	105.7951	20.95728		https://www.openstreetmap.org/note/908869
908862	5400438|Dylan Vũ	2017-02-28 09:42:05 UTC	created	105.7951	20.95728		https://www.openstreetmap.org/note/908862
1929228	3943359|Gustavo Cunha	2019-09-16 23:53:29 UTC	created	105.7995195	20.9846754		https://www.openstreetmap.org/note/1929228
708193	4009509|Ariston Aristarkhov	2016-09-11 05:43:14 UTC	created	105.7995195	20.9846754		https://www.openstreetmap.org/note/708193
3750881	19680979|titaartvn	2023-06-25 16:25:45 UTC	created	105.7836306	20.9840303		https://www.openstreetmap.org/note/3750881
3547473	18412795|Minh Nguyen Anh	2023-02-06 17:24:23 UTC	created	105.78691	20.97152		https://www.openstreetmap.org/note/3547473
3420985	17536214|Tuhu Beauty Cosmetic	2022-10-30 21:42:04 UTC	created	105.7212961	20.9981541		https://www.openstreetmap.org/note/3420985
3159945	15784238|kanguyen	2022-04-30 19:23:30 UTC	created	105.7927	20.96167		https://www.openstreetmap.org/note/3159945
3009843	14849489|Men Vi Sinh AB Kolicare	2022-01-14 03:23:42 UTC	created	105.7398033	20.9771082		https://www.openstreetmap.org/note/3009843
1758887	14116187|suudean	2019-04-27 02:19:28 UTC	created	105.7831264	20.9801686		https://www.openstreetmap.org/note/1758887
2829574	14029509|Phan Sy Dinh	2021-08-31 16:08:59 UTC	created	105.7447198	20.9556411		https://www.openstreetmap.org/note/2829574
2745566	13719086|thegioiremviet	2021-07-08 02:04:03 UTC	created	105.7961295	20.9999443		https://www.openstreetmap.org/note/2745566
735243	4664080|xuyennhu	2016-10-03 03:10:00 UTC	created	105.7891452	20.9758259		https://www.openstreetmap.org/note/735243
2713030	13204120|Haivd	2021-06-14 11:49:31 UTC	created	105.7948691	20.9742331		https://www.openstreetmap.org/note/2713030
2713031	13204120|Haivd	2021-06-14 11:50:04 UTC	created	105.7986832	20.9756707		https://www.openstreetmap.org/note/2713031
2004505	10483985|minhducdoo	2019-11-22 01:31:04 UTC	created	105.7995195	20.9846754		https://www.openstreetmap.org/note/2004505
1483329	8667164|cunglaptrinh	2018-08-09 18:01:29 UTC	created	105.7938123	20.9892893		https://www.openstreetmap.org/note/1483329
2583458	12872709|Kiendt	2021-03-18 08:14:14 UTC	created	105.74915	20.96461		https://www.openstreetmap.org/note/2583458
2583453	12872709|Kiendt	2021-03-18 08:12:41 UTC	created	105.74863	20.96431		https://www.openstreetmap.org/note/2583453
2494722	12261332|Shop Bầu Đẹp	2021-01-12 07:13:49 UTC	created	105.7980824	20.9863593		https://www.openstreetmap.org/note/2494722
2519181	10329894|Kaheetonaa	2021-01-31 03:48:07 UTC	created	105.7176475	20.9039638		https://www.openstreetmap.org/note/2519181
2519155	10329894|Kaheetonaa	2021-01-31 02:48:26 UTC	created	105.7154209	20.9031363		https://www.openstreetmap.org/note/2519155
2519150	10329894|Kaheetonaa	2021-01-31 02:26:50 UTC	created	105.7141377	20.9025716		https://www.openstreetmap.org/note/2519150
2516793	12572037|hoangnhatminh	2021-01-29 14:32:41 UTC	created	105.7556605	20.9943779		https://www.openstreetmap.org/note/2516793
2508489	10329894|Kaheetonaa	2021-01-23 03:57:02 UTC	created	105.7117865	20.9143999		https://www.openstreetmap.org/note/2508489
2499543	10329894|Kaheetonaa	2021-01-16 03:17:27 UTC	created	105.7132204	20.9136796		https://www.openstreetmap.org/note/2499543
2460884	12327906|htdaotao	2020-12-13 09:18:53 UTC	created	105.7611108	20.9737372		https://www.openstreetmap.org/note/2460884
2439301	12228978|Mỹ Linh	2020-11-24 08:21:51 UTC	created	105.7983533	20.9692169		https://www.openstreetmap.org/note/2439301
2352865	11833947|labelbarcode	2020-09-17 16:57:08 UTC	created	105.79355	20.96331		https://www.openstreetmap.org/note/2352865
2251476	11436743|Vietnam Ads	2020-07-03 10:08:19 UTC	created	105.7864362	20.9935765		https://www.openstreetmap.org/note/2251476
2228239	11342356|intecomedia	2020-06-14 03:51:24 UTC	created	105.7454252	20.9657669		https://www.openstreetmap.org/note/2228239
2214177	4984939|Trương Trường	2020-06-01 11:57:28 UTC	created	105.7413908	20.9600043		https://www.openstreetmap.org/note/2214177
2004088	10483985|minhducdoo	2019-11-21 15:49:44 UTC	created	105.7693312	20.9566194		https://www.openstreetmap.org/note/2004088
2017700	10529430|KingKho-Mini-Storage	2019-12-06 01:27:38 UTC	created	105.77172	20.9804		https://www.openstreetmap.org/note/2017700
1879981	10218245|Duy Ngọc	2019-08-11 18:39:02 UTC	created	105.7061942	20.9917582		https://www.openstreetmap.org/note/1879981
1879983	10218245|Duy Ngọc	2019-08-11 18:42:21 UTC	created	105.7038973	20.9901894		https://www.openstreetmap.org/note/1879983
1732770	9591311|Hoàng Atico	2019-04-02 23:23:29 UTC	created	105.7571	20.9682		https://www.openstreetmap.org/note/1732770
1265586	7460019|tuanpa1979	2018-01-12 03:04:10 UTC	created	105.74017	20.96049		https://www.openstreetmap.org/note/1265586
1678828	2250373|AussieLuke	2019-02-12 11:41:55 UTC	created	105.7542942	20.956981		https://www.openstreetmap.org/note/1678828
1079327	6329030|Du Đặng	2017-07-26 11:41:48 UTC	created	105.7792842	20.9706616		https://www.openstreetmap.org/note/1079327
1071048	6346586|hoanglethuanthien	2017-07-20 03:19:24 UTC	created	105.78486	20.95932		https://www.openstreetmap.org/note/1071048
908853	5400438|Dylan Vũ	2017-02-28 09:39:00 UTC	created	105.79704	20.95776		https://www.openstreetmap.org/note/908853
908850	5400438|Dylan Vũ	2017-02-28 09:36:35 UTC	created	105.7973268	20.9565708		https://www.openstreetmap.org/note/908850
693672	4369943|Montana Dakota	2016-08-30 05:20:19 UTC	created	105.7468664	20.9725652		https://www.openstreetmap.org/note/693672
664149	4369943|Montana Dakota	2016-08-09 10:22:34 UTC	created	105.7825385	20.9833094		https://www.openstreetmap.org/note/664149
642061	4316235|PhanTom9x	2016-07-25 08:30:38 UTC	created	105.7965052	20.9788663		https://www.openstreetmap.org/note/642061
641773	4315358|Gốm Cafe	2016-07-25 02:56:36 UTC	created	105.7671404	20.9576324		https://www.openstreetmap.org/note/641773
577931	4037064|Khắc Đạt	2016-05-30 16:09:16 UTC	created	105.7668915	20.9672377		https://www.openstreetmap.org/note/577931
526068	3703675|Nga Nguyễn	2016-03-11 05:31:49 UTC	created	105.7881796	20.9696949		https://www.openstreetmap.org/note/526068
504381	3568617|Thanh Tam	2016-01-27 04:21:32 UTC	created	105.7973635	20.9879959		https://www.openstreetmap.org/note/504381
479777	3440147|cuongdao	2015-12-07 14:53:56 UTC	created	105.7799506	20.9959805		https://www.openstreetmap.org/note/479777
461572	3354164|ngochieu	2015-11-02 07:05:55 UTC	created	105.7937425	20.9845963		https://www.openstreetmap.org/note/461572
421396	3181569|Phong Phởn	2015-08-25 03:29:53 UTC	created	105.7869405	20.9810902		https://www.openstreetmap.org/note/421396
409162	3124037|Thuỳ Helen	2015-08-05 09:07:48 UTC	created	105.7896495	20.9789314		https://www.openstreetmap.org/note/409162
272918	2446710|nhim nhim	2014-11-19 13:35:15 UTC	created	105.7874501	20.9899004		https://www.openstreetmap.org/note/272918
5509477	24493654|chuatebongtoi	2026-09-09 14:35:20 UTC	created	106.2132722	20.9395369		https://www.openstreetmap.org/note/5509477
5493029	24493654|chuatebongtoi	2026-09-01 17:31:25 UTC	created	106.2134761	20.9392738		https://www.openstreetmap.org/note/5493029
638295	3199858|Mateusz Konieczny - bot account	2016-07-22 18:45:12 UTC	created	106.2240752	20.9893361		https://www.openstreetmap.org/note/638295
697567	5060057|NeisBot	2016-09-02 01:29:04 UTC	created	106.2329865	20.9165486		https://www.openstreetmap.org/note/697567
695311	12858611|Nguyễn Văn Phúc	2016-08-31 09:28:44 UTC	created	106.2329865	20.9165486		https://www.openstreetmap.org/note/695311
2162776	11043372|Đỗ Văn Sơn	2020-04-17 12:44:33 UTC	created	106.2844634	20.9340056		https://www.openstreetmap.org/note/2162776
2162782	11043372|Đỗ Văn Sơn	2020-04-17 12:46:49 UTC	created	106.2804374	20.9346419		https://www.openstreetmap.org/note/2162782
2162783	11043372|Đỗ Văn Sơn	2020-04-17 12:47:07 UTC	created	106.2806225	20.9345768		https://www.openstreetmap.org/note/2162783
2162778	11043372|Đỗ Văn Sơn	2020-04-17 12:45:37 UTC	created	106.2816605	20.9289		https://www.openstreetmap.org/note/2162778
2162780	11043372|Đỗ Văn Sơn	2020-04-17 12:46:06 UTC	created	106.2816069	20.9287071		https://www.openstreetmap.org/note/2162780
5281579	24047977|tedtox	2026-05-07 07:04:29 UTC	created	105.3615616	21.0698854		https://www.openstreetmap.org/note/5281579
5281531	24047977|tedtox	2026-05-07 05:50:52 UTC	created	105.3632932	21.0606651		https://www.openstreetmap.org/note/5281531
5281442	24047977|tedtox	2026-05-07 03:18:17 UTC	created	105.3541806	21.0818701		https://www.openstreetmap.org/note/5281442
5281433	24047977|tedtox	2026-05-07 02:53:09 UTC	created	105.3551954	21.0820664		https://www.openstreetmap.org/note/5281433
638735	4299213|Bruce Noble	2016-07-23 02:08:53 UTC	created	105.3637021	21.0711024		https://www.openstreetmap.org/note/638735
5156450	23794086|Bình Nguyễn (JackJack)	2026-02-06 01:24:55 UTC	created	106.314536	20.928379		https://www.openstreetmap.org/note/5156450
4147636	5060057|NeisBot	2024-03-10 15:57:35 UTC	created	106.3057547	20.9469567		https://www.openstreetmap.org/note/4147636
931251	5501331|islee	2017-03-18 08:43:49 UTC	created	106.3209282	20.9198383		https://www.openstreetmap.org/note/931251
711486	4573561|linhll	2016-09-14 03:33:33 UTC	created	106.3216925	20.9385148		https://www.openstreetmap.org/note/711486
79313	5060057|NeisBot	2013-11-26 03:25:52 UTC	created	106.3284302	20.9523022		https://www.openstreetmap.org/note/79313
931434	5501331|islee	2017-03-18 10:48:31 UTC	created	106.3201092	20.9201738		https://www.openstreetmap.org/note/931434
1028562	3804592|Hunter Lind	2017-06-13 02:32:37 UTC	created	106.3351781	20.9304321		https://www.openstreetmap.org/note/1028562
999475	3710274|Mỹ Thuật Đời Sống- Biển ART	2017-05-17 15:29:18 UTC	created	106.3060824	20.9163997		https://www.openstreetmap.org/note/999475
931435	5501331|islee	2017-03-18 10:48:31 UTC	created	106.3201092	20.9201738		https://www.openstreetmap.org/note/931435
908693	5376038|prefect2000	2017-02-28 03:24:01 UTC	created	106.3339176	20.9276606		https://www.openstreetmap.org/note/908693
903887	5376038|prefect2000	2017-02-24 04:58:24 UTC	created	106.3339176	20.9276606		https://www.openstreetmap.org/note/903887
839697	5070108|Engtranthai	2017-01-03 15:11:33 UTC	created	106.3118649	20.9248564		https://www.openstreetmap.org/note/839697
680486	3710274|Mỹ Thuật Đời Sống- Biển ART	2016-08-20 18:29:40 UTC	created	106.3055992	20.9155464		https://www.openstreetmap.org/note/680486
534710	3639725|Hương Kooll	2016-03-29 02:32:46 UTC	created	106.3130718	20.9302578		https://www.openstreetmap.org/note/534710
668236	4198612|kenlyquang	2016-08-12 10:42:23 UTC	created	106.3126051	20.9307188		https://www.openstreetmap.org/note/668236
476778	3426238|Le Hwng	2015-12-01 15:22:54 UTC	created	106.3299403	20.9369641		https://www.openstreetmap.org/note/476778
846214	5099144|Sơn nhà Quê	2017-01-09 02:18:45 UTC	created	105.4788351	21.0187763		https://www.openstreetmap.org/note/846214
5372320	24275096|ThanhDoTien	2026-07-03 07:46:54 UTC	created	105.581309	21.014756		https://www.openstreetmap.org/note/5372320
5372324	24275096|ThanhDoTien	2026-07-03 07:48:42 UTC	created	105.5811828	21.0149303		https://www.openstreetmap.org/note/5372324
5042986	16194143|Tewuzij	2025-11-08 06:18:34 UTC	created	105.5466955	21.0376254		https://www.openstreetmap.org/note/5042986
4343073	12945167|Equate	2024-07-21 09:21:18 UTC	created	105.530692	21.0076217		https://www.openstreetmap.org/note/4343073
2573250	1415492|Hang Nguyen	2021-03-10 10:10:58 UTC	created	105.5174589	21.0002274		https://www.openstreetmap.org/note/2573250
474501	3414428|Trung Tâm Tư Vấn Du Học Yano	2015-11-26 04:34:33 UTC	created	105.5013227	21.0718462		https://www.openstreetmap.org/note/474501
390404	3031867|Quạt Giấy Chàng Sơn	2015-07-03 03:14:51 UTC	created	105.599556	21.057349		https://www.openstreetmap.org/note/390404
4859702	11738779|sorrowfulmizuki	2025-07-16 15:06:22 UTC	created	105.6124686	21.0260801		https://www.openstreetmap.org/note/4859702
4853489	11738779|sorrowfulmizuki	2025-07-13 14:24:08 UTC	created	105.612519	21.024775		https://www.openstreetmap.org/note/4853489
2058317	10660398|Changling	2020-01-15 14:53:16 UTC	created	105.6179	21.0183		https://www.openstreetmap.org/note/2058317
4061950	20866897|Tủ Điện Bách Khoa	2024-01-11 10:55:09 UTC	created	105.69482	21.03594		https://www.openstreetmap.org/note/4061950
1378648	1786339|proxodimec	2018-05-01 05:47:14 UTC	created	105.6424499	21.0563478		https://www.openstreetmap.org/note/1378648
1189225	6781928|Bố Su	2017-10-30 08:45:19 UTC	created	105.6102255	21.0336789		https://www.openstreetmap.org/note/1189225
1184544	6781928|Bố Su	2017-10-25 05:08:57 UTC	created	105.6795877	21.0428951		https://www.openstreetmap.org/note/1184544
1183719	6781928|Bố Su	2017-10-24 08:12:37 UTC	created	105.6783035	21.046842		https://www.openstreetmap.org/note/1183719
1183699	6781928|Bố Su	2017-10-24 07:41:50 UTC	created	105.6784432	21.0471157		https://www.openstreetmap.org/note/1183699
1183686	6781928|Bố Su	2017-10-24 07:08:10 UTC	created	105.6782643	21.0472314		https://www.openstreetmap.org/note/1183686
1183602	6781928|Bố Su	2017-10-24 03:27:30 UTC	created	105.6769126	21.0480454		https://www.openstreetmap.org/note/1183602
1183598	6781928|Bố Su	2017-10-24 03:15:46 UTC	created	105.6783342	21.0469751		https://www.openstreetmap.org/note/1183598
1183593	6781928|Bố Su	2017-10-24 02:57:07 UTC	created	105.6768392	21.0468524		https://www.openstreetmap.org/note/1183593
1182801	6781928|Bố Su	2017-10-23 08:18:33 UTC	created	105.6782986	21.0474295		https://www.openstreetmap.org/note/1182801
1182613	6781928|Bố Su	2017-10-23 02:38:03 UTC	created	105.6783118	21.0473624		https://www.openstreetmap.org/note/1182613
1182610	6781928|Bố Su	2017-10-23 02:16:39 UTC	created	105.6782399	21.0470209		https://www.openstreetmap.org/note/1182610
474500	3414428|Trung Tâm Tư Vấn Du Học Yano	2015-11-26 04:32:55 UTC	created	105.6534147	21.0861818		https://www.openstreetmap.org/note/474500
5456725	23695954|Lê Tuấn Minh	2026-08-15 03:30:46 UTC	created	105.82879	20.9996725		https://www.openstreetmap.org/note/5456725
5466905	10297243|gaggag_gaggag_gag	2026-08-20 06:45:32 UTC	created	105.8025825	20.9906906		https://www.openstreetmap.org/note/5466905
5464320	10297243|gaggag_gaggag_gag	2026-08-18 19:20:47 UTC	created	105.8012146	20.9887072		https://www.openstreetmap.org/note/5464320
5464319	10297243|gaggag_gaggag_gag	2026-08-18 19:20:46 UTC	created	105.8012146	20.9887072		https://www.openstreetmap.org/note/5464319
5458830	24415335|Samacgaming	2026-08-16 08:18:08 UTC	created	105.8686427	20.9934402		https://www.openstreetmap.org/note/5458830
1429368	8433671|doanhiii	2018-06-18 04:30:40 UTC	created	105.8164716	20.9922906		https://www.openstreetmap.org/note/1429368
5418453	24154004|Eriss102	2026-07-26 08:46:49 UTC	created	105.8447522	20.9668952		https://www.openstreetmap.org/note/5418453
5418454	24154004|Eriss102	2026-07-26 08:46:50 UTC	created	105.8468524	20.9705153		https://www.openstreetmap.org/note/5418454
725423	3882872|Cristian Felice	2016-09-25 04:52:21 UTC	created	105.8536957	20.9987967		https://www.openstreetmap.org/note/725423
5392720	130476|Konstantin Tokar	2026-07-13 05:10:30 UTC	created	105.823	20.9396		https://www.openstreetmap.org/note/5392720
5295509	23695954|Lê Tuấn Minh	2026-05-16 15:29:22 UTC	created	105.808684	20.993057		https://www.openstreetmap.org/note/5295509
1393513	6346586|hoanglethuanthien	2018-05-14 04:02:56 UTC	created	105.844624	20.9563675		https://www.openstreetmap.org/note/1393513
4520472	19177075|U de Recife	2024-11-15 08:57:19 UTC	created	105.8151675	20.9814458		https://www.openstreetmap.org/note/4520472
674244	4428997|HCfood	2016-08-16 17:18:58 UTC	created	105.8189178	20.978691		https://www.openstreetmap.org/note/674244
474022	3354164|ngochieu	2015-11-25 10:12:03 UTC	created	105.8336163	20.9672504		https://www.openstreetmap.org/note/474022
5334564	24154004|Eriss102	2026-06-09 01:42:47 UTC	created	105.8441948	20.9667533		https://www.openstreetmap.org/note/5334564
5329547	24154004|Eriss102	2026-06-06 08:03:02 UTC	created	105.8441948	20.9667533		https://www.openstreetmap.org/note/5329547
5329548	24154004|Eriss102	2026-06-06 08:03:41 UTC	created	105.8447522	20.9668952		https://www.openstreetmap.org/note/5329548
5334563	24154004|Eriss102	2026-06-09 01:42:46 UTC	created	105.8447522	20.9668952		https://www.openstreetmap.org/note/5334563
4892543	23159824|nxq216	2025-08-04 20:34:12 UTC	created	105.8737528	20.9937618		https://www.openstreetmap.org/note/4892543
5223173	10129333|solenoid jam	2026-03-28 14:17:38 UTC	created	105.8126559	20.9970791		https://www.openstreetmap.org/note/5223173
5307590	24154004|Eriss102	2026-05-24 12:15:53 UTC	created	105.8711318	20.9680057		https://www.openstreetmap.org/note/5307590
5307212	24154004|Eriss102	2026-05-24 08:02:31 UTC	created	105.8418984	20.9700244		https://www.openstreetmap.org/note/5307212
3168680	23326231|Vmosnokia31	2022-05-07 07:37:37 UTC	created	105.8702204	20.996261		https://www.openstreetmap.org/note/3168680
2482052	11585403|The Than	2021-01-02 06:46:56 UTC	created	105.8767945	20.9754595		https://www.openstreetmap.org/note/2482052
801216	4906336|NamK20HVHC	2016-12-01 06:12:40 UTC	created	105.8715314	20.9886071		https://www.openstreetmap.org/note/801216
801217	4906336|NamK20HVHC	2016-12-01 06:12:41 UTC	created	105.8710057	20.9884743		https://www.openstreetmap.org/note/801217
5057080	23515894|Luankon	2025-11-17 14:26:56 UTC	created	105.8270046	20.9631353		https://www.openstreetmap.org/note/5057080
5252681	20910140|Hung Tran 9x0	2026-04-16 14:20:27 UTC	created	105.8524111	20.9216701		https://www.openstreetmap.org/note/5252681
5252007	20910140|Hung Tran 9x0	2026-04-16 05:30:29 UTC	created	105.8461486	20.9347302		https://www.openstreetmap.org/note/5252007
4204692	518780|ne17sg	2024-04-18 19:27:01 UTC	created	105.8406046	20.9734033		https://www.openstreetmap.org/note/4204692
5183126	23876854|Lâm Thủy	2026-02-27 08:16:03 UTC	created	105.8260524	20.9641241		https://www.openstreetmap.org/note/5183126
5161893	23808291|Bách Nhật	2026-02-10 04:23:29 UTC	created	105.8164709	20.9989441		https://www.openstreetmap.org/note/5161893
823094	4995590|Minh Tùng	2016-12-20 13:40:53 UTC	created	105.8534133	20.9764271		https://www.openstreetmap.org/note/823094
1048120	5689283|quanghuyvu	2017-06-30 15:01:20 UTC	created	105.86061	20.9952994		https://www.openstreetmap.org/note/1048120
4949162	20910140|Hung Tran 9x0	2025-09-06 11:45:41 UTC	created	105.8140935	20.9571152		https://www.openstreetmap.org/note/4949162
2191244	23326231|Vmosnokia31	2020-05-13 09:13:52 UTC	created	105.8568361	20.9860338		https://www.openstreetmap.org/note/2191244
2810276	13958575|Nagatavn	2021-08-19 06:26:14 UTC	created	105.8620718	20.9871482		https://www.openstreetmap.org/note/2810276
4150397	21197035|Holly Academy	2024-03-12 17:07:59 UTC	created	105.8598992	20.9851423		https://www.openstreetmap.org/note/4150397
912571	5418715|Viethop88	2017-03-03 04:37:08 UTC	created	105.8550031	20.9932017		https://www.openstreetmap.org/note/912571
2379286	11954821|Lê văn đại	2020-10-09 01:12:05 UTC	created	105.84992	20.9954		https://www.openstreetmap.org/note/2379286
1672865	9374546|AdrianoFatal	2019-02-06 06:55:02 UTC	created	105.8527908	20.9943893		https://www.openstreetmap.org/note/1672865
2634806	5291868|snx	2021-04-23 10:06:55 UTC	created	105.83654	20.98992		https://www.openstreetmap.org/note/2634806
5057082	23515894|Luankon	2025-11-17 14:28:11 UTC	created	105.8270073	20.9631578		https://www.openstreetmap.org/note/5057082
1149822	6699106|etinco	2017-09-23 07:12:45 UTC	created	105.85898	20.98415		https://www.openstreetmap.org/note/1149822
3293880	16709159|Hnguyenhn	2022-08-01 12:05:13 UTC	created	105.858888	20.9859527		https://www.openstreetmap.org/note/3293880
5027483	23447241|tchien05	2025-10-29 02:19:23 UTC	created	105.8387098	20.9851748		https://www.openstreetmap.org/note/5027483
3059618	15135478|Nội Thất The One	2022-02-21 07:51:53 UTC	created	105.8489834	20.9834953		https://www.openstreetmap.org/note/3059618
531989	3740822|Thiết bị tưới cây	2016-03-23 11:57:46 UTC	created	105.8511364	20.9880172		https://www.openstreetmap.org/note/531989
5000733	23326231|Vmosnokia31	2025-10-11 11:44:15 UTC	created	105.8472356	20.9855545		https://www.openstreetmap.org/note/5000733
2506272	12522381|PHAM TRUNG	2021-01-21 08:48:04 UTC	created	105.8469254	20.9869904		https://www.openstreetmap.org/note/2506272
563668	3059807|Chuẩn Nguyễn	2016-05-11 11:39:57 UTC	created	105.8452383	20.9945481		https://www.openstreetmap.org/note/563668
1427378	6650881|Dũng Con	2018-06-16 02:04:52 UTC	created	105.8420539	20.9939961		https://www.openstreetmap.org/note/1427378
3992372	7673380|mark282902679	2023-11-18 13:22:08 UTC	created	105.8479269	20.9905829		https://www.openstreetmap.org/note/3992372
4979100	23326231|Vmosnokia31	2025-09-25 17:26:29 UTC	created	105.8455088	20.9822715		https://www.openstreetmap.org/note/4979100
4979098	23326231|Vmosnokia31	2025-09-25 17:25:53 UTC	created	105.845034	20.9839913		https://www.openstreetmap.org/note/4979098
4978397	23326231|Vmosnokia31	2025-09-25 08:10:26 UTC	created	105.8423327	20.9908479		https://www.openstreetmap.org/note/4978397
4977379	23326231|Vmosnokia31	2025-09-24 11:09:35 UTC	created	105.8436672	20.9891453		https://www.openstreetmap.org/note/4977379
4979095	23326231|Vmosnokia31	2025-09-25 17:25:22 UTC	created	105.8443767	20.986952		https://www.openstreetmap.org/note/4979095
4979097	23326231|Vmosnokia31	2025-09-25 17:25:31 UTC	created	105.8447929	20.9856658		https://www.openstreetmap.org/note/4979097
4977404	23326231|Vmosnokia31	2025-09-24 11:23:13 UTC	created	105.8430781	20.992137		https://www.openstreetmap.org/note/4977404
4972621	20105854|askvra	2025-09-21 09:37:37 UTC	created	105.8695895	20.9934352		https://www.openstreetmap.org/note/4972621
3822238	20053045|Nguyễn Đình Lượng	2023-08-08 02:11:34 UTC	created	105.810163	20.9672304		https://www.openstreetmap.org/note/3822238
4928764	18625884|xmap-vn	2025-08-25 09:11:10 UTC	created	105.8149347	20.9718413		https://www.openstreetmap.org/note/4928764
3675035	5060057|NeisBot	2023-05-05 07:15:20 UTC	created	105.83732	20.96076		https://www.openstreetmap.org/note/3675035
4911113	21615823|Anh Tu NewSunrise	2025-08-15 11:19:13 UTC	created	105.879568	20.971298		https://www.openstreetmap.org/note/4911113
1704422	5060057|NeisBot	2019-03-09 07:34:51 UTC	created	105.8542371	20.9102948		https://www.openstreetmap.org/note/1704422
2983564	5060057|NeisBot	2021-12-26 09:08:58 UTC	created	105.8304926	20.9943722		https://www.openstreetmap.org/note/2983564
2161145	5060057|NeisBot	2020-04-16 08:31:42 UTC	created	105.81602	20.99121		https://www.openstreetmap.org/note/2161145
1655654	5060057|NeisBot	2019-01-20 08:47:53 UTC	created	105.8463541	20.9976057		https://www.openstreetmap.org/note/1655654
2350276	5060057|NeisBot	2020-09-16 04:54:35 UTC	created	105.86876	20.98262		https://www.openstreetmap.org/note/2350276
3770162	5060057|NeisBot	2023-07-08 07:34:14 UTC	created	105.808	20.9813		https://www.openstreetmap.org/note/3770162
4533312	15944521|Taya_S	2024-11-26 06:49:30 UTC	created	105.8457398	20.9547569		https://www.openstreetmap.org/note/4533312
1525109	15944521|Taya_S	2018-09-13 04:38:24 UTC	created	105.84269	20.99501		https://www.openstreetmap.org/note/1525109
1176329	2365330|Viajero Perdido	2017-10-16 17:26:13 UTC	created	105.85055	20.99571		https://www.openstreetmap.org/note/1176329
3064266	11436743|Vietnam Ads	2022-02-25 03:56:50 UTC	created	105.8475	20.98367		https://www.openstreetmap.org/note/3064266
785228	15944521|Taya_S	2016-11-16 20:29:12 UTC	created	105.8423622	20.985904		https://www.openstreetmap.org/note/785228
1067503	6331344|shunic	2017-07-17 05:28:25 UTC	created	105.837294	20.9870347		https://www.openstreetmap.org/note/1067503
801214	4906336|NamK20HVHC	2016-12-01 06:12:37 UTC	created	105.8821905	20.9848782		https://www.openstreetmap.org/note/801214
690927	15944521|Taya_S	2016-08-28 02:37:10 UTC	created	105.8611357	20.9864144		https://www.openstreetmap.org/note/690927
1308742	5510942|Tuấn Việt	2018-02-23 17:43:29 UTC	created	105.8260251	20.9641085		https://www.openstreetmap.org/note/1308742
972342	5713301|ánhtuyet	2017-04-22 12:02:29 UTC	created	105.8414075	20.9478449		https://www.openstreetmap.org/note/972342
1704423	15944521|Taya_S	2019-03-09 07:35:45 UTC	created	105.8544	20.9103		https://www.openstreetmap.org/note/1704423
3524312	18324791|gemasgenel	2023-01-19 11:59:08 UTC	created	105.8918953	20.9959004		https://www.openstreetmap.org/note/3524312
607143	3059807|Chuẩn Nguyễn	2016-06-28 09:35:10 UTC	created	105.8452892	20.9943378		https://www.openstreetmap.org/note/607143
563667	3059807|Chuẩn Nguyễn	2016-05-11 11:37:50 UTC	created	105.8452436	20.9945531		https://www.openstreetmap.org/note/563667
2035322	15944521|Taya_S	2019-12-24 08:25:31 UTC	created	105.8082533	20.9763168		https://www.openstreetmap.org/note/2035322
1987416	15944521|Taya_S	2019-11-07 03:30:41 UTC	created	105.80678	20.97626		https://www.openstreetmap.org/note/1987416
1993969	15944521|Taya_S	2019-11-13 08:50:22 UTC	created	105.80609	20.97459		https://www.openstreetmap.org/note/1993969
2003714	15944521|Taya_S	2019-11-21 09:21:43 UTC	created	105.8061156	20.9747816		https://www.openstreetmap.org/note/2003714
1824197	15944521|Taya_S	2019-06-25 07:21:58 UTC	created	105.80625	20.97488		https://www.openstreetmap.org/note/1824197
2018740	15944521|Taya_S	2019-12-07 08:08:37 UTC	created	105.80713	20.97443		https://www.openstreetmap.org/note/2018740
1987417	15944521|Taya_S	2019-11-07 03:35:11 UTC	created	105.80613	20.97439		https://www.openstreetmap.org/note/1987417
1999739	15944521|Taya_S	2019-11-18 08:48:08 UTC	created	105.8060056	20.9742982		https://www.openstreetmap.org/note/1999739
2012492	15944521|Taya_S	2019-11-30 09:17:42 UTC	created	105.80693	20.97353		https://www.openstreetmap.org/note/2012492
1057530	6254952|suri_ vickky	2017-07-08 21:05:03 UTC	created	105.8276939	20.9637989		https://www.openstreetmap.org/note/1057530
390420	3032100|Đồ lót nữ Dung Nhi	2015-07-03 06:07:40 UTC	created	105.8189392	20.9948587		https://www.openstreetmap.org/note/390420
1213687	7040257|huy911990	2017-11-22 07:50:59 UTC	created	105.8267	20.9628		https://www.openstreetmap.org/note/1213687
4139341	21152106|Maple Tree English	2024-03-04 14:10:54 UTC	created	105.8031625	20.9902985		https://www.openstreetmap.org/note/4139341
713696	4583365|Xe dien Uyen Uyen	2016-09-16 02:59:23 UTC	created	105.8425426	20.9874512		https://www.openstreetmap.org/note/713696
713697	4583365|Xe dien Uyen Uyen	2016-09-16 02:59:54 UTC	created	105.8412096	20.987033		https://www.openstreetmap.org/note/713697
391439	3037060|imperiagarden	2015-07-05 12:09:54 UTC	created	105.8032	20.9973528		https://www.openstreetmap.org/note/391439
2862192	5060057|NeisBot	2021-09-21 04:23:51 UTC	created	105.8544913	20.9953884		https://www.openstreetmap.org/note/2862192
2862193	5060057|NeisBot	2021-09-21 04:23:52 UTC	created	105.8520988	20.9970487		https://www.openstreetmap.org/note/2862193
2862189	5060057|NeisBot	2021-09-21 04:23:50 UTC	created	105.8738837	20.9946096		https://www.openstreetmap.org/note/2862189
2862190	5060057|NeisBot	2021-09-21 04:23:50 UTC	created	105.8626855	20.9995928		https://www.openstreetmap.org/note/2862190
2862191	5060057|NeisBot	2021-09-21 04:23:51 UTC	created	105.8601159	20.9999935		https://www.openstreetmap.org/note/2862191
672604	5060057|NeisBot	2016-08-15 16:46:56 UTC	created	105.8844066	20.9835395		https://www.openstreetmap.org/note/672604
2571291	5060057|NeisBot	2021-03-09 02:38:18 UTC	created	105.819701	20.9653269		https://www.openstreetmap.org/note/2571291
2763952	5060057|NeisBot	2021-07-21 12:13:38 UTC	created	105.8695895	20.9934352		https://www.openstreetmap.org/note/2763952
785227	12785610|zluuzki	2016-11-16 20:29:11 UTC	created	105.8423622	20.985904		https://www.openstreetmap.org/note/785227
785764	12785610|zluuzki	2016-11-17 10:24:50 UTC	created	105.8423622	20.985904		https://www.openstreetmap.org/note/785764
832836	4623089|Manhtuan Nguyen	2016-12-29 07:34:02 UTC	created	105.8702322	20.9995979		https://www.openstreetmap.org/note/832836
724339	4623089|Manhtuan Nguyen	2016-09-24 02:11:31 UTC	created	105.8702322	20.9995979		https://www.openstreetmap.org/note/724339
2037862	4948595|Thành Nam	2019-12-27 10:00:04 UTC	created	105.8323698	20.9626883		https://www.openstreetmap.org/note/2037862
3825643	20033165|fortunate281	2023-08-10 06:40:09 UTC	created	105.85015	20.9406		https://www.openstreetmap.org/note/3825643
3824278	20033165|fortunate281	2023-08-09 08:44:09 UTC	created	105.85086	20.93632		https://www.openstreetmap.org/note/3824278
3765865	19769931|Minh2908	2023-07-05 07:04:25 UTC	created	105.8446562	20.9842006		https://www.openstreetmap.org/note/3765865
1948134	8019201|freudt	2019-10-04 02:42:06 UTC	created	105.8439215	20.9839506		https://www.openstreetmap.org/note/1948134
3566804	18523886|Ha Min	2023-02-20 09:08:14 UTC	created	105.8590007	20.9857233		https://www.openstreetmap.org/note/3566804
2554824	10080870|nhatpham170	2021-02-25 13:46:24 UTC	created	105.8189151	20.9799582		https://www.openstreetmap.org/note/2554824
684800	4464740|Nguyễn Hữu Hà	2016-08-23 15:40:46 UTC	created	105.814237	20.9920042		https://www.openstreetmap.org/note/684800
2331106	10498092|Mapping_95	2020-09-01 09:56:41 UTC	created	105.8052894	20.9883302		https://www.openstreetmap.org/note/2331106
3068329	15195131|CÔNG TY TNHH KIẾN TRÚC AKISA	2022-02-28 13:44:13 UTC	created	105.80477	20.99005		https://www.openstreetmap.org/note/3068329
3228372	16300346|VanLocLee	2022-06-17 04:07:18 UTC	created	105.8297606	20.9797303		https://www.openstreetmap.org/note/3228372
3202176	16141454|Bảo Thanh Watch - Đồng Hồ Chính Hãng	2022-05-30 08:19:10 UTC	created	105.8135051	20.9983268		https://www.openstreetmap.org/note/3202176
2939016	14478035|Soncoi	2021-11-17 17:34:00 UTC	created	105.82462	20.96267		https://www.openstreetmap.org/note/2939016
2810281	13958575|Nagatavn	2021-08-19 06:30:58 UTC	created	105.8615246	20.9870731		https://www.openstreetmap.org/note/2810281
2685292	10498092|Mapping_95	2021-05-26 05:11:42 UTC	created	105.8369797	20.9933988		https://www.openstreetmap.org/note/2685292
2652694	13180415|Hogun Nguyen	2021-05-04 00:11:29 UTC	created	105.80718	20.95718		https://www.openstreetmap.org/note/2652694
2639803	13180415|Hogun Nguyen	2021-04-27 00:54:32 UTC	created	105.80739	20.95637		https://www.openstreetmap.org/note/2639803
2623256	12990891|Bảo hiểm cho Bà bầu và Bé yêu	2021-04-15 04:44:37 UTC	created	105.8611572	20.9987908		https://www.openstreetmap.org/note/2623256
2606059	12990891|Bảo hiểm cho Bà bầu và Bé yêu	2021-04-03 08:36:57 UTC	created	105.8614039	20.9985597		https://www.openstreetmap.org/note/2606059
2455836	12302270|Lalabookshop	2020-12-08 08:00:49 UTC	created	105.8278817	20.9638842		https://www.openstreetmap.org/note/2455836
2417283	12143912|Huyen1507	2020-11-09 15:05:52 UTC	created	105.8425051	20.9693643		https://www.openstreetmap.org/note/2417283
2300252	11624436|HuynhTA	2020-08-09 08:14:10 UTC	created	105.88765	20.98433		https://www.openstreetmap.org/note/2300252
2251487	11436743|Vietnam Ads	2020-07-03 10:14:58 UTC	created	105.8511257	20.9822472		https://www.openstreetmap.org/note/2251487
2207784	11222034|ThoaNT	2020-05-27 03:38:37 UTC	created	105.819599	20.9659655		https://www.openstreetmap.org/note/2207784
2127039	10927148|Sundry1store	2020-03-22 14:03:10 UTC	created	105.8356552	20.9715537		https://www.openstreetmap.org/note/2127039
1937579	10324119|Hùng Tattoo	2019-09-24 10:53:34 UTC	created	105.8697349	20.9677163		https://www.openstreetmap.org/note/1937579
1835092	9598972|Taodo799	2019-07-05 12:06:34 UTC	created	105.87972	20.97552		https://www.openstreetmap.org/note/1835092
1787673	10018978|VLXD Bắc Thanh Hoá	2019-05-22 16:46:06 UTC	created	105.8199838	20.9643884		https://www.openstreetmap.org/note/1787673
1734444	9598972|Taodo799	2019-04-04 15:15:51 UTC	created	105.8843545	20.9755695		https://www.openstreetmap.org/note/1734444
1704748	9514459|Cường Xu	2019-03-09 14:18:17 UTC	created	105.8288956	20.9377132		https://www.openstreetmap.org/note/1704748
834404	5047399|po1102	2016-12-30 02:55:46 UTC	created	105.8543229	20.9621009		https://www.openstreetmap.org/note/834404
1057510	6254952|suri_ vickky	2017-07-08 20:22:03 UTC	created	105.8258	20.961		https://www.openstreetmap.org/note/1057510
1048125	5689283|quanghuyvu	2017-06-30 15:05:36 UTC	created	105.8610928	20.9957852		https://www.openstreetmap.org/note/1048125
709322	4197510|TheCoon	2016-09-12 02:41:27 UTC	created	105.8447442	20.9805407		https://www.openstreetmap.org/note/709322
997191	2512300|samely	2017-05-15 14:27:54 UTC	created	105.8036206	20.9868879		https://www.openstreetmap.org/note/997191
912569	5418715|Viethop88	2017-03-03 04:32:23 UTC	created	105.8550031	20.9932017		https://www.openstreetmap.org/note/912569
909917	5405568|Trantungben	2017-03-01 02:20:36 UTC	created	105.8408562	20.9432319		https://www.openstreetmap.org/note/909917
621567	4233614|quý	2016-07-09 11:34:37 UTC	created	105.8038437	20.9782978		https://www.openstreetmap.org/note/621567
533368	3749805|Vama Spa	2016-03-26 13:12:12 UTC	created	105.8310199	20.9890189		https://www.openstreetmap.org/note/533368
436095	3241592|KOK Coffee	2015-09-17 04:24:42 UTC	created	105.8155784	20.9839702		https://www.openstreetmap.org/note/436095
611541	4187105|Nguyễn Tới	2016-07-01 10:46:18 UTC	created	105.8078793	20.9561966		https://www.openstreetmap.org/note/611541
600706	4148720|Trung Đào 1985	2016-06-21 03:41:04 UTC	created	105.8540279	20.999962		https://www.openstreetmap.org/note/600706
589611	4096008|Libor8868	2016-06-10 09:09:48 UTC	created	105.8159707	20.9972484		https://www.openstreetmap.org/note/589611
467079	3348633|quang2412	2015-11-12 02:32:17 UTC	created	105.8088836	20.956385		https://www.openstreetmap.org/note/467079
447157	3289973|Bán buôn tất nhập khẩu	2015-10-06 18:14:52 UTC	created	105.8180809	20.988488		https://www.openstreetmap.org/note/447157
447155	3289973|Bán buôn tất nhập khẩu	2015-10-06 18:06:31 UTC	created	105.8180594	20.988528		https://www.openstreetmap.org/note/447155
438680	3253946|Thế Ân	2015-09-21 11:04:14 UTC	created	105.8179307	20.9887785		https://www.openstreetmap.org/note/438680
391554	3037346|ecogreencity	2015-07-05 15:23:10 UTC	created	105.8058071	20.985002		https://www.openstreetmap.org/note/391554
274031	2478004|Công ty CP Piclife	2014-11-21 16:13:46 UTC	created	105.8035326	20.9905915		https://www.openstreetmap.org/note/274031
281750	2446710|nhim nhim	2014-12-06 15:51:25 UTC	created	105.8361375	20.9991457		https://www.openstreetmap.org/note/281750
139043	51324|OPerivar	2014-03-24 03:24:13 UTC	created	105.8871746	20.9961007		https://www.openstreetmap.org/note/139043
179432	2104382|Quyet123	2014-06-05 08:14:07 UTC	created	105.859226	20.9853626		https://www.openstreetmap.org/note/179432
5435656	24383243|hoang111111	2026-08-04 09:22:08 UTC	created	105.9133932	21.0820174		https://www.openstreetmap.org/note/5435656
4105743	20979793|thosoo	2024-02-09 07:34:41 UTC	created	105.9295386	21.0957205		https://www.openstreetmap.org/note/4105743
815674	4966449|Hải Long Lê	2016-12-14 02:00:46 UTC	created	105.9946852	21.0736093		https://www.openstreetmap.org/note/815674
4766208	22913527|Trinh1904	2025-05-19 06:52:15 UTC	created	105.9374413	21.0123335		https://www.openstreetmap.org/note/4766208
639423	3199858|Mateusz Konieczny - bot account	2016-07-23 13:56:43 UTC	created	105.900729	21.0205237		https://www.openstreetmap.org/note/639423
4761200	21877469|Hiền Linh	2025-05-15 20:53:58 UTC	created	105.9130096	21.0713784		https://www.openstreetmap.org/note/4761200
4524050	21656496|jack chung thong	2024-11-18 08:43:15 UTC	created	105.9851074	21.0623551		https://www.openstreetmap.org/note/4524050
973503	5719407|bob de bouwer	2017-04-23 13:09:39 UTC	created	105.910778	21.0603927		https://www.openstreetmap.org/note/973503
961372	4242656|Alan Hieu	2017-04-12 14:46:20 UTC	created	105.9653637	21.058897		https://www.openstreetmap.org/note/961372
3980249	13738307|stoppable	2023-11-09 17:32:11 UTC	created	105.9083621	21.030742		https://www.openstreetmap.org/note/3980249
3967201	13738307|stoppable	2023-11-01 04:34:46 UTC	created	105.9083208	21.0306988		https://www.openstreetmap.org/note/3967201
1402766	8315435|chuthinhung	2018-05-23 09:29:07 UTC	created	105.9363914	21.0155578		https://www.openstreetmap.org/note/1402766
1333331	7875697|Trang Me	2018-03-20 15:11:53 UTC	created	105.9398827	21.0794142		https://www.openstreetmap.org/note/1333331
895108	5293585|sacfur	2017-02-17 10:33:57 UTC	created	105.90413	21.0387642		https://www.openstreetmap.org/note/895108
3980243	13738307|stoppable	2023-11-09 17:26:47 UTC	created	105.9093616	21.0326295		https://www.openstreetmap.org/note/3980243
3972067	13738307|stoppable	2023-11-04 05:23:00 UTC	created	105.9109667	21.0310666		https://www.openstreetmap.org/note/3972067
3177394	10044812|ravali_78	2022-05-13 10:39:36 UTC	created	105.9718358	21.0729575		https://www.openstreetmap.org/note/3177394
3175670	10044812|ravali_78	2022-05-12 04:30:07 UTC	created	105.9677482	21.084405		https://www.openstreetmap.org/note/3175670
3175669	10044812|ravali_78	2022-05-12 04:27:54 UTC	created	105.9729087	21.0870377		https://www.openstreetmap.org/note/3175669
894867	5293585|sacfur	2017-02-17 04:30:08 UTC	created	105.9103712	21.0264534		https://www.openstreetmap.org/note/894867
3330523	16930050|Tyres Plus 0888403388	2022-08-25 04:04:37 UTC	created	105.94174	21.00206		https://www.openstreetmap.org/note/3330523
3980255	13738307|stoppable	2023-11-09 17:40:30 UTC	created	105.9095756	21.0266296		https://www.openstreetmap.org/note/3980255
3980247	13738307|stoppable	2023-11-09 17:31:18 UTC	created	105.9083737	21.0312996		https://www.openstreetmap.org/note/3980247
3980227	13738307|stoppable	2023-11-09 17:08:06 UTC	created	105.9100989	21.0401551		https://www.openstreetmap.org/note/3980227
3980224	13738307|stoppable	2023-11-09 17:04:57 UTC	created	105.9092326	21.0396273		https://www.openstreetmap.org/note/3980224
3980217	13738307|stoppable	2023-11-09 16:58:16 UTC	created	105.9087454	21.0405383		https://www.openstreetmap.org/note/3980217
961373	4242656|Alan Hieu	2017-04-12 14:46:20 UTC	created	105.9653637	21.058897		https://www.openstreetmap.org/note/961373
3915003	20368811|OliverLo	2023-09-30 02:50:40 UTC	created	105.96317	21.02732		https://www.openstreetmap.org/note/3915003
3915005	20368811|OliverLo	2023-09-30 02:52:54 UTC	created	105.96291	21.02786		https://www.openstreetmap.org/note/3915005
3915002	20368811|OliverLo	2023-09-30 02:48:40 UTC	created	105.9620873	21.028036		https://www.openstreetmap.org/note/3915002
3866263	20102766|Raccoon94	2023-09-02 02:03:40 UTC	created	105.9604508	21.0903242		https://www.openstreetmap.org/note/3866263
3465315	11141338|FanaticAir75626	2022-12-03 11:10:09 UTC	created	105.94002	21.03309		https://www.openstreetmap.org/note/3465315
3465314	11141338|FanaticAir75626	2022-12-03 11:09:39 UTC	created	105.94002	21.03299		https://www.openstreetmap.org/note/3465314
3465308	11141338|FanaticAir75626	2022-12-03 11:04:27 UTC	created	105.93989	21.03284		https://www.openstreetmap.org/note/3465308
3330521	16930050|Tyres Plus 0888403388	2022-08-25 04:03:53 UTC	created	105.94174	21.00206		https://www.openstreetmap.org/note/3330521
2965015	14599766|tunganh	2021-12-09 11:55:43 UTC	created	105.91151	21.00329		https://www.openstreetmap.org/note/2965015
897475	5293585|sacfur	2017-02-19 03:07:08 UTC	created	105.9091983	21.0257194		https://www.openstreetmap.org/note/897475
2072582	922338|Hervé TUC	2020-01-29 09:10:05 UTC	created	105.9048772	21.022622		https://www.openstreetmap.org/note/2072582
2708703	13434571|HuvitzVN	2021-06-11 12:24:24 UTC	created	105.9139357	21.0303885		https://www.openstreetmap.org/note/2708703
2076854	922338|Hervé TUC	2020-02-02 11:19:00 UTC	created	105.9003582	21.0679462		https://www.openstreetmap.org/note/2076854
625466	4249231|Andy Hboy	2016-07-12 13:37:10 UTC	created	105.9013849	21.0345791		https://www.openstreetmap.org/note/625466
796249	4852048|Xuan Lam	2016-11-26 09:35:51 UTC	created	105.9406385	21.027668		https://www.openstreetmap.org/note/796249
2579575	12813154|SNT-LFAY-2020-21	2021-03-15 07:42:10 UTC	created	105.9172475	21.0465352		https://www.openstreetmap.org/note/2579575
2169368	3806806|Chi Dzung	2020-04-23 13:04:48 UTC	created	105.9395293	21.0063016		https://www.openstreetmap.org/note/2169368
1256466	6249261|Vương Hùng	2018-01-03 13:46:50 UTC	created	105.9039348	21.035928		https://www.openstreetmap.org/note/1256466
2162229	11040752|Le Grand Jardin Sài Đồng duan	2020-04-16 21:06:37 UTC	created	105.90711	21.03689		https://www.openstreetmap.org/note/2162229
2162232	11040752|Le Grand Jardin Sài Đồng duan	2020-04-16 21:07:42 UTC	created	105.9078759	21.0379938		https://www.openstreetmap.org/note/2162232
897455	5293585|sacfur	2017-02-19 02:13:24 UTC	created	105.9122233	21.0380229		https://www.openstreetmap.org/note/897455
897512	5293585|sacfur	2017-02-19 04:43:29 UTC	created	105.9032623	21.037726		https://www.openstreetmap.org/note/897512
703715	4539489|Mạnh Tran	2016-09-07 07:43:45 UTC	created	105.904175	21.0388796		https://www.openstreetmap.org/note/703715
2109924	10855489|Duy Vạn Xuân	2020-03-04 10:32:20 UTC	created	105.9087776	21.0389392		https://www.openstreetmap.org/note/2109924
2119573	10892756|Lê Ninh	2020-03-13 05:16:22 UTC	created	105.93535	21.01885		https://www.openstreetmap.org/note/2119573
2119577	10892756|Lê Ninh	2020-03-13 05:17:49 UTC	created	105.93532	21.01893		https://www.openstreetmap.org/note/2119577
934323	5523819|minh kẹo	2017-03-20 14:47:16 UTC	created	105.9139982	21.0326113		https://www.openstreetmap.org/note/934323
1056822	6284568|Đình Phòng	2017-07-08 05:30:38 UTC	created	105.9527651	21.0715912		https://www.openstreetmap.org/note/1056822
2031214	10572521|Nhí Nhảnh	2019-12-19 11:07:33 UTC	created	105.942302	21.0898369		https://www.openstreetmap.org/note/2031214
2018354	10531030|Blue-boy	2019-12-06 17:03:27 UTC	created	105.971	21.0282		https://www.openstreetmap.org/note/2018354
1402772	8315435|chuthinhung	2018-05-23 09:32:35 UTC	created	105.936369	21.0159471		https://www.openstreetmap.org/note/1402772
1402743	8315435|chuthinhung	2018-05-23 09:16:30 UTC	created	105.9359801	21.0158018		https://www.openstreetmap.org/note/1402743
1402741	8315878|buinguyetvnua	2018-05-23 09:14:30 UTC	created	105.9113628	21.0582551		https://www.openstreetmap.org/note/1402741
966764	15686|Dimitri_Junker	2017-04-17 05:24:35 UTC	created	105.9213728	21.0164367		https://www.openstreetmap.org/note/966764
897474	5293585|sacfur	2017-02-19 03:07:07 UTC	created	105.9099554	21.0261624		https://www.openstreetmap.org/note/897474
897473	5293585|sacfur	2017-02-19 03:07:07 UTC	created	105.9033745	21.0217771		https://www.openstreetmap.org/note/897473
897454	5293585|sacfur	2017-02-19 02:13:23 UTC	created	105.9103712	21.0264534		https://www.openstreetmap.org/note/897454
894864	5293585|sacfur	2017-02-17 04:18:30 UTC	created	105.9098403	21.0260131		https://www.openstreetmap.org/note/894864
879422	5252508|Anh ngư˜ WinC	2017-02-03 10:45:31 UTC	created	105.9547448	21.016553		https://www.openstreetmap.org/note/879422
402705	2907259|voiu1525	2015-07-25 07:30:50 UTC	created	105.9044266	21.0826581		https://www.openstreetmap.org/note/402705
512585	3626359|sonky1976	2016-02-14 10:52:56 UTC	created	105.9044158	21.0387248		https://www.openstreetmap.org/note/512585
379478	2918597|Doteweb	2015-06-14 02:16:16 UTC	created	105.9903431	21.0905063		https://www.openstreetmap.org/note/379478
5003576	23390734|X-Men Billiard Center	2025-10-13 04:35:34 UTC	created	106.0824582	21.0600209		https://www.openstreetmap.org/note/5003576
2672005	13346373|Dat BN	2021-05-17 05:16:51 UTC	created	106.0863	21.0643		https://www.openstreetmap.org/note/2672005
2701210	13502402|vuvanhuong	2021-06-06 11:40:01 UTC	created	106.0873747	21.0609885		https://www.openstreetmap.org/note/2701210
2701214	13502402|vuvanhuong	2021-06-06 11:42:00 UTC	created	106.0873747	21.0552673		https://www.openstreetmap.org/note/2701214
2701189	13502402|vuvanhuong	2021-06-06 11:32:56 UTC	created	106.0858297	21.0645055		https://www.openstreetmap.org/note/2701189
3177157	14936252|pinnam_22	2022-05-13 06:26:01 UTC	created	106.0768551	21.0360962		https://www.openstreetmap.org/note/3177157
2701305	13502402|vuvanhuong	2021-06-06 12:53:41 UTC	created	106.0870421	21.0570787		https://www.openstreetmap.org/note/2701305
2493424	3689641|Kính Mắt ThuậnThành	2021-01-11 03:43:35 UTC	created	106.0805855	21.0351521		https://www.openstreetmap.org/note/2493424
873078	4442867|Lại Thành Trung	2017-01-30 00:47:22 UTC	created	106.0978031	21.078854		https://www.openstreetmap.org/note/873078
602204	4037064|Khắc Đạt	2016-06-23 02:05:25 UTC	created	106.098248	21.0788363		https://www.openstreetmap.org/note/602204
524804	3689641|Kính Mắt ThuậnThành	2016-03-08 14:15:00 UTC	created	106.0850573	21.0371426		https://www.openstreetmap.org/note/524804
524803	3689641|Kính Mắt ThuậnThành	2016-03-08 14:13:46 UTC	created	106.0829598	21.0368573		https://www.openstreetmap.org/note/524803
524801	3689641|Kính Mắt ThuậnThành	2016-03-08 14:13:07 UTC	created	106.0836464	21.0369223		https://www.openstreetmap.org/note/524801
523918	3689641|Kính Mắt ThuậnThành	2016-03-06 13:42:43 UTC	created	106.0913014	21.0372628		https://www.openstreetmap.org/note/523918
524797	3689641|Kính Mắt ThuậnThành	2016-03-08 14:03:09 UTC	created	106.0835123	21.0361563		https://www.openstreetmap.org/note/524797
523916	3689641|Kính Mắt ThuậnThành	2016-03-06 13:39:55 UTC	created	106.0831904	21.0358008		https://www.openstreetmap.org/note/523916
524392	3689641|Kính Mắt ThuậnThành	2016-03-07 13:59:34 UTC	created	106.0851431	21.035941		https://www.openstreetmap.org/note/524392
511817	3621118|Trần Minh Tuấn	2016-02-12 12:52:14 UTC	created	106.0103846	21.0875032		https://www.openstreetmap.org/note/511817
273301	40448|François Guerraz	2014-11-20 07:22:18 UTC	created	106.0223812	21.0605252		https://www.openstreetmap.org/note/273301
5426783	24368377|AAAAAAAAAAAAAAAAAAAAAAAAAAAAAAAAAAAAAAAAAAAAAAAAAAAAAAAAAAAAAAAAAAAAAAAAAAAAAAA	2026-07-30 17:14:12 UTC	created	106.19204	21.028829		https://www.openstreetmap.org/note/5426783
5426782	24368377|AAAAAAAAAAAAAAAAAAAAAAAAAAAAAAAAAAAAAAAAAAAAAAAAAAAAAAAAAAAAAAAAAAAAAAAAAAAAAAA	2026-07-30 17:13:53 UTC	created	106.190616	21.020834		https://www.openstreetmap.org/note/5426782
5426781	24368377|AAAAAAAAAAAAAAAAAAAAAAAAAAAAAAAAAAAAAAAAAAAAAAAAAAAAAAAAAAAAAAAAAAAAAAAAAAAAAAA	2026-07-30 17:13:44 UTC	created	106.192048	21.020554		https://www.openstreetmap.org/note/5426781
5426780	24368377|AAAAAAAAAAAAAAAAAAAAAAAAAAAAAAAAAAAAAAAAAAAAAAAAAAAAAAAAAAAAAAAAAAAAAAAAAAAAAAA	2026-07-30 17:13:17 UTC	created	106.193606	21.014049		https://www.openstreetmap.org/note/5426780
5426778	24368377|AAAAAAAAAAAAAAAAAAAAAAAAAAAAAAAAAAAAAAAAAAAAAAAAAAAAAAAAAAAAAAAAAAAAAAAAAAAAAAA	2026-07-30 17:10:49 UTC	created	106.191434	21.025676		https://www.openstreetmap.org/note/5426778
5426776	24368377|AAAAAAAAAAAAAAAAAAAAAAAAAAAAAAAAAAAAAAAAAAAAAAAAAAAAAAAAAAAAAAAAAAAAAAAAAAAAAAA	2026-07-30 17:10:28 UTC	created	106.185822	21.00203		https://www.openstreetmap.org/note/5426776
5426775	24368377|AAAAAAAAAAAAAAAAAAAAAAAAAAAAAAAAAAAAAAAAAAAAAAAAAAAAAAAAAAAAAAAAAAAAAAAAAAAAAAA	2026-07-30 17:10:23 UTC	created	106.186649	21.002661		https://www.openstreetmap.org/note/5426775
5426773	24368377|AAAAAAAAAAAAAAAAAAAAAAAAAAAAAAAAAAAAAAAAAAAAAAAAAAAAAAAAAAAAAAAAAAAAAAAAAAAAAAA	2026-07-30 17:10:18 UTC	created	106.188934	21.004544		https://www.openstreetmap.org/note/5426773
5426772	24368377|AAAAAAAAAAAAAAAAAAAAAAAAAAAAAAAAAAAAAAAAAAAAAAAAAAAAAAAAAAAAAAAAAAAAAAAAAAAAAAA	2026-07-30 17:10:13 UTC	created	106.189878	21.005386		https://www.openstreetmap.org/note/5426772
5426771	24368377|AAAAAAAAAAAAAAAAAAAAAAAAAAAAAAAAAAAAAAAAAAAAAAAAAAAAAAAAAAAAAAAAAAAAAAAAAAAAAAA	2026-07-30 17:10:08 UTC	created	106.191713	21.006958		https://www.openstreetmap.org/note/5426771
5426770	24368377|AAAAAAAAAAAAAAAAAAAAAAAAAAAAAAAAAAAAAAAAAAAAAAAAAAAAAAAAAAAAAAAAAAAAAAAAAAAAAAA	2026-07-30 17:10:01 UTC	created	106.193177	21.012787		https://www.openstreetmap.org/note/5426770
5426769	24368377|AAAAAAAAAAAAAAAAAAAAAAAAAAAAAAAAAAAAAAAAAAAAAAAAAAAAAAAAAAAAAAAAAAAAAAAAAAAAAAA	2026-07-30 17:09:53 UTC	created	106.192946	21.013919		https://www.openstreetmap.org/note/5426769
5111014	19093937|Hoàn Chỉnh Mobile	2025-12-30 12:16:07 UTC	created	106.1971629	21.0189165		https://www.openstreetmap.org/note/5111014
273300	40448|François Guerraz	2014-11-20 07:22:18 UTC	created	106.1426074	21.0970396		https://www.openstreetmap.org/note/273300
2157128	11019137|nha hang tung lam	2020-04-12 15:16:25 UTC	created	106.2195539	21.0596718		https://www.openstreetmap.org/note/2157128
1218839	7080319|Jenny100	2017-11-27 14:30:27 UTC	created	106.3287725	21.0178626		https://www.openstreetmap.org/note/1218839
1234000	7080319|Jenny100	2017-12-09 16:45:11 UTC	created	106.3350179	21.0002003		https://www.openstreetmap.org/note/1234000
1218851	7080319|Jenny100	2017-11-27 14:39:04 UTC	created	106.3350179	21.0002003		https://www.openstreetmap.org/note/1218851
1233999	7080319|Jenny100	2017-12-09 16:45:10 UTC	created	106.3287722	21.0178633		https://www.openstreetmap.org/note/1233999
1218850	7080319|Jenny100	2017-11-27 14:39:04 UTC	created	106.3287722	21.0178633		https://www.openstreetmap.org/note/1218850
1218838	7080319|Jenny100	2017-11-27 14:30:27 UTC	created	106.3349937	21.0004366		https://www.openstreetmap.org/note/1218838
838485	5065091|LSTH	2017-01-02 16:50:09 UTC	created	105.3804844	21.1194503		https://www.openstreetmap.org/note/838485
5479245	10354402|Daria Kozharinova	2026-08-26 11:41:12 UTC	created	105.4690727	21.1586486		https://www.openstreetmap.org/note/5479245
5059659	14367451|RHM ASIAN	2025-11-19 12:30:18 UTC	created	105.495025	21.110325		https://www.openstreetmap.org/note/5059659
3584218	16859614|Vu Thuy Linh	2023-03-04 15:09:08 UTC	created	105.4193286	21.1468404		https://www.openstreetmap.org/note/3584218
1226167	4984939|Trương Trường	2017-12-03 00:21:53 UTC	created	105.4333692	21.1916107		https://www.openstreetmap.org/note/1226167
801691	4908672|Thich Cat Tien	2016-12-01 18:00:02 UTC	created	105.4975374	21.1461681		https://www.openstreetmap.org/note/801691
3570857	18536542|Công ty Cổ phần Xây dựng và Công nghệ Bình Định	2023-02-23 02:05:39 UTC	created	105.445514	21.1808028		https://www.openstreetmap.org/note/3570857
605879	4176206|Cậu Bé May Mắn	2016-06-27 03:32:06 UTC	created	105.4610199	21.1087099		https://www.openstreetmap.org/note/605879
474498	3414428|Trung Tâm Tư Vấn Du Học Yano	2015-11-26 04:29:38 UTC	created	105.4955077	21.1165104		https://www.openstreetmap.org/note/474498
4591249	22391714|Nơ Bông cafe & bakery	2025-01-16 20:09:13 UTC	created	105.5029374	21.1338441		https://www.openstreetmap.org/note/4591249
4557844	22306501|Tuananh9494	2024-12-20 10:54:41 UTC	created	105.5011967	21.1425624		https://www.openstreetmap.org/note/4557844
1493325	8686187|Nguyễn Thế Vũ	2018-08-18 07:03:54 UTC	created	105.5390985	21.1108937		https://www.openstreetmap.org/note/1493325
856218	5099144|Sơn nhà Quê	2017-01-19 09:31:52 UTC	created	105.5010009	21.1319625		https://www.openstreetmap.org/note/856218
856215	5099144|Sơn nhà Quê	2017-01-19 09:30:35 UTC	created	105.5022883	21.1341541		https://www.openstreetmap.org/note/856215
491885	3218375|Nguyễn Anh Tú	2016-01-03 04:33:18 UTC	created	105.5082864	21.1405677		https://www.openstreetmap.org/note/491885
430100	3218375|Nguyễn Anh Tú	2015-09-07 01:23:15 UTC	created	105.5082214	21.1406436		https://www.openstreetmap.org/note/430100
429661	3218375|Nguyễn Anh Tú	2015-09-06 13:42:18 UTC	created	105.5082983	21.1405117		https://www.openstreetmap.org/note/429661
801693	4908672|Thich Cat Tien	2016-12-01 18:00:04 UTC	created	105.5030951	21.14366		https://www.openstreetmap.org/note/801693
2493065	12463246|DGMan17290	2021-01-10 19:47:49 UTC	created	105.5071781	21.1445748		https://www.openstreetmap.org/note/2493065
801690	4908672|Thich Cat Tien	2016-12-01 18:00:01 UTC	created	105.503281	21.1429841		https://www.openstreetmap.org/note/801690
474497	3414428|Trung Tâm Tư Vấn Du Học Yano	2015-11-26 04:27:16 UTC	created	105.5021811	21.139668		https://www.openstreetmap.org/note/474497
474495	3414428|Trung Tâm Tư Vấn Du Học Yano	2015-11-26 04:24:57 UTC	created	105.5629921	21.1341441		https://www.openstreetmap.org/note/474495
474494	3414428|Trung Tâm Tư Vấn Du Học Yano	2015-11-26 04:20:27 UTC	created	105.5415344	21.1057209		https://www.openstreetmap.org/note/474494
454758	3324446|loveandlove8868	2015-10-21 01:42:18 UTC	created	105.5085862	21.1422097		https://www.openstreetmap.org/note/454758
4855574	23095691|Taximen194	2025-07-14 19:35:53 UTC	created	105.6540048	21.1834339		https://www.openstreetmap.org/note/4855574
3494681	8816792|Open Space Vr360	2022-12-28 05:09:08 UTC	created	105.6276802	21.1043387		https://www.openstreetmap.org/note/3494681
4431217	21946752|8888Hierro8888	2024-09-12 04:52:37 UTC	created	105.7679558	21.1904139		https://www.openstreetmap.org/note/4431217
4411501	21905019|Tinhnhokhoquen	2024-08-31 06:22:05 UTC	created	105.7809601	21.1196946		https://www.openstreetmap.org/note/4411501
2976772	14669672|Tnhhgc	2021-12-19 22:00:43 UTC	created	105.7160497	21.1869702		https://www.openstreetmap.org/note/2976772
3177222	10044812|ravali_78	2022-05-13 07:51:26 UTC	created	105.7138395	21.1089539		https://www.openstreetmap.org/note/3177222
1999563	10476082|Hirako2000	2019-11-18 06:51:23 UTC	created	105.7776942	21.1438108		https://www.openstreetmap.org/note/1999563
507435	3590256|Mê Linh Hà Nội 213	2016-02-02 18:25:39 UTC	created	105.7364345	21.162922		https://www.openstreetmap.org/note/507435
507973	3590256|Mê Linh Hà Nội 213	2016-02-03 20:49:27 UTC	created	105.7460099	21.1630671		https://www.openstreetmap.org/note/507973
390992	3035358|Nguyễn Mạnh Cường	2015-07-04 14:22:28 UTC	created	105.7702518	21.1227255		https://www.openstreetmap.org/note/390992
5482730	24420955|Vemu	2026-08-28 11:23:55 UTC	created	105.7542009	21.0058028		https://www.openstreetmap.org/note/5482730
5467072	24420955|Vemu	2026-08-20 08:25:57 UTC	created	105.7542009	21.0058028		https://www.openstreetmap.org/note/5467072
5432373	20910140|Hung Tran 9x0	2026-08-02 16:08:02 UTC	created	105.7861751	21.0380527		https://www.openstreetmap.org/note/5432373
5412414	24340620|tranbinh1122	2026-07-23 02:14:34 UTC	created	105.7767159	21.0346758		https://www.openstreetmap.org/note/5412414
5381900	24289935|d3k0_39	2026-07-08 03:05:01 UTC	created	105.7854623	21.0729469		https://www.openstreetmap.org/note/5381900
5381899	24289935|d3k0_39	2026-07-08 03:03:53 UTC	created	105.7858115	21.0707375		https://www.openstreetmap.org/note/5381899
5372297	24274995|vitdance	2026-07-03 07:29:45 UTC	created	105.79716	21.050816		https://www.openstreetmap.org/note/5372297
4984225	23028101|thomas_nguyen	2025-09-29 13:09:38 UTC	created	105.7828903	21.0339582		https://www.openstreetmap.org/note/4984225
5260678	24066008|MOT WORKS	2026-04-22 07:49:23 UTC	created	105.778878	21.016718		https://www.openstreetmap.org/note/5260678
5246296	20910140|Hung Tran 9x0	2026-04-12 04:16:18 UTC	created	105.7890438	21.0657834		https://www.openstreetmap.org/note/5246296
929934	5501331|islee	2017-03-17 10:11:16 UTC	created	105.7432317	21.0454668		https://www.openstreetmap.org/note/929934
1946128	23938272|GeminiST1	2019-10-02 06:33:51 UTC	created	105.7450953	21.0474314		https://www.openstreetmap.org/note/1946128
5139108	15151608|1273462819345	2026-01-22 15:47:09 UTC	created	105.7358539	21.0518703		https://www.openstreetmap.org/note/5139108
5130523	23712679|Pntnghia	2026-01-15 13:31:40 UTC	created	105.7788321	21.030949		https://www.openstreetmap.org/note/5130523
5072768	15348960|Nicolas Charbonnier	2025-11-29 15:56:32 UTC	created	105.7794333	21.003803		https://www.openstreetmap.org/note/5072768
5072752	15348960|Nicolas Charbonnier	2025-11-29 15:41:07 UTC	created	105.777016	21.0050485		https://www.openstreetmap.org/note/5072752
5056861	15348960|Nicolas Charbonnier	2025-11-17 13:28:17 UTC	created	105.7823902	21.0057732		https://www.openstreetmap.org/note/5056861
1500159	5060057|NeisBot	2018-08-23 20:34:16 UTC	created	105.7896984	21.0327115		https://www.openstreetmap.org/note/1500159
498091	5060057|NeisBot	2016-01-14 12:39:14 UTC	created	105.7987797	21.0016598		https://www.openstreetmap.org/note/498091
2429833	5060057|NeisBot	2020-11-18 03:16:13 UTC	created	105.748373	21.0552914		https://www.openstreetmap.org/note/2429833
644950	5060057|NeisBot	2016-07-27 05:03:34 UTC	created	105.7934797	21.0348295		https://www.openstreetmap.org/note/644950
763384	3199858|Mateusz Konieczny - bot account	2016-10-27 17:09:14 UTC	created	105.7988798	21.0383992		https://www.openstreetmap.org/note/763384
555512	3199858|Mateusz Konieczny - bot account	2016-04-27 03:01:08 UTC	created	105.7718584	21.0359435		https://www.openstreetmap.org/note/555512
4836846	5060057|NeisBot	2025-07-03 04:17:15 UTC	created	105.7942253	21.047872		https://www.openstreetmap.org/note/4836846
4886111	23147658|apohair	2025-07-31 22:07:15 UTC	created	105.7862324	21.0367722		https://www.openstreetmap.org/note/4886111
4844839	20910140|Hung Tran 9x0	2025-07-08 13:58:11 UTC	created	105.7976446	21.0502906		https://www.openstreetmap.org/note/4844839
4832452	23005245|wikiepeidia	2025-06-30 14:29:23 UTC	created	105.787673	21.046894		https://www.openstreetmap.org/note/4832452
4823325	20910140|Hung Tran 9x0	2025-06-25 05:35:27 UTC	created	105.7951755	21.0346988		https://www.openstreetmap.org/note/4823325
4774093	5060057|NeisBot	2025-05-25 02:11:42 UTC	created	105.7151699	21.056508		https://www.openstreetmap.org/note/4774093
4767463	15151608|1273462819345	2025-05-20 01:25:13 UTC	created	105.7409488	21.0538347		https://www.openstreetmap.org/note/4767463
4186234	5060057|NeisBot	2024-04-07 04:17:47 UTC	created	105.7282698	21.0047347		https://www.openstreetmap.org/note/4186234
4763945	10968301|Fimy	2025-05-17 14:51:50 UTC	created	105.7944508	21.0194895		https://www.openstreetmap.org/note/4763945
4744565	22867563|leephamtrunganh	2025-05-06 03:27:52 UTC	created	105.7383254	21.0241743		https://www.openstreetmap.org/note/4744565
4731348	22840316|Thien Vu TVC	2025-04-28 06:06:25 UTC	created	105.7872194	21.0263224		https://www.openstreetmap.org/note/4731348
4703410	22731174|Thuynk	2025-04-09 23:25:34 UTC	created	105.799831	21.074084		https://www.openstreetmap.org/note/4703410
4656039	3150634|robinmetral	2025-03-08 14:59:20 UTC	created	105.7952746	21.0414008		https://www.openstreetmap.org/note/4656039
4656040	3150634|robinmetral	2025-03-08 14:59:24 UTC	created	105.7973367	21.0404321		https://www.openstreetmap.org/note/4656040
4656038	3150634|robinmetral	2025-03-08 14:59:16 UTC	created	105.7948997	21.0416472		https://www.openstreetmap.org/note/4656038
4656037	3150634|robinmetral	2025-03-08 14:59:13 UTC	created	105.7960382	21.0426373		https://www.openstreetmap.org/note/4656037
4656036	3150634|robinmetral	2025-03-08 14:59:10 UTC	created	105.7968137	21.0453635		https://www.openstreetmap.org/note/4656036
756159	4761602|Rodger Midheich	2016-10-22 02:29:57 UTC	created	105.7713863	21.0863924		https://www.openstreetmap.org/note/756159
4635590	22367455|Ha Tran Humg	2025-02-21 07:43:11 UTC	created	105.7734176	21.0740467		https://www.openstreetmap.org/note/4635590
4632894	22534164|Vuongnieudan	2025-02-19 00:20:08 UTC	created	105.7912508	21.0297926		https://www.openstreetmap.org/note/4632894
4599508	22417905|cotriprothaiminhvn	2025-01-24 00:02:32 UTC	created	105.7919616	21.0359184		https://www.openstreetmap.org/note/4599508
4551309	22287138|Vũ Minh Ngọc	2024-12-12 12:55:46 UTC	created	105.784749	21.056257		https://www.openstreetmap.org/note/4551309
4551308	22287138|Vũ Minh Ngọc	2024-12-12 12:55:16 UTC	created	105.784679	21.056134		https://www.openstreetmap.org/note/4551308
4551306	22287138|Vũ Minh Ngọc	2024-12-12 12:54:24 UTC	created	105.783132	21.056365		https://www.openstreetmap.org/note/4551306
4551305	22287138|Vũ Minh Ngọc	2024-12-12 12:53:16 UTC	created	105.784355	21.056525		https://www.openstreetmap.org/note/4551305
4551304	22287138|Vũ Minh Ngọc	2024-12-12 12:51:27 UTC	created	105.784384	21.056588		https://www.openstreetmap.org/note/4551304
4551302	22287138|Vũ Minh Ngọc	2024-12-12 12:50:28 UTC	created	105.7838184	21.0560825		https://www.openstreetmap.org/note/4551302
4521516	6635646|Eoni-León	2024-11-16 03:41:12 UTC	created	105.7671702	21.0273061		https://www.openstreetmap.org/note/4521516
4510526	22152452|Hoang Hai 1	2024-11-07 11:23:44 UTC	created	105.730354	21.008436		https://www.openstreetmap.org/note/4510526
4478190	22051650|ketsatketbacchinhhangvn	2024-10-14 08:58:57 UTC	created	105.7639483	21.0534799		https://www.openstreetmap.org/note/4478190
4478076	22051650|ketsatketbacchinhhangvn	2024-10-14 07:45:49 UTC	created	105.7639432	21.0534842		https://www.openstreetmap.org/note/4478076
4473631	22051650|ketsatketbacchinhhangvn	2024-10-11 04:50:22 UTC	created	105.7639483	21.0534799		https://www.openstreetmap.org/note/4473631
4473612	22051650|ketsatketbacchinhhangvn	2024-10-11 04:28:04 UTC	created	105.7639483	21.0534799		https://www.openstreetmap.org/note/4473612
4478169	22051650|ketsatketbacchinhhangvn	2024-10-14 08:42:01 UTC	created	105.7639483	21.0534799		https://www.openstreetmap.org/note/4478169
4478114	22051650|ketsatketbacchinhhangvn	2024-10-14 08:22:24 UTC	created	105.7639483	21.0534799		https://www.openstreetmap.org/note/4478114
4478097	22051650|ketsatketbacchinhhangvn	2024-10-14 08:06:43 UTC	created	105.7639483	21.0534799		https://www.openstreetmap.org/note/4478097
4478079	22051650|ketsatketbacchinhhangvn	2024-10-14 07:46:38 UTC	created	105.7639432	21.0534041		https://www.openstreetmap.org/note/4478079
4473635	22051650|ketsatketbacchinhhangvn	2024-10-11 05:02:10 UTC	created	105.7639483	21.0534799		https://www.openstreetmap.org/note/4473635
4473594	22051650|ketsatketbacchinhhangvn	2024-10-11 03:47:53 UTC	created	105.7639483	21.0534799		https://www.openstreetmap.org/note/4473594
4452980	21994008|Datntb	2024-09-26 05:28:05 UTC	created	105.7469273	21.0288707		https://www.openstreetmap.org/note/4452980
4145167	20879096|WeoMaps	2024-03-09 05:10:08 UTC	created	105.7879135	21.0327655		https://www.openstreetmap.org/note/4145167
4134918	21135857|PelleNik	2024-03-02 07:09:30 UTC	created	105.7993108	21.0756205		https://www.openstreetmap.org/note/4134918
4150986	20912030|petrhung9	2024-03-13 08:36:29 UTC	created	105.7880182	21.0326653		https://www.openstreetmap.org/note/4150986
3948040	20419345|phuongntvn	2023-10-19 09:21:58 UTC	created	105.735552	21.0555518		https://www.openstreetmap.org/note/3948040
3948048	20419345|phuongntvn	2023-10-19 09:24:24 UTC	created	105.7349136	21.0550161		https://www.openstreetmap.org/note/3948048
3948050	20419345|phuongntvn	2023-10-19 09:25:23 UTC	created	105.7350397	21.0556444		https://www.openstreetmap.org/note/3948050
4199059	21213273|openmap-vn	2024-04-15 08:23:10 UTC	created	105.7879377	21.0323849		https://www.openstreetmap.org/note/4199059
4328984	16474396|nmanhtri	2024-07-11 17:00:40 UTC	created	105.7984069	21.0056611		https://www.openstreetmap.org/note/4328984
4328982	16474396|nmanhtri	2024-07-11 17:00:13 UTC	created	105.7994181	21.0055835		https://www.openstreetmap.org/note/4328982
4328986	16474396|nmanhtri	2024-07-11 17:00:53 UTC	created	105.7984444	21.0048624		https://www.openstreetmap.org/note/4328986
4328987	16474396|nmanhtri	2024-07-11 17:01:07 UTC	created	105.7992706	21.0045544		https://www.openstreetmap.org/note/4328987
3119272	10988408|Matyjace	2022-04-04 05:48:44 UTC	created	105.7920629	21.0782719		https://www.openstreetmap.org/note/3119272
2429836	21611817|logus2	2020-11-18 03:21:23 UTC	created	105.747807	21.0544454		https://www.openstreetmap.org/note/2429836
4308832	21695624|Ngọc Dung	2024-06-26 12:29:45 UTC	created	105.769485	21.009161		https://www.openstreetmap.org/note/4308832
4308830	21695624|Ngọc Dung	2024-06-26 12:28:29 UTC	created	105.7704274	21.0097475		https://www.openstreetmap.org/note/4308830
1177860	6781928|Bố Su	2017-10-18 07:05:38 UTC	created	105.7648706	21.0429347		https://www.openstreetmap.org/note/1177860
523272	3686590|dangthu	2016-03-05 08:18:41 UTC	created	105.7657027	21.0391454		https://www.openstreetmap.org/note/523272
1944416	3943359|Gustavo Cunha	2019-09-30 11:26:16 UTC	created	105.7701976	21.0390141		https://www.openstreetmap.org/note/1944416
669207	15944521|Taya_S	2016-08-13 08:36:22 UTC	created	105.7735348	21.0406875		https://www.openstreetmap.org/note/669207
1045877	6180432|Myduyson	2017-06-28 10:29:04 UTC	created	105.7920643	21.0181595		https://www.openstreetmap.org/note/1045877
1045878	6180432|Myduyson	2017-06-28 10:29:07 UTC	created	105.7920646	21.0181662		https://www.openstreetmap.org/note/1045878
433876	3234619|Tuấn Barista	2015-09-13 12:32:20 UTC	created	105.7971355	21.017542		https://www.openstreetmap.org/note/433876
500285	3482782|mkomizo	2016-01-18 15:08:59 UTC	created	105.7998848	21.004915		https://www.openstreetmap.org/note/500285
1375358	8187301|Bac Kevin	2018-04-28 02:02:45 UTC	created	105.7704309	21.0297287		https://www.openstreetmap.org/note/1375358
2380399	11961239|Vo Ta Lam	2020-10-10 02:51:24 UTC	created	105.7692593	21.0318007		https://www.openstreetmap.org/note/2380399
1425116	7228669|Manh Cuong	2018-06-13 11:30:48 UTC	created	105.7981757	21.0653513		https://www.openstreetmap.org/note/1425116
2507498	12527898|Khang Đàm	2021-01-22 06:48:34 UTC	created	105.7770029	21.0716585		https://www.openstreetmap.org/note/2507498
1946137	15944521|Taya_S	2019-10-02 06:38:46 UTC	created	105.7692754	21.0818272		https://www.openstreetmap.org/note/1946137
1946139	15944521|Taya_S	2019-10-02 06:39:47 UTC	created	105.7699621	21.0755954		https://www.openstreetmap.org/note/1946139
2215106	11282901|nguyenlong87	2020-06-02 09:16:32 UTC	created	105.7492876	21.0319354		https://www.openstreetmap.org/note/2215106
849679	5117905|Erwan Guillot	2017-01-12 16:00:15 UTC	created	105.7772615	21.0142205		https://www.openstreetmap.org/note/849679
1243957	7155331|Nguyenhoa86	2017-12-20 11:18:05 UTC	created	105.784623	21.0303982		https://www.openstreetmap.org/note/1243957
4254053	21537634|Tien 3C	2024-05-19 12:02:40 UTC	created	105.79972	21.03816		https://www.openstreetmap.org/note/4254053
2507442	12527923|ly giao	2021-01-22 06:07:16 UTC	created	105.77394	21.0717		https://www.openstreetmap.org/note/2507442
3471645	17810197|cuong69pro	2022-12-09 08:46:35 UTC	created	105.7737091	21.0726274		https://www.openstreetmap.org/note/3471645
1466969	8602604|Trần Đức Huân	2018-07-26 04:07:22 UTC	created	105.77421	21.07213		https://www.openstreetmap.org/note/1466969
2507456	12527885|tranngocduc2412	2021-01-22 06:11:27 UTC	created	105.77381	21.07238		https://www.openstreetmap.org/note/2507456
4237093	15944521|Taya_S	2024-05-09 09:08:36 UTC	created	105.7906392	21.031317		https://www.openstreetmap.org/note/4237093
4237181	14770278|sheikchilli	2024-05-09 10:07:09 UTC	created	105.7897863	21.0315173		https://www.openstreetmap.org/note/4237181
4200495	20662839|Nghiêm Digital	2024-04-16 04:49:00 UTC	created	105.78284	21.05677		https://www.openstreetmap.org/note/4200495
1045879	6180432|Myduyson	2017-06-28 10:29:07 UTC	created	105.7920644	21.0181581		https://www.openstreetmap.org/note/1045879
2711315	8849542|Ahsan Sikder	2021-06-13 07:50:05 UTC	created	105.79644	21.02333		https://www.openstreetmap.org/note/2711315
770596	4810973|Thế Giới Phụ Kiện Việt	2016-11-03 05:39:32 UTC	created	105.7973928	21.0256307		https://www.openstreetmap.org/note/770596
1395620	8242898|The DĐC	2018-05-16 10:00:21 UTC	created	105.7914578	21.029554		https://www.openstreetmap.org/note/1395620
809183	4940473|Nguyen Thi Huyen	2016-12-08 11:05:33 UTC	created	105.7937107	21.0271825		https://www.openstreetmap.org/note/809183
386880	2178860|Nguyễn Xuân Công	2015-06-26 07:19:31 UTC	created	105.7883781	21.0247401		https://www.openstreetmap.org/note/386880
2188673	11039273|Lupinpat	2020-05-11 08:17:21 UTC	created	105.78313	21.02799		https://www.openstreetmap.org/note/2188673
1083892	2678766|hieuvan	2017-07-29 23:05:23 UTC	created	105.780057	21.0330147		https://www.openstreetmap.org/note/1083892
3096447	11220113|ivanbranco	2022-03-21 11:29:41 UTC	created	105.7825863	21.0355866		https://www.openstreetmap.org/note/3096447
3849250	20107172|Gotech VN	2023-08-23 09:55:51 UTC	created	105.7857442	21.0285306		https://www.openstreetmap.org/note/3849250
1187327	6872326|Ng-Viet Tuan	2017-10-28 07:05:04 UTC	created	105.7911268	21.0280888		https://www.openstreetmap.org/note/1187327
333314	2766775|quangnh	2015-03-18 10:34:17 UTC	created	105.7837915	21.0411281		https://www.openstreetmap.org/note/333314
391548	3037077|haidangcity	2015-07-05 15:08:34 UTC	created	105.7671726	21.03526		https://www.openstreetmap.org/note/391548
407859	2554698|ruthmaben	2015-08-03 05:33:48 UTC	created	105.7781482	21.0314647		https://www.openstreetmap.org/note/407859
756158	4761602|Rodger Midheich	2016-10-22 02:29:22 UTC	created	105.7713863	21.0863924		https://www.openstreetmap.org/note/756158
983595	5605879|Hoàng Lân	2017-05-02 19:44:22 UTC	created	105.7992351	21.0254898		https://www.openstreetmap.org/note/983595
950503	5605879|Hoàng Lân	2017-04-03 05:51:58 UTC	created	105.7992351	21.0254898		https://www.openstreetmap.org/note/950503
1332821	7868876|dinhnv2508	2018-03-20 03:11:16 UTC	created	105.7890701	21.0889597		https://www.openstreetmap.org/note/1332821
1332820	7868876|dinhnv2508	2018-03-20 03:09:29 UTC	created	105.7890701	21.0889597		https://www.openstreetmap.org/note/1332820
1306964	7228669|Manh Cuong	2018-02-21 22:01:44 UTC	created	105.7981757	21.0653513		https://www.openstreetmap.org/note/1306964
770653	4810973|Thế Giới Phụ Kiện Việt	2016-11-03 07:27:37 UTC	created	105.7973928	21.0256307		https://www.openstreetmap.org/note/770653
770633	4810973|Thế Giới Phụ Kiện Việt	2016-11-03 06:56:06 UTC	created	105.7973928	21.0256307		https://www.openstreetmap.org/note/770633
1859051	10183076|TanHN	2019-07-27 15:41:26 UTC	created	105.7981682	21.0248853		https://www.openstreetmap.org/note/1859051
2003073	10381378|tranhuongk	2019-11-20 18:41:32 UTC	created	105.7771054	21.0384341		https://www.openstreetmap.org/note/2003073
3949483	20419345|phuongntvn	2023-10-20 09:30:34 UTC	created	105.7348439	21.0547157		https://www.openstreetmap.org/note/3949483
3947724	20419345|phuongntvn	2023-10-19 04:13:08 UTC	created	105.73469	21.05505		https://www.openstreetmap.org/note/3947724
3930476	20429607|polycamping	2023-10-08 16:42:58 UTC	created	105.7631764	21.0412833		https://www.openstreetmap.org/note/3930476
2328705	8726761|Thắng Lưu	2020-08-30 09:40:56 UTC	created	105.752057	21.046808		https://www.openstreetmap.org/note/2328705
2328683	8726761|Thắng Lưu	2020-08-30 09:38:36 UTC	created	105.7520745	21.0466985		https://www.openstreetmap.org/note/2328683
2328684	8726761|Thắng Lưu	2020-08-30 09:38:37 UTC	created	105.7520745	21.0466985		https://www.openstreetmap.org/note/2328684
2328708	8726761|Thắng Lưu	2020-08-30 09:41:00 UTC	created	105.752057	21.046808		https://www.openstreetmap.org/note/2328708
2328709	8726761|Thắng Lưu	2020-08-30 09:41:01 UTC	created	105.752057	21.046808		https://www.openstreetmap.org/note/2328709
2328712	8726761|Thắng Lưu	2020-08-30 09:41:04 UTC	created	105.752057	21.046808		https://www.openstreetmap.org/note/2328712
2328713	8726761|Thắng Lưu	2020-08-30 09:41:04 UTC	created	105.752057	21.046808		https://www.openstreetmap.org/note/2328713
2328706	8726761|Thắng Lưu	2020-08-30 09:41:00 UTC	created	105.752057	21.046808		https://www.openstreetmap.org/note/2328706
2328703	8726761|Thắng Lưu	2020-08-30 09:40:56 UTC	created	105.752057	21.046808		https://www.openstreetmap.org/note/2328703
2328711	8726761|Thắng Lưu	2020-08-30 09:41:01 UTC	created	105.752057	21.046808		https://www.openstreetmap.org/note/2328711
2328704	8726761|Thắng Lưu	2020-08-30 09:40:56 UTC	created	105.752057	21.046808		https://www.openstreetmap.org/note/2328704
2328714	8726761|Thắng Lưu	2020-08-30 09:41:04 UTC	created	105.752057	21.046808		https://www.openstreetmap.org/note/2328714
2328715	8726761|Thắng Lưu	2020-08-30 09:41:04 UTC	created	105.752057	21.046808		https://www.openstreetmap.org/note/2328715
2328716	8726761|Thắng Lưu	2020-08-30 09:41:04 UTC	created	105.752057	21.046808		https://www.openstreetmap.org/note/2328716
2328699	8726761|Thắng Lưu	2020-08-30 09:38:53 UTC	created	105.7520745	21.0466985		https://www.openstreetmap.org/note/2328699
2328698	8726761|Thắng Lưu	2020-08-30 09:38:53 UTC	created	105.7520745	21.0466985		https://www.openstreetmap.org/note/2328698
2328697	8726761|Thắng Lưu	2020-08-30 09:38:53 UTC	created	105.7520745	21.0466985		https://www.openstreetmap.org/note/2328697
2328696	8726761|Thắng Lưu	2020-08-30 09:38:52 UTC	created	105.7520745	21.0466985		https://www.openstreetmap.org/note/2328696
2328701	8726761|Thắng Lưu	2020-08-30 09:40:55 UTC	created	105.752057	21.046808		https://www.openstreetmap.org/note/2328701
2328710	8726761|Thắng Lưu	2020-08-30 09:41:01 UTC	created	105.752057	21.046808		https://www.openstreetmap.org/note/2328710
2328707	8726761|Thắng Lưu	2020-08-30 09:41:00 UTC	created	105.752057	21.046808		https://www.openstreetmap.org/note/2328707
2328702	8726761|Thắng Lưu	2020-08-30 09:40:56 UTC	created	105.752057	21.046808		https://www.openstreetmap.org/note/2328702
2328695	8726761|Thắng Lưu	2020-08-30 09:38:52 UTC	created	105.7520745	21.0466985		https://www.openstreetmap.org/note/2328695
2328694	8726761|Thắng Lưu	2020-08-30 09:38:52 UTC	created	105.7520745	21.0466985		https://www.openstreetmap.org/note/2328694
2328693	8726761|Thắng Lưu	2020-08-30 09:38:51 UTC	created	105.7520745	21.0466985		https://www.openstreetmap.org/note/2328693
2328692	8726761|Thắng Lưu	2020-08-30 09:38:42 UTC	created	105.7520745	21.0466985		https://www.openstreetmap.org/note/2328692
2328700	8726761|Thắng Lưu	2020-08-30 09:40:54 UTC	created	105.752057	21.046808		https://www.openstreetmap.org/note/2328700
2328691	8726761|Thắng Lưu	2020-08-30 09:38:42 UTC	created	105.7520745	21.0466985		https://www.openstreetmap.org/note/2328691
2328690	8726761|Thắng Lưu	2020-08-30 09:38:42 UTC	created	105.7520745	21.0466985		https://www.openstreetmap.org/note/2328690
2328689	8726761|Thắng Lưu	2020-08-30 09:38:41 UTC	created	105.7520745	21.0466985		https://www.openstreetmap.org/note/2328689
2328688	8726761|Thắng Lưu	2020-08-30 09:38:38 UTC	created	105.7520745	21.0466985		https://www.openstreetmap.org/note/2328688
2328687	8726761|Thắng Lưu	2020-08-30 09:38:38 UTC	created	105.7520745	21.0466985		https://www.openstreetmap.org/note/2328687
2328686	8726761|Thắng Lưu	2020-08-30 09:38:38 UTC	created	105.7520745	21.0466985		https://www.openstreetmap.org/note/2328686
2328685	8726761|Thắng Lưu	2020-08-30 09:38:38 UTC	created	105.7520745	21.0466985		https://www.openstreetmap.org/note/2328685
419928	3175031|Pham Nga	2015-08-23 03:59:57 UTC	created	105.7884774	21.0439368		https://www.openstreetmap.org/note/419928
2072534	4463329|Pranske	2020-01-29 08:51:32 UTC	created	105.7828337	21.0505917		https://www.openstreetmap.org/note/2072534
3812015	20033165|fortunate281	2023-08-02 08:13:02 UTC	created	105.78441	21.03051		https://www.openstreetmap.org/note/3812015
3758195	19727236|dev tu	2023-06-30 08:58:27 UTC	created	105.73545	21.0541		https://www.openstreetmap.org/note/3758195
3119263	10988408|Matyjace	2022-04-04 05:31:07 UTC	created	105.7930934	21.0786668		https://www.openstreetmap.org/note/3119263
3073444	10988408|Matyjace	2022-03-04 07:36:35 UTC	created	105.7925838	21.0788165		https://www.openstreetmap.org/note/3073444
2840482	11928550|Robert Knobloch	2021-09-07 16:00:29 UTC	created	105.7930359	21.0810275		https://www.openstreetmap.org/note/2840482
2605799	12775409|kouveo	2021-04-03 01:28:50 UTC	created	105.7952384	21.0460849		https://www.openstreetmap.org/note/2605799
837808	4589979|EeveeD	2017-01-02 05:51:28 UTC	created	105.7889744	21.0466005		https://www.openstreetmap.org/note/837808
2507478	12527993|trường vạn	2021-01-22 06:20:01 UTC	created	105.77744	21.07351		https://www.openstreetmap.org/note/2507478
3398857	6635646|Eoni-León	2022-10-14 11:12:09 UTC	created	105.7874389	21.0194283		https://www.openstreetmap.org/note/3398857
3396744	17276268|Iamnature506	2022-10-12 16:58:11 UTC	created	105.7468965	21.0380074		https://www.openstreetmap.org/note/3396744
3325668	16902691|Hà Quỳnh Mai	2022-08-22 08:01:25 UTC	created	105.76598	21.031		https://www.openstreetmap.org/note/3325668
3253946	16461670|Pham Hoang Minh	2022-07-06 03:59:04 UTC	created	105.7925034	21.0156507		https://www.openstreetmap.org/note/3253946
2605809	12775409|kouveo	2021-04-03 01:44:23 UTC	created	105.795593	21.0476098		https://www.openstreetmap.org/note/2605809
2605810	12775409|kouveo	2021-04-03 01:45:01 UTC	created	105.7956554	21.0478662		https://www.openstreetmap.org/note/2605810
473975	3412282|Gia Đình Mon	2015-11-25 07:31:02 UTC	created	105.7900572	21.0342386		https://www.openstreetmap.org/note/473975
473974	3412282|Gia Đình Mon	2015-11-25 07:27:07 UTC	created	105.7930505	21.0342987		https://www.openstreetmap.org/note/473974
837902	3679946|timotimor	2017-01-02 07:32:05 UTC	created	105.7953138	21.034546		https://www.openstreetmap.org/note/837902
837731	5054970|Dong Tmh	2017-01-02 02:38:19 UTC	created	105.7896275	21.0364906		https://www.openstreetmap.org/note/837731
499581	3538026|AutoSpa Việt Nam	2016-01-17 04:35:56 UTC	created	105.791114	21.0319354		https://www.openstreetmap.org/note/499581
2038730	10380517|Danh Quyền	2019-12-28 05:48:09 UTC	created	105.7818111	21.0337049		https://www.openstreetmap.org/note/2038730
2038740	10380517|Danh Quyền	2019-12-28 06:07:28 UTC	created	105.7817232	21.0365056		https://www.openstreetmap.org/note/2038740
2463358	11754914|Vay Thi Thoi	2020-12-15 22:40:17 UTC	created	105.7845372	21.0507194		https://www.openstreetmap.org/note/2463358
493765	3507273|Phuong Bich	2016-01-06 18:04:48 UTC	created	105.7937372	21.0454538		https://www.openstreetmap.org/note/493765
2007439	10381378|tranhuongk	2019-11-25 04:19:33 UTC	created	105.7910472	21.0368492		https://www.openstreetmap.org/note/2007439
2381909	10380517|Danh Quyền	2020-10-11 10:39:38 UTC	created	105.7833873	21.0388725		https://www.openstreetmap.org/note/2381909
2380980	10380517|Danh Quyền	2020-10-10 14:58:08 UTC	created	105.7839693	21.0394539		https://www.openstreetmap.org/note/2380980
480632	3444651|Pizza Box	2015-12-09 15:15:31 UTC	created	105.7840222	21.0414685		https://www.openstreetmap.org/note/480632
613819	4204891|daquyledung	2016-07-03 08:41:17 UTC	created	105.7904005	21.0444625		https://www.openstreetmap.org/note/613819
1912628	10274281|nguyen trung huy	2019-09-04 08:27:10 UTC	created	105.7890379	21.0465503		https://www.openstreetmap.org/note/1912628
2913268	14365512|Bichngoc98	2021-10-28 10:52:37 UTC	created	105.7789743	21.084229		https://www.openstreetmap.org/note/2913268
2913202	14365512|Bichngoc98	2021-10-28 09:51:02 UTC	created	105.7790333	21.0841593		https://www.openstreetmap.org/note/2913202
2910882	11096472|Geovelo_Notes	2021-10-26 11:08:40 UTC	created	105.7976532	21.0227422		https://www.openstreetmap.org/note/2910882
2839881	10988408|Matyjace	2021-09-07 08:12:26 UTC	created	105.7959259	21.0776102		https://www.openstreetmap.org/note/2839881
2807107	9641379|Pan Perníček	2021-08-17 09:47:43 UTC	created	105.7899392	21.0810114		https://www.openstreetmap.org/note/2807107
2807117	9641379|Pan Perníček	2021-08-17 09:51:53 UTC	created	105.7975352	21.0776928		https://www.openstreetmap.org/note/2807117
2665342	13306864|thangnn147	2021-05-12 04:23:52 UTC	created	105.7703402	21.0498497		https://www.openstreetmap.org/note/2665342
2437768	9641379|Pan Perníček	2020-11-23 09:46:23 UTC	created	105.7978007	21.0768969		https://www.openstreetmap.org/note/2437768
2647860	13222301|Tuấn Nguyễn Store	2021-05-01 14:28:42 UTC	created	105.7865167	21.0548058		https://www.openstreetmap.org/note/2647860
2624550	13087723|Sâm Sam Sam	2021-04-15 22:53:08 UTC	created	105.765838	21.0350915		https://www.openstreetmap.org/note/2624550
2605985	12983246|thaontv	2021-04-03 06:53:36 UTC	created	105.75981	21.031872		https://www.openstreetmap.org/note/2605985
2605981	12983246|thaontv	2021-04-03 06:46:10 UTC	created	105.760493	21.0317606		https://www.openstreetmap.org/note/2605981
2605976	12983246|thaontv	2021-04-03 06:41:14 UTC	created	105.7818955	21.0397484		https://www.openstreetmap.org/note/2605976
2605983	12983246|thaontv	2021-04-03 06:50:49 UTC	created	105.7651259	21.0356346		https://www.openstreetmap.org/note/2605983
2605854	12983246|thaontv	2021-04-03 03:44:20 UTC	created	105.7872589	21.0353001		https://www.openstreetmap.org/note/2605854
2605975	12983246|thaontv	2021-04-03 06:40:08 UTC	created	105.784118	21.0375783		https://www.openstreetmap.org/note/2605975
2507480	12527993|trường vạn	2021-01-22 06:21:02 UTC	created	105.77742	21.07355		https://www.openstreetmap.org/note/2507480
2507444	12527852|Pham Duy	2021-01-22 06:07:26 UTC	created	105.7842502	21.0914072		https://www.openstreetmap.org/note/2507444
2507439	12527923|ly giao	2021-01-22 06:06:38 UTC	created	105.77392	21.072		https://www.openstreetmap.org/note/2507439
2507443	12527876|Suong	2021-01-22 06:07:22 UTC	created	105.7774642	21.069023		https://www.openstreetmap.org/note/2507443
2507447	12527844|duong chi kien	2021-01-22 06:07:47 UTC	created	105.7800938	21.0828001		https://www.openstreetmap.org/note/2507447
2507438	12527928|nguyentam010820	2021-01-22 06:06:36 UTC	created	105.7784057	21.0835991		https://www.openstreetmap.org/note/2507438
2503387	12509748|keesdegooijer	2021-01-19 09:14:39 UTC	created	105.7929497	21.0551105		https://www.openstreetmap.org/note/2503387
2503226	12487808|Nguyễn Hoàng Sơn	2021-01-19 04:51:34 UTC	created	105.7423984	21.0661859		https://www.openstreetmap.org/note/2503226
2503225	12487808|Nguyễn Hoàng Sơn	2021-01-19 04:51:04 UTC	created	105.7422374	21.0657204		https://www.openstreetmap.org/note/2503225
1377658	2678766|hieuvan	2018-04-30 03:44:31 UTC	created	105.7327892	21.0598647		https://www.openstreetmap.org/note/1377658
2503224	12487808|Nguyễn Hoàng Sơn	2021-01-19 04:49:17 UTC	created	105.7432151	21.067356		https://www.openstreetmap.org/note/2503224
2503223	12487808|Nguyễn Hoàng Sơn	2021-01-19 04:47:53 UTC	created	105.7426786	21.0655389		https://www.openstreetmap.org/note/2503223
2483244	653198|VU DINH LONG	2021-01-03 04:36:20 UTC	created	105.7877022	21.082996		https://www.openstreetmap.org/note/2483244
2479482	12412893|Nguyễn Hà Anh	2020-12-31 02:16:01 UTC	created	105.7713249	21.0356808		https://www.openstreetmap.org/note/2479482
2431347	12198810|Nhà sách Sư phạm TVHL	2020-11-19 03:35:33 UTC	created	105.7401466	21.0264977		https://www.openstreetmap.org/note/2431347
2408341	12105118|hungtvktdt	2020-11-03 03:46:58 UTC	created	105.72139	21.01048		https://www.openstreetmap.org/note/2408341
2408340	12105118|hungtvktdt	2020-11-03 03:45:53 UTC	created	105.7215	21.00996		https://www.openstreetmap.org/note/2408340
2394958	12032846|Nguyễn Hoàng Ân	2020-10-22 07:02:19 UTC	created	105.79074	21.03069		https://www.openstreetmap.org/note/2394958
2381908	10380517|Danh Quyền	2020-10-11 10:39:04 UTC	created	105.7833873	21.0388725		https://www.openstreetmap.org/note/2381908
2324534	3228006|Le Hung 999	2020-08-27 05:28:52 UTC	created	105.76656	21.02533		https://www.openstreetmap.org/note/2324534
2303552	10971950|Nguyen Thai	2020-08-11 15:01:03 UTC	created	105.7890674	21.0339657		https://www.openstreetmap.org/note/2303552
473976	3412282|Gia Đình Mon	2015-11-25 07:32:41 UTC	created	105.7904434	21.0336378		https://www.openstreetmap.org/note/473976
2216353	4984939|Trương Trường	2020-06-03 11:14:18 UTC	created	105.7688898	21.0116655		https://www.openstreetmap.org/note/2216353
2004568	10380517|Danh Quyền	2019-11-22 04:08:13 UTC	created	105.7823914	21.0362641		https://www.openstreetmap.org/note/2004568
2183851	11139297|My Home - Nhà Số 8	2020-05-07 04:08:31 UTC	created	105.7518759	21.0524228		https://www.openstreetmap.org/note/2183851
2149530	10988633|cualuoichongmuoihoaphat	2020-04-06 08:11:11 UTC	created	105.77944	21.01984		https://www.openstreetmap.org/note/2149530
2055811	10651441|Trương Chính	2020-01-13 12:12:28 UTC	created	105.7746291	21.0222064		https://www.openstreetmap.org/note/2055811
2038728	10380517|Danh Quyền	2019-12-28 05:46:01 UTC	created	105.7818111	21.0337049		https://www.openstreetmap.org/note/2038728
2038714	10380517|Danh Quyền	2019-12-28 04:58:22 UTC	created	105.7818111	21.0337049		https://www.openstreetmap.org/note/2038714
2038734	10380517|Danh Quyền	2019-12-28 05:50:41 UTC	created	105.7817584	21.0359413		https://www.openstreetmap.org/note/2038734
2038712	10380517|Danh Quyền	2019-12-28 04:55:04 UTC	created	105.7819359	21.0360959		https://www.openstreetmap.org/note/2038712
2003005	10381378|tranhuongk	2019-11-20 17:28:40 UTC	created	105.7825846	21.0349736		https://www.openstreetmap.org/note/2003005
2007438	10381378|tranhuongk	2019-11-25 04:15:28 UTC	created	105.7959314	21.0320365		https://www.openstreetmap.org/note/2007438
2007444	10381378|tranhuongk	2019-11-25 04:41:10 UTC	created	105.7867177	21.0352796		https://www.openstreetmap.org/note/2007444
2007443	10381378|tranhuongk	2019-11-25 04:39:51 UTC	created	105.7828833	21.0382817		https://www.openstreetmap.org/note/2007443
2004546	10380517|Danh Quyền	2019-11-22 02:58:03 UTC	created	105.7827104	21.0384846		https://www.openstreetmap.org/note/2004546
2004545	10380517|Danh Quyền	2019-11-22 02:57:53 UTC	created	105.7820423	21.0387162		https://www.openstreetmap.org/note/2004545
2004547	10380517|Danh Quyền	2019-11-22 02:58:34 UTC	created	105.7810422	21.0386996		https://www.openstreetmap.org/note/2004547
2003009	10381378|tranhuongk	2019-11-20 17:30:13 UTC	created	105.7826591	21.0372516		https://www.openstreetmap.org/note/2003009
2002989	10381378|tranhuongk	2019-11-20 17:15:21 UTC	created	105.78601	21.0358		https://www.openstreetmap.org/note/2002989
2002991	10381378|tranhuongk	2019-11-20 17:20:07 UTC	created	105.7893818	21.0366159		https://www.openstreetmap.org/note/2002991
2002997	10381378|tranhuongk	2019-11-20 17:23:50 UTC	created	105.7961454	21.0330752		https://www.openstreetmap.org/note/2002997
2003001	10381378|tranhuongk	2019-11-20 17:26:08 UTC	created	105.7815116	21.0357346		https://www.openstreetmap.org/note/2003001
2003007	10381378|tranhuongk	2019-11-20 17:29:27 UTC	created	105.784104	21.0337158		https://www.openstreetmap.org/note/2003007
2003008	10381378|tranhuongk	2019-11-20 17:29:42 UTC	created	105.7860353	21.033796		https://www.openstreetmap.org/note/2003008
1549818	8726761|Thắng Lưu	2018-10-04 04:01:17 UTC	created	105.7829208	21.0382857		https://www.openstreetmap.org/note/1549818
2003075	10381378|tranhuongk	2019-11-20 18:42:18 UTC	created	105.7769116	21.0406344		https://www.openstreetmap.org/note/2003075
1962269	10380517|Danh Quyền	2019-10-15 07:29:12 UTC	created	105.7893478	21.0311668		https://www.openstreetmap.org/note/1962269
1945381	3943359|Gustavo Cunha	2019-10-01 10:10:24 UTC	created	105.7729871	21.038193		https://www.openstreetmap.org/note/1945381
1853694	10172448|Đại Hùng	2019-07-23 07:49:03 UTC	created	105.7549	21.0265		https://www.openstreetmap.org/note/1853694
544982	3808387|Thu Thuy3t	2016-04-10 23:50:56 UTC	created	105.7825121	21.0645127		https://www.openstreetmap.org/note/544982
1658032	625303|TuanIfan	2019-01-22 07:43:21 UTC	created	105.77848	21.06245		https://www.openstreetmap.org/note/1658032
772842	686216|Mishari	2016-11-04 23:13:30 UTC	created	105.7986106	21.0399357		https://www.openstreetmap.org/note/772842
784598	4851887|Cáo VP	2016-11-16 10:34:51 UTC	created	105.7182382	21.0641557		https://www.openstreetmap.org/note/784598
1546737	8726761|Thắng Lưu	2018-10-01 07:10:05 UTC	created	105.7828268	21.0383149		https://www.openstreetmap.org/note/1546737
1517119	2250373|AussieLuke	2018-09-06 17:13:35 UTC	created	105.7622342	21.021443		https://www.openstreetmap.org/note/1517119
1466149	8598735|JobPro VN	2018-07-25 08:32:30 UTC	created	105.7785666	21.0184158		https://www.openstreetmap.org/note/1466149
518984	3453965|Nguyễn Việt Tiến	2016-02-25 11:24:45 UTC	created	105.7822251	21.063907		https://www.openstreetmap.org/note/518984
1362851	8129041|truongcfic	2018-04-17 09:01:23 UTC	created	105.7873535	21.017915		https://www.openstreetmap.org/note/1362851
1348295	2678766|hieuvan	2018-04-04 06:41:05 UTC	created	105.776255	21.0581417		https://www.openstreetmap.org/note/1348295
1348296	2678766|hieuvan	2018-04-04 06:41:06 UTC	created	105.7778194	21.0587247		https://www.openstreetmap.org/note/1348296
1348289	2678766|hieuvan	2018-04-04 06:40:59 UTC	created	105.7481157	21.0795998		https://www.openstreetmap.org/note/1348289
1348290	2678766|hieuvan	2018-04-04 06:41:00 UTC	created	105.73256	21.09632		https://www.openstreetmap.org/note/1348290
1348291	2678766|hieuvan	2018-04-04 06:41:01 UTC	created	105.7387488	21.0876736		https://www.openstreetmap.org/note/1348291
1348292	2678766|hieuvan	2018-04-04 06:41:02 UTC	created	105.763525	21.089905		https://www.openstreetmap.org/note/1348292
1348293	2678766|hieuvan	2018-04-04 06:41:03 UTC	created	105.769485	21.0489233		https://www.openstreetmap.org/note/1348293
1348294	2678766|hieuvan	2018-04-04 06:41:04 UTC	created	105.7730638	21.0540119		https://www.openstreetmap.org/note/1348294
1315104	7567948|Thế Linh	2018-03-02 09:54:56 UTC	created	105.7803261	21.0160197		https://www.openstreetmap.org/note/1315104
1201087	6961751|Hoàng Minh Quang	2017-11-09 20:12:04 UTC	created	105.7845551	21.0837286		https://www.openstreetmap.org/note/1201087
662273	4384661|Bùi Yến Chi	2016-08-08 01:51:36 UTC	created	105.7871251	21.0152001		https://www.openstreetmap.org/note/662273
805686	4924999|Garmin Duc	2016-12-05 00:44:41 UTC	created	105.7671568	21.0262798		https://www.openstreetmap.org/note/805686
805688	4924999|Garmin Duc	2016-12-05 00:44:43 UTC	created	105.7671568	21.0262798		https://www.openstreetmap.org/note/805688
805687	4924999|Garmin Duc	2016-12-05 00:44:42 UTC	created	105.7689184	21.0311958		https://www.openstreetmap.org/note/805687
966830	5684535|Tavuonganhtuan	2017-04-17 07:00:24 UTC	created	105.7587	21.0209		https://www.openstreetmap.org/note/966830
780209	672542|Nearo	2016-11-12 13:02:57 UTC	created	105.7987336	21.0156004		https://www.openstreetmap.org/note/780209
708200	4009509|Ariston Aristarkhov	2016-09-11 06:02:24 UTC	created	105.7987336	21.0156004		https://www.openstreetmap.org/note/708200
836286	3679946|timotimor	2016-12-31 14:16:12 UTC	created	105.7987336	21.0156004		https://www.openstreetmap.org/note/836286
931054	5507004|Blueatlas	2017-03-18 03:32:33 UTC	created	105.7987336	21.0156004		https://www.openstreetmap.org/note/931054
916314	5435802|xuatkhaulaodong	2017-03-06 02:23:45 UTC	created	105.76543	21.03431		https://www.openstreetmap.org/note/916314
796586	4817563|franziskadie	2016-11-26 15:32:26 UTC	created	105.7977363	21.0716053		https://www.openstreetmap.org/note/796586
738120	4677193|NhaHangLao	2016-10-05 07:27:07 UTC	created	105.795604	21.038154		https://www.openstreetmap.org/note/738120
564193	3950217|New Amely Hotel & resident	2016-05-12 08:08:12 UTC	created	105.7694578	21.0292316		https://www.openstreetmap.org/note/564193
564187	3950217|New Amely Hotel & resident	2016-05-12 07:42:49 UTC	created	105.7696563	21.0305034		https://www.openstreetmap.org/note/564187
556864	3895713|datlq81	2016-04-29 16:07:49 UTC	created	105.791409	21.0639971		https://www.openstreetmap.org/note/556864
547173	3823778|Sân tập Golf Vân Canh	2016-04-14 09:05:57 UTC	created	105.7322073	21.0277094		https://www.openstreetmap.org/note/547173
544986	3808387|Thu Thuy3t	2016-04-10 23:54:03 UTC	created	105.7825041	21.0645477		https://www.openstreetmap.org/note/544986
544489	3807633|Nguyễn Phú Thanh Tùng	2016-04-10 19:33:04 UTC	created	105.7808304	21.0361212		https://www.openstreetmap.org/note/544489
540358	3785603|Dzung_vn	2016-04-06 08:17:28 UTC	created	105.7745717	21.0356098		https://www.openstreetmap.org/note/540358
540433	3785603|Dzung_vn	2016-04-06 10:04:54 UTC	created	105.7740605	21.0356606		https://www.openstreetmap.org/note/540433
494815	3511567|Hoàng Tùng	2016-01-08 02:37:32 UTC	created	105.7204914	21.0635966		https://www.openstreetmap.org/note/494815
494813	3511567|Hoàng Tùng	2016-01-08 02:20:26 UTC	created	105.7204914	21.0635565		https://www.openstreetmap.org/note/494813
485976	3470342|Microcom Pkt	2015-12-21 01:31:37 UTC	created	105.7862699	21.0789391		https://www.openstreetmap.org/note/485976
481793	3450317|Cty TNHH Kỹ Thuật xây dựng Epower	2015-12-11 23:59:34 UTC	created	105.7818282	21.0176546		https://www.openstreetmap.org/note/481793
480828	3446394|Hoa Cây Cảnh	2015-12-10 09:03:36 UTC	created	105.7941958	21.0191744		https://www.openstreetmap.org/note/480828
474502	3414428|Trung Tâm Tư Vấn Du Học Yano	2015-11-26 04:36:35 UTC	created	105.7828045	21.0362013		https://www.openstreetmap.org/note/474502
470658	3396327|Nano collagen	2015-11-18 14:50:00 UTC	created	105.788649	21.0317952		https://www.openstreetmap.org/note/470658
456453	3333044|Nguyễn Quỳnh	2015-10-24 09:14:39 UTC	created	105.791012	21.0213401		https://www.openstreetmap.org/note/456453
451602	3310531|Ngoc Viet	2015-10-15 02:37:06 UTC	created	105.7838666	21.0291064		https://www.openstreetmap.org/note/451602
442971	3272045|Eric pham	2015-09-29 03:35:23 UTC	created	105.7925463	21.0003877		https://www.openstreetmap.org/note/442971
425368	3198687|Shop Dây Đồng Hồ	2015-08-30 21:51:23 UTC	created	105.7727221	21.0749522		https://www.openstreetmap.org/note/425368
403077	3094441|Autotrans	2015-07-25 23:39:35 UTC	created	105.7809055	21.0143597		https://www.openstreetmap.org/note/403077
394906	3058115|huepham	2015-07-12 17:33:00 UTC	created	105.7907116	21.0183357		https://www.openstreetmap.org/note/394906
154375	2446710|nhim nhim	2014-04-21 02:14:41 UTC	created	105.7685781	21.0133481		https://www.openstreetmap.org/note/154375
5191044	23901741|Minh Tam Le	2026-03-05 04:31:02 UTC	created	105.8437657	21.1696354		https://www.openstreetmap.org/note/5191044
4754235	22009123|Hien Linh	2025-05-11 19:52:19 UTC	created	105.8921737	21.12551		https://www.openstreetmap.org/note/4754235
4639360	22553359|miamo vietnam	2025-02-24 00:35:42 UTC	created	105.8645555	21.162402		https://www.openstreetmap.org/note/4639360
4515282	22165225|kyoviet997	2024-11-11 08:36:41 UTC	created	105.82555	21.14071		https://www.openstreetmap.org/note/4515282
490172	3488475|Nguyễn Đức Lên	2015-12-29 18:33:58 UTC	created	105.8684635	21.1020776		https://www.openstreetmap.org/note/490172
2735775	6700587|Tropotop	2021-07-01 06:17:29 UTC	created	105.8478046	21.1433343		https://www.openstreetmap.org/note/2735775
2662754	13289483|shernelmonteiro	2021-05-10 05:27:08 UTC	created	105.84165	21.1174		https://www.openstreetmap.org/note/2662754
2585170	12880985|Dụng Cụ Phun Xăm Thẩm Mỹ Phạm Thắng	2021-03-19 11:11:33 UTC	created	105.8463966	21.1538508		https://www.openstreetmap.org/note/2585170
2209160	11254261|Tâm Nguyễn 0000	2020-05-28 00:03:50 UTC	created	105.8398497	21.1981363		https://www.openstreetmap.org/note/2209160
2076861	922338|Hervé TUC	2020-02-02 11:19:07 UTC	created	105.8714936	21.112129		https://www.openstreetmap.org/note/2076861
2076857	922338|Hervé TUC	2020-02-02 11:19:03 UTC	created	105.8736251	21.1143597		https://www.openstreetmap.org/note/2076857
2076858	922338|Hervé TUC	2020-02-02 11:19:04 UTC	created	105.8724717	21.1149372		https://www.openstreetmap.org/note/2076858
2076859	922338|Hervé TUC	2020-02-02 11:19:05 UTC	created	105.8732164	21.1155314		https://www.openstreetmap.org/note/2076859
2076860	922338|Hervé TUC	2020-02-02 11:19:06 UTC	created	105.8712101	21.1116162		https://www.openstreetmap.org/note/2076860
1822438	5470974|Maxime Rauer	2019-06-23 12:58:16 UTC	created	105.8721398	21.1122859		https://www.openstreetmap.org/note/1822438
2076855	922338|Hervé TUC	2020-02-02 11:19:01 UTC	created	105.8735944	21.1130503		https://www.openstreetmap.org/note/2076855
2076856	922338|Hervé TUC	2020-02-02 11:19:02 UTC	created	105.873571	21.1133623		https://www.openstreetmap.org/note/2076856
1157642	2678766|hieuvan	2017-09-30 10:20:25 UTC	created	105.8271617	21.1304617		https://www.openstreetmap.org/note/1157642
1529739	346601|Russ McD	2018-09-17 06:01:28 UTC	created	105.8429297	21.1160497		https://www.openstreetmap.org/note/1529739
1529738	346601|Russ McD	2018-09-17 06:01:28 UTC	created	105.8202522	21.124608		https://www.openstreetmap.org/note/1529738
513404	3629167|Đồ Gỗ Tuấn Hường	2016-02-15 13:12:02 UTC	created	105.8062416	21.1790546		https://www.openstreetmap.org/note/513404
513403	3629167|Đồ Gỗ Tuấn Hường	2016-02-15 13:06:54 UTC	created	105.8062792	21.1790496		https://www.openstreetmap.org/note/513403
490195	3488639|cubin1984	2015-12-29 19:40:17 UTC	created	105.8515468	21.1071998		https://www.openstreetmap.org/note/490195
490178	3488475|Nguyễn Đức Lên	2015-12-29 18:47:34 UTC	created	105.8505571	21.1082232		https://www.openstreetmap.org/note/490178
394110	3052062|Tuan Long	2015-07-10 17:45:17 UTC	created	105.8143044	21.1178915		https://www.openstreetmap.org/note/394110
3413794	4959636|Anh Bình	2022-10-26 08:49:48 UTC	created	105.9500322	21.1234993		https://www.openstreetmap.org/note/3413794
5123728	23692314|Hoanh Nguyen	2026-01-10 00:33:40 UTC	created	105.9597445	21.1188347		https://www.openstreetmap.org/note/5123728
4220277	21745442|Hương Thơm	2024-04-28 22:56:19 UTC	created	105.9657741	21.1318225		https://www.openstreetmap.org/note/4220277
764724	4796396|Linh Hoàng Hải	2016-10-28 22:14:03 UTC	created	105.9940351	21.1322318		https://www.openstreetmap.org/note/764724
714233	4585308|Nguyễn Văn Cường	2016-09-16 11:24:35 UTC	created	105.975709	21.1281397		https://www.openstreetmap.org/note/714233
1157647	2678766|hieuvan	2017-09-30 10:20:30 UTC	created	105.9807963	21.1953474		https://www.openstreetmap.org/note/1157647
3175683	10044812|ravali_78	2022-05-12 04:47:58 UTC	created	105.9807622	21.1107354		https://www.openstreetmap.org/note/3175683
1157646	2678766|hieuvan	2017-09-30 10:20:29 UTC	created	105.9694267	21.1999517		https://www.openstreetmap.org/note/1157646
974903	5725855|hathanh nguyen	2017-04-24 17:55:25 UTC	created	105.9947205	21.1418294		https://www.openstreetmap.org/note/974903
1039826	4959636|Anh Bình	2017-06-23 16:13:10 UTC	created	105.9314225	21.1154284		https://www.openstreetmap.org/note/1039826
1039827	4959636|Anh Bình	2017-06-23 16:13:11 UTC	created	105.9295181	21.1172674		https://www.openstreetmap.org/note/1039827
764740	4796396|Linh Hoàng Hải	2016-10-28 22:48:47 UTC	created	105.9940351	21.1322318		https://www.openstreetmap.org/note/764740
764738	4796396|Linh Hoàng Hải	2016-10-28 22:36:59 UTC	created	105.9940351	21.1322318		https://www.openstreetmap.org/note/764738
2001048	10381378|tranhuongk	2019-11-19 09:16:23 UTC	created	105.9484111	21.1185401		https://www.openstreetmap.org/note/2001048
2002443	10381378|tranhuongk	2019-11-20 07:51:44 UTC	created	105.963	21.115281		https://www.openstreetmap.org/note/2002443
2785683	11347019|Tú Cao	2021-08-04 07:23:42 UTC	created	105.9792709	21.1640826		https://www.openstreetmap.org/note/2785683
2001028	10381378|tranhuongk	2019-11-19 08:56:55 UTC	created	105.9459922	21.1085185		https://www.openstreetmap.org/note/2001028
2002445	10381378|tranhuongk	2019-11-20 07:52:47 UTC	created	105.9552	21.1093		https://www.openstreetmap.org/note/2002445
2002459	10381378|tranhuongk	2019-11-20 08:03:56 UTC	created	105.954	21.1136		https://www.openstreetmap.org/note/2002459
2002462	10381378|tranhuongk	2019-11-20 08:05:25 UTC	created	105.954	21.1136		https://www.openstreetmap.org/note/2002462
2002465	10381378|tranhuongk	2019-11-20 08:12:10 UTC	created	105.954	21.1136		https://www.openstreetmap.org/note/2002465
2002466	10381378|tranhuongk	2019-11-20 08:12:24 UTC	created	105.954	21.1136		https://www.openstreetmap.org/note/2002466
2002467	10381378|tranhuongk	2019-11-20 08:12:34 UTC	created	105.954	21.1136		https://www.openstreetmap.org/note/2002467
2002468	10381378|tranhuongk	2019-11-20 08:13:02 UTC	created	105.954	21.1136		https://www.openstreetmap.org/note/2002468
2002469	10381378|tranhuongk	2019-11-20 08:13:44 UTC	created	105.954	21.1136		https://www.openstreetmap.org/note/2002469
2002477	10381378|tranhuongk	2019-11-20 08:37:19 UTC	created	105.954	21.1136		https://www.openstreetmap.org/note/2002477
2002485	10381378|tranhuongk	2019-11-20 08:44:06 UTC	created	105.954	21.1136		https://www.openstreetmap.org/note/2002485
2002491	10381378|tranhuongk	2019-11-20 08:48:10 UTC	created	105.954	21.1136		https://www.openstreetmap.org/note/2002491
2002492	10381378|tranhuongk	2019-11-20 08:48:21 UTC	created	105.954	21.1136		https://www.openstreetmap.org/note/2002492
2002494	10381378|tranhuongk	2019-11-20 08:48:28 UTC	created	105.954	21.1136		https://www.openstreetmap.org/note/2002494
2002440	10381378|tranhuongk	2019-11-20 07:47:23 UTC	created	105.9630035	21.1152813		https://www.openstreetmap.org/note/2002440
2002438	10381378|tranhuongk	2019-11-20 07:45:37 UTC	created	105.9541011	21.1111057		https://www.openstreetmap.org/note/2002438
2002541	10381378|tranhuongk	2019-11-20 09:39:26 UTC	created	105.9538	21.1193		https://www.openstreetmap.org/note/2002541
1558909	8946479|Cường Phạm Hùng	2018-10-13 08:34:41 UTC	created	105.912	21.1217		https://www.openstreetmap.org/note/1558909
1157648	2678766|hieuvan	2017-09-30 10:20:31 UTC	created	105.9902885	21.1967743		https://www.openstreetmap.org/note/1157648
860183	3872953|OLAHOP	2017-01-23 14:32:23 UTC	created	105.9037629	21.1426632		https://www.openstreetmap.org/note/860183
511818	3621118|Trần Minh Tuấn	2016-02-12 12:53:55 UTC	created	105.9807944	21.131302		https://www.openstreetmap.org/note/511818
490477	3490072|Quang Trung	2015-12-30 12:07:09 UTC	created	105.9346604	21.155598		https://www.openstreetmap.org/note/490477
5458805	24423948|mrhungthanh	2026-08-16 07:52:44 UTC	created	106.0357019	21.1571489		https://www.openstreetmap.org/note/5458805
5143357	23752275|﻿﻿﻿ ﻿﻿𝅐𝅐𝅐	2026-01-26 06:55:38 UTC	created	106.0660109	21.1809417		https://www.openstreetmap.org/note/5143357
2459748	12290054|algastroller	2020-12-12 06:30:28 UTC	created	106.0763488	21.1140214		https://www.openstreetmap.org/note/2459748
2127923	21877469|Hiền Linh	2020-03-23 15:35:34 UTC	created	106.0134476	21.1402959		https://www.openstreetmap.org/note/2127923
4743133	22510258|scoping	2025-05-05 08:58:32 UTC	created	106.0748219	21.1897837		https://www.openstreetmap.org/note/4743133
1627868	9285392|Glory 2 Hotel	2018-12-25 15:51:28 UTC	created	106.06752	21.17798		https://www.openstreetmap.org/note/1627868
504210	3566996|Doanh Nguyen	2016-01-26 15:45:47 UTC	created	106.0630041	21.1732021		https://www.openstreetmap.org/note/504210
2497323	10925314|tamntt301	2021-01-14 02:34:46 UTC	created	106.0735881	21.1750679		https://www.openstreetmap.org/note/2497323
2745470	13718559|Hienbn	2021-07-07 23:31:52 UTC	created	106.0932326	21.1983178		https://www.openstreetmap.org/note/2745470
1627867	9285392|Glory 2 Hotel	2018-12-25 15:48:38 UTC	created	106.0675532	21.1778891		https://www.openstreetmap.org/note/1627867
675079	4432317|ntuanduongtuan	2016-08-17 08:36:15 UTC	created	106.0583639	21.1695354		https://www.openstreetmap.org/note/675079
4286517	12945167|Equate	2024-06-10 12:59:16 UTC	created	106.0678831	21.1857398		https://www.openstreetmap.org/note/4286517
4286516	12945167|Equate	2024-06-10 12:59:08 UTC	created	106.0633303	21.1817675		https://www.openstreetmap.org/note/4286516
669712	15944521|Taya_S	2016-08-13 16:01:46 UTC	created	106.0624892	21.167727		https://www.openstreetmap.org/note/669712
3175811	11732251|gan_ven	2022-05-12 07:20:22 UTC	created	106.0411522	21.1552278		https://www.openstreetmap.org/note/3175811
1157653	2678766|hieuvan	2017-09-30 10:20:36 UTC	created	106.097205	21.1708633		https://www.openstreetmap.org/note/1157653
1157682	2678766|hieuvan	2017-09-30 10:47:07 UTC	created	106.0899985	21.1724487		https://www.openstreetmap.org/note/1157682
1194932	6911167|Kien bd	2017-11-04 06:50:04 UTC	created	106.06202	21.1723225		https://www.openstreetmap.org/note/1194932
1157649	2678766|hieuvan	2017-09-30 10:20:32 UTC	created	106.0027392	21.1907188		https://www.openstreetmap.org/note/1157649
1157650	2678766|hieuvan	2017-09-30 10:20:33 UTC	created	106.0340417	21.1739317		https://www.openstreetmap.org/note/1157650
1157651	2678766|hieuvan	2017-09-30 10:20:34 UTC	created	106.041816	21.1673856		https://www.openstreetmap.org/note/1157651
1157652	2678766|hieuvan	2017-09-30 10:20:35 UTC	created	106.0567373	21.1550431		https://www.openstreetmap.org/note/1157652
1150905	2678766|hieuvan	2017-09-24 04:48:49 UTC	created	106.0447043	21.1614059		https://www.openstreetmap.org/note/1150905
2459745	12290054|algastroller	2020-12-12 06:30:27 UTC	created	106.0763488	21.1140214		https://www.openstreetmap.org/note/2459745
2497324	10925314|tamntt301	2021-01-14 02:38:01 UTC	created	106.0740763	21.1736273		https://www.openstreetmap.org/note/2497324
2226250	11334796|Nguyentiensy	2020-06-12 09:21:58 UTC	created	106.0266092	21.1041783		https://www.openstreetmap.org/note/2226250
878165	2283217|Balrok	2017-02-02 08:28:45 UTC	created	106.0564239	21.1824734		https://www.openstreetmap.org/note/878165
1358496	475574|LJHK	2018-04-13 11:28:39 UTC	created	106.059078	21.172338		https://www.openstreetmap.org/note/1358496
484082	192278|Prince Kassad	2015-12-16 18:20:06 UTC	created	106.0621834	21.1767286		https://www.openstreetmap.org/note/484082
1157655	2678766|hieuvan	2017-09-30 10:20:38 UTC	created	106.111749	21.1602333		https://www.openstreetmap.org/note/1157655
1979502	10416583|Hiền Trung	2019-10-30 11:45:08 UTC	created	106.1413193	21.118452		https://www.openstreetmap.org/note/1979502
1157657	2678766|hieuvan	2017-09-30 10:20:41 UTC	created	106.1840944	21.1353052		https://www.openstreetmap.org/note/1157657
1157656	2678766|hieuvan	2017-09-30 10:20:40 UTC	created	106.1789683	21.137765		https://www.openstreetmap.org/note/1157656
669691	14770278|sheikchilli	2016-08-13 15:41:57 UTC	created	106.1396027	21.1101249		https://www.openstreetmap.org/note/669691
2167094	11061285|Di Động 7	2020-04-21 13:50:04 UTC	created	106.15255	21.15329		https://www.openstreetmap.org/note/2167094
1157654	2678766|hieuvan	2017-09-30 10:20:37 UTC	created	106.1076464	21.157479		https://www.openstreetmap.org/note/1157654
745705	4713369|Công Cốc	2016-10-12 14:05:31 UTC	created	106.1574313	21.1847958		https://www.openstreetmap.org/note/745705
745695	4713369|Công Cốc	2016-10-12 13:57:16 UTC	created	106.1573971	21.1848252		https://www.openstreetmap.org/note/745695
273299	40448|François Guerraz	2014-11-20 07:22:18 UTC	created	106.198329	21.1113721		https://www.openstreetmap.org/note/273299
5055949	16194143|Tewuzij	2025-11-16 19:59:48 UTC	created	106.2750201	21.1704945		https://www.openstreetmap.org/note/5055949
5055948	16194143|Tewuzij	2025-11-16 19:59:32 UTC	created	106.2748724	21.1704082		https://www.openstreetmap.org/note/5055948
5055944	16194143|Tewuzij	2025-11-16 19:58:44 UTC	created	106.2081876	21.1862723		https://www.openstreetmap.org/note/5055944
5055942	16194143|Tewuzij	2025-11-16 19:58:27 UTC	created	106.2053681	21.1866288		https://www.openstreetmap.org/note/5055942
5055939	16194143|Tewuzij	2025-11-16 19:58:15 UTC	created	106.2052273	21.1866367		https://www.openstreetmap.org/note/5055939
5055937	16194143|Tewuzij	2025-11-16 19:58:01 UTC	created	106.2081972	21.1861721		https://www.openstreetmap.org/note/5055937
5055936	16194143|Tewuzij	2025-11-16 19:57:48 UTC	created	106.2082154	21.1862949		https://www.openstreetmap.org/note/5055936
1157393	2678766|hieuvan	2017-09-30 01:03:52 UTC	created	106.2457214	21.1212982		https://www.openstreetmap.org/note/1157393
1157391	2678766|hieuvan	2017-09-30 01:02:58 UTC	created	106.2859177	21.1138322		https://www.openstreetmap.org/note/1157391
1157390	2678766|hieuvan	2017-09-30 01:02:41 UTC	created	106.2991752	21.1110126		https://www.openstreetmap.org/note/1157390
1157392	2678766|hieuvan	2017-09-30 01:03:43 UTC	created	106.2760983	21.1166		https://www.openstreetmap.org/note/1157392
632208	4277144|Tien Tai	2016-07-18 07:36:33 UTC	created	105.3345108	21.293213		https://www.openstreetmap.org/note/632208
5055930	16194143|Tewuzij	2025-11-16 19:52:35 UTC	created	106.3020492	21.1469876		https://www.openstreetmap.org/note/5055930
5055929	16194143|Tewuzij	2025-11-16 19:52:34 UTC	created	106.3020951	21.1471426		https://www.openstreetmap.org/note/5055929
5055928	16194143|Tewuzij	2025-11-16 19:52:33 UTC	created	106.3484255	21.1360443		https://www.openstreetmap.org/note/5055928
5055927	16194143|Tewuzij	2025-11-16 19:52:32 UTC	created	106.3484444	21.1359272		https://www.openstreetmap.org/note/5055927
3700526	19345558|DoThiHang	2023-05-22 09:06:02 UTC	created	106.39707	21.12653		https://www.openstreetmap.org/note/3700526
1157660	2678766|hieuvan	2017-09-30 10:20:44 UTC	created	106.3681567	21.1238083		https://www.openstreetmap.org/note/1157660
1157658	2678766|hieuvan	2017-09-30 10:20:42 UTC	created	106.356025	21.1153067		https://www.openstreetmap.org/note/1157658
3999643	20619003|Nhám Mài Aozhong	2023-11-24 03:02:27 UTC	created	106.3159633	21.1121517		https://www.openstreetmap.org/note/3999643
1157659	2678766|hieuvan	2017-09-30 10:20:43 UTC	created	106.3574595	21.1291097		https://www.openstreetmap.org/note/1157659
1157389	2678766|hieuvan	2017-09-30 01:02:28 UTC	created	106.3687	21.10179		https://www.openstreetmap.org/note/1157389
1079616	6378843|Dahua Thái Dương	2017-07-26 15:10:56 UTC	created	106.3974901	21.108812		https://www.openstreetmap.org/note/1079616
3176323	13958166|eruk_la	2022-05-12 14:39:01 UTC	created	105.4846394	21.2431699		https://www.openstreetmap.org/note/3176323
3700158	19344229|Dang Khoa Daka	2023-05-22 05:17:03 UTC	created	105.4662931	21.2243024		https://www.openstreetmap.org/note/3700158
2491127	12457523|Tran Thi Duyen	2021-01-09 13:02:02 UTC	created	105.4876006	21.2091666		https://www.openstreetmap.org/note/2491127
2491126	12457523|Tran Thi Duyen	2021-01-09 13:00:56 UTC	created	105.4858303	21.210907		https://www.openstreetmap.org/note/2491126
2491123	12457523|Tran Thi Duyen	2021-01-09 12:59:09 UTC	created	105.5135107	21.2161004		https://www.openstreetmap.org/note/2491123
947089	15944521|Taya_S	2017-03-31 05:00:57 UTC	created	105.5061722	21.2213812		https://www.openstreetmap.org/note/947089
2776773	13840287|nguyen van doan	2021-07-29 15:02:49 UTC	created	105.5150878	21.2136567		https://www.openstreetmap.org/note/2776773
611537	4196845|Tuan Ngoc	2016-07-01 10:40:44 UTC	created	105.5725193	21.2368224		https://www.openstreetmap.org/note/611537
3541664	3199858|Mateusz Konieczny - bot account	2023-02-02 10:59:05 UTC	created	105.6186104	21.2889601		https://www.openstreetmap.org/note/3541664
4431404	21946752|8888Hierro8888	2024-09-12 08:17:49 UTC	created	105.6971	21.2481		https://www.openstreetmap.org/note/4431404
3736891	19591062|CÔNG TY TNHH TÚ MAI	2023-06-16 03:44:15 UTC	created	105.6734776	21.2440224		https://www.openstreetmap.org/note/3736891
3736899	19591062|CÔNG TY TNHH TÚ MAI	2023-06-16 04:27:19 UTC	created	105.6735	21.2442		https://www.openstreetmap.org/note/3736899
856736	5127875|Toan NhacVang	2017-01-19 19:31:36 UTC	created	105.6522881	21.2689286		https://www.openstreetmap.org/note/856736
5165781	21218964|Neonf	2026-02-13 09:12:48 UTC	created	105.7999219	21.2149948		https://www.openstreetmap.org/note/5165781
4681415	518780|ne17sg	2025-03-25 06:14:11 UTC	created	105.7975387	21.2207194		https://www.openstreetmap.org/note/4681415
4681412	518780|ne17sg	2025-03-25 06:12:59 UTC	created	105.799981	21.219861		https://www.openstreetmap.org/note/4681412
4204696	518780|ne17sg	2024-04-18 19:27:04 UTC	created	105.7960818	21.2192786		https://www.openstreetmap.org/note/4204696
4204693	518780|ne17sg	2024-04-18 19:27:02 UTC	created	105.7953975	21.2198555		https://www.openstreetmap.org/note/4204693
4204695	518780|ne17sg	2024-04-18 19:27:03 UTC	created	105.7965743	21.2200371		https://www.openstreetmap.org/note/4204695
4204694	518780|ne17sg	2024-04-18 19:27:03 UTC	created	105.7938668	21.2208086		https://www.openstreetmap.org/note/4204694
4204698	518780|ne17sg	2024-04-18 19:27:06 UTC	created	105.7917505	21.2222247		https://www.openstreetmap.org/note/4204698
4204697	518780|ne17sg	2024-04-18 19:27:05 UTC	created	105.7913151	21.2210355		https://www.openstreetmap.org/note/4204697
4204699	518780|ne17sg	2024-04-18 19:27:07 UTC	created	105.7875478	21.2221396		https://www.openstreetmap.org/note/4204699
4204700	518780|ne17sg	2024-04-18 19:27:07 UTC	created	105.7858967	21.2226154		https://www.openstreetmap.org/note/4204700
4204701	518780|ne17sg	2024-04-18 19:27:08 UTC	created	105.7862156	21.2238668		https://www.openstreetmap.org/note/4204701
4204702	518780|ne17sg	2024-04-18 19:27:09 UTC	created	105.7919495	21.2239937		https://www.openstreetmap.org/note/4204702
1209483	7010307|dung chu	2017-11-17 23:21:19 UTC	created	105.70355	21.2332712		https://www.openstreetmap.org/note/1209483
1120967	6567675|Hà Quốc Nguyên	2017-08-29 17:51:59 UTC	created	105.79638	21.214944		https://www.openstreetmap.org/note/1120967
1694216	1487384|Us3r	2019-02-27 14:26:42 UTC	created	105.7839653	21.2191023		https://www.openstreetmap.org/note/1694216
1120966	6567675|Hà Quốc Nguyên	2017-08-29 17:51:58 UTC	created	105.796086	21.2149744		https://www.openstreetmap.org/note/1120966
1337907	7934010|Redhills	2018-03-25 04:22:32 UTC	created	105.7959148	21.2158139		https://www.openstreetmap.org/note/1337907
1233001	7179118|Anniequinn	2017-12-08 12:33:58 UTC	created	105.784868	21.2954842		https://www.openstreetmap.org/note/1233001
725503	4627934|Sữa Bỉm Nhật Minh	2016-09-25 07:19:53 UTC	created	105.7289922	21.2777761		https://www.openstreetmap.org/note/725503
5437463	24386118|emiliebonnet	2026-08-05 03:06:49 UTC	created	105.8033571	21.2197532		https://www.openstreetmap.org/note/5437463
4706296	22286533|TomCzechia	2025-04-12 02:41:20 UTC	created	105.8038973	21.2804179		https://www.openstreetmap.org/note/4706296
4681410	518780|ne17sg	2025-03-25 06:10:06 UTC	created	105.8070396	21.2177707		https://www.openstreetmap.org/note/4681410
550319	3845981|Viet Village Hotel	2016-04-19 15:24:48 UTC	created	105.8308214	21.204548		https://www.openstreetmap.org/note/550319
2460021	12324468|Bát Chánh Đạo	2020-12-12 11:19:06 UTC	created	105.8932042	21.2259217		https://www.openstreetmap.org/note/2460021
922654	4932546|FER SPENCER	2017-03-11 03:11:10 UTC	created	105.8290071	21.2057171		https://www.openstreetmap.org/note/922654
474503	3414428|Trung Tâm Tư Vấn Du Học Yano	2015-11-26 04:41:12 UTC	created	105.803833	21.2169005		https://www.openstreetmap.org/note/474503
167743	2076221|Noi Bai Airport taxi	2014-05-15 07:21:55 UTC	created	105.8093262	21.2192609		https://www.openstreetmap.org/note/167743
4464011	21902211|Quang6803	2024-10-04 09:15:46 UTC	created	105.929918	21.229762		https://www.openstreetmap.org/note/4464011
1157643	2678766|hieuvan	2017-09-30 10:20:26 UTC	created	105.9143663	21.2122835		https://www.openstreetmap.org/note/1157643
3845176	20097990|reportsygic	2023-08-21 07:12:29 UTC	created	105.9581351	21.2245416		https://www.openstreetmap.org/note/3845176
1271614	7491982|donghvmi	2018-01-18 02:49:00 UTC	created	105.9222794	21.2153803		https://www.openstreetmap.org/note/1271614
1157645	2678766|hieuvan	2017-09-30 10:20:28 UTC	created	105.9480468	21.2053545		https://www.openstreetmap.org/note/1157645
1157644	2678766|hieuvan	2017-09-30 10:20:27 UTC	created	105.9270271	21.2114643		https://www.openstreetmap.org/note/1157644
850400	5122536|Donguyen	2017-01-13 13:19:27 UTC	created	105.9774691	21.2052585		https://www.openstreetmap.org/note/850400
5240556	24024661|Chủ Tịch Nước Việt Nam 14 (XIV)	2026-04-08 14:31:45 UTC	created	106.0864215	21.2587919		https://www.openstreetmap.org/note/5240556
4474132	5060057|NeisBot	2024-10-11 13:01:55 UTC	created	106.0726869	21.2408524		https://www.openstreetmap.org/note/4474132
4503144	22130789|ntd0710	2024-11-01 15:02:57 UTC	created	106.0603	21.24914		https://www.openstreetmap.org/note/4503144
4189204	518780|ne17sg	2024-04-08 15:15:03 UTC	created	106.0978008	21.2413571		https://www.openstreetmap.org/note/4189204
1113298	6527880|HoanHoàng	2017-08-22 16:17:03 UTC	created	106.003778	21.2701206		https://www.openstreetmap.org/note/1113298
5257020	24057652|DaoTuan	2026-04-19 13:50:02 UTC	created	106.192026	21.281024		https://www.openstreetmap.org/note/5257020
5105176	23624734|Thanh Taxi Bắc Giang	2025-12-26 02:58:45 UTC	created	106.1947157	21.2770078		https://www.openstreetmap.org/note/5105176
5101920	23624734|Thanh Taxi Bắc Giang	2025-12-23 02:16:37 UTC	created	106.1998539	21.2908353		https://www.openstreetmap.org/note/5101920
5095568	23624734|Thanh Taxi Bắc Giang	2025-12-18 02:54:15 UTC	created	106.1921064	21.2814907		https://www.openstreetmap.org/note/5095568
4967620	18625884|xmap-vn	2025-09-18 14:57:38 UTC	created	106.1902587	21.2246761		https://www.openstreetmap.org/note/4967620
2811621	13962335|Tattoostudio984	2021-08-19 20:25:42 UTC	created	106.1528185	21.2548804		https://www.openstreetmap.org/note/2811621
4907065	23185533|thuthuyph	2025-08-13 04:26:14 UTC	created	106.14115	21.24491		https://www.openstreetmap.org/note/4907065
1380814	8211728|thitramy than	2018-05-03 00:33:34 UTC	created	106.1271835	21.2478912		https://www.openstreetmap.org/note/1380814
1064532	6318926|Nguyễn Hữu Phương	2017-07-14 15:35:54 UTC	created	106.1094856	21.249092		https://www.openstreetmap.org/note/1064532
3264198	15944521|Taya_S	2022-07-12 16:35:00 UTC	created	106.19199	21.281		https://www.openstreetmap.org/note/3264198
785371	4854728|nghị ngô	2016-11-17 00:02:22 UTC	created	106.1862404	21.2750985		https://www.openstreetmap.org/note/785371
721959	4515411|Việt Còi	2016-09-22 09:29:59 UTC	created	106.1951401	21.2736233		https://www.openstreetmap.org/note/721959
1150836	2678766|hieuvan	2017-09-24 00:53:31 UTC	created	106.1730412	21.2449914		https://www.openstreetmap.org/note/1150836
2811623	13962335|Tattoostudio984	2021-08-19 20:27:24 UTC	created	106.1529493	21.2543643		https://www.openstreetmap.org/note/2811623
4189203	518780|ne17sg	2024-04-08 15:14:55 UTC	created	106.104943	21.2523187		https://www.openstreetmap.org/note/4189203
697690	4515411|Việt Còi	2016-09-02 06:24:38 UTC	created	106.1951401	21.2736233		https://www.openstreetmap.org/note/697690
3382896	17304269|Nguyễn Đức Nam	2022-10-03 00:35:30 UTC	created	106.16291	21.26798		https://www.openstreetmap.org/note/3382896
5095574	23624734|Thanh Taxi Bắc Giang	2025-12-18 03:19:37 UTC	created	106.2153901	21.2788441		https://www.openstreetmap.org/note/5095574
5095575	23624734|Thanh Taxi Bắc Giang	2025-12-18 03:19:38 UTC	created	106.2133126	21.2814988		https://www.openstreetmap.org/note/5095575
3264200	23624734|Thanh Taxi Bắc Giang	2022-07-12 16:35:47 UTC	created	106.20101	21.28147		https://www.openstreetmap.org/note/3264200
2354184	5060057|NeisBot	2020-09-18 21:57:16 UTC	created	106.208396	21.2826064		https://www.openstreetmap.org/note/2354184
4967616	18625884|xmap-vn	2025-09-18 14:57:04 UTC	created	106.2118394	21.2048414		https://www.openstreetmap.org/note/4967616
4967618	18625884|xmap-vn	2025-09-18 14:57:17 UTC	created	106.2019664	21.20813		https://www.openstreetmap.org/note/4967618
4502445	22130103|MarinaHotel	2024-11-01 04:29:35 UTC	created	106.2001884	21.2814343		https://www.openstreetmap.org/note/4502445
3264197	15944521|Taya_S	2022-07-12 16:33:47 UTC	created	106.22235	21.25591		https://www.openstreetmap.org/note/3264197
3264194	15944521|Taya_S	2022-07-12 16:31:17 UTC	created	106.22208	21.25592		https://www.openstreetmap.org/note/3264194
400874	3081986|Lê Huỳnh	2015-07-21 20:49:10 UTC	created	106.2000275	21.2565016		https://www.openstreetmap.org/note/400874
1944619	3450290|ff5722	2019-09-30 14:34:52 UTC	created	106.2303579	21.2868452		https://www.openstreetmap.org/note/1944619
1150872	2678766|hieuvan	2017-09-24 02:42:49 UTC	created	106.2067633	21.2417033		https://www.openstreetmap.org/note/1150872
4947463	23259996|bùi tuệ	2025-09-05 10:12:21 UTC	created	105.3586212	21.3773563		https://www.openstreetmap.org/note/4947463
4126873	21089600|Duo Nguyen	2024-02-25 06:00:49 UTC	created	105.3981737	21.3117042		https://www.openstreetmap.org/note/4126873
3822711	19966541|lionel bui	2023-08-08 10:05:47 UTC	created	105.3703102	21.3370558		https://www.openstreetmap.org/note/3822711
2125746	10921240|DoanCan	2020-03-20 18:32:31 UTC	created	105.37469	21.33765		https://www.openstreetmap.org/note/2125746
1290846	7578040|이경신	2018-02-06 02:31:21 UTC	created	105.3071755	21.3927887		https://www.openstreetmap.org/note/1290846
1086057	3526564|yurasi	2017-07-31 14:40:05 UTC	created	105.3602171	21.3465917		https://www.openstreetmap.org/note/1086057
733766	4660579|Honda Ô Tô Việt Trì	2016-10-01 16:40:51 UTC	created	105.360488	21.3435814		https://www.openstreetmap.org/note/733766
483236	3456953|Hải	2015-12-15 03:48:33 UTC	created	105.3852367	21.3335131		https://www.openstreetmap.org/note/483236
483238	3456953|Hải	2015-12-15 03:55:26 UTC	created	105.3890991	21.3282763		https://www.openstreetmap.org/note/483238
3841528	20090966|Terous13	2023-08-18 21:47:12 UTC	created	105.4169	21.3137		https://www.openstreetmap.org/note/3841528
4126874	21089600|Duo Nguyen	2024-02-25 06:04:39 UTC	created	105.4151633	21.3046385		https://www.openstreetmap.org/note/4126874
4927456	17472737|pLoskutov	2025-08-24 13:37:19 UTC	created	105.591711	21.308826		https://www.openstreetmap.org/note/4927456
1515417	8780710|Ngoại Ngữ solomon	2018-09-05 09:01:05 UTC	created	105.5996096	21.3229744		https://www.openstreetmap.org/note/1515417
1515421	8780710|Ngoại Ngữ solomon	2018-09-05 09:02:14 UTC	created	105.5996552	21.3235091		https://www.openstreetmap.org/note/1515421
4587251	5060057|NeisBot	2025-01-13 07:25:02 UTC	created	105.785015	21.352885		https://www.openstreetmap.org/note/4587251
2663462	13293476|nguyen an ninh	2021-05-10 15:18:56 UTC	created	105.7666683	21.3120051		https://www.openstreetmap.org/note/2663462
972041	5711417|Nguyễn Trọng Thắng	2017-04-22 04:10:53 UTC	created	105.76582	21.30896		https://www.openstreetmap.org/note/972041
2406788	12096098|Balqcva	2020-11-01 16:00:14 UTC	created	105.7180016	21.3453424		https://www.openstreetmap.org/note/2406788
594887	4122077|Coffee zone	2016-06-15 10:06:21 UTC	created	105.6033685	21.3146405		https://www.openstreetmap.org/note/594887
2428381	12185196|Ha Anh Tuan Anh	2020-11-17 03:29:00 UTC	created	105.6061573	21.3165704		https://www.openstreetmap.org/note/2428381
2702119	13479159|Anh Công88	2021-06-06 23:12:40 UTC	created	105.6605	21.3187		https://www.openstreetmap.org/note/2702119
1541614	8848653|Duy Thái	2018-09-26 12:15:53 UTC	created	105.6284857	21.3067198		https://www.openstreetmap.org/note/1541614
3182645	11732251|gan_ven	2022-05-17 05:59:57 UTC	created	105.6003982	21.3292432		https://www.openstreetmap.org/note/3182645
2922996	14407455|Hòa Phùng Văn	2021-11-05 03:47:53 UTC	created	105.6825	21.3209		https://www.openstreetmap.org/note/2922996
2691953	13444841|Wesloves	2021-05-30 18:34:12 UTC	created	105.6856054	21.3245964		https://www.openstreetmap.org/note/2691953
1856488	10178112|ngocson	2019-07-25 11:15:57 UTC	created	105.607	21.3197		https://www.openstreetmap.org/note/1856488
1028852	4948015|Thanhtungvp	2017-06-13 09:58:03 UTC	created	105.60884	21.32377		https://www.openstreetmap.org/note/1028852
5091842	23613274|Đình Tú	2025-12-15 04:00:27 UTC	created	105.976455	21.378216		https://www.openstreetmap.org/note/5091842
5049740	23498011|Vương Lâm	2025-11-12 14:31:44 UTC	created	105.9351459	21.3398115		https://www.openstreetmap.org/note/5049740
2174713	11096609|VôTâm	2020-04-28 13:39:48 UTC	created	105.9036487	21.3226745		https://www.openstreetmap.org/note/2174713
3147115	15660635|pami pami	2022-04-22 08:40:10 UTC	created	105.8713174	21.3102658		https://www.openstreetmap.org/note/3147115
3059657	15135578|rogrog22	2022-02-21 08:31:09 UTC	created	105.87098	21.31036		https://www.openstreetmap.org/note/3059657
2869229	14180743|Chị'ss Tít'ss	2021-09-25 22:08:06 UTC	created	106.0464	21.3998		https://www.openstreetmap.org/note/2869229
1101947	6474602|Phan van Chi	2017-08-13 05:21:02 UTC	created	106.137641	21.3303379		https://www.openstreetmap.org/note/1101947
600260	4146734|Sơn Hồng	2016-06-20 16:23:05 UTC	created	106.1174369	21.3830134		https://www.openstreetmap.org/note/600260
1855689	10122715|THINHMAP	2019-07-25 02:25:19 UTC	created	106.3203049	21.3137909		https://www.openstreetmap.org/note/1855689
2629250	13082408|cảnh ĐP	2021-04-19 03:35:28 UTC	created	105.374701	21.4767673		https://www.openstreetmap.org/note/2629250
1441699	8416443|GuadAnda	2018-07-01 13:04:39 UTC	created	105.3146673	21.4035085		https://www.openstreetmap.org/note/1441699
1968495	10396906|Đông y Tam Đảo 818	2019-10-20 14:46:54 UTC	created	105.5898392	21.4203828		https://www.openstreetmap.org/note/1968495
1289779	7556141|NiNa Heo	2018-02-05 02:21:06 UTC	created	105.5935725	21.4270318		https://www.openstreetmap.org/note/1289779
3061866	15151690|Nam Mai Pham	2022-02-23 06:52:45 UTC	created	105.8991051	21.4194011		https://www.openstreetmap.org/note/3061866
3061870	15151690|Nam Mai Pham	2022-02-23 06:56:11 UTC	created	105.8984479	21.4203524		https://www.openstreetmap.org/note/3061870
4191796	518780|ne17sg	2024-04-10 14:28:43 UTC	created	105.878318	21.4178576		https://www.openstreetmap.org/note/4191796
4191795	518780|ne17sg	2024-04-10 14:28:39 UTC	created	105.8769328	21.4016335		https://www.openstreetmap.org/note/4191795
3996442	20610330|Yoning	2023-11-21 12:07:59 UTC	created	105.881896	21.4126217		https://www.openstreetmap.org/note/3996442
2969405	14624636|riannguyen6198	2021-12-13 11:00:50 UTC	created	105.8726156	21.4124119		https://www.openstreetmap.org/note/2969405
1096592	6450542|Lonely2559	2017-08-08 15:47:10 UTC	created	105.9370621	21.4716992		https://www.openstreetmap.org/note/1096592
1096591	6450542|Lonely2559	2017-08-08 15:47:10 UTC	created	105.9298885	21.4692958		https://www.openstreetmap.org/note/1096591
1096581	6450542|Lonely2559	2017-08-08 15:38:39 UTC	created	105.934696	21.4626425		https://www.openstreetmap.org/note/1096581
1096580	6450542|Lonely2559	2017-08-08 15:38:38 UTC	created	105.9370621	21.4716992		https://www.openstreetmap.org/note/1096580
817742	4974122|mr tuancom	2016-12-15 16:17:49 UTC	created	106.0966884	21.4439716		https://www.openstreetmap.org/note/817742
1103515	1722488|Mateusz Konieczny	2017-08-14 11:49:01 UTC	created	106.1520093	21.4254255		https://www.openstreetmap.org/note/1103515
4925373	17472737|pLoskutov	2025-08-23 12:51:47 UTC	created	106.21258	21.421415		https://www.openstreetmap.org/note/4925373
4925372	17472737|pLoskutov	2025-08-23 12:51:45 UTC	created	106.225923	21.432095		https://www.openstreetmap.org/note/4925372
1583711	7381743|Juan Pablo Casini	2018-11-07 08:19:37 UTC	created	105.827342	21.0613903		https://www.openstreetmap.org/note/1583711
5489985	7014712|EnderX	2026-08-31 12:47:06 UTC	created	105.8186034	21.0593704		https://www.openstreetmap.org/note/5489985
3005823	24508930|quangncl123	2022-01-11 07:15:23 UTC	created	105.8163654	21.043108		https://www.openstreetmap.org/note/3005823
5495877	24508930|quangncl123	2026-09-03 00:39:57 UTC	created	105.8576167	21.0149155		https://www.openstreetmap.org/note/5495877
5493915	24368681|courgettebleue	2026-09-02 03:35:17 UTC	created	105.8472957	21.015162		https://www.openstreetmap.org/note/5493915
5319766	20910140|Hung Tran 9x0	2026-05-31 14:12:29 UTC	created	105.8112272	21.0250225		https://www.openstreetmap.org/note/5319766
5460091	15540209|xrvs	2026-08-16 17:23:24 UTC	created	105.8937911	21.0647894		https://www.openstreetmap.org/note/5460091
5453830	24415335|Samacgaming	2026-08-13 10:15:27 UTC	created	105.8656513	21.0065503		https://www.openstreetmap.org/note/5453830
416937	3161022|Rio Coffee	2015-08-18 18:22:10 UTC	created	105.875051	21.0449932		https://www.openstreetmap.org/note/416937
3638803	18926141|tai10241	2023-04-12 07:40:17 UTC	created	105.8607	21.0186		https://www.openstreetmap.org/note/3638803
5221797	10129333|solenoid jam	2026-03-27 14:14:32 UTC	created	105.8541419	21.0299721		https://www.openstreetmap.org/note/5221797
5039110	23472618|T8925	2025-11-05 10:50:20 UTC	created	105.801824	21.008508		https://www.openstreetmap.org/note/5039110
5039116	23472618|T8925	2025-11-05 10:51:17 UTC	created	105.8158547	21.0167683		https://www.openstreetmap.org/note/5039116
5405005	24328006|chsey	2026-07-19 13:49:16 UTC	created	105.82089	21.01465		https://www.openstreetmap.org/note/5405005
4375705	12544910|nols420	2024-08-10 08:15:37 UTC	created	105.8579008	21.0265919		https://www.openstreetmap.org/note/4375705
5145438	10216103|Windjana	2026-01-28 06:55:30 UTC	created	105.8561758	21.0195727		https://www.openstreetmap.org/note/5145438
4587137	11196308|vietnam321	2025-01-13 01:43:21 UTC	created	105.850026	21.0125606		https://www.openstreetmap.org/note/4587137
4675532	14696734|Karina Vorotina	2025-03-22 12:35:45 UTC	created	105.844948	21.0164142		https://www.openstreetmap.org/note/4675532
5221803	10129333|solenoid jam	2026-03-27 14:14:46 UTC	created	105.8442686	21.0233119		https://www.openstreetmap.org/note/5221803
5366178	24260775|Nezaa123	2026-06-28 23:05:02 UTC	created	105.8000054	21.0684485		https://www.openstreetmap.org/note/5366178
5356552	2655344|rasterfahndung	2026-06-22 14:54:20 UTC	created	105.851205	21.0349592		https://www.openstreetmap.org/note/5356552
1761589	9829818|Trần Văn Thắng	2019-04-29 18:49:35 UTC	created	105.8505517	21.0011765		https://www.openstreetmap.org/note/1761589
5337783	24203260|batsu	2026-06-10 04:00:49 UTC	created	105.817944	21.021428		https://www.openstreetmap.org/note/5337783
5324190	24180218|HAST_Technical2025	2026-06-03 06:06:14 UTC	created	105.8129023	21.0085308		https://www.openstreetmap.org/note/5324190
4761173	21877469|Hiền Linh	2025-05-15 19:59:54 UTC	created	105.8990976	21.0926879		https://www.openstreetmap.org/note/4761173
5103335	23639358|Minh Nhat N	2025-12-24 07:53:34 UTC	created	105.8754534	21.0774074		https://www.openstreetmap.org/note/5103335
807367	4853231|Johnny Dương	2016-12-06 15:26:04 UTC	created	105.8839205	21.0005769		https://www.openstreetmap.org/note/807367
5318717	12436240|geekdog	2026-05-31 05:49:07 UTC	created	105.848164	21.0321847		https://www.openstreetmap.org/note/5318717
5292271	18518748|Schwarzschild	2026-05-14 15:36:08 UTC	created	105.824067	21.0287848		https://www.openstreetmap.org/note/5292271
5270943	14513252|LeeDee_93	2026-04-29 10:36:40 UTC	created	105.8102649	21.0030069		https://www.openstreetmap.org/note/5270943
5258921	11917943|The Thirsty Traveler	2026-04-21 01:41:14 UTC	created	105.8444	21.0427087		https://www.openstreetmap.org/note/5258921
5251951	4937489|Grekmsk	2026-04-16 03:34:55 UTC	created	105.8392148	21.0329282		https://www.openstreetmap.org/note/5251951
5251950	4937489|Grekmsk	2026-04-16 03:34:54 UTC	created	105.8402515	21.0318191		https://www.openstreetmap.org/note/5251950
5251949	4937489|Grekmsk	2026-04-16 03:34:53 UTC	created	105.8401576	21.0329307		https://www.openstreetmap.org/note/5251949
5232083	23436794|Bretzelchti	2026-04-03 15:48:36 UTC	created	105.835968	21.0274104		https://www.openstreetmap.org/note/5232083
5232082	23436794|Bretzelchti	2026-04-03 15:48:36 UTC	created	105.8339671	21.0589724		https://www.openstreetmap.org/note/5232082
5173292	21218964|Neonf	2026-02-19 11:26:18 UTC	created	105.8509428	21.01042		https://www.openstreetmap.org/note/5173292
5166835	21218964|Neonf	2026-02-14 10:14:25 UTC	created	105.8497572	21.0131417		https://www.openstreetmap.org/note/5166835
5166836	21218964|Neonf	2026-02-14 10:14:26 UTC	created	105.8497867	21.0132118		https://www.openstreetmap.org/note/5166836
5174184	21218964|Neonf	2026-02-20 07:14:50 UTC	created	105.8440441	21.0439858		https://www.openstreetmap.org/note/5174184
5183405	21218964|Neonf	2026-02-27 12:52:27 UTC	created	105.8480326	21.032415		https://www.openstreetmap.org/note/5183405
5198539	21218964|Neonf	2026-03-09 23:07:56 UTC	created	105.8831293	21.0490599		https://www.openstreetmap.org/note/5198539
5188516	21218964|Neonf	2026-03-03 03:56:42 UTC	created	105.8402032	21.0407665		https://www.openstreetmap.org/note/5188516
5183404	21218964|Neonf	2026-02-27 12:52:27 UTC	created	105.8495883	21.0104976		https://www.openstreetmap.org/note/5183404
5174185	21218964|Neonf	2026-02-20 07:14:51 UTC	created	105.8415081	21.0393057		https://www.openstreetmap.org/note/5174185
5174186	21218964|Neonf	2026-02-20 07:14:51 UTC	created	105.8415081	21.0393057		https://www.openstreetmap.org/note/5174186
5173944	21218964|Neonf	2026-02-20 00:32:35 UTC	created	105.8478448	21.0380027		https://www.openstreetmap.org/note/5173944
5173943	21218964|Neonf	2026-02-20 00:32:34 UTC	created	105.845903	21.0335144		https://www.openstreetmap.org/note/5173943
5173293	21218964|Neonf	2026-02-19 11:26:18 UTC	created	105.845903	21.0335144		https://www.openstreetmap.org/note/5173293
5166834	21218964|Neonf	2026-02-14 10:14:23 UTC	created	105.849709	21.0127937		https://www.openstreetmap.org/note/5166834
5166833	21218964|Neonf	2026-02-14 10:14:22 UTC	created	105.8490813	21.0093208		https://www.openstreetmap.org/note/5166833
5224600	10129333|solenoid jam	2026-03-29 13:45:13 UTC	created	105.8448544	21.0320995		https://www.openstreetmap.org/note/5224600
5224599	10129333|solenoid jam	2026-03-29 13:45:11 UTC	created	105.8445848	21.0320116		https://www.openstreetmap.org/note/5224599
5224598	10129333|solenoid jam	2026-03-29 13:45:09 UTC	created	105.8363684	21.0465737		https://www.openstreetmap.org/note/5224598
5223174	10129333|solenoid jam	2026-03-28 14:17:39 UTC	created	105.8334886	21.0316712		https://www.openstreetmap.org/note/5223174
5221802	10129333|solenoid jam	2026-03-27 14:14:43 UTC	created	105.8455685	21.0226394		https://www.openstreetmap.org/note/5221802
5221801	10129333|solenoid jam	2026-03-27 14:14:42 UTC	created	105.8586422	21.0253034		https://www.openstreetmap.org/note/5221801
5221800	10129333|solenoid jam	2026-03-27 14:14:40 UTC	created	105.8590271	21.0255215		https://www.openstreetmap.org/note/5221800
5221799	10129333|solenoid jam	2026-03-27 14:14:37 UTC	created	105.8587351	21.0251857		https://www.openstreetmap.org/note/5221799
5221798	10129333|solenoid jam	2026-03-27 14:14:35 UTC	created	105.8536694	21.0266614		https://www.openstreetmap.org/note/5221798
1765846	9429737|Cathide	2019-05-03 15:27:42 UTC	created	105.8536733	21.0313585		https://www.openstreetmap.org/note/1765846
5213314	3865637|retooo	2026-03-21 06:56:16 UTC	created	105.8701916	21.0014704		https://www.openstreetmap.org/note/5213314
5213306	3865637|retooo	2026-03-21 06:26:58 UTC	created	105.8701916	21.0014704		https://www.openstreetmap.org/note/5213306
5203018	18148797|Kenkton	2026-03-13 11:36:14 UTC	created	105.8469221	21.0320845		https://www.openstreetmap.org/note/5203018
5201865	18148797|Kenkton	2026-03-12 13:57:58 UTC	created	105.8509827	21.0242693		https://www.openstreetmap.org/note/5201865
5200841	22046438|Lucas labez	2026-03-11 17:44:38 UTC	created	105.8544218	21.0331111		https://www.openstreetmap.org/note/5200841
5197481	18148797|Kenkton	2026-03-09 12:13:33 UTC	created	105.8505002	21.0301618		https://www.openstreetmap.org/note/5197481
5195376	18148797|Kenkton	2026-03-08 04:54:20 UTC	created	105.8430759	21.0294842		https://www.openstreetmap.org/note/5195376
2081675	3384665|sles sles	2020-02-07 09:42:48 UTC	created	105.8536041	21.0269959		https://www.openstreetmap.org/note/2081675
5181689	14773761|Lis Mind	2026-02-26 04:30:35 UTC	created	105.8206338	21.0442737		https://www.openstreetmap.org/note/5181689
5173942	21218964|Neonf	2026-02-20 00:32:34 UTC	created	105.845903	21.0335144		https://www.openstreetmap.org/note/5173942
966089	5405430|LoiPT	2017-04-16 12:22:53 UTC	created	105.8985374	21.039696		https://www.openstreetmap.org/note/966089
4257850	13554586|Goldbube	2024-05-21 11:26:07 UTC	created	105.8359632	21.0292836		https://www.openstreetmap.org/note/4257850
4257847	13554586|Goldbube	2024-05-21 11:26:05 UTC	created	105.8362898	21.0291671		https://www.openstreetmap.org/note/4257847
4257848	13554586|Goldbube	2024-05-21 11:26:06 UTC	created	105.836259	21.0290916		https://www.openstreetmap.org/note/4257848
4257849	13554586|Goldbube	2024-05-21 11:26:07 UTC	created	105.8362405	21.0290459		https://www.openstreetmap.org/note/4257849
4677661	20295937|merlot09	2025-03-23 09:03:48 UTC	created	105.8363776	21.0298816		https://www.openstreetmap.org/note/4677661
4677704	20295937|merlot09	2025-03-23 09:22:24 UTC	created	105.8366365	21.0296565		https://www.openstreetmap.org/note/4677704
4546331	22267390|TG-checktrek	2024-12-07 17:55:00 UTC	created	105.8458914	21.0304368		https://www.openstreetmap.org/note/4546331
4633265	22535973|neajxuebf	2025-02-19 10:37:04 UTC	created	105.8556586	21.0379531		https://www.openstreetmap.org/note/4633265
3624820	18832181|Café Phố Hàng	2023-04-02 17:58:40 UTC	created	105.85231	21.03933		https://www.openstreetmap.org/note/3624820
5148951	14719801|pepsi_max2k	2026-01-31 03:06:30 UTC	created	105.8502695	21.0354367		https://www.openstreetmap.org/note/5148951
5148541	23770494|TrangCiuu	2026-01-30 15:37:25 UTC	created	105.8335733	21.0079247		https://www.openstreetmap.org/note/5148541
5140845	14719801|pepsi_max2k	2026-01-24 04:04:15 UTC	created	105.8488533	21.0401807		https://www.openstreetmap.org/note/5140845
5106411	6167506|christian_plus1	2025-12-27 05:26:36 UTC	created	105.8481685	21.0222878		https://www.openstreetmap.org/note/5106411
5095757	22911969|Blume New Zealand	2025-12-18 08:04:06 UTC	created	105.8444998	21.0316117		https://www.openstreetmap.org/note/5095757
3638804	18926141|tai10241	2023-04-12 07:40:34 UTC	created	105.8402	21.0029		https://www.openstreetmap.org/note/3638804
4005476	3199858|Mateusz Konieczny - bot account	2023-11-27 13:21:10 UTC	created	105.8223161	21.0071084		https://www.openstreetmap.org/note/4005476
5074812	20742048|friendly_neighbor	2025-12-01 08:50:34 UTC	created	105.886382	21.0237824		https://www.openstreetmap.org/note/5074812
5074806	20742048|friendly_neighbor	2025-12-01 08:49:19 UTC	created	105.8966139	21.0213995		https://www.openstreetmap.org/note/5074806
3171464	15892036|Loan Boutique	2022-05-09 02:06:49 UTC	created	105.8918738	21.0837193		https://www.openstreetmap.org/note/3171464
4512042	21891283|M1npl	2024-11-08 17:24:41 UTC	created	105.817153	21.080351		https://www.openstreetmap.org/note/4512042
4653077	3150634|robinmetral	2025-03-06 03:07:26 UTC	created	105.8403607	21.0488459		https://www.openstreetmap.org/note/4653077
901439	5009044|michael7224	2017-02-22 07:19:56 UTC	created	105.8965913	21.0627736		https://www.openstreetmap.org/note/901439
1322604	4959636|Anh Bình	2018-03-10 04:32:25 UTC	created	105.8966329	21.062772		https://www.openstreetmap.org/note/1322604
4718929	22810495|tranvanbac	2025-04-20 14:00:48 UTC	created	105.88218	21.051504		https://www.openstreetmap.org/note/4718929
4718962	22810495|tranvanbac	2025-04-20 14:13:57 UTC	created	105.8820811	21.0515066		https://www.openstreetmap.org/note/4718962
4718866	22810495|tranvanbac	2025-04-20 13:27:44 UTC	created	105.881944	21.051579		https://www.openstreetmap.org/note/4718866
4914478	2492275|julian_michael	2025-08-17 10:49:31 UTC	created	105.8727147	21.0353822		https://www.openstreetmap.org/note/4914478
2787090	6700587|Tropotop	2021-08-05 07:08:49 UTC	created	105.8583832	21.0664363		https://www.openstreetmap.org/note/2787090
4780569	7014712|EnderX	2025-05-29 12:09:49 UTC	created	105.8316389	21.0616657		https://www.openstreetmap.org/note/4780569
4780570	7014712|EnderX	2025-05-29 12:09:49 UTC	created	105.8316657	21.0612076		https://www.openstreetmap.org/note/4780570
4776192	7014712|EnderX	2025-05-26 12:23:25 UTC	created	105.8313466	21.0613102		https://www.openstreetmap.org/note/4776192
4776211	7014712|EnderX	2025-05-26 12:28:05 UTC	created	105.8312124	21.0613528		https://www.openstreetmap.org/note/4776211
4776227	7014712|EnderX	2025-05-26 12:32:13 UTC	created	105.8311454	21.0614329		https://www.openstreetmap.org/note/4776227
4776225	7014712|EnderX	2025-05-26 12:32:12 UTC	created	105.8311132	21.0614579		https://www.openstreetmap.org/note/4776225
4776226	7014712|EnderX	2025-05-26 12:32:12 UTC	created	105.8309737	21.0615881		https://www.openstreetmap.org/note/4776226
4776267	7014712|EnderX	2025-05-26 12:50:41 UTC	created	105.8301262	21.0622339		https://www.openstreetmap.org/note/4776267
1347129	7635142|Pmcmm	2018-04-03 00:04:56 UTC	created	105.8292813	21.0626819		https://www.openstreetmap.org/note/1347129
608361	3882872|Cristian Felice	2016-06-29 03:31:48 UTC	created	105.8213178	21.0551226		https://www.openstreetmap.org/note/608361
608415	3882872|Cristian Felice	2016-06-29 04:49:57 UTC	created	105.8214948	21.0553003		https://www.openstreetmap.org/note/608415
1347128	7635142|Pmcmm	2018-04-03 00:02:26 UTC	created	105.8210496	21.0559712		https://www.openstreetmap.org/note/1347128
502255	3552667|JPhua	2016-01-22 10:59:00 UTC	created	105.8284664	21.0618345		https://www.openstreetmap.org/note/502255
502253	3552667|JPhua	2016-01-22 10:57:07 UTC	created	105.8284664	21.0617744		https://www.openstreetmap.org/note/502253
4234258	13554586|Goldbube	2024-05-07 10:47:12 UTC	created	105.8273413	21.061389		https://www.openstreetmap.org/note/4234258
2994001	13565612|Trịnh Lam Anh	2022-01-02 17:51:39 UTC	created	105.8279353	21.0621198		https://www.openstreetmap.org/note/2994001
1569484	7381743|Juan Pablo Casini	2018-10-24 03:21:07 UTC	created	105.8287985	21.0638958		https://www.openstreetmap.org/note/1569484
4430119	12436240|geekdog	2024-09-11 12:09:15 UTC	created	105.824	21.0686665		https://www.openstreetmap.org/note/4430119
1252059	7274437|Shaked Almog	2017-12-29 11:29:20 UTC	created	105.8251189	21.0678611		https://www.openstreetmap.org/note/1252059
4774558	7014712|EnderX	2025-05-25 10:11:30 UTC	created	105.8262074	21.066106		https://www.openstreetmap.org/note/4774558
4950025	7014712|EnderX	2025-09-07 00:06:23 UTC	created	105.8249709	21.0659107		https://www.openstreetmap.org/note/4950025
707183	3804592|Hunter Lind	2016-09-10 07:41:13 UTC	created	105.8227514	21.0659508		https://www.openstreetmap.org/note/707183
2096053	10051001|Alex Millar	2020-02-20 05:56:07 UTC	created	105.8239519	21.0651141		https://www.openstreetmap.org/note/2096053
4774556	7014712|EnderX	2025-05-25 10:11:29 UTC	created	105.824515	21.0626443		https://www.openstreetmap.org/note/4774556
1570043	7381743|Juan Pablo Casini	2018-10-24 15:52:24 UTC	created	105.8245123	21.063185		https://www.openstreetmap.org/note/1570043
4371049	12544910|nols420	2024-08-07 09:46:39 UTC	created	105.8231995	21.0623908		https://www.openstreetmap.org/note/4371049
4774555	7014712|EnderX	2025-05-25 10:11:27 UTC	created	105.8226455	21.0637782		https://www.openstreetmap.org/note/4774555
4774557	7014712|EnderX	2025-05-25 10:11:29 UTC	created	105.8201296	21.0628971		https://www.openstreetmap.org/note/4774557
825038	4967188|Tuan Vu Duc	2016-12-22 14:12:55 UTC	created	105.8154076	21.0287613		https://www.openstreetmap.org/note/825038
5017353	23421675|Ruoitvd	2025-10-22 00:33:02 UTC	created	105.803259	21.028468		https://www.openstreetmap.org/note/5017353
5017352	23421675|Ruoitvd	2025-10-22 00:32:42 UTC	created	105.802884	21.0283		https://www.openstreetmap.org/note/5017352
5017351	23421675|Ruoitvd	2025-10-22 00:30:36 UTC	created	105.807972	21.028758		https://www.openstreetmap.org/note/5017351
5006673	23398714|Tara Spa	2025-10-15 06:03:55 UTC	created	105.846619	21.036477		https://www.openstreetmap.org/note/5006673
3762657	5060057|NeisBot	2023-07-03 03:51:43 UTC	created	105.8005	21.01645		https://www.openstreetmap.org/note/3762657
4987066	10177992|Роман Ворожко	2025-10-01 16:12:35 UTC	created	105.8510849	21.0347845		https://www.openstreetmap.org/note/4987066
4987065	10177992|Роман Ворожко	2025-10-01 16:12:35 UTC	created	105.851084	21.0348271		https://www.openstreetmap.org/note/4987065
4960379	20910140|Hung Tran 9x0	2025-09-13 16:01:08 UTC	created	105.8376986	21.0134352		https://www.openstreetmap.org/note/4960379
4950034	7014712|EnderX	2025-09-07 00:11:07 UTC	created	105.8249709	21.0659107		https://www.openstreetmap.org/note/4950034
914652	3199858|Mateusz Konieczny - bot account	2017-03-04 17:40:19 UTC	created	105.8410835	21.0454939		https://www.openstreetmap.org/note/914652
586125	3199858|Mateusz Konieczny - bot account	2016-06-07 13:28:00 UTC	created	105.8874857	21.0189165		https://www.openstreetmap.org/note/586125
463139	3199858|Mateusz Konieczny - bot account	2015-11-05 06:16:02 UTC	created	105.8280855	21.027056		https://www.openstreetmap.org/note/463139
4925329	8619773|Julien Clément-Diard	2025-08-23 12:26:49 UTC	created	105.8523751	21.0332186		https://www.openstreetmap.org/note/4925329
4840946	22888584|Jxbrg	2025-07-06 07:12:23 UTC	created	105.8447911	21.0291486		https://www.openstreetmap.org/note/4840946
4891275	20910140|Hung Tran 9x0	2025-08-04 05:23:14 UTC	created	105.8376464	21.0135754		https://www.openstreetmap.org/note/4891275
4843058	22888584|Jxbrg	2025-07-07 13:40:55 UTC	created	105.8446986	21.0290778		https://www.openstreetmap.org/note/4843058
4836986	22888584|Jxbrg	2025-07-03 07:02:54 UTC	created	105.8440575	21.0296085		https://www.openstreetmap.org/note/4836986
4830628	22888584|Jxbrg	2025-06-29 09:11:17 UTC	created	105.8543733	21.0328155		https://www.openstreetmap.org/note/4830628
3143713	5060057|NeisBot	2022-04-20 03:06:54 UTC	created	105.8261645	21.0417052		https://www.openstreetmap.org/note/3143713
4795045	20910140|Hung Tran 9x0	2025-06-08 04:50:01 UTC	created	105.8139305	21.0376754		https://www.openstreetmap.org/note/4795045
4780568	7014712|EnderX	2025-05-29 12:09:48 UTC	created	105.8301262	21.0622339		https://www.openstreetmap.org/note/4780568
4780567	7014712|EnderX	2025-05-29 12:08:58 UTC	created	105.8301262	21.0622339		https://www.openstreetmap.org/note/4780567
4777044	22926505|hoangmynam	2025-05-27 02:02:49 UTC	created	105.8109248	21.0141393		https://www.openstreetmap.org/note/4777044
4777035	22926505|hoangmynam	2025-05-27 01:30:16 UTC	created	105.8109248	21.0141393		https://www.openstreetmap.org/note/4777035
4777015	22926505|hoangmynam	2025-05-27 00:57:35 UTC	created	105.8109248	21.0141393		https://www.openstreetmap.org/note/4777015
4777003	22926505|hoangmynam	2025-05-27 00:21:49 UTC	created	105.8109229	21.0141407		https://www.openstreetmap.org/note/4777003
4776994	22926505|hoangmynam	2025-05-26 23:50:31 UTC	created	105.8109248	21.0141393		https://www.openstreetmap.org/note/4776994
4776794	22926505|hoangmynam	2025-05-26 18:58:12 UTC	created	105.8109248	21.0141393		https://www.openstreetmap.org/note/4776794
4776750	22926505|hoangmynam	2025-05-26 18:14:21 UTC	created	105.8109248	21.0141393		https://www.openstreetmap.org/note/4776750
4776647	22926505|hoangmynam	2025-05-26 17:11:45 UTC	created	105.8109248	21.0141393		https://www.openstreetmap.org/note/4776647
4776589	22926505|hoangmynam	2025-05-26 16:06:59 UTC	created	105.8109248	21.0141393		https://www.openstreetmap.org/note/4776589
4776576	22926505|hoangmynam	2025-05-26 15:48:37 UTC	created	105.8109221	21.0141418		https://www.openstreetmap.org/note/4776576
4776374	7014712|EnderX	2025-05-26 13:56:24 UTC	created	105.8301262	21.0622339		https://www.openstreetmap.org/note/4776374
4776297	22926505|hoangmynam	2025-05-26 13:09:57 UTC	created	105.8109248	21.0141393		https://www.openstreetmap.org/note/4776297
4776266	7014712|EnderX	2025-05-26 12:50:41 UTC	created	105.8311454	21.0614329		https://www.openstreetmap.org/note/4776266
4776285	7014712|EnderX	2025-05-26 12:59:53 UTC	created	105.8301262	21.0622339		https://www.openstreetmap.org/note/4776285
4776210	7014712|EnderX	2025-05-26 12:28:04 UTC	created	105.8313466	21.0613102		https://www.openstreetmap.org/note/4776210
4776224	7014712|EnderX	2025-05-26 12:32:12 UTC	created	105.8312124	21.0613528		https://www.openstreetmap.org/note/4776224
4776231	7014712|EnderX	2025-05-26 12:33:08 UTC	created	105.8311454	21.0614329		https://www.openstreetmap.org/note/4776231
4776126	22926505|hoangmynam	2025-05-26 11:42:30 UTC	created	105.8109248	21.0141393		https://www.openstreetmap.org/note/4776126
4776081	22926505|hoangmynam	2025-05-26 10:56:25 UTC	created	105.8109248	21.0141393		https://www.openstreetmap.org/note/4776081
4773321	22926505|hoangmynam	2025-05-24 12:47:28 UTC	created	105.8109248	21.0141393		https://www.openstreetmap.org/note/4773321
4748935	22878901|Y Tô Tô Kbuôr	2025-05-08 22:40:15 UTC	created	105.842634	21.045449		https://www.openstreetmap.org/note/4748935
4741936	11934316|butcher93	2025-05-04 13:57:12 UTC	created	105.8480084	21.0314161		https://www.openstreetmap.org/note/4741936
4692456	21774015|ocle	2025-04-02 07:09:14 UTC	created	105.8427272	21.0300516		https://www.openstreetmap.org/note/4692456
4704100	10159711|Wildaggressor	2025-04-10 13:52:45 UTC	created	105.8521254	21.0320247		https://www.openstreetmap.org/note/4704100
4706295	22286533|TomCzechia	2025-04-12 02:41:20 UTC	created	105.8164657	21.0767606		https://www.openstreetmap.org/note/4706295
4718965	22810495|tranvanbac	2025-04-20 14:14:59 UTC	created	105.8872846	21.0287585		https://www.openstreetmap.org/note/4718965
4718870	22810495|tranvanbac	2025-04-20 13:28:47 UTC	created	105.887126	21.028761		https://www.openstreetmap.org/note/4718870
4703412	22731174|Thuynk	2025-04-09 23:27:00 UTC	created	105.8043799	21.0734881		https://www.openstreetmap.org/note/4703412
4694141	21774015|ocle	2025-04-03 12:28:29 UTC	created	105.8427272	21.0300516		https://www.openstreetmap.org/note/4694141
4694139	21774015|ocle	2025-04-03 12:27:52 UTC	created	105.8427272	21.0300516		https://www.openstreetmap.org/note/4694139
4693781	21774015|ocle	2025-04-03 07:34:09 UTC	created	105.8427272	21.0300516		https://www.openstreetmap.org/note/4693781
4688571	22690741|DangThanhDong	2025-03-30 11:04:26 UTC	created	105.856546	21.023961		https://www.openstreetmap.org/note/4688571
4677499	20295937|merlot09	2025-03-23 06:27:01 UTC	created	105.8408922	21.0355791		https://www.openstreetmap.org/note/4677499
4673881	21774015|ocle	2025-03-21 07:54:10 UTC	created	105.8497452	21.012875		https://www.openstreetmap.org/note/4673881
4670655	22647004|Vu Quang Minh	2025-03-18 23:12:14 UTC	created	105.8389619	21.0559822		https://www.openstreetmap.org/note/4670655
4663663	232386|_yog	2025-03-14 06:48:22 UTC	created	105.8526264	21.0172819		https://www.openstreetmap.org/note/4663663
4662884	3150634|robinmetral	2025-03-13 13:26:19 UTC	created	105.841749	21.0457575		https://www.openstreetmap.org/note/4662884
3776310	19842450|Project Gyutan	2023-07-12 08:49:08 UTC	created	105.81667	21.01535		https://www.openstreetmap.org/note/3776310
2321352	11704008|Kim Trung	2020-08-25 02:31:09 UTC	created	105.8282089	21.0315749		https://www.openstreetmap.org/note/2321352
1795639	5470974|Maxime Rauer	2019-05-30 06:42:41 UTC	created	105.8074863	21.0227243		https://www.openstreetmap.org/note/1795639
4026659	20679411|Leonardo Long	2023-12-13 17:17:46 UTC	created	105.80585	21.0241593		https://www.openstreetmap.org/note/4026659
4291669	12945167|Equate	2024-06-14 14:40:14 UTC	created	105.8053582	21.0241396		https://www.openstreetmap.org/note/4291669
1019379	22603645|Nguyen Duc Viet	2017-06-05 03:50:12 UTC	created	105.8507047	21.0227745		https://www.openstreetmap.org/note/1019379
2569959	12805201|Hoàng Mobile	2021-03-08 03:31:27 UTC	created	105.85098	21.02375		https://www.openstreetmap.org/note/2569959
4162712	14876910|fwsmit	2024-03-22 07:30:57 UTC	created	105.8414704	21.0460958		https://www.openstreetmap.org/note/4162712
4652231	22590451|A Queer Museum	2025-03-05 10:43:06 UTC	created	105.8599663	21.0501054		https://www.openstreetmap.org/note/4652231
4638469	22551812|Tadamahu	2025-02-23 13:17:54 UTC	created	105.8397451	21.0010187		https://www.openstreetmap.org/note/4638469
2316167	11685632|Nguyen Lam 4ss	2020-08-21 09:33:27 UTC	created	105.834319	21.008458		https://www.openstreetmap.org/note/2316167
4633080	22535347|NguyenTam	2025-02-19 07:52:46 UTC	created	105.8492804	21.0256464		https://www.openstreetmap.org/note/4633080
4633079	22535347|NguyenTam	2025-02-19 07:51:50 UTC	created	105.8439159	21.0256464		https://www.openstreetmap.org/note/4633079
4614970	22457714|Karoooo	2025-02-05 13:13:58 UTC	created	105.8544216	21.0330308		https://www.openstreetmap.org/note/4614970
4604689	22360552|sassbadger	2025-01-28 05:04:02 UTC	created	105.8537452	21.0271754		https://www.openstreetmap.org/note/4604689
4597018	22409829|KT2010	2025-01-22 00:01:23 UTC	created	105.8141193	21.0206065		https://www.openstreetmap.org/note/4597018
1931346	10311233|Springo	2019-09-19 05:42:08 UTC	created	105.8489687	21.0564468		https://www.openstreetmap.org/note/1931346
4448427	21986004|Mr Thanh Pham	2024-09-23 07:38:47 UTC	created	105.8470246	21.0282051		https://www.openstreetmap.org/note/4448427
4588407	22381704|Thync	2025-01-14 09:48:49 UTC	created	105.8275115	21.0101932		https://www.openstreetmap.org/note/4588407
4586413	4948595|Thành Nam	2025-01-12 15:30:04 UTC	created	105.8212674	21.0160572		https://www.openstreetmap.org/note/4586413
2443948	12249734|Lê trung đức	2020-11-27 18:25:45 UTC	created	105.8200982	21.0160452		https://www.openstreetmap.org/note/2443948
4585833	4948595|Thành Nam	2025-01-12 08:41:57 UTC	created	105.8261579	21.0171195		https://www.openstreetmap.org/note/4585833
4585834	4948595|Thành Nam	2025-01-12 08:44:53 UTC	created	105.8242247	21.0168686		https://www.openstreetmap.org/note/4585834
4585723	19128169|Frigyes06	2025-01-12 05:07:42 UTC	created	105.8484757	21.0353702		https://www.openstreetmap.org/note/4585723
4379604	12544910|nols420	2024-08-12 10:25:48 UTC	created	105.8419795	21.0425981		https://www.openstreetmap.org/note/4379604
4546323	22267390|TG-checktrek	2024-12-07 17:45:49 UTC	created	105.8430859	21.0459519		https://www.openstreetmap.org/note/4546323
4397126	22177568|Hoàng Thị Huyền	2024-08-22 16:51:47 UTC	created	105.814597	21.001146		https://www.openstreetmap.org/note/4397126
4515133	22116899|HCHerter	2024-11-11 04:41:31 UTC	created	105.8493281	21.0325301		https://www.openstreetmap.org/note/4515133
4506915	4979142|excinit	2024-11-04 04:24:53 UTC	created	105.8486549	21.0288474		https://www.openstreetmap.org/note/4506915
4488966	22093710|KALIX VN	2024-10-21 22:32:50 UTC	created	105.8810109	21.0288811		https://www.openstreetmap.org/note/4488966
4488967	22093710|KALIX VN	2024-10-21 22:33:02 UTC	created	105.8803457	21.0296421		https://www.openstreetmap.org/note/4488967
4470062	9654818|sangonguyenkim	2024-10-08 14:53:12 UTC	created	105.8049595	21.0498996		https://www.openstreetmap.org/note/4470062
4469351	22041729|Hichiro	2024-10-08 01:55:46 UTC	created	105.8270102	21.0237361		https://www.openstreetmap.org/note/4469351
4461229	15944521|Taya_S	2024-10-02 08:24:10 UTC	created	105.802776	21.084545		https://www.openstreetmap.org/note/4461229
4462398	6700587|Tropotop	2024-10-03 05:39:04 UTC	created	105.8467344	21.0321822		https://www.openstreetmap.org/note/4462398
4442300	21972241|Phòng khám Ngọc Hà	2024-09-19 06:02:05 UTC	created	105.8084169	21.0362589		https://www.openstreetmap.org/note/4442300
4431189	21946631|Gia Hải	2024-09-12 03:26:09 UTC	created	105.8138564	21.0479846		https://www.openstreetmap.org/note/4431189
4430358	21944741|Slim-AU	2024-09-11 13:35:01 UTC	created	105.850077	21.030849		https://www.openstreetmap.org/note/4430358
4430127	12436240|geekdog	2024-09-11 12:11:14 UTC	created	105.824	21.0686665		https://www.openstreetmap.org/note/4430127
4430124	12436240|geekdog	2024-09-11 12:10:06 UTC	created	105.824	21.0686665		https://www.openstreetmap.org/note/4430124
4430123	12436240|geekdog	2024-09-11 12:09:52 UTC	created	105.824	21.0686665		https://www.openstreetmap.org/note/4430123
4426780	11792024|Pioup	2024-09-09 05:08:20 UTC	created	105.8489418	21.0170576		https://www.openstreetmap.org/note/4426780
4396137	21874202|Tot Lanh	2024-08-22 03:05:34 UTC	created	105.847929	21.020309		https://www.openstreetmap.org/note/4396137
4379605	12544910|nols420	2024-08-12 10:25:49 UTC	created	105.8402	21.0422916		https://www.openstreetmap.org/note/4379605
4355227	21795201|akiniran123	2024-07-28 12:20:52 UTC	created	105.8542558	21.0342387		https://www.openstreetmap.org/note/4355227
3788946	1891357|HC Haase	2023-07-20 01:50:26 UTC	created	105.8471555	21.0355769		https://www.openstreetmap.org/note/3788946
1971055	4180934|Russkii	2019-10-23 07:39:36 UTC	created	105.854258	21.0118272		https://www.openstreetmap.org/note/1971055
1971056	4180934|Russkii	2019-10-23 07:39:36 UTC	created	105.8526352	21.0137		https://www.openstreetmap.org/note/1971056
4134920	21135857|PelleNik	2024-03-02 07:11:17 UTC	created	105.8094871	21.0754127		https://www.openstreetmap.org/note/4134920
4183619	18439298|Lun-osm123	2024-04-05 12:22:34 UTC	created	105.8287985	21.0638958		https://www.openstreetmap.org/note/4183619
4202636	18439298|Lun-osm123	2024-04-17 09:42:43 UTC	created	105.8179999	21.0268521		https://www.openstreetmap.org/note/4202636
4229169	13554586|Goldbube	2024-05-04 11:38:29 UTC	created	105.8484242	21.0317866		https://www.openstreetmap.org/note/4229169
4232599	13554586|Goldbube	2024-05-06 11:33:27 UTC	created	105.8270094	21.061563		https://www.openstreetmap.org/note/4232599
4223810	13554586|Goldbube	2024-05-01 08:47:32 UTC	created	105.8479172	21.0271024		https://www.openstreetmap.org/note/4223810
4223324	13554586|Goldbube	2024-04-30 21:20:21 UTC	created	105.8553175	21.022666		https://www.openstreetmap.org/note/4223324
4223325	13554586|Goldbube	2024-04-30 21:20:21 UTC	created	105.855237	21.0227486		https://www.openstreetmap.org/note/4223325
4228824	13554586|Goldbube	2024-05-04 08:31:17 UTC	created	105.8397606	21.0529374		https://www.openstreetmap.org/note/4228824
4229151	13554586|Goldbube	2024-05-04 11:30:58 UTC	created	105.8483196	21.0317315		https://www.openstreetmap.org/note/4229151
4232539	13554586|Goldbube	2024-05-06 10:25:31 UTC	created	105.8384759	21.0489448		https://www.openstreetmap.org/note/4232539
4257853	13554586|Goldbube	2024-05-21 11:26:13 UTC	created	105.8328477	21.060764		https://www.openstreetmap.org/note/4257853
4257852	13554586|Goldbube	2024-05-21 11:26:13 UTC	created	105.8329102	21.0608117		https://www.openstreetmap.org/note/4257852
4333881	11792024|Pioup	2024-07-15 06:52:18 UTC	created	105.8523831	21.0227411		https://www.openstreetmap.org/note/4333881
4333880	11792024|Pioup	2024-07-15 06:52:18 UTC	created	105.8520022	21.0230866		https://www.openstreetmap.org/note/4333880
4333879	11792024|Pioup	2024-07-15 06:52:18 UTC	created	105.852198	21.0227987		https://www.openstreetmap.org/note/4333879
4333882	11792024|Pioup	2024-07-15 06:52:19 UTC	created	105.8525011	21.0226685		https://www.openstreetmap.org/note/4333882
4333889	11792024|Pioup	2024-07-15 06:59:44 UTC	created	105.8521229	21.0242833		https://www.openstreetmap.org/note/4333889
2427279	12180483|Minhvc20	2020-11-16 08:58:03 UTC	created	105.8011862	21.0380021		https://www.openstreetmap.org/note/2427279
2345582	11170833|The Expat Housing Vietnam	2020-09-12 17:02:41 UTC	created	105.8185	21.0786		https://www.openstreetmap.org/note/2345582
4330846	21750103|Nhà Phố Việt Nam	2024-07-13 04:53:47 UTC	created	105.8202884	21.008771		https://www.openstreetmap.org/note/4330846
4286759	12945167|Equate	2024-06-10 16:49:44 UTC	created	105.8063051	21.0240378		https://www.openstreetmap.org/note/4286759
4012266	5470974|Maxime Rauer	2023-12-02 13:05:24 UTC	created	105.8670741	21.055941		https://www.openstreetmap.org/note/4012266
880852	4148448|Owen Don	2017-02-04 14:44:54 UTC	created	105.8498028	21.0543754		https://www.openstreetmap.org/note/880852
747898	4723746|Christopheeeee	2016-10-14 14:12:50 UTC	created	105.8578738	21.0429728		https://www.openstreetmap.org/note/747898
811886	4952028|Le Truong Giang	2016-12-10 22:32:39 UTC	created	105.8088501	21.0179809		https://www.openstreetmap.org/note/811886
669129	4414253|DungDonald	2016-08-13 07:07:26 UTC	created	105.8192121	21.0318598		https://www.openstreetmap.org/note/669129
805846	4805326|Руслан Михалков	2016-12-05 06:41:06 UTC	created	105.8516267	21.015638		https://www.openstreetmap.org/note/805846
1656739	9352187|반다리	2019-01-21 05:44:42 UTC	created	105.8540691	21.0179134		https://www.openstreetmap.org/note/1656739
881670	5257433|Natalie Laura Simpson	2017-02-05 10:55:59 UTC	created	105.8554528	21.0233529		https://www.openstreetmap.org/note/881670
1908745	2790470|Catherine Lewis	2019-09-01 08:42:23 UTC	created	105.85332	21.0219938		https://www.openstreetmap.org/note/1908745
3512634	18233846|Kevil_Pham	2023-01-10 15:35:48 UTC	created	105.8497524	21.0285531		https://www.openstreetmap.org/note/3512634
4269832	21601734|hibeautyvipc	2024-05-29 06:44:54 UTC	created	105.81723	21.01338		https://www.openstreetmap.org/note/4269832
3649931	5060057|NeisBot	2023-04-19 11:48:18 UTC	created	105.8270081	21.0413007		https://www.openstreetmap.org/note/3649931
3649935	5060057|NeisBot	2023-04-19 11:49:53 UTC	created	105.8271209	21.0412504		https://www.openstreetmap.org/note/3649935
3653696	5060057|NeisBot	2023-04-22 04:36:58 UTC	created	105.8076869	21.0485743		https://www.openstreetmap.org/note/3653696
3880685	5060057|NeisBot	2023-09-10 09:38:44 UTC	created	105.8042434	21.0448055		https://www.openstreetmap.org/note/3880685
3650915	5060057|NeisBot	2023-04-20 06:22:36 UTC	created	105.827047	21.0414682		https://www.openstreetmap.org/note/3650915
3663431	5060057|NeisBot	2023-04-28 05:10:12 UTC	created	105.8080908	21.0484686		https://www.openstreetmap.org/note/3663431
3650898	5060057|NeisBot	2023-04-20 06:07:52 UTC	created	105.827484	21.0413025		https://www.openstreetmap.org/note/3650898
3660340	5060057|NeisBot	2023-04-26 05:08:00 UTC	created	105.8109705	21.0474824		https://www.openstreetmap.org/note/3660340
3661813	5060057|NeisBot	2023-04-27 04:23:33 UTC	created	105.8114214	21.0470953		https://www.openstreetmap.org/note/3661813
2443949	12249734|Lê trung đức	2020-11-27 18:25:46 UTC	created	105.8268943	21.0059069		https://www.openstreetmap.org/note/2443949
1548903	8902445|blackowl	2018-10-03 06:51:48 UTC	created	105.86298	21.0174		https://www.openstreetmap.org/note/1548903
728182	4566776|letung	2016-09-27 14:47:19 UTC	created	105.8516274	21.0156386		https://www.openstreetmap.org/note/728182
1979442	10423651|Kasierek	2019-10-30 10:49:26 UTC	created	105.8413324	21.0199269		https://www.openstreetmap.org/note/1979442
972341	5713301|ánhtuyet	2017-04-22 12:02:29 UTC	created	105.8426994	21.0202979		https://www.openstreetmap.org/note/972341
681266	4453296|Pippo Palla	2016-08-21 11:00:04 UTC	created	105.8449192	21.0213831		https://www.openstreetmap.org/note/681266
1117430	3434220|osmplus	2017-08-26 09:50:01 UTC	created	105.8434514	21.0224081		https://www.openstreetmap.org/note/1117430
2709872	13475552|TreangFashion	2021-06-12 08:38:48 UTC	created	105.8027172	21.0201784		https://www.openstreetmap.org/note/2709872
1801458	5470974|Maxime Rauer	2019-06-04 12:55:11 UTC	created	105.8043173	21.0241282		https://www.openstreetmap.org/note/1801458
2873464	14201593|ly123zz	2021-09-29 08:27:49 UTC	created	105.8115578	21.0220211		https://www.openstreetmap.org/note/2873464
831650	5036705|Canh Nguyenkim	2016-12-28 12:29:13 UTC	created	105.8786527	21.0478534		https://www.openstreetmap.org/note/831650
1849998	7491353|YoonSan	2019-07-20 06:28:27 UTC	created	105.8621634	21.019081		https://www.openstreetmap.org/note/1849998
622310	4236665|Tomoghe	2016-07-10 03:22:17 UTC	created	105.8266956	21.0320595		https://www.openstreetmap.org/note/622310
888800	2945145|wilderama	2017-02-11 12:44:41 UTC	created	105.8238958	21.0316052		https://www.openstreetmap.org/note/888800
3413801	17493899|VVFC	2022-10-26 08:53:11 UTC	created	105.8345255	21.042585		https://www.openstreetmap.org/note/3413801
2191010	11170833|The Expat Housing Vietnam	2020-05-13 02:50:16 UTC	created	105.81804	21.07807		https://www.openstreetmap.org/note/2191010
901440	5009044|michael7224	2017-02-22 07:20:08 UTC	created	105.829374	21.0721166		https://www.openstreetmap.org/note/901440
1628102	3010893|DienKM	2018-12-25 22:40:27 UTC	created	105.8381255	21.0518071		https://www.openstreetmap.org/note/1628102
1421541	8369376|lamngoctram	2018-06-10 02:08:02 UTC	created	105.8388165	21.0497608		https://www.openstreetmap.org/note/1421541
1236948	1178424|Patrick Chevallier	2017-12-13 04:45:17 UTC	created	105.8389654	21.0486256		https://www.openstreetmap.org/note/1236948
1736877	5986352|Quy định chém nguoi	2019-04-06 19:04:27 UTC	created	105.8490932	21.0466042		https://www.openstreetmap.org/note/1736877
532480	2907259|voiu1525	2016-03-24 14:50:32 UTC	created	105.8507073	21.0475165		https://www.openstreetmap.org/note/532480
1413111	7635142|Pmcmm	2018-06-02 11:52:21 UTC	created	105.8286751	21.0621638		https://www.openstreetmap.org/note/1413111
947079	2460532|L1ndemann	2017-03-31 04:43:19 UTC	created	105.8237881	21.0687165		https://www.openstreetmap.org/note/947079
3119404	10988408|Matyjace	2022-04-04 08:43:31 UTC	created	105.8197315	21.0737276		https://www.openstreetmap.org/note/3119404
1018316	3303493|JT Lai	2017-06-03 22:58:34 UTC	created	105.8166395	21.0730187		https://www.openstreetmap.org/note/1018316
2506510	12523733|HIÊN CÀFÉ	2021-01-21 12:49:36 UTC	created	105.8144063	21.069068		https://www.openstreetmap.org/note/2506510
833119	4364115|Abs Dabs	2016-12-29 11:18:12 UTC	created	105.8544404	21.0226976		https://www.openstreetmap.org/note/833119
409058	3123132|anh1phuc	2015-08-05 03:48:50 UTC	created	105.8498383	21.0204989		https://www.openstreetmap.org/note/409058
1893239	57387|WOOO	2019-08-20 19:13:56 UTC	created	105.8126682	21.0310341		https://www.openstreetmap.org/note/1893239
636228	15944521|Taya_S	2016-07-21 11:01:00 UTC	created	105.811408	21.0457697		https://www.openstreetmap.org/note/636228
908383	5386646|Pancho Lobo	2017-02-27 18:32:08 UTC	created	105.8214768	21.0403077		https://www.openstreetmap.org/note/908383
882819	15944521|Taya_S	2017-02-06 08:55:15 UTC	created	105.8271575	21.0422421		https://www.openstreetmap.org/note/882819
1580733	9044405|FranzOmat	2018-11-04 06:38:21 UTC	created	105.8375022	21.0443412		https://www.openstreetmap.org/note/1580733
630876	4271702|Matt Kaye	2016-07-17 03:55:41 UTC	created	105.8379761	21.0429956		https://www.openstreetmap.org/note/630876
1931720	3943359|Gustavo Cunha	2019-09-19 11:48:06 UTC	created	105.8399082	21.0385585		https://www.openstreetmap.org/note/1931720
1121297	3434220|osmplus	2017-08-30 05:41:42 UTC	created	105.830735	21.0328631		https://www.openstreetmap.org/note/1121297
1696587	656681|flowster	2019-03-02 07:43:14 UTC	created	105.8366493	21.0334915		https://www.openstreetmap.org/note/1696587
2123769	8365549|GzarJH	2020-03-18 07:26:48 UTC	created	105.8386663	21.0298614		https://www.openstreetmap.org/note/2123769
4257851	13554586|Goldbube	2024-05-21 11:26:12 UTC	created	105.8363776	21.0298816		https://www.openstreetmap.org/note/4257851
4151210	15944521|Taya_S	2024-03-13 12:20:41 UTC	created	105.83545	21.03019		https://www.openstreetmap.org/note/4151210
3337763	16974271|TD18	2022-08-30 07:03:36 UTC	created	105.83416	21.02776		https://www.openstreetmap.org/note/3337763
886975	5284950|thuỷ trịnh	2017-02-09 17:52:28 UTC	created	105.824802	21.0173869		https://www.openstreetmap.org/note/886975
1261421	4055889|Như Thành	2018-01-08 04:41:19 UTC	created	105.823249	21.0019992		https://www.openstreetmap.org/note/1261421
1261420	4055889|Như Thành	2018-01-08 04:41:18 UTC	created	105.821594	21.0002163		https://www.openstreetmap.org/note/1261420
1110236	4644609|Doan Kim	2017-08-19 20:56:30 UTC	created	105.8284685	21.0007121		https://www.openstreetmap.org/note/1110236
2440473	12234704|Sơn Tùng Lê	2020-11-25 07:22:35 UTC	created	105.83766	21.00083		https://www.openstreetmap.org/note/2440473
1843589	4346053|FreshLemon	2019-07-14 02:58:38 UTC	created	105.8912778	21.0632175		https://www.openstreetmap.org/note/1843589
2068553	4463329|Pranske	2020-01-25 15:28:27 UTC	created	105.8529176	21.0018844		https://www.openstreetmap.org/note/2068553
1313969	7686516|Mun Ichi	2018-03-01 01:42:30 UTC	created	105.8519932	21.0035372		https://www.openstreetmap.org/note/1313969
1597791	8369388|Minh BK	2018-11-23 02:00:28 UTC	created	105.8399323	21.0039323		https://www.openstreetmap.org/note/1597791
4007639	15944521|Taya_S	2023-11-29 04:35:45 UTC	created	105.822292	21.0071535		https://www.openstreetmap.org/note/4007639
1192269	44222|Luk	2017-11-02 03:43:02 UTC	created	105.8091	21.00908		https://www.openstreetmap.org/note/1192269
1900960	15944521|Taya_S	2019-08-26 09:19:25 UTC	created	105.8567476	21.0145499		https://www.openstreetmap.org/note/1900960
1900966	15944521|Taya_S	2019-08-26 09:27:48 UTC	created	105.8113325	21.0697438		https://www.openstreetmap.org/note/1900966
2641286	10498092|Mapping_95	2021-04-28 06:57:58 UTC	created	105.8705449	21.0002175		https://www.openstreetmap.org/note/2641286
4246512	14770278|sheikchilli	2024-05-14 21:34:20 UTC	created	105.8345953	21.0191444		https://www.openstreetmap.org/note/4246512
657961	4271609|Phạm Đức Thái	2016-08-05 01:08:59 UTC	created	105.8252292	21.0344297		https://www.openstreetmap.org/note/657961
2555921	12745260|Thuan_Tran90	2021-02-26 10:01:01 UTC	created	105.8212405	21.0160222		https://www.openstreetmap.org/note/2555921
2049035	9330488|eldoctoreable	2020-01-07 06:44:34 UTC	created	105.8172976	21.0302311		https://www.openstreetmap.org/note/2049035
2483238	10329894|Kaheetonaa	2021-01-03 04:21:02 UTC	created	105.8052791	21.0068904		https://www.openstreetmap.org/note/2483238
519523	3656903|BiBi Phuong	2016-02-26 17:37:52 UTC	created	105.8231664	21.027449		https://www.openstreetmap.org/note/519523
2053994	10193179|+84966781511	2020-01-11 18:22:08 UTC	created	105.85541	21.01403		https://www.openstreetmap.org/note/2053994
2132485	10945207|Jonny_Nguyen	2020-03-27 03:25:03 UTC	created	105.84649	21.0051		https://www.openstreetmap.org/note/2132485
2132487	10945207|Jonny_Nguyen	2020-03-27 03:25:53 UTC	created	105.8467323	21.0050051		https://www.openstreetmap.org/note/2132487
4223989	13554586|Goldbube	2024-05-01 10:45:56 UTC	created	105.8454576	21.0278021		https://www.openstreetmap.org/note/4223989
4223987	13554586|Goldbube	2024-05-01 10:45:52 UTC	created	105.8514963	21.0211996		https://www.openstreetmap.org/note/4223987
1140517	4600007|hechi	2017-09-15 10:01:20 UTC	created	105.8389345	21.0320344		https://www.openstreetmap.org/note/1140517
3760567	19638831|Maviworl	2023-07-01 21:12:14 UTC	created	105.8485312	21.0290642		https://www.openstreetmap.org/note/3760567
4201755	21314431|kalixvnn	2024-04-16 17:20:05 UTC	created	105.8812684	21.029552		https://www.openstreetmap.org/note/4201755
4166767	21172259|thaituphi000	2024-03-25 07:14:08 UTC	created	105.842	21.01878		https://www.openstreetmap.org/note/4166767
4141441	21166960|In Nhanh SHD Hà Nội	2024-03-06 09:52:56 UTC	created	105.84641	21.07707		https://www.openstreetmap.org/note/4141441
4141458	21166960|In Nhanh SHD Hà Nội	2024-03-06 10:01:57 UTC	created	105.84643	21.07702		https://www.openstreetmap.org/note/4141458
791851	4866181|Uri Kohen	2016-11-22 08:15:13 UTC	created	105.8472632	21.0388454		https://www.openstreetmap.org/note/791851
633477	4284091|Bão Lửa Ba Đình	2016-07-19 10:09:42 UTC	created	105.8471888	21.0394672		https://www.openstreetmap.org/note/633477
3875052	20191129|k8vie	2023-09-07 03:22:10 UTC	created	105.8246	21.03146		https://www.openstreetmap.org/note/3875052
1945753	10343855|Yhocvnnet	2019-10-01 17:39:29 UTC	created	105.84016	21.00246		https://www.openstreetmap.org/note/1945753
1000762	6022075|Hien Nguyễn	2017-05-19 08:02:55 UTC	created	105.8069417	21.0059554		https://www.openstreetmap.org/note/1000762
391561	5060057|NeisBot	2015-07-05 15:44:37 UTC	created	105.821085	21.0008685		https://www.openstreetmap.org/note/391561
4126867	21089600|Duo Nguyen	2024-02-25 05:30:40 UTC	created	105.8853299	21.0501019		https://www.openstreetmap.org/note/4126867
4126868	21089600|Duo Nguyen	2024-02-25 05:31:21 UTC	created	105.8853299	21.0501019		https://www.openstreetmap.org/note/4126868
930165	1415492|Hang Nguyen	2017-03-17 13:49:35 UTC	created	105.8010027	21.0223192		https://www.openstreetmap.org/note/930165
1050573	6254952|suri_ vickky	2017-07-02 18:42:41 UTC	created	105.8735409	21.000861		https://www.openstreetmap.org/note/1050573
1039828	4959636|Anh Bình	2017-06-23 16:13:11 UTC	created	105.8981765	21.0532478		https://www.openstreetmap.org/note/1039828
1039829	4959636|Anh Bình	2017-06-23 16:13:11 UTC	created	105.8989811	21.05704		https://www.openstreetmap.org/note/1039829
4119135	20879096|WeoMaps	2024-02-19 08:52:24 UTC	created	105.8029001	21.0428479		https://www.openstreetmap.org/note/4119135
2420965	12159723|Dat Le Minh	2020-11-12 09:07:14 UTC	created	105.8325219	21.0120336		https://www.openstreetmap.org/note/2420965
715788	5060057|NeisBot	2016-09-17 11:41:57 UTC	created	105.8050776	21.0167583		https://www.openstreetmap.org/note/715788
96919	1870181|nguyencaocuong	2014-01-06 13:45:40 UTC	created	105.8791924	21.0144898		https://www.openstreetmap.org/note/96919
33382	5060057|NeisBot	2013-08-29 05:11:41 UTC	created	105.8458579	21.0016998		https://www.openstreetmap.org/note/33382
1292951	7588437|Khánh Duy Nguyễn	2018-02-08 07:18:16 UTC	created	105.8196146	21.0229063		https://www.openstreetmap.org/note/1292951
3455142	17786113|Anh Anh Anh	2022-11-25 05:44:47 UTC	created	105.81703	21.01885		https://www.openstreetmap.org/note/3455142
103139	4433275|ĐỖ TIẾN HOÀNG	2014-01-17 06:07:05 UTC	created	105.8146128	21.0164779		https://www.openstreetmap.org/note/103139
2039345	10599752|Fghomes-Vietnam	2019-12-28 19:08:15 UTC	created	105.8095	21.02321		https://www.openstreetmap.org/note/2039345
4002942	10935094|JoeHardi	2023-11-25 12:30:57 UTC	created	105.84431	21.0301212		https://www.openstreetmap.org/note/4002942
371132	633253|a3nm	2015-05-28 01:27:17 UTC	created	105.8381142	21.0271171		https://www.openstreetmap.org/note/371132
3288365	11480424|leebeyongsu	2022-07-29 00:53:53 UTC	created	105.839846	21.0249153		https://www.openstreetmap.org/note/3288365
3638801	18926141|tai10241	2023-04-12 07:39:26 UTC	created	105.84962	21.01759		https://www.openstreetmap.org/note/3638801
1375395	8187301|Bac Kevin	2018-04-28 04:24:45 UTC	created	105.849312	21.015628		https://www.openstreetmap.org/note/1375395
1696665	9487826|Wes H	2019-03-02 08:42:36 UTC	created	105.8500147	21.0162339		https://www.openstreetmap.org/note/1696665
719749	4606863|Nguyen Nam Hai	2016-09-20 15:14:59 UTC	created	105.8018911	21.0298074		https://www.openstreetmap.org/note/719749
764161	4794916|Jani Petrov	2016-10-28 11:50:03 UTC	created	105.8212887	21.0319071		https://www.openstreetmap.org/note/764161
47529	1755834|Gilles-HN	2013-09-25 08:18:31 UTC	created	105.8234185	21.0285206		https://www.openstreetmap.org/note/47529
1267115	7464420|Eideno	2018-01-13 13:32:54 UTC	created	105.8450299	21.0350204		https://www.openstreetmap.org/note/1267115
4123348	20879096|WeoMaps	2024-02-22 10:32:35 UTC	created	105.8051357	21.0412091		https://www.openstreetmap.org/note/4123348
4120635	20879096|WeoMaps	2024-02-20 12:10:51 UTC	created	105.8051357	21.0412091		https://www.openstreetmap.org/note/4120635
2703247	13510477|vietanh96253	2021-06-07 16:26:25 UTC	created	105.8031389	21.0355124		https://www.openstreetmap.org/note/2703247
3283349	1722488|Mateusz Konieczny	2022-07-26 05:04:22 UTC	created	105.8218816	21.073881		https://www.openstreetmap.org/note/3283349
115879	1830406|truong95	2014-02-09 15:19:19 UTC	created	105.8275223	21.0198429		https://www.openstreetmap.org/note/115879
114350	1923137|SinKru	2014-02-07 04:33:41 UTC	created	105.8458176	21.0285631		https://www.openstreetmap.org/note/114350
2862194	5060057|NeisBot	2021-09-21 04:23:52 UTC	created	105.8614302	21.0049614		https://www.openstreetmap.org/note/2862194
432361	5060057|NeisBot	2015-09-10 07:20:54 UTC	created	105.8154631	21.0100029		https://www.openstreetmap.org/note/432361
672598	5060057|NeisBot	2016-08-15 16:44:52 UTC	created	105.8611894	21.003673		https://www.openstreetmap.org/note/672598
672589	5060057|NeisBot	2016-08-15 16:43:15 UTC	created	105.861184	21.003663		https://www.openstreetmap.org/note/672589
3347735	17047375|leductho	2022-09-06 05:53:14 UTC	created	105.80609	21.02253		https://www.openstreetmap.org/note/3347735
23592	149879|baltico	2013-08-10 07:00:47 UTC	created	105.8216858	21.0263174		https://www.openstreetmap.org/note/23592
628612	3882872|Cristian Felice	2016-07-15 07:32:54 UTC	created	105.8527632	21.0099722		https://www.openstreetmap.org/note/628612
628613	3882872|Cristian Felice	2016-07-15 07:34:26 UTC	created	105.8527632	21.0099722		https://www.openstreetmap.org/note/628613
629353	3882872|Cristian Felice	2016-07-15 20:22:21 UTC	created	105.8527632	21.0099722		https://www.openstreetmap.org/note/629353
637519	3882872|Cristian Felice	2016-07-22 08:43:22 UTC	created	105.8527632	21.0099722		https://www.openstreetmap.org/note/637519
638157	3882872|Cristian Felice	2016-07-22 17:02:26 UTC	created	105.8527632	21.0099722		https://www.openstreetmap.org/note/638157
776109	4817563|franziskadie	2016-11-08 03:47:30 UTC	created	105.8058777	21.0042759		https://www.openstreetmap.org/note/776109
777101	4817563|franziskadie	2016-11-09 04:59:44 UTC	created	105.8058777	21.0042759		https://www.openstreetmap.org/note/777101
1795638	5470974|Maxime Rauer	2019-05-30 06:41:51 UTC	created	105.8074863	21.0227243		https://www.openstreetmap.org/note/1795638
811888	4952028|Le Truong Giang	2016-12-10 22:32:41 UTC	created	105.8088501	21.0179809		https://www.openstreetmap.org/note/811888
811887	4952028|Le Truong Giang	2016-12-10 22:32:40 UTC	created	105.8088501	21.0179809		https://www.openstreetmap.org/note/811887
653834	4354925|Viet Le Quoc	2016-08-02 07:10:00 UTC	created	105.8115903	21.0178086		https://www.openstreetmap.org/note/653834
653835	4354925|Viet Le Quoc	2016-08-02 07:10:00 UTC	created	105.8115903	21.0178086		https://www.openstreetmap.org/note/653835
427071	1787462|onaprsc8	2015-09-02 15:30:18 UTC	created	105.8154631	21.0100029		https://www.openstreetmap.org/note/427071
427069	1787462|onaprsc8	2015-09-02 15:29:26 UTC	created	105.8154631	21.0100029		https://www.openstreetmap.org/note/427069
752639	4089680|Kasper Degn Tvergaard	2016-10-19 01:26:19 UTC	created	105.8327382	21.0247895		https://www.openstreetmap.org/note/752639
752657	4089680|Kasper Degn Tvergaard	2016-10-19 02:06:16 UTC	created	105.8327382	21.0247895		https://www.openstreetmap.org/note/752657
752653	4089680|Kasper Degn Tvergaard	2016-10-19 01:54:58 UTC	created	105.8327382	21.0247895		https://www.openstreetmap.org/note/752653
826756	4967188|Tuan Vu Duc	2016-12-24 05:13:05 UTC	created	105.8154076	21.0287613		https://www.openstreetmap.org/note/826756
785708	4817563|franziskadie	2016-11-17 09:19:52 UTC	created	105.8178058	21.0269606		https://www.openstreetmap.org/note/785708
785480	4817563|franziskadie	2016-11-17 04:31:30 UTC	created	105.8178058	21.0269606		https://www.openstreetmap.org/note/785480
1634119	5464025|Damn Sasha	2018-12-30 20:04:32 UTC	created	105.8231342	21.0350743		https://www.openstreetmap.org/note/1634119
769473	4807575|Nguyễn Quốc Hùng	2016-11-02 02:23:49 UTC	created	105.8231342	21.0350743		https://www.openstreetmap.org/note/769473
827858	3882872|Cristian Felice	2016-12-25 11:44:55 UTC	created	105.8237881	21.0687165		https://www.openstreetmap.org/note/827858
1764275	9649553|WillHarding619	2019-05-02 08:02:26 UTC	created	105.8372501	21.0443513		https://www.openstreetmap.org/note/1764275
1764274	9649553|WillHarding619	2019-05-02 08:02:26 UTC	created	105.8375022	21.0443412		https://www.openstreetmap.org/note/1764274
1072409	6346461|SierrayMac	2017-07-21 03:05:14 UTC	created	105.8510585	21.0129958		https://www.openstreetmap.org/note/1072409
1072408	6346461|SierrayMac	2017-07-21 03:05:14 UTC	created	105.8510585	21.0129958		https://www.openstreetmap.org/note/1072408
1691671	4351074|Schmazen	2019-02-25 06:58:16 UTC	created	105.8559961	21.0170351		https://www.openstreetmap.org/note/1691671
747895	4723746|Christopheeeee	2016-10-14 14:12:48 UTC	created	105.8578738	21.0429728		https://www.openstreetmap.org/note/747895
966767	15686|Dimitri_Junker	2017-04-17 05:29:26 UTC	created	105.8965232	21.0270494		https://www.openstreetmap.org/note/966767
3693905	19302433|Hoang Anh Duc	2023-05-18 04:12:49 UTC	created	105.8226058	21.025341		https://www.openstreetmap.org/note/3693905
2873467	14201593|ly123zz	2021-09-29 08:28:22 UTC	created	105.8115578	21.0220211		https://www.openstreetmap.org/note/2873467
3786724	19905634|Mời Thuê Nhà	2023-07-18 15:45:01 UTC	created	105.8078778	21.0048549		https://www.openstreetmap.org/note/3786724
3786722	19905634|Mời Thuê Nhà	2023-07-18 15:44:47 UTC	created	105.8066869	21.0049049		https://www.openstreetmap.org/note/3786722
3932562	20438057|quatdienvn	2023-10-09 20:36:58 UTC	created	105.8481914	21.0185059		https://www.openstreetmap.org/note/3932562
2579524	12813154|SNT-LFAY-2020-21	2021-03-15 07:06:55 UTC	created	105.8693165	21.0627105		https://www.openstreetmap.org/note/2579524
3818023	20044846|Yancc116	2023-08-05 15:38:46 UTC	created	105.8493286	21.0288961		https://www.openstreetmap.org/note/3818023
3788945	1891357|HC Haase	2023-07-20 01:50:25 UTC	created	105.8470936	21.0355128		https://www.openstreetmap.org/note/3788945
3788934	1891357|HC Haase	2023-07-20 01:20:29 UTC	created	105.8470936	21.0355128		https://www.openstreetmap.org/note/3788934
3765945	14182538|真达真达	2023-07-05 08:12:36 UTC	created	105.8064321	21.0049475		https://www.openstreetmap.org/note/3765945
776104	4817563|franziskadie	2016-11-08 03:22:14 UTC	created	105.8058777	21.0042759		https://www.openstreetmap.org/note/776104
3741427	19618554|quyetdh	2023-06-19 01:40:47 UTC	created	105.8504176	21.0213101		https://www.openstreetmap.org/note/3741427
3693904	19302433|Hoang Anh Duc	2023-05-18 04:11:58 UTC	created	105.8235312	21.0257478		https://www.openstreetmap.org/note/3693904
3684926	10988408|Matyjace	2023-05-12 05:43:16 UTC	created	105.8434895	21.0430932		https://www.openstreetmap.org/note/3684926
3684921	10988408|Matyjace	2023-05-12 05:35:44 UTC	created	105.8447903	21.041436		https://www.openstreetmap.org/note/3684921
3681196	19206908|Ruby2687	2023-05-09 08:24:45 UTC	created	105.8319	21.00985		https://www.openstreetmap.org/note/3681196
3659658	11355435|ADAC Touristische InfoSysteme	2023-04-25 13:41:37 UTC	created	105.8538	21.0289		https://www.openstreetmap.org/note/3659658
3651181	18860125|LeniGo	2023-04-20 10:44:10 UTC	created	105.8544242	21.0329627		https://www.openstreetmap.org/note/3651181
3562814	944739|Barbrousse	2023-02-17 10:16:43 UTC	created	105.8500871	21.0318091		https://www.openstreetmap.org/note/3562814
3556866	10988408|Matyjace	2023-02-13 06:06:29 UTC	created	105.8085939	21.0713456		https://www.openstreetmap.org/note/3556866
3554170	18449354|HYBRA ULTRA LOUNGE	2023-02-11 14:06:07 UTC	created	105.8533439	21.035558		https://www.openstreetmap.org/note/3554170
3540262	10988408|Matyjace	2023-02-01 07:20:50 UTC	created	105.8518419	21.035971		https://www.openstreetmap.org/note/3540262
3505242	18170688|khoidt1@vnpay	2023-01-05 09:25:58 UTC	created	105.8131644	21.0145387		https://www.openstreetmap.org/note/3505242
3479447	10274026|Can Tuan	2022-12-16 07:54:54 UTC	created	105.8414376	21.02813		https://www.openstreetmap.org/note/3479447
2802422	13928678|HNCE	2021-08-14 03:53:33 UTC	created	105.8538895	21.0360308		https://www.openstreetmap.org/note/2802422
1292928	7228669|Manh Cuong	2018-02-08 06:30:58 UTC	created	105.8008941	21.0667342		https://www.openstreetmap.org/note/1292928
3446220	17716557|Việt Hoàng Lưu	2022-11-18 08:15:34 UTC	created	105.8069095	21.0092893		https://www.openstreetmap.org/note/3446220
3435286	9641379|Pan Perníček	2022-11-10 08:52:31 UTC	created	105.8487412	21.0354052		https://www.openstreetmap.org/note/3435286
3427047	17576178|Cường Papilo	2022-11-04 03:05:20 UTC	created	105.8173005	21.0046721		https://www.openstreetmap.org/note/3427047
3413800	17493899|VVFC	2022-10-26 08:52:23 UTC	created	105.8345953	21.04259		https://www.openstreetmap.org/note/3413800
80160	10498092|Mapping_95	2013-11-28 02:48:37 UTC	created	105.8141166	21.0079247		https://www.openstreetmap.org/note/80160
3347732	17047375|leductho	2022-09-06 05:50:49 UTC	created	105.8187354	21.0248403		https://www.openstreetmap.org/note/3347732
3253965	16462500|tiendatfpt	2022-07-06 04:53:06 UTC	created	105.8080494	21.0666827		https://www.openstreetmap.org/note/3253965
3228436	16300996|ZEDD HOTEL HANOI	2022-06-17 06:08:49 UTC	created	105.80242	21.0105		https://www.openstreetmap.org/note/3228436
3187982	16033223|Mr_Titan	2022-05-21 02:07:41 UTC	created	105.8136177	21.0307938		https://www.openstreetmap.org/note/3187982
3171465	15892036|Loan Boutique	2022-05-09 02:09:06 UTC	created	105.8877432	21.0850407		https://www.openstreetmap.org/note/3171465
3142220	15628752|Ngọc Anh MX	2022-04-19 15:32:06 UTC	created	105.82899	21.03266		https://www.openstreetmap.org/note/3142220
1537175	346601|Russ McD	2018-09-23 02:34:08 UTC	created	105.8400825	21.0506357		https://www.openstreetmap.org/note/1537175
1548146	346601|Russ McD	2018-10-02 10:43:51 UTC	created	105.8871531	21.0556692		https://www.openstreetmap.org/note/1548146
1427377	6650881|Dũng Con	2018-06-16 02:04:52 UTC	created	105.8394629	21.018973		https://www.openstreetmap.org/note/1427377
3006301	14829220|Hải Hà	2022-01-11 13:11:03 UTC	created	105.8172843	21.0337918		https://www.openstreetmap.org/note/3006301
2994464	13565612|Trịnh Lam Anh	2022-01-02 23:09:39 UTC	created	105.839788	21.0189666		https://www.openstreetmap.org/note/2994464
2994368	13565612|Trịnh Lam Anh	2022-01-02 20:59:01 UTC	created	105.8152834	21.0311416		https://www.openstreetmap.org/note/2994368
835508	5052797|Cleanandclear83	2016-12-31 01:39:29 UTC	created	105.8026925	21.0446717		https://www.openstreetmap.org/note/835508
2948890	14521282|Duc Kenny	2021-11-25 16:11:47 UTC	created	105.80496	21.01324		https://www.openstreetmap.org/note/2948890
2948885	14521282|Duc Kenny	2021-11-25 16:09:42 UTC	created	105.80503	21.0151		https://www.openstreetmap.org/note/2948885
2942740	3212779|Minh Ha-Duong	2021-11-21 03:31:51 UTC	created	105.85542	21.02241		https://www.openstreetmap.org/note/2942740
2942739	3212779|Minh Ha-Duong	2021-11-21 03:30:26 UTC	created	105.85559	21.02243		https://www.openstreetmap.org/note/2942739
2936328	9641379|Pan Perníček	2021-11-15 12:02:41 UTC	created	105.8024034	21.0728273		https://www.openstreetmap.org/note/2936328
2931223	9641379|Pan Perníček	2021-11-11 08:07:12 UTC	created	105.8009362	21.0738241		https://www.openstreetmap.org/note/2931223
2930116	14436316|sonpn10	2021-11-10 07:55:19 UTC	created	105.8169104	21.0312722		https://www.openstreetmap.org/note/2930116
2929180	14431139|KeyMaster Agency	2021-11-09 11:59:31 UTC	created	105.8043842	21.043479		https://www.openstreetmap.org/note/2929180
882669	5267692|nguyenvan duc	2017-02-06 05:33:59 UTC	created	105.8297655	21.0645697		https://www.openstreetmap.org/note/882669
2847523	14097341|lambaotrang	2021-09-12 06:54:24 UTC	created	105.8288527	21.018223		https://www.openstreetmap.org/note/2847523
1900965	12523733|HIÊN CÀFÉ	2019-08-26 09:27:30 UTC	created	105.809809	21.0705047		https://www.openstreetmap.org/note/1900965
1070418	6312165|Thao Vương	2017-07-19 12:20:21 UTC	created	105.8092603	21.0700648		https://www.openstreetmap.org/note/1070418
2840153	9641379|Pan Perníček	2021-09-07 11:49:06 UTC	created	105.8089346	21.0705522		https://www.openstreetmap.org/note/2840153
2839977	3770239|奉城商业中心	2021-09-07 09:17:40 UTC	created	105.8845553	21.0369357		https://www.openstreetmap.org/note/2839977
2085870	922338|Hervé TUC	2020-02-11 07:47:21 UTC	created	105.8534673	21.0339085		https://www.openstreetmap.org/note/2085870
2076852	922338|Hervé TUC	2020-02-02 11:18:58 UTC	created	105.8706951	21.0421294		https://www.openstreetmap.org/note/2076852
2072589	922338|Hervé TUC	2020-01-29 09:10:15 UTC	created	105.8126297	21.03582		https://www.openstreetmap.org/note/2072589
2076862	922338|Hervé TUC	2020-02-02 11:19:08 UTC	created	105.8928618	21.0601718		https://www.openstreetmap.org/note/2076862
2070655	922338|Hervé TUC	2020-01-27 13:01:23 UTC	created	105.8630991	21.013929		https://www.openstreetmap.org/note/2070655
2740018	13695985|Chân Mỹ Phương	2021-07-04 03:53:30 UTC	created	105.8175525	21.0423872		https://www.openstreetmap.org/note/2740018
2722188	8614322|yuriyberezin	2021-06-21 08:54:35 UTC	created	105.853491	21.0349639		https://www.openstreetmap.org/note/2722188
2714355	13565612|Trịnh Lam Anh	2021-06-15 11:10:48 UTC	created	105.8253229	21.0313346		https://www.openstreetmap.org/note/2714355
2713764	13560918|nguyenhung_1009	2021-06-14 19:56:50 UTC	created	105.8484358	21.0148216		https://www.openstreetmap.org/note/2713764
2695010	13465281|Labeaute - Mỹ Phẩm Pháp	2021-06-02 04:07:42 UTC	created	105.8264628	21.0317827		https://www.openstreetmap.org/note/2695010
2689479	13434571|HuvitzVN	2021-05-29 03:09:01 UTC	created	105.812535	21.0077295		https://www.openstreetmap.org/note/2689479
2689476	13434571|HuvitzVN	2021-05-29 02:57:42 UTC	created	105.8134409	21.0055364		https://www.openstreetmap.org/note/2689476
605384	192278|Prince Kassad	2016-06-26 14:56:58 UTC	created	105.8333749	21.0119159		https://www.openstreetmap.org/note/605384
1608783	9193921|nganphat	2018-12-05 04:30:43 UTC	created	105.8600977	21.0028542		https://www.openstreetmap.org/note/1608783
2523006	12595734|Nguyễn Công Hòa	2021-02-03 02:13:18 UTC	created	105.8622274	21.0030971		https://www.openstreetmap.org/note/2523006
1791352	4998975|Longkeng	2019-05-26 04:50:34 UTC	created	105.8412673	21.0456691		https://www.openstreetmap.org/note/1791352
328520	2609583|Huy Nguyễn	2015-03-09 08:14:21 UTC	created	105.840826	21.0460947		https://www.openstreetmap.org/note/328520
2654561	13247008|Phan thi oanh	2021-05-04 16:41:51 UTC	created	105.8308901	21.0216787		https://www.openstreetmap.org/note/2654561
2654558	13247008|Phan thi oanh	2021-05-04 16:38:22 UTC	created	105.8317897	21.0221288		https://www.openstreetmap.org/note/2654558
2651846	13238476|Horme home Montessori	2021-05-03 16:54:32 UTC	created	105.83626	21.01768		https://www.openstreetmap.org/note/2651846
2611321	13011993|nhatvu39	2021-04-06 14:30:38 UTC	created	105.814248	21.0728774		https://www.openstreetmap.org/note/2611321
2603906	12775409|kouveo	2021-04-01 15:41:41 UTC	created	105.8113438	21.0478137		https://www.openstreetmap.org/note/2603906
828122	3882872|Cristian Felice	2016-12-25 17:46:41 UTC	created	105.8159399	21.0451173		https://www.openstreetmap.org/note/828122
2604319	12981575|Neoderma Việt Nam	2021-04-02 03:51:34 UTC	created	105.8460349	21.0421044		https://www.openstreetmap.org/note/2604319
2604277	12775409|kouveo	2021-04-02 01:05:40 UTC	created	105.8133506	21.0477407		https://www.openstreetmap.org/note/2604277
2603918	12775409|kouveo	2021-04-01 15:50:38 UTC	created	105.8078058	21.0470809		https://www.openstreetmap.org/note/2603918
2579580	12813154|SNT-LFAY-2020-21	2021-03-15 07:44:21 UTC	created	105.8680344	21.062275		https://www.openstreetmap.org/note/2579580
2566012	12788606|Yênnn	2021-03-05 04:39:25 UTC	created	105.833458	21.0111522		https://www.openstreetmap.org/note/2566012
2547163	12708638|k3li3ulinh	2021-02-21 09:23:03 UTC	created	105.8082	21.03454		https://www.openstreetmap.org/note/2547163
2545222	12697187|HBG Beauty Center - 14 Hai Bà Trưng	2021-02-19 18:05:17 UTC	created	105.854331	21.0238338		https://www.openstreetmap.org/note/2545222
2521262	10159422|Mamutinka	2021-02-01 15:19:13 UTC	created	105.8125529	21.044873		https://www.openstreetmap.org/note/2521262
2520342	12550721|DinhTuan	2021-02-01 04:06:25 UTC	created	105.80905	21.01899		https://www.openstreetmap.org/note/2520342
731469	4652372|launuongtuulau	2016-09-30 07:03:08 UTC	created	105.8326346	21.003718		https://www.openstreetmap.org/note/731469
2399803	12056857|hanguyen&HN	2020-10-26 05:54:35 UTC	created	105.85032	21.02928		https://www.openstreetmap.org/note/2399803
2458359	12315340|Nhm26879	2020-12-10 15:09:42 UTC	created	105.874874	21.0487133		https://www.openstreetmap.org/note/2458359
2425216	12175816|Bánh Mì Ô	2020-11-15 09:28:17 UTC	created	105.8199021	21.0191644		https://www.openstreetmap.org/note/2425216
2425214	12175816|Bánh Mì Ô	2020-11-15 09:27:05 UTC	created	105.8199021	21.0191694		https://www.openstreetmap.org/note/2425214
2382933	11964701|Ngọc Thỏ	2020-10-12 09:13:57 UTC	created	105.82715	21.02984		https://www.openstreetmap.org/note/2382933
2371414	11490447|WillLuna92	2020-10-02 15:37:34 UTC	created	105.8443784	21.0267183		https://www.openstreetmap.org/note/2371414
2347488	11811546|TuanNV0708	2020-09-14 05:38:05 UTC	created	105.8054337	21.0072976		https://www.openstreetmap.org/note/2347488
2347487	11811546|TuanNV0708	2020-09-14 05:38:04 UTC	created	105.8056134	21.0069996		https://www.openstreetmap.org/note/2347487
2345583	11170833|The Expat Housing Vietnam	2020-09-12 17:03:36 UTC	created	105.8184	21.07845		https://www.openstreetmap.org/note/2345583
2302681	11196308|vietnam321	2020-08-11 03:22:31 UTC	created	105.84127	21.03147		https://www.openstreetmap.org/note/2302681
2244857	11408968|kemsuachua72hangbo	2020-06-27 18:06:53 UTC	created	105.848127	21.0351537		https://www.openstreetmap.org/note/2244857
2217906	11295399|quanhoang123	2020-06-04 15:20:04 UTC	created	105.82746	21.00657		https://www.openstreetmap.org/note/2217906
2209234	3272428|Vietpha	2020-05-28 02:50:28 UTC	created	105.8522522	21.0256314		https://www.openstreetmap.org/note/2209234
998226	5452525|Soundblast	2017-05-16 11:10:08 UTC	created	105.8483262	21.0288745		https://www.openstreetmap.org/note/998226
2178629	11115524|Thẩm Mỹ Sen	2020-05-02 06:42:17 UTC	created	105.80669	21.03315		https://www.openstreetmap.org/note/2178629
2169348	11071591|absoluteasiatravelvt	2020-04-23 12:48:05 UTC	created	105.8710223	21.0387749		https://www.openstreetmap.org/note/2169348
2127997	10931117|BanTayXinh	2020-03-23 16:02:30 UTC	created	105.8210957	21.016578		https://www.openstreetmap.org/note/2127997
2123237	10159422|Mamutinka	2020-03-17 13:50:09 UTC	created	105.8546921	21.0324126		https://www.openstreetmap.org/note/2123237
1197005	6929649|RoyTjuh	2017-11-06 10:06:39 UTC	created	105.8489123	21.0296836		https://www.openstreetmap.org/note/1197005
2107500	10845539|Heloise&Maite	2020-03-02 05:16:33 UTC	created	105.8485432	21.0352695		https://www.openstreetmap.org/note/2107500
2107193	1497225|kartonage	2020-03-01 18:09:51 UTC	created	105.8121854	21.0402419		https://www.openstreetmap.org/note/2107193
2076853	922338|Hervé TUC	2020-02-02 11:18:59 UTC	created	105.8808661	21.0480973		https://www.openstreetmap.org/note/2076853
2099487	10815870|Maria RLL	2020-02-23 10:47:14 UTC	created	105.83645	21.05666		https://www.openstreetmap.org/note/2099487
2092366	10789680|Markus e	2020-02-17 00:11:30 UTC	created	105.8459616	21.0296754		https://www.openstreetmap.org/note/2092366
530274	1786339|proxodimec	2016-03-20 07:51:00 UTC	created	105.8443451	21.0274891		https://www.openstreetmap.org/note/530274
1704820	9510142|Guillaume_D	2019-03-09 15:37:20 UTC	created	105.8521632	21.0334264		https://www.openstreetmap.org/note/1704820
1364283	5042562|ZenekGzeg	2018-04-18 10:03:22 UTC	created	105.8504922	21.0330359		https://www.openstreetmap.org/note/1364283
700040	3476410|Prasit Aphiphunya	2016-09-04 09:18:03 UTC	created	105.8497465	21.0265216		https://www.openstreetmap.org/note/700040
630835	4271702|Matt Kaye	2016-07-17 02:53:49 UTC	created	105.8544981	21.0342712		https://www.openstreetmap.org/note/630835
1359608	8114793|Christoph Scholz	2018-04-14 12:49:15 UTC	created	105.8480594	21.0314687		https://www.openstreetmap.org/note/1359608
1364070	7144357|GuillemetteJ	2018-04-18 06:02:11 UTC	created	105.8434138	21.0352289		https://www.openstreetmap.org/note/1364070
700081	3476410|Prasit Aphiphunya	2016-09-04 09:55:15 UTC	created	105.8492992	21.0265364		https://www.openstreetmap.org/note/700081
1293910	922338|Hervé TUC	2018-02-09 13:58:04 UTC	created	105.8477778	21.0354868		https://www.openstreetmap.org/note/1293910
1580021	7175421|Madie_Bland	2018-11-03 12:45:32 UTC	created	105.8549071	21.0337994		https://www.openstreetmap.org/note/1580021
1293911	922338|Hervé TUC	2018-02-09 13:58:06 UTC	created	105.8434138	21.0352289		https://www.openstreetmap.org/note/1293911
1364285	5042562|ZenekGzeg	2018-04-18 10:03:57 UTC	created	105.8503634	21.0334564		https://www.openstreetmap.org/note/1364285
1362781	8128562|daniel_travelling	2018-04-17 07:11:50 UTC	created	105.8510152	21.0278235		https://www.openstreetmap.org/note/1362781
998227	5452525|Soundblast	2017-05-16 11:11:42 UTC	created	105.8483262	21.0288745		https://www.openstreetmap.org/note/998227
1588041	6098990|Kwll	2018-11-12 03:26:23 UTC	created	105.8503929	21.0333062		https://www.openstreetmap.org/note/1588041
2010468	10457802|Bedsheets	2019-11-28 06:29:25 UTC	created	105.8490384	21.0360475		https://www.openstreetmap.org/note/2010468
1293912	922338|Hervé TUC	2018-02-09 13:58:07 UTC	created	105.8456025	21.0382831		https://www.openstreetmap.org/note/1293912
1765572	5780790|adrumillon	2019-05-03 10:06:36 UTC	created	105.8434348	21.0301756		https://www.openstreetmap.org/note/1765572
1296392	4928427|Travel4Fun	2018-02-11 20:46:38 UTC	created	105.8511386	21.0357872		https://www.openstreetmap.org/note/1296392
2017034	8624411|Niclas Hinderberger	2019-12-05 09:10:14 UTC	created	105.8427996	21.0424112		https://www.openstreetmap.org/note/2017034
1309290	7606934|Toto Mimi	2018-02-24 08:50:39 UTC	created	105.8548964	21.0304122		https://www.openstreetmap.org/note/1309290
841848	5078888|Blake Bonney	2017-01-05 10:50:14 UTC	created	105.8491107	21.0299512		https://www.openstreetmap.org/note/841848
605693	4168937|Aurélia Veaux	2016-06-26 20:14:46 UTC	created	105.8543917	21.0345586		https://www.openstreetmap.org/note/605693
1669779	9289853|PierreManuel	2019-02-03 09:32:13 UTC	created	105.8511332	21.0260785		https://www.openstreetmap.org/note/1669779
618083	4217950|Tradars Spa	2016-07-06 10:59:41 UTC	created	105.8551142	21.0319554		https://www.openstreetmap.org/note/618083
1093209	922338|Hervé TUC	2017-08-05 23:07:58 UTC	created	105.8502986	21.033128		https://www.openstreetmap.org/note/1093209
1254010	922338|Hervé TUC	2017-12-31 17:34:46 UTC	created	105.8510635	21.0340097		https://www.openstreetmap.org/note/1254010
1293171	922338|Hervé TUC	2018-02-08 12:42:16 UTC	created	105.8493281	21.0377198		https://www.openstreetmap.org/note/1293171
1329100	7589780|Explore Feel Good	2018-03-16 02:01:34 UTC	created	105.8409194	21.0298564		https://www.openstreetmap.org/note/1329100
1167801	4739470|Tj C	2017-10-10 05:32:04 UTC	created	105.8519593	21.0319919		https://www.openstreetmap.org/note/1167801
1384554	8079069|homing_pigeons	2018-05-06 12:28:20 UTC	created	105.8466405	21.0298914		https://www.openstreetmap.org/note/1384554
1765584	5780790|adrumillon	2019-05-03 10:19:26 UTC	created	105.8434348	21.0301756		https://www.openstreetmap.org/note/1765584
1673165	9403885|RobinSJ	2019-02-06 14:05:47 UTC	created	105.8577341	21.0319318		https://www.openstreetmap.org/note/1673165
1092326	5748745|AlvaroSMG	2017-08-05 09:25:37 UTC	created	105.8508811	21.0362528		https://www.openstreetmap.org/note/1092326
722365	4124471|JM88	2016-09-22 15:24:47 UTC	created	105.8460612	21.0331285		https://www.openstreetmap.org/note/722365
1588410	8650028|Karla Picard	2018-11-12 14:11:07 UTC	created	105.8588325	21.0337819		https://www.openstreetmap.org/note/1588410
909897	3679946|timotimor	2017-03-01 01:29:15 UTC	created	105.8510635	21.0340097		https://www.openstreetmap.org/note/909897
1283680	922338|Hervé TUC	2018-01-30 06:39:24 UTC	created	105.8512866	21.0418515		https://www.openstreetmap.org/note/1283680
907773	5395388|김형도	2017-02-27 10:31:38 UTC	created	105.8550035	21.0345083		https://www.openstreetmap.org/note/907773
1246613	7207240|국가대표신사	2017-12-23 05:36:33 UTC	created	105.8545276	21.0322342		https://www.openstreetmap.org/note/1246613
1300847	7506607|TimJahKlein	2018-02-15 11:24:11 UTC	created	105.8477778	21.0354868		https://www.openstreetmap.org/note/1300847
1370601	8163111|Martin Orengia	2018-04-23 23:07:16 UTC	created	105.8538808	21.0318601		https://www.openstreetmap.org/note/1370601
809134	3903222|Intillad	2016-12-08 10:25:22 UTC	created	105.8487724	21.0309997		https://www.openstreetmap.org/note/809134
1702967	9418351|Benni1234	2019-03-07 15:55:00 UTC	created	105.8549071	21.0337994		https://www.openstreetmap.org/note/1702967
700057	3476410|Prasit Aphiphunya	2016-09-04 09:51:53 UTC	created	105.8492992	21.0265364		https://www.openstreetmap.org/note/700057
946437	5475813|Liencyz	2017-03-30 14:48:55 UTC	created	105.8548828	21.0238213		https://www.openstreetmap.org/note/946437
2015056	10221868|SEOG	2019-12-03 06:50:22 UTC	created	105.8410883	21.0238853		https://www.openstreetmap.org/note/2015056
1384577	8079069|homing_pigeons	2018-05-06 12:48:32 UTC	created	105.8482713	21.0323549		https://www.openstreetmap.org/note/1384577
633271	4071282|Jess_er	2016-07-19 06:32:36 UTC	created	105.8544989	21.0336811		https://www.openstreetmap.org/note/633271
1214954	7021247|Juliya Shlykova	2017-11-23 12:18:54 UTC	created	105.8482345	21.0378895		https://www.openstreetmap.org/note/1214954
1581094	9044405|FranzOmat	2018-11-04 12:49:00 UTC	created	105.8495775	21.0308853		https://www.openstreetmap.org/note/1581094
1482038	4026911|Niels van Schaik	2018-08-08 15:25:09 UTC	created	105.8558534	21.0276602		https://www.openstreetmap.org/note/1482038
1364616	5042562|ZenekGzeg	2018-04-18 15:02:23 UTC	created	105.8503634	21.0334564		https://www.openstreetmap.org/note/1364616
1452238	6510858|hackerb9	2018-07-12 14:55:05 UTC	created	105.85124	21.0401908		https://www.openstreetmap.org/note/1452238
700058	3476410|Prasit Aphiphunya	2016-09-04 09:51:56 UTC	created	105.8492992	21.0265364		https://www.openstreetmap.org/note/700058
841680	5078888|Blake Bonney	2017-01-05 06:44:21 UTC	created	105.8508623	21.0339997		https://www.openstreetmap.org/note/841680
1293277	922338|Hervé TUC	2018-02-08 15:23:50 UTC	created	105.8489606	21.0317215		https://www.openstreetmap.org/note/1293277
1121296	3434220|osmplus	2017-08-30 05:41:42 UTC	created	105.8441836	21.0265792		https://www.openstreetmap.org/note/1121296
901352	5362849|JW Choi	2017-02-22 05:21:29 UTC	created	105.8332067	21.0381567		https://www.openstreetmap.org/note/901352
700079	3476410|Prasit Aphiphunya	2016-09-04 09:55:14 UTC	created	105.8492992	21.0265364		https://www.openstreetmap.org/note/700079
1364617	5042562|ZenekGzeg	2018-04-18 15:02:24 UTC	created	105.8501596	21.0338996		https://www.openstreetmap.org/note/1364617
1329237	7589780|Explore Feel Good	2018-03-16 07:42:26 UTC	created	105.8381889	21.0304597		https://www.openstreetmap.org/note/1329237
1931532	10311113|macerg	2019-09-19 08:54:10 UTC	created	105.8529517	21.0238677		https://www.openstreetmap.org/note/1931532
901353	5362849|JW Choi	2017-02-22 05:25:48 UTC	created	105.8332067	21.0381567		https://www.openstreetmap.org/note/901353
1082370	5124641|Luis Filipe Gama	2017-07-28 16:12:26 UTC	created	105.842639	21.0304052		https://www.openstreetmap.org/note/1082370
1464660	8585822|Benjamin Franz Hainz	2018-07-23 18:36:26 UTC	created	105.8517716	21.0322773		https://www.openstreetmap.org/note/1464660
2053417	10626184|Niko Bersh	2020-01-11 05:35:36 UTC	created	105.8490384	21.0360475		https://www.openstreetmap.org/note/2053417
1293167	922338|Hervé TUC	2018-02-08 12:42:13 UTC	created	105.853397	21.0351112		https://www.openstreetmap.org/note/1293167
1050385	5273528|travelcurry youtube	2017-07-02 15:45:35 UTC	created	105.8447737	21.0241431		https://www.openstreetmap.org/note/1050385
2075808	922338|Hervé TUC	2020-02-01 10:52:06 UTC	created	105.8351612	21.0276693		https://www.openstreetmap.org/note/2075808
1071038	6346461|SierrayMac	2017-07-20 02:35:15 UTC	created	105.8491108	21.0299509		https://www.openstreetmap.org/note/1071038
2021941	8407331|bcd4e6	2019-12-10 12:25:52 UTC	created	105.8501327	21.0320019		https://www.openstreetmap.org/note/2021941
2075809	922338|Hervé TUC	2020-02-01 10:52:08 UTC	created	105.835762	21.0275091		https://www.openstreetmap.org/note/2075809
937111	4215220|Somsack Souvannalath	2017-03-23 04:34:15 UTC	created	105.8520081	21.0352935		https://www.openstreetmap.org/note/937111
1362780	8128562|daniel_travelling	2018-04-17 07:11:49 UTC	created	105.8437196	21.0280313		https://www.openstreetmap.org/note/1362780
884910	5278407|Oleg Chugunov	2017-02-07 20:59:20 UTC	created	105.8452766	21.0261861		https://www.openstreetmap.org/note/884910
1065439	6311090|Andrea Barco	2017-07-15 07:22:04 UTC	created	105.8457365	21.0266673		https://www.openstreetmap.org/note/1065439
1990383	10123674|Patrick Lou	2019-11-10 06:14:30 UTC	created	105.8443982	21.042639		https://www.openstreetmap.org/note/1990383
959716	5651266|WalterEllen Dobrowolski	2017-04-11 08:40:11 UTC	created	105.8493469	21.0295985		https://www.openstreetmap.org/note/959716
2018283	10531003|Giuseppe Tartaglione	2019-12-06 15:33:18 UTC	created	105.8535231	21.0343226		https://www.openstreetmap.org/note/2018283
1458676	8566572|Anna Neets	2018-07-18 11:11:10 UTC	created	105.85198	21.03321		https://www.openstreetmap.org/note/1458676
836704	5057527|Francisco Bincaz	2017-01-01 03:28:04 UTC	created	105.8533594	21.0350502		https://www.openstreetmap.org/note/836704
1204409	4675460|Suthna	2017-11-13 04:41:35 UTC	created	105.8521632	21.0334264		https://www.openstreetmap.org/note/1204409
1862483	10184908|Mara77	2019-07-29 19:25:45 UTC	created	105.8464914	21.0387952		https://www.openstreetmap.org/note/1862483
1857391	4832225|Style Motorbikes Shop	2019-07-26 06:46:31 UTC	created	105.8529839	21.0357146		https://www.openstreetmap.org/note/1857391
1565803	8960854|SHOP_ZOE	2018-10-19 18:30:16 UTC	created	105.85703	21.03543		https://www.openstreetmap.org/note/1565803
2018284	10531003|Giuseppe Tartaglione	2019-12-06 15:33:18 UTC	created	105.8535231	21.0343226		https://www.openstreetmap.org/note/2018284
870032	5143681|Shakera West	2017-01-28 01:28:57 UTC	created	105.8447737	21.0241431		https://www.openstreetmap.org/note/870032
859828	5139304|Lucaasz	2017-01-23 07:52:01 UTC	created	105.8535231	21.0349147		https://www.openstreetmap.org/note/859828
1265576	6673524|arhoff	2018-01-12 02:14:24 UTC	created	105.8507523	21.0299715		https://www.openstreetmap.org/note/1265576
910464	4412609|Karthik T	2017-03-01 14:39:50 UTC	created	105.8471607	21.0308724		https://www.openstreetmap.org/note/910464
1163542	6514484|Laura Garmo	2017-10-06 00:21:02 UTC	created	105.8537953	21.0355869		https://www.openstreetmap.org/note/1163542
1838122	4180934|Russkii	2019-07-08 16:12:31 UTC	created	105.8512941	21.0300942		https://www.openstreetmap.org/note/1838122
2018285	10531003|Giuseppe Tartaglione	2019-12-06 15:33:19 UTC	created	105.8535231	21.0343226		https://www.openstreetmap.org/note/2018285
592603	3856322|Hugh Mitchell	2016-06-13 00:05:24 UTC	created	105.8501553	21.0311596		https://www.openstreetmap.org/note/592603
2053432	10626184|Niko Bersh	2020-01-11 06:22:37 UTC	created	105.8490384	21.0360475		https://www.openstreetmap.org/note/2053432
2018428	10531030|Blue-boy	2019-12-06 18:41:33 UTC	created	105.8514439	21.0290885		https://www.openstreetmap.org/note/2018428
1143978	4864468|SoonHo Ryoo	2017-09-18 05:11:55 UTC	created	105.8444195	21.0427313		https://www.openstreetmap.org/note/1143978
1099400	6439525|MEvrard	2017-08-11 05:18:04 UTC	created	105.8519111	21.0328256		https://www.openstreetmap.org/note/1099400
1392381	8263983|Oscar Larenas	2018-05-13 08:17:10 UTC	created	105.8487729	21.0310005		https://www.openstreetmap.org/note/1392381
825629	4480625|Cyril69	2016-12-23 02:04:11 UTC	created	105.8445245	21.0275544		https://www.openstreetmap.org/note/825629
1052149	6211775|Robin_V	2017-07-04 03:42:37 UTC	created	105.8517716	21.0322773		https://www.openstreetmap.org/note/1052149
1395400	8278948|Anais972	2018-05-16 03:38:38 UTC	created	105.8453504	21.026086		https://www.openstreetmap.org/note/1395400
786824	3882311|Jaysan	2016-11-18 09:14:01 UTC	created	105.8450935	21.0241336		https://www.openstreetmap.org/note/786824
784568	3882311|Jaysan	2016-11-16 10:06:50 UTC	created	105.8447744	21.0241438		https://www.openstreetmap.org/note/784568
805841	4925835|javiergomiz	2016-12-05 06:27:43 UTC	created	105.8511332	21.0260785		https://www.openstreetmap.org/note/805841
1053817	5470431|eyci	2017-07-05 12:07:00 UTC	created	105.8376417	21.026131		https://www.openstreetmap.org/note/1053817
1066654	4982562|Dysartcelt	2017-07-16 10:21:02 UTC	created	105.8521015	21.0355493		https://www.openstreetmap.org/note/1066654
974347	5705833|HannahSL07	2017-04-24 08:21:16 UTC	created	105.8542178	21.0352114		https://www.openstreetmap.org/note/974347
1394558	66733|Vit Pelcak	2018-05-15 08:34:15 UTC	created	105.8496929	21.0217897		https://www.openstreetmap.org/note/1394558
789275	2945145|wilderama	2016-11-20 06:01:22 UTC	created	105.8394441	21.0352881		https://www.openstreetmap.org/note/789275
1248576	7351691|Andreas Hippe	2017-12-25 10:46:26 UTC	created	105.8417106	21.0297337		https://www.openstreetmap.org/note/1248576
1048889	6211775|Robin_V	2017-07-01 09:08:56 UTC	created	105.8460612	21.0331285		https://www.openstreetmap.org/note/1048889
1071036	6346461|SierrayMac	2017-07-20 02:35:13 UTC	created	105.8491108	21.0299509		https://www.openstreetmap.org/note/1071036
1279373	2371631|Ju Spoops	2018-01-26 02:31:47 UTC	created	105.8499189	21.0302807		https://www.openstreetmap.org/note/1279373
1578930	8452675|zeuble 974	2018-11-02 10:35:30 UTC	created	105.8538324	21.0355759		https://www.openstreetmap.org/note/1578930
781877	3882311|Jaysan	2016-11-14 07:18:03 UTC	created	105.8447744	21.0241438		https://www.openstreetmap.org/note/781877
937017	5466284|Viet Ha Do	2017-03-22 23:46:35 UTC	created	105.8572874	21.0281019		https://www.openstreetmap.org/note/937017
1053809	5470431|eyci	2017-07-05 11:55:22 UTC	created	105.8376417	21.026131		https://www.openstreetmap.org/note/1053809
789551	2945145|wilderama	2016-11-20 10:42:54 UTC	created	105.8503692	21.0221263		https://www.openstreetmap.org/note/789551
1182828	6840778|Gary Vichy	2017-10-23 08:56:22 UTC	created	105.8508821	21.0318684		https://www.openstreetmap.org/note/1182828
822492	4480625|Cyril69	2016-12-19 20:43:58 UTC	created	105.8445245	21.0275544		https://www.openstreetmap.org/note/822492
1071037	6346461|SierrayMac	2017-07-20 02:35:14 UTC	created	105.8491108	21.0299509		https://www.openstreetmap.org/note/1071037
1279374	2371631|Ju Spoops	2018-01-26 02:31:48 UTC	created	105.8499189	21.0302807		https://www.openstreetmap.org/note/1279374
1768963	9429737|Cathide	2019-05-06 10:17:41 UTC	created	105.8486817	21.0310706		https://www.openstreetmap.org/note/1768963
1203644	4675460|Suthna	2017-11-12 11:56:58 UTC	created	105.8521632	21.0334264		https://www.openstreetmap.org/note/1203644
2044005	9860592|Kohei9103	2020-01-02 17:18:57 UTC	created	105.8472928	21.0417718		https://www.openstreetmap.org/note/2044005
927342	5487338|anniegwok	2017-03-15 03:01:48 UTC	created	105.8537376	21.0356532		https://www.openstreetmap.org/note/927342
677893	4441631|Sylcardenas	2016-08-19 04:51:08 UTC	created	105.8539281	21.0337318		https://www.openstreetmap.org/note/677893
1692502	4174765|Victor Taramarcaz	2019-02-25 20:03:56 UTC	created	105.8545424	21.0335118		https://www.openstreetmap.org/note/1692502
1644773	9341616|Pie70	2019-01-09 13:08:57 UTC	created	105.8510447	21.0247465		https://www.openstreetmap.org/note/1644773
1364284	5042562|ZenekGzeg	2018-04-18 10:03:57 UTC	created	105.8504922	21.0330359		https://www.openstreetmap.org/note/1364284
2075810	922338|Hervé TUC	2020-02-01 10:52:08 UTC	created	105.8357209	21.0297518		https://www.openstreetmap.org/note/2075810
810370	4832518|Lisa Ryan	2016-12-09 12:45:31 UTC	created	105.8547086	21.0335466		https://www.openstreetmap.org/note/810370
2075811	922338|Hervé TUC	2020-02-01 10:52:09 UTC	created	105.8358692	21.0299572		https://www.openstreetmap.org/note/2075811
868153	5143681|Shakera West	2017-01-27 03:47:04 UTC	created	105.8505619	21.0262212		https://www.openstreetmap.org/note/868153
1930877	6450388|Ivan  Osminnikov	2019-09-18 14:15:01 UTC	created	105.8523858	21.0287623		https://www.openstreetmap.org/note/1930877
1338727	3861659|Carl Liu	2018-03-25 22:23:44 UTC	created	105.8506095	21.0326556		https://www.openstreetmap.org/note/1338727
632325	4071282|Jess_er	2016-07-18 09:53:53 UTC	created	105.8544596	21.0331609		https://www.openstreetmap.org/note/632325
682585	4453296|Pippo Palla	2016-08-22 07:21:41 UTC	created	105.8449192	21.0213831		https://www.openstreetmap.org/note/682585
700077	3476410|Prasit Aphiphunya	2016-09-04 09:55:14 UTC	created	105.8494756	21.026459		https://www.openstreetmap.org/note/700077
75199	1796243|Aerone	2013-11-17 10:19:02 UTC	created	105.8503747	21.0333173		https://www.openstreetmap.org/note/75199
1364535	5042562|ZenekGzeg	2018-04-18 13:48:54 UTC	created	105.8503634	21.0334564		https://www.openstreetmap.org/note/1364535
634472	4071282|Jess_er	2016-07-19 21:26:17 UTC	created	105.8544989	21.0336811		https://www.openstreetmap.org/note/634472
700059	3476410|Prasit Aphiphunya	2016-09-04 09:51:57 UTC	created	105.8492992	21.0265364		https://www.openstreetmap.org/note/700059
965522	5678907|Hung Chieh Hsu	2017-04-16 01:59:04 UTC	created	105.8511386	21.0357872		https://www.openstreetmap.org/note/965522
2045032	10616686|Cédric Sattler	2020-01-03 13:09:56 UTC	created	105.8558197	21.0279445		https://www.openstreetmap.org/note/2045032
2019755	8407331|bcd4e6	2019-12-08 09:29:14 UTC	created	105.8483142	21.0284469		https://www.openstreetmap.org/note/2019755
1568982	922338|Hervé TUC	2018-10-23 11:56:55 UTC	created	105.8460612	21.0331285		https://www.openstreetmap.org/note/1568982
1801306	10007671|Airmarine	2019-06-04 09:28:52 UTC	created	105.8506045	21.0400548		https://www.openstreetmap.org/note/1801306
1881854	10204099|jwysling	2019-08-12 22:08:20 UTC	created	105.8539361	21.0319093		https://www.openstreetmap.org/note/1881854
2069701	922338|Hervé TUC	2020-01-26 16:20:40 UTC	created	105.8513188	21.0347794		https://www.openstreetmap.org/note/2069701
1725119	9568624|Philippe Bourdet	2019-03-27 01:30:53 UTC	created	105.85236	21.03297		https://www.openstreetmap.org/note/1725119
1785106	9811856|Ashyph	2019-05-20 05:58:07 UTC	created	105.8528203	21.0359774		https://www.openstreetmap.org/note/1785106
2069702	922338|Hervé TUC	2020-01-26 16:20:40 UTC	created	105.8514261	21.0348194		https://www.openstreetmap.org/note/2069702
895553	4408550|Charlie Khlaklang	2017-02-17 15:41:47 UTC	created	105.8529725	21.0317782		https://www.openstreetmap.org/note/895553
673373	4426656|Maxoudtrs	2016-08-16 01:29:11 UTC	created	105.8532654	21.0321567		https://www.openstreetmap.org/note/673373
1293170	922338|Hervé TUC	2018-02-08 12:42:15 UTC	created	105.8493844	21.0369588		https://www.openstreetmap.org/note/1293170
1362782	8128562|daniel_travelling	2018-04-17 07:11:50 UTC	created	105.8477778	21.0354868		https://www.openstreetmap.org/note/1362782
1857392	4832225|Style Motorbikes Shop	2019-07-26 06:46:32 UTC	created	105.8529276	21.0358448		https://www.openstreetmap.org/note/1857392
1519071	8557851|Magdalena_Zaa	2018-09-08 10:57:54 UTC	created	105.8505102	21.040059		https://www.openstreetmap.org/note/1519071
1353056	8064349|KathiK88	2018-04-09 06:03:01 UTC	created	105.8510274	21.0331738		https://www.openstreetmap.org/note/1353056
2006678	8624411|Niclas Hinderberger	2019-11-24 08:11:16 UTC	created	105.8487863	21.0368637		https://www.openstreetmap.org/note/2006678
1568742	922338|Hervé TUC	2018-10-23 07:53:52 UTC	created	105.8460612	21.0331285		https://www.openstreetmap.org/note/1568742
671810	4423393|Núria Sima	2016-08-15 08:49:25 UTC	created	105.8530269	21.032634		https://www.openstreetmap.org/note/671810
1361474	7960134|Pedro Royo	2018-04-16 05:10:56 UTC	created	105.8510662	21.0323111		https://www.openstreetmap.org/note/1361474
1370602	8163111|Martin Orengia	2018-04-23 23:09:27 UTC	created	105.8538808	21.0318601		https://www.openstreetmap.org/note/1370602
1696666	9487826|Wes H	2019-03-02 08:42:38 UTC	created	105.8530483	21.0353466		https://www.openstreetmap.org/note/1696666
1361475	7960134|Pedro Royo	2018-04-16 05:14:17 UTC	created	105.8488794	21.0403466		https://www.openstreetmap.org/note/1361475
1129548	6501957|FF5	2017-09-06 13:30:59 UTC	created	105.8526084	21.0360851		https://www.openstreetmap.org/note/1129548
1649893	9355776|88_ronin	2019-01-14 15:55:48 UTC	created	105.8517716	21.0322773		https://www.openstreetmap.org/note/1649893
2072584	922338|Hervé TUC	2020-01-29 09:10:08 UTC	created	105.8476257	21.0326157		https://www.openstreetmap.org/note/2072584
1696667	9487826|Wes H	2019-03-02 08:42:39 UTC	created	105.8511895	21.0318267		https://www.openstreetmap.org/note/1696667
1295595	7565890|Simenoes	2018-02-11 04:53:23 UTC	created	105.8477778	21.0354868		https://www.openstreetmap.org/note/1295595
1384457	8079069|homing_pigeons	2018-05-06 10:42:06 UTC	created	105.8519593	21.0319919		https://www.openstreetmap.org/note/1384457
1634120	5464025|Damn Sasha	2018-12-30 20:04:32 UTC	created	105.8466312	21.0414144		https://www.openstreetmap.org/note/1634120
2075665	922338|Hervé TUC	2020-02-01 06:32:50 UTC	created	105.8459759	21.0376834		https://www.openstreetmap.org/note/2075665
2075666	922338|Hervé TUC	2020-02-01 06:32:51 UTC	created	105.8437872	21.029492		https://www.openstreetmap.org/note/2075666
782926	4808508|Johannes314	2016-11-15 03:38:21 UTC	created	105.845797	21.0303127		https://www.openstreetmap.org/note/782926
2013393	10457802|Bedsheets	2019-12-01 10:27:34 UTC	created	105.8468207	21.0317719		https://www.openstreetmap.org/note/2013393
2075667	922338|Hervé TUC	2020-02-01 06:32:51 UTC	created	105.8441502	21.0297896		https://www.openstreetmap.org/note/2075667
2045766	10461396|Shani_co	2020-01-04 05:22:12 UTC	created	105.8463714	21.0347378		https://www.openstreetmap.org/note/2045766
807280	4931898|Maggie lau	2016-12-06 13:46:50 UTC	created	105.8453289	21.0312346		https://www.openstreetmap.org/note/807280
2072690	922338|Hervé TUC	2020-01-29 10:12:12 UTC	created	105.8451416	21.0319841		https://www.openstreetmap.org/note/2072690
2075668	922338|Hervé TUC	2020-02-01 06:32:53 UTC	created	105.8478212	21.0294519		https://www.openstreetmap.org/note/2075668
909895	3679946|timotimor	2017-03-01 01:29:14 UTC	created	105.8365983	21.0341224		https://www.openstreetmap.org/note/909895
2075812	922338|Hervé TUC	2020-02-01 10:52:10 UTC	created	105.8358427	21.035002		https://www.openstreetmap.org/note/2075812
2075813	922338|Hervé TUC	2020-02-01 10:52:11 UTC	created	105.8353044	21.0351233		https://www.openstreetmap.org/note/2075813
1007967	6074166|AnaXP	2017-05-26 04:19:03 UTC	created	105.8347248	21.036726		https://www.openstreetmap.org/note/1007967
2016071	6700587|Tropotop	2019-12-04 09:43:45 UTC	created	105.846788	21.032072		https://www.openstreetmap.org/note/2016071
2075814	922338|Hervé TUC	2020-02-01 10:52:12 UTC	created	105.8356727	21.038869		https://www.openstreetmap.org/note/2075814
2075815	922338|Hervé TUC	2020-02-01 10:52:14 UTC	created	105.8355203	21.0388199		https://www.openstreetmap.org/note/2075815
2075673	922338|Hervé TUC	2020-02-01 06:32:57 UTC	created	105.843373	21.0291313		https://www.openstreetmap.org/note/2075673
928459	5491867|Kamilka62	2017-03-15 20:22:10 UTC	created	105.8436676	21.029412		https://www.openstreetmap.org/note/928459
2075807	922338|Hervé TUC	2020-02-01 10:52:05 UTC	created	105.8397102	21.0322058		https://www.openstreetmap.org/note/2075807
1208695	6804912|Ashleigh Jones	2017-11-17 07:38:39 UTC	created	105.8471393	21.0337937		https://www.openstreetmap.org/note/1208695
1948262	10267183|elsinodenadie	2019-10-04 07:48:27 UTC	created	105.8440272	21.0296246		https://www.openstreetmap.org/note/1948262
2075818	922338|Hervé TUC	2020-02-01 10:52:17 UTC	created	105.8491516	21.0299726		https://www.openstreetmap.org/note/2075818
2072586	922338|Hervé TUC	2020-01-29 09:10:10 UTC	created	105.8448639	21.0348988		https://www.openstreetmap.org/note/2072586
2075819	922338|Hervé TUC	2020-02-01 10:52:18 UTC	created	105.8488941	21.0303131		https://www.openstreetmap.org/note/2075819
2072587	922338|Hervé TUC	2020-01-29 09:10:11 UTC	created	105.8452454	21.0367012		https://www.openstreetmap.org/note/2072587
698811	922338|Hervé TUC	2016-09-03 07:21:23 UTC	created	105.8503608	21.0294274		https://www.openstreetmap.org/note/698811
1182617	6839064|Charley Vieira	2017-10-23 02:56:02 UTC	created	105.8483008	21.0302494		https://www.openstreetmap.org/note/1182617
645533	3790003|dmckenzy	2016-07-27 12:59:52 UTC	created	105.8492298	21.0297848		https://www.openstreetmap.org/note/645533
1293748	6869472|Jpds17	2018-02-09 10:04:03 UTC	created	105.8447871	21.0349035		https://www.openstreetmap.org/note/1293748
1931718	3943359|Gustavo Cunha	2019-09-19 11:48:05 UTC	created	105.8389345	21.0320344		https://www.openstreetmap.org/note/1931718
2075820	922338|Hervé TUC	2020-02-01 10:52:19 UTC	created	105.8490658	21.0304533		https://www.openstreetmap.org/note/2075820
2072588	922338|Hervé TUC	2020-01-29 09:10:13 UTC	created	105.8408051	21.0407276		https://www.openstreetmap.org/note/2072588
1621144	5783241|Maxime Sami	2018-12-19 07:45:34 UTC	created	105.847769	21.0297347		https://www.openstreetmap.org/note/1621144
1182618	6839064|Charley Vieira	2017-10-23 02:56:03 UTC	created	105.8484126	21.0302659		https://www.openstreetmap.org/note/1182618
1773367	9597973|Paolopasha	2019-05-10 01:13:55 UTC	created	105.8485012	21.0294382		https://www.openstreetmap.org/note/1773367
1931719	3943359|Gustavo Cunha	2019-09-19 11:48:06 UTC	created	105.839715	21.0366383		https://www.openstreetmap.org/note/1931719
2075821	922338|Hervé TUC	2020-02-01 10:52:21 UTC	created	105.848937	21.0305334		https://www.openstreetmap.org/note/2075821
2075669	922338|Hervé TUC	2020-02-01 06:32:54 UTC	created	105.8488581	21.0287363		https://www.openstreetmap.org/note/2075669
693691	4500070|Jonathan González Manzanero	2016-08-30 06:00:47 UTC	created	105.8500979	21.0290139		https://www.openstreetmap.org/note/693691
1765583	9850690|stayiana	2019-05-03 10:18:01 UTC	created	105.8510152	21.0278235		https://www.openstreetmap.org/note/1765583
2080599	291927|Przemo	2020-02-06 06:38:13 UTC	created	105.8443689	21.0318386		https://www.openstreetmap.org/note/2080599
1293913	922338|Hervé TUC	2018-02-09 13:58:07 UTC	created	105.8455462	21.0372542		https://www.openstreetmap.org/note/1293913
2075670	922338|Hervé TUC	2020-02-01 06:32:54 UTC	created	105.8500099	21.0289111		https://www.openstreetmap.org/note/2075670
1692801	9447447|Sinacek	2019-02-26 06:11:40 UTC	created	105.8434138	21.0352289		https://www.openstreetmap.org/note/1692801
2080600	291927|Przemo	2020-02-06 06:38:14 UTC	created	105.8444764	21.0322658		https://www.openstreetmap.org/note/2080600
1293914	922338|Hervé TUC	2018-02-09 13:58:09 UTC	created	105.8454952	21.0369863		https://www.openstreetmap.org/note/1293914
2075671	922338|Hervé TUC	2020-02-01 06:32:55 UTC	created	105.8507824	21.028811		https://www.openstreetmap.org/note/2075671
2080601	291927|Przemo	2020-02-06 06:38:14 UTC	created	105.8496451	21.0251457		https://www.openstreetmap.org/note/2080601
2075672	922338|Hervé TUC	2020-02-01 06:32:56 UTC	created	105.8393455	21.0335977		https://www.openstreetmap.org/note/2075672
789274	2945145|wilderama	2016-11-20 05:59:55 UTC	created	105.838938	21.0320507		https://www.openstreetmap.org/note/789274
1644769	9341616|Pie70	2019-01-09 13:06:21 UTC	created	105.8506665	21.0288975		https://www.openstreetmap.org/note/1644769
1644770	9341616|Pie70	2019-01-09 13:06:22 UTC	created	105.8507953	21.0288074		https://www.openstreetmap.org/note/1644770
2075816	922338|Hervé TUC	2020-02-01 10:52:15 UTC	created	105.8421779	21.0405072		https://www.openstreetmap.org/note/2075816
883128	4868399|qwertzuiopü1234	2017-02-06 12:30:58 UTC	created	105.8493469	21.0295985		https://www.openstreetmap.org/note/883128
853125	5109403|황용신	2017-01-16 09:20:54 UTC	created	105.8490438	21.0301443		https://www.openstreetmap.org/note/853125
2075817	922338|Hervé TUC	2020-02-01 10:52:16 UTC	created	105.8466196	21.0397462		https://www.openstreetmap.org/note/2075817
2069699	922338|Hervé TUC	2020-01-26 16:20:37 UTC	created	105.8397102	21.0322058		https://www.openstreetmap.org/note/2069699
1058135	5580911|Gonzalo Manzaneda Tudela	2017-07-09 11:39:18 UTC	created	105.849336	21.0339084		https://www.openstreetmap.org/note/1058135
1291958	7583535|Julien Gasparini	2018-02-07 05:42:05 UTC	created	105.8480594	21.0344704		https://www.openstreetmap.org/note/1291958
1291926	7583535|Julien Gasparini	2018-02-07 05:05:10 UTC	created	105.8480594	21.0344704		https://www.openstreetmap.org/note/1291926
638116	3918360|Vcanasvieira	2016-07-22 16:38:56 UTC	created	105.8474677	21.0345914		https://www.openstreetmap.org/note/638116
2049458	10629344|Chiuawa	2020-01-07 12:47:58 UTC	created	105.8479109	21.0334474		https://www.openstreetmap.org/note/2049458
2075828	922338|Hervé TUC	2020-02-01 10:52:28 UTC	created	105.8509326	21.0355805		https://www.openstreetmap.org/note/2075828
2075579	922338|Hervé TUC	2020-02-01 00:32:40 UTC	created	105.8493018	21.0311543		https://www.openstreetmap.org/note/2075579
649363	4337691|Stacey L	2016-07-30 02:01:33 UTC	created	105.852714	21.035318		https://www.openstreetmap.org/note/649363
2075823	922338|Hervé TUC	2020-02-01 10:52:23 UTC	created	105.8494091	21.0314547		https://www.openstreetmap.org/note/2075823
1597267	9132092|legend hotel	2018-11-22 11:41:39 UTC	created	105.85183	21.03475		https://www.openstreetmap.org/note/1597267
2049164	10461396|Shani_co	2020-01-07 08:50:26 UTC	created	105.8504197	21.032449		https://www.openstreetmap.org/note/2049164
2069700	922338|Hervé TUC	2020-01-26 16:20:38 UTC	created	105.8516836	21.0347994		https://www.openstreetmap.org/note/2069700
2075580	922338|Hervé TUC	2020-02-01 00:32:41 UTC	created	105.8519891	21.0353137		https://www.openstreetmap.org/note/2075580
2075824	922338|Hervé TUC	2020-02-01 10:52:25 UTC	created	105.8501387	21.0318753		https://www.openstreetmap.org/note/2075824
1947044	9567826|Willu6	2019-10-03 02:55:56 UTC	created	105.8504801	21.0354619		https://www.openstreetmap.org/note/1947044
2008484	8624411|Niclas Hinderberger	2019-11-26 07:49:41 UTC	created	105.8468095	21.0396725		https://www.openstreetmap.org/note/2008484
1293168	922338|Hervé TUC	2018-02-08 12:42:14 UTC	created	105.8508811	21.0362528		https://www.openstreetmap.org/note/1293168
1607132	5780790|adrumillon	2018-12-03 08:58:35 UTC	created	105.8484642	21.0316554		https://www.openstreetmap.org/note/1607132
1132545	5683603|Hopealomu	2017-09-08 23:54:10 UTC	created	105.852139	21.0352915		https://www.openstreetmap.org/note/1132545
2076851	922338|Hervé TUC	2020-02-02 11:18:57 UTC	created	105.8508253	21.0363215		https://www.openstreetmap.org/note/2076851
751892	4370270|Shomrony Shimon	2016-10-18 11:05:29 UTC	created	105.8483862	21.0317434		https://www.openstreetmap.org/note/751892
2075825	922338|Hervé TUC	2020-02-01 10:52:25 UTC	created	105.8522844	21.0321757		https://www.openstreetmap.org/note/2075825
2070906	922338|Hervé TUC	2020-01-27 15:48:21 UTC	created	105.8519769	21.0353362		https://www.openstreetmap.org/note/2070906
2009837	5444445|Dave Hint	2019-11-27 13:50:08 UTC	created	105.8518815	21.0339621		https://www.openstreetmap.org/note/2009837
1293276	922338|Hervé TUC	2018-02-08 15:23:49 UTC	created	105.8491564	21.0313835		https://www.openstreetmap.org/note/1293276
2010427	10396575|Mariusz256	2019-11-28 05:06:08 UTC	created	105.8493039	21.0312133		https://www.openstreetmap.org/note/2010427
2075826	922338|Hervé TUC	2020-02-01 10:52:26 UTC	created	105.8538508	21.0335577		https://www.openstreetmap.org/note/2075826
2080598	291927|Przemo	2020-02-06 06:38:13 UTC	created	105.8479285	21.0319354		https://www.openstreetmap.org/note/2080598
2076863	922338|Hervé TUC	2020-02-02 11:19:10 UTC	created	105.849731	21.035921		https://www.openstreetmap.org/note/2076863
1364281	5042562|ZenekGzeg	2018-04-18 10:03:20 UTC	created	105.8510742	21.0323524		https://www.openstreetmap.org/note/1364281
2070653	922338|Hervé TUC	2020-01-27 13:01:20 UTC	created	105.8513403	21.0349196		https://www.openstreetmap.org/note/2070653
1253679	7403248|Verakocha	2017-12-31 08:48:30 UTC	created	105.8514189	21.0372179		https://www.openstreetmap.org/note/1253679
1659300	8356998|Wai Meng Soo	2019-01-23 13:30:08 UTC	created	105.85231	21.0370587		https://www.openstreetmap.org/note/1659300
2075664	922338|Hervé TUC	2020-02-01 06:32:49 UTC	created	105.8472204	21.0385746		https://www.openstreetmap.org/note/2075664
1068465	4982562|Dysartcelt	2017-07-17 17:51:22 UTC	created	105.8521015	21.0355493		https://www.openstreetmap.org/note/1068465
2075827	922338|Hervé TUC	2020-02-01 10:52:27 UTC	created	105.8510184	21.0354303		https://www.openstreetmap.org/note/2075827
452754	3234213|forest_man	2015-10-17 07:17:50 UTC	created	105.8524534	21.0347068		https://www.openstreetmap.org/note/452754
2075822	922338|Hervé TUC	2020-02-01 10:52:22 UTC	created	105.8494949	21.0315148		https://www.openstreetmap.org/note/2075822
1364282	5042562|ZenekGzeg	2018-04-18 10:03:21 UTC	created	105.8510071	21.0323574		https://www.openstreetmap.org/note/1364282
2070654	922338|Hervé TUC	2020-01-27 13:01:21 UTC	created	105.8514261	21.0348194		https://www.openstreetmap.org/note/2070654
892053	5296856|Thomas Brambati	2017-02-14 14:14:38 UTC	created	105.8520291	21.0351238		https://www.openstreetmap.org/note/892053
1621451	9204885|Bikkuri	2018-12-19 14:06:42 UTC	created	105.8528214	21.0348071		https://www.openstreetmap.org/note/1621451
623509	4236665|Tomoghe	2016-07-11 03:30:23 UTC	created	105.826988	21.0341048		https://www.openstreetmap.org/note/623509
915657	5432854|Nomadic-e	2017-03-05 14:21:28 UTC	created	105.8266151	21.0401281		https://www.openstreetmap.org/note/915657
2046045	10461396|Shani_co	2020-01-04 11:11:42 UTC	created	105.848475	21.0337838		https://www.openstreetmap.org/note/2046045
1955412	5515659|AmahoroNeza	2019-10-10 05:17:10 UTC	created	105.8525897	21.0228688		https://www.openstreetmap.org/note/1955412
1019347	4009509|Ariston Aristarkhov	2017-06-05 01:47:33 UTC	created	105.8490035	21.0283342		https://www.openstreetmap.org/note/1019347
878207	5072829|HEYHANONYMOUS	2017-02-02 09:14:21 UTC	created	105.8472385	21.04177		https://www.openstreetmap.org/note/878207
1389300	66733|Vit Pelcak	2018-05-10 13:24:45 UTC	created	105.8472199	21.0416777		https://www.openstreetmap.org/note/1389300
1389299	66733|Vit Pelcak	2018-05-10 13:24:45 UTC	created	105.8472628	21.041515		https://www.openstreetmap.org/note/1389299
1389298	66733|Vit Pelcak	2018-05-10 13:24:44 UTC	created	105.8472982	21.0412824		https://www.openstreetmap.org/note/1389298
1119253	6480005|Falk03	2017-08-28 04:36:52 UTC	created	105.8470375	21.0363454		https://www.openstreetmap.org/note/1119253
932462	5501923|Ron Mazzachi	2017-03-19 08:01:58 UTC	created	105.8510295	21.0356816		https://www.openstreetmap.org/note/932462
1293172	429761|freebeer	2018-02-08 12:42:16 UTC	created	105.8498753	21.0386786		https://www.openstreetmap.org/note/1293172
1092327	5748745|AlvaroSMG	2017-08-05 09:25:37 UTC	created	105.8498753	21.0386786		https://www.openstreetmap.org/note/1092327
2068172	10699701|florianp1007	2020-01-25 08:18:44 UTC	created	105.8509697	21.0394225		https://www.openstreetmap.org/note/2068172
1252213	41386|Jurgen De Roeck	2017-12-29 15:36:05 UTC	created	105.8453826	21.0244861		https://www.openstreetmap.org/note/1252213
427606	2554698|ruthmaben	2015-09-03 05:15:09 UTC	created	105.8714837	21.0428829		https://www.openstreetmap.org/note/427606
1843592	4346053|FreshLemon	2019-07-14 03:02:30 UTC	created	105.8787734	21.0516407		https://www.openstreetmap.org/note/1843592
2037277	10556850|Quynh Nga Nguyen	2019-12-26 14:01:28 UTC	created	105.8533082	21.0246417		https://www.openstreetmap.org/note/2037277
1256467	6249261|Vương Hùng	2018-01-03 13:46:51 UTC	created	105.8559316	21.0241328		https://www.openstreetmap.org/note/1256467
1314054	7560450|Joshua Michael Morgan	2018-03-01 07:09:44 UTC	created	105.8510983	21.0293769		https://www.openstreetmap.org/note/1314054
1580732	9044405|FranzOmat	2018-11-04 06:38:21 UTC	created	105.8524314	21.0286897		https://www.openstreetmap.org/note/1580732
1314053	7560450|Joshua Michael Morgan	2018-03-01 07:09:43 UTC	created	105.8512941	21.0300942		https://www.openstreetmap.org/note/1314053
2018413	10531030|Blue-boy	2019-12-06 18:15:12 UTC	created	105.8514439	21.0290885		https://www.openstreetmap.org/note/2018413
1580731	9044405|FranzOmat	2018-11-04 06:38:20 UTC	created	105.8524314	21.0286897		https://www.openstreetmap.org/note/1580731
1580730	9044405|FranzOmat	2018-11-04 06:38:20 UTC	created	105.8524314	21.0286897		https://www.openstreetmap.org/note/1580730
1110304	6344989|hải tộc	2017-08-19 23:11:23 UTC	created	105.8524902	21.0292139		https://www.openstreetmap.org/note/1110304
720994	4611141|Ming Hao	2016-09-21 13:43:13 UTC	created	105.8506772	21.0340598		https://www.openstreetmap.org/note/720994
972164	5273129|陳夫子	2017-04-22 08:33:48 UTC	created	105.8479307	21.0353516		https://www.openstreetmap.org/note/972164
2058288	10652896|Chuyển Nhà - Văn Phòng Trọn Gói	2020-01-15 14:24:28 UTC	created	105.8150071	21.0029844		https://www.openstreetmap.org/note/2058288
2053399	10643504|Everon Phố Huế	2020-01-11 04:34:59 UTC	created	105.8516675	21.0108192		https://www.openstreetmap.org/note/2053399
1951707	10267183|elsinodenadie	2019-10-07 02:06:58 UTC	created	105.8480094	21.0314154		https://www.openstreetmap.org/note/1951707
2004091	10483985|minhducdoo	2019-11-21 15:52:55 UTC	created	105.8241805	21.0183249		https://www.openstreetmap.org/note/2004091
1349821	8064349|KathiK88	2018-04-05 13:04:47 UTC	created	105.8509805	21.0371428		https://www.openstreetmap.org/note/1349821
2013638	10396575|Mariusz256	2019-12-01 15:48:51 UTC	created	105.8493293	21.0386492		https://www.openstreetmap.org/note/2013638
2017033	8624411|Niclas Hinderberger	2019-12-05 09:10:13 UTC	created	105.8428371	21.0425614		https://www.openstreetmap.org/note/2017033
2017032	8624411|Niclas Hinderberger	2019-12-05 09:10:13 UTC	created	105.842703	21.0451623		https://www.openstreetmap.org/note/2017032
2017031	8624411|Niclas Hinderberger	2019-12-05 09:10:12 UTC	created	105.8187134	21.0434701		https://www.openstreetmap.org/note/2017031
1498300	156743|az09	2018-08-22 09:08:01 UTC	created	105.8557552	21.0244797		https://www.openstreetmap.org/note/1498300
1966613	4948595|Thành Nam	2019-10-18 23:20:44 UTC	created	105.8301473	21.0142508		https://www.openstreetmap.org/note/1966613
1965012	10388618|Dang Ha	2019-10-17 11:51:04 UTC	created	105.8244511	21.0075216		https://www.openstreetmap.org/note/1965012
1945756	10343855|Yhocvnnet	2019-10-01 17:42:31 UTC	created	105.85458	21.02566		https://www.openstreetmap.org/note/1945756
1931345	10311233|Springo	2019-09-19 05:42:08 UTC	created	105.8231864	21.0567638		https://www.openstreetmap.org/note/1931345
1926031	10299870|Manu 4865375	2019-09-14 15:51:52 UTC	created	105.8576	21.02014		https://www.openstreetmap.org/note/1926031
1888145	10231789|Giangbe	2019-08-17 15:00:08 UTC	created	105.8614039	21.0257541		https://www.openstreetmap.org/note/1888145
932370	5501923|Ron Mazzachi	2017-03-19 06:09:10 UTC	created	105.8510295	21.0356816		https://www.openstreetmap.org/note/932370
1822453	10057727|Bthirgood	2019-06-23 13:21:21 UTC	created	105.8469194	21.0330092		https://www.openstreetmap.org/note/1822453
1822062	5470974|Maxime Rauer	2019-06-23 06:09:44 UTC	created	105.8026201	21.0024716		https://www.openstreetmap.org/note/1822062
1172756	375745|kingston51	2017-10-14 08:54:28 UTC	created	105.8319715	21.0347082		https://www.openstreetmap.org/note/1172756
1605529	9175120|Jordy s	2018-12-01 02:08:03 UTC	created	105.8375773	21.038909		https://www.openstreetmap.org/note/1605529
807274	4931898|Maggie lau	2016-12-06 13:46:46 UTC	created	105.8336533	21.0358272		https://www.openstreetmap.org/note/807274
1293749	6869472|Jpds17	2018-02-09 10:04:04 UTC	created	105.8414075	21.0356019		https://www.openstreetmap.org/note/1293749
1542337	8818470|Attila Biro	2018-09-27 07:49:11 UTC	created	105.8388809	21.0379226		https://www.openstreetmap.org/note/1542337
831323	4812456|otternonsense	2016-12-28 07:14:42 UTC	created	105.8402783	21.0352752		https://www.openstreetmap.org/note/831323
924158	3860659|duteri	2017-03-12 14:03:00 UTC	created	105.8570502	21.0426765		https://www.openstreetmap.org/note/924158
940980	3984659|DressyPear4	2017-03-26 09:30:10 UTC	created	105.8403159	21.0377143		https://www.openstreetmap.org/note/940980
980958	5685542|Florent Brossard	2017-04-30 11:07:04 UTC	created	105.8510662	21.0346932		https://www.openstreetmap.org/note/980958
980957	5685542|Florent Brossard	2017-04-30 11:07:03 UTC	created	105.8508838	21.0346631		https://www.openstreetmap.org/note/980957
981200	5685542|Florent Brossard	2017-04-30 15:22:27 UTC	created	105.8510662	21.0346932		https://www.openstreetmap.org/note/981200
1299282	7570259|Kim-Bdw	2018-02-14 04:43:47 UTC	created	105.8535069	21.0348252		https://www.openstreetmap.org/note/1299282
1645360	9175120|Jordy s	2019-01-10 05:37:22 UTC	created	105.8498297	21.0358473		https://www.openstreetmap.org/note/1645360
1605530	9175120|Jordy s	2018-12-01 02:08:04 UTC	created	105.8443553	21.01696		https://www.openstreetmap.org/note/1605530
833254	4364115|Abs Dabs	2016-12-29 12:41:02 UTC	created	105.8544404	21.0226976		https://www.openstreetmap.org/note/833254
886719	5289038|HSUAN HSUAN	2017-02-09 12:39:22 UTC	created	105.8489003	21.0286559		https://www.openstreetmap.org/note/886719
1296455	4928427|Travel4Fun	2018-02-11 22:46:48 UTC	created	105.8490706	21.0287498		https://www.openstreetmap.org/note/1296455
882999	4868399|qwertzuiopü1234	2017-02-06 10:58:46 UTC	created	105.8495856	21.0274091		https://www.openstreetmap.org/note/882999
1003522	5009717|ShaApto	2017-05-22 07:43:43 UTC	created	105.8528418	21.0240405		https://www.openstreetmap.org/note/1003522
1394557	66733|Vit Pelcak	2018-05-15 08:34:15 UTC	created	105.8500845	21.0211813		https://www.openstreetmap.org/note/1394557
1119428	6087819|楊欣海	2017-08-28 08:20:25 UTC	created	105.8535874	21.0299315		https://www.openstreetmap.org/note/1119428
1537931	7963369|Alex Steppat	2018-09-23 10:40:47 UTC	created	105.8528686	21.0169274		https://www.openstreetmap.org/note/1537931
1671326	9289853|PierreManuel	2019-02-04 16:17:48 UTC	created	105.8519969	21.0231617		https://www.openstreetmap.org/note/1671326
693893	4500070|Jonathan González Manzanero	2016-08-30 09:12:29 UTC	created	105.8526091	21.0226408		https://www.openstreetmap.org/note/693893
630836	4271702|Matt Kaye	2016-07-17 02:56:19 UTC	created	105.8525599	21.0226551		https://www.openstreetmap.org/note/630836
1365275	8138672|Gustavo Maneiro	2018-04-19 01:17:38 UTC	created	105.8480834	21.0307707		https://www.openstreetmap.org/note/1365275
1055587	6277729|Prayoonsorn Thanatorn	2017-07-07 01:00:49 UTC	created	105.8489097	21.0312008		https://www.openstreetmap.org/note/1055587
1118717	3434220|osmplus	2017-08-27 14:02:23 UTC	created	105.85416	21.020332		https://www.openstreetmap.org/note/1118717
598579	4108458|Jorge Jardim	2016-06-19 01:31:45 UTC	created	105.841409	21.023403		https://www.openstreetmap.org/note/598579
1726129	6888408|Rooart	2019-03-27 20:29:40 UTC	created	105.85086	21.01807		https://www.openstreetmap.org/note/1726129
1616616	9231015|tares	2018-12-13 23:33:20 UTC	created	105.84059	21.0233631		https://www.openstreetmap.org/note/1616616
1670027	9289853|PierreManuel	2019-02-03 14:32:30 UTC	created	105.8493871	21.0292004		https://www.openstreetmap.org/note/1670027
1008279	6074166|AnaXP	2017-05-26 10:09:14 UTC	created	105.8496124	21.028885		https://www.openstreetmap.org/note/1008279
1725033	6888408|Rooart	2019-03-26 22:02:29 UTC	created	105.84841	21.02992		https://www.openstreetmap.org/note/1725033
1722764	8563240|TheRealChimichanga	2019-03-25 08:38:11 UTC	created	105.84775	21.032411		https://www.openstreetmap.org/note/1722764
1580734	9044405|FranzOmat	2018-11-04 06:38:21 UTC	created	105.8521927	21.0305048		https://www.openstreetmap.org/note/1580734
1633195	3041382|Olli MUC	2018-12-30 06:37:36 UTC	created	105.8528176	21.0307476		https://www.openstreetmap.org/note/1633195
991569	5846139|Paige Gibson	2017-05-10 12:08:41 UTC	created	105.8538597	21.032982		https://www.openstreetmap.org/note/991569
991574	5846139|Paige Gibson	2017-05-10 12:14:25 UTC	created	105.8538597	21.032982		https://www.openstreetmap.org/note/991574
304620	2283217|Balrok	2015-01-20 17:05:13 UTC	created	105.8538723	21.0330094		https://www.openstreetmap.org/note/304620
722367	4124471|JM88	2016-09-22 15:24:48 UTC	created	105.8477437	21.0381772		https://www.openstreetmap.org/note/722367
1716686	6402052|Alexander Katok	2019-03-20 02:43:44 UTC	created	105.8253307	21.043287		https://www.openstreetmap.org/note/1716686
1705472	9516143|Akkasinu	2019-03-10 06:58:41 UTC	created	105.843598	21.0327016		https://www.openstreetmap.org/note/1705472
1691676	4351074|Schmazen	2019-02-25 07:14:52 UTC	created	105.8559961	21.0170351		https://www.openstreetmap.org/note/1691676
1387500	8094010|Diogo Bernardes	2018-05-09 02:27:04 UTC	created	105.8499491	21.031829		https://www.openstreetmap.org/note/1387500
1677839	9433941|huntoliganosti	2019-02-11 12:59:36 UTC	created	105.8352223	21.0267231		https://www.openstreetmap.org/note/1677839
1668704	9407947|Txema Martin	2019-02-02 01:16:06 UTC	created	105.8477348	21.0360516		https://www.openstreetmap.org/note/1668704
1653912	6657937|b2fast4you	2019-01-18 07:56:45 UTC	created	105.8613294	21.0231119		https://www.openstreetmap.org/note/1653912
1664723	9398227|Lavender Lighting	2019-01-29 15:01:41 UTC	created	105.8778544	21.0001705		https://www.openstreetmap.org/note/1664723
1649394	2163944|npthanh	2019-01-14 03:46:25 UTC	created	105.8076042	21.0120561		https://www.openstreetmap.org/note/1649394
1644261	3864114|វេជ្ជ ឃុនប៉េងអាន	2019-01-09 01:43:01 UTC	created	105.8199025	21.019168		https://www.openstreetmap.org/note/1644261
1614953	9225273|doquyha	2018-12-12 00:12:18 UTC	created	105.80221	21.00242		https://www.openstreetmap.org/note/1614953
1461682	6940119|Jeremiah Cooper	2018-07-21 03:23:02 UTC	created	105.8500362	21.0356245		https://www.openstreetmap.org/note/1461682
1296502	429761|freebeer	2018-02-12 02:04:34 UTC	created	105.8404486	21.0234108		https://www.openstreetmap.org/note/1296502
1296501	429761|freebeer	2018-02-12 02:04:26 UTC	created	105.8410883	21.0238853		https://www.openstreetmap.org/note/1296501
1566531	8980063|Khang N N	2018-10-20 16:14:25 UTC	created	105.81342	21.03792		https://www.openstreetmap.org/note/1566531
790008	4868215|mpicaro	2016-11-20 17:10:06 UTC	created	105.8437325	21.0295473		https://www.openstreetmap.org/note/790008
1519070	8557851|Magdalena_Zaa	2018-09-08 10:57:53 UTC	created	105.8430872	21.0294034		https://www.openstreetmap.org/note/1519070
1510341	8760385|Jdgoliath	2018-09-01 07:53:56 UTC	created	105.8505576	21.0136904		https://www.openstreetmap.org/note/1510341
1581015	7175421|Madie_Bland	2018-11-04 11:17:33 UTC	created	105.8299464	21.0338545		https://www.openstreetmap.org/note/1581015
1570509	9000685|thangtran	2018-10-25 07:18:34 UTC	created	105.81935	21.07719		https://www.openstreetmap.org/note/1570509
1570504	9000685|thangtran	2018-10-25 07:13:07 UTC	created	105.8187675	21.0776727		https://www.openstreetmap.org/note/1570504
1293275	625303|TuanIfan	2018-02-08 15:23:46 UTC	created	105.8513907	21.0319118		https://www.openstreetmap.org/note/1293275
1293001	625303|TuanIfan	2018-02-08 09:06:50 UTC	created	105.8521927	21.0305048		https://www.openstreetmap.org/note/1293001
882753	4189776|Marek “BrunLivhthous3o” Lakatoš	2017-02-06 07:45:48 UTC	created	105.8635036	21.011692		https://www.openstreetmap.org/note/882753
954610	12074|TDH	2017-04-07 02:29:16 UTC	created	105.8635036	21.011692		https://www.openstreetmap.org/note/954610
1009916	4187105|Nguyễn Tới	2017-05-27 18:19:18 UTC	created	105.8635036	21.011692		https://www.openstreetmap.org/note/1009916
1052571	3870658|Thái Nguyên Dinh	2017-07-04 13:00:30 UTC	created	105.8635036	21.011692		https://www.openstreetmap.org/note/1052571
1193849	1812543|zzanzare	2017-11-03 00:37:08 UTC	created	105.8635036	21.011692		https://www.openstreetmap.org/note/1193849
1053542	3870658|Thái Nguyên Dinh	2017-07-05 08:41:28 UTC	created	105.8637825	21.0110572		https://www.openstreetmap.org/note/1053542
1193850	1812543|zzanzare	2017-11-03 00:37:10 UTC	created	105.8637825	21.0110572		https://www.openstreetmap.org/note/1193850
1462727	7613184|Ánh Thảo Dương	2018-07-22 06:57:38 UTC	created	105.8006814	21.0699215		https://www.openstreetmap.org/note/1462727
1438421	8473309|dqtung	2018-06-27 11:47:23 UTC	created	105.8395972	21.0274708		https://www.openstreetmap.org/note/1438421
1438361	429761|freebeer	2018-06-27 11:32:03 UTC	created	105.8406981	21.0280688		https://www.openstreetmap.org/note/1438361
1438365	429761|freebeer	2018-06-27 11:32:58 UTC	created	105.8407	21.02807		https://www.openstreetmap.org/note/1438365
1438367	429761|freebeer	2018-06-27 11:33:23 UTC	created	105.8407027	21.0280724		https://www.openstreetmap.org/note/1438367
1349792	8064349|KathiK88	2018-04-05 12:16:30 UTC	created	105.8509693	21.0371093		https://www.openstreetmap.org/note/1349792
1394365	66733|Vit Pelcak	2018-05-15 01:54:51 UTC	created	105.8471424	21.0389616		https://www.openstreetmap.org/note/1394365
935528	5501742|6whitewalls	2017-03-21 15:11:04 UTC	created	105.8470938	21.0333463		https://www.openstreetmap.org/note/935528
1013379	6074166|AnaXP	2017-05-30 07:59:09 UTC	created	105.8514534	21.0323136		https://www.openstreetmap.org/note/1013379
861147	5177535|Peter uit het Broek	2017-01-24 09:33:31 UTC	created	105.8514095	21.0358282		https://www.openstreetmap.org/note/861147
1328126	7804930|Burger Street Hanoi	2018-03-15 04:23:24 UTC	created	105.8509541	21.0358631		https://www.openstreetmap.org/note/1328126
1331549	7804930|Burger Street Hanoi	2018-03-18 15:37:37 UTC	created	105.8509508	21.0358293		https://www.openstreetmap.org/note/1331549
1346812	7939326|Alex Andros Sirchia	2018-04-02 17:13:20 UTC	created	105.8513059	21.0348891		https://www.openstreetmap.org/note/1346812
1346134	8029058|Frauke Re	2018-04-02 05:35:23 UTC	created	105.8513363	21.03482		https://www.openstreetmap.org/note/1346134
953907	5600021|Sophia Hammes	2017-04-06 10:56:16 UTC	created	105.8539387	21.0348828		https://www.openstreetmap.org/note/953907
878209	5072829|HEYHANONYMOUS	2017-02-02 09:14:23 UTC	created	105.8473754	21.0417895		https://www.openstreetmap.org/note/878209
722366	4124471|JM88	2016-09-22 15:24:48 UTC	created	105.8466043	21.0420107		https://www.openstreetmap.org/note/722366
1131403	6619148|Recycle Travel	2017-09-08 04:32:39 UTC	created	105.852933	21.0370514		https://www.openstreetmap.org/note/1131403
949306	5600552|Daniele Matteaccio Azzurra Angioletti	2017-04-02 04:55:15 UTC	created	105.8528464	21.0359201		https://www.openstreetmap.org/note/949306
781848	4179867|Serge Smith	2016-11-14 06:13:32 UTC	created	105.8522298	21.0344774		https://www.openstreetmap.org/note/781848
1008280	6074166|AnaXP	2017-05-26 10:09:14 UTC	created	105.8514534	21.0323136		https://www.openstreetmap.org/note/1008280
604868	4155802|AlexeyProBY	2016-06-26 06:17:38 UTC	created	105.8062701	21.0107646		https://www.openstreetmap.org/note/604868
604708	4155802|AlexeyProBY	2016-06-25 22:56:24 UTC	created	105.8062701	21.0107646		https://www.openstreetmap.org/note/604708
1325745	7754029|PhilippS48	2018-03-13 06:06:22 UTC	created	105.8523456	21.0294433		https://www.openstreetmap.org/note/1325745
989181	5807594|Collective Memory	2017-05-08 06:16:03 UTC	created	105.8497497	21.0282827		https://www.openstreetmap.org/note/989181
928653	4959636|Anh Bình	2017-03-16 03:34:55 UTC	created	105.8960951	21.0435677		https://www.openstreetmap.org/note/928653
685764	4466823|Rooose131176	2016-08-24 08:13:38 UTC	created	105.8222678	21.0269433		https://www.openstreetmap.org/note/685764
627062	4255998|thanh thản	2016-07-13 20:28:21 UTC	created	105.8105493	21.0453937		https://www.openstreetmap.org/note/627062
627055	4255998|thanh thản	2016-07-13 20:23:52 UTC	created	105.8101845	21.044062		https://www.openstreetmap.org/note/627055
477864	3432950|HoàngTrần97	2015-12-04 07:20:35 UTC	created	105.8129311	21.0412883		https://www.openstreetmap.org/note/477864
781350	4841852|Nguyễn Thị Thuỳ Duyên	2016-11-13 15:44:27 UTC	created	105.82425	21.0542151		https://www.openstreetmap.org/note/781350
1341020	7966763|ZaviE	2018-03-28 11:57:55 UTC	created	105.8359734	21.0590675		https://www.openstreetmap.org/note/1341020
1165733	6768366|Yitzchak L	2017-10-08 05:29:17 UTC	created	105.82522	21.06774		https://www.openstreetmap.org/note/1165733
1361716	4984939|Trương Trường	2018-04-16 10:30:11 UTC	created	105.8739808	21.036293		https://www.openstreetmap.org/note/1361716
1341019	7966763|ZaviE	2018-03-28 11:57:55 UTC	created	105.8355372	21.0595299		https://www.openstreetmap.org/note/1341019
813320	4641670|tavan Sapa	2016-12-12 07:09:49 UTC	created	105.8379641	21.0259456		https://www.openstreetmap.org/note/813320
1184688	6853413|garryg1993	2017-10-25 08:55:01 UTC	created	105.8486456	21.0353916		https://www.openstreetmap.org/note/1184688
1019901	6125522|Martijndegroot	2017-06-05 11:25:18 UTC	created	105.846491	21.0384864		https://www.openstreetmap.org/note/1019901
953184	5620288|Ethan Conroy	2017-04-05 16:25:57 UTC	created	105.8465857	21.0390535		https://www.openstreetmap.org/note/953184
1131410	6619148|Recycle Travel	2017-09-08 04:56:01 UTC	created	105.8527883	21.035999		https://www.openstreetmap.org/note/1131410
673443	4426656|Maxoudtrs	2016-08-16 04:11:26 UTC	created	105.8529993	21.0363923		https://www.openstreetmap.org/note/673443
1030689	6111688|Kollmo	2017-06-15 09:30:31 UTC	created	105.852933	21.0370514		https://www.openstreetmap.org/note/1030689
578733	4042774|Quoc Uy	2016-05-31 18:03:45 UTC	created	105.850468	21.0354367		https://www.openstreetmap.org/note/578733
715565	4589882|ericlin666	2016-09-17 07:42:31 UTC	created	105.8570019	21.0254125		https://www.openstreetmap.org/note/715565
1331158	2678766|hieuvan	2018-03-18 06:19:53 UTC	created	105.8221683	21.0261383		https://www.openstreetmap.org/note/1331158
1331150	7817976|Ha Nguyen_CARES	2018-03-18 05:47:13 UTC	created	105.821189	21.028733		https://www.openstreetmap.org/note/1331150
1331149	7817976|Ha Nguyen_CARES	2018-03-18 05:44:46 UTC	created	105.821513	21.027925		https://www.openstreetmap.org/note/1331149
1331145	7817976|Ha Nguyen_CARES	2018-03-18 05:40:21 UTC	created	105.82269	21.026672		https://www.openstreetmap.org/note/1331145
1331144	7817976|Ha Nguyen_CARES	2018-03-18 05:38:00 UTC	created	105.822256	21.026082		https://www.openstreetmap.org/note/1331144
1319779	7722337|Nixon7	2018-03-07 12:14:24 UTC	created	105.8490107	21.0292358		https://www.openstreetmap.org/note/1319779
912486	5305416|Traveling Tamale	2017-03-03 01:57:29 UTC	created	105.8243663	21.0684973		https://www.openstreetmap.org/note/912486
1312829	5610288|olegunnar20	2018-02-28 07:22:35 UTC	created	105.8133426	21.070278		https://www.openstreetmap.org/note/1312829
823691	4681333|FrogsOnWheels	2016-12-21 02:24:00 UTC	created	105.8477644	21.0198017		https://www.openstreetmap.org/note/823691
886718	5289038|HSUAN HSUAN	2017-02-09 12:39:21 UTC	created	105.8489003	21.0286559		https://www.openstreetmap.org/note/886718
886717	5289038|HSUAN HSUAN	2017-02-09 12:39:20 UTC	created	105.8489003	21.0286559		https://www.openstreetmap.org/note/886717
805705	4477296|Sermsuk Thanabanjerdsin	2016-12-05 01:42:23 UTC	created	105.8500067	21.0399253		https://www.openstreetmap.org/note/805705
1043155	5607544|Timothy Campbell	2017-06-26 12:12:26 UTC	created	105.8466205	21.0413221		https://www.openstreetmap.org/note/1043155
1045654	5607544|Timothy Campbell	2017-06-28 06:41:22 UTC	created	105.8473433	21.0362657		https://www.openstreetmap.org/note/1045654
935340	5501742|6whitewalls	2017-03-21 11:25:13 UTC	created	105.8470938	21.0333463		https://www.openstreetmap.org/note/935340
950711	2069866|Sondre Aasemoen	2017-04-03 10:13:56 UTC	created	105.8465922	21.0325276		https://www.openstreetmap.org/note/950711
950710	2069866|Sondre Aasemoen	2017-04-03 10:13:55 UTC	created	105.8465681	21.0323624		https://www.openstreetmap.org/note/950710
1186567	3792544|alausbua	2017-10-27 11:47:02 UTC	created	105.8461765	21.0336592		https://www.openstreetmap.org/note/1186567
1186566	3792544|alausbua	2017-10-27 11:47:01 UTC	created	105.845919	21.0335591		https://www.openstreetmap.org/note/1186566
875461	5223465|eunju_kim	2017-01-31 12:32:32 UTC	created	105.8489003	21.0286559		https://www.openstreetmap.org/note/875461
1047679	6211775|Robin_V	2017-06-30 08:59:16 UTC	created	105.8486146	21.0295209		https://www.openstreetmap.org/note/1047679
1055554	5395388|김형도	2017-07-06 22:56:12 UTC	created	105.8496231	21.0326653		https://www.openstreetmap.org/note/1055554
907772	5395388|김형도	2017-02-27 10:30:26 UTC	created	105.8550035	21.0345083		https://www.openstreetmap.org/note/907772
1135603	6636921|Kim Chloe	2017-09-11 14:35:00 UTC	created	105.8546572	21.0345834		https://www.openstreetmap.org/note/1135603
1008281	6074166|AnaXP	2017-05-26 10:09:15 UTC	created	105.852422	21.0307051		https://www.openstreetmap.org/note/1008281
1293140	1768286|Jarek 🚲	2018-02-08 12:13:05 UTC	created	105.8523456	21.0294433		https://www.openstreetmap.org/note/1293140
963927	4850364|pacha888	2017-04-14 14:17:18 UTC	created	105.8526031	21.0285626		https://www.openstreetmap.org/note/963927
940880	5436842|Marius_Z	2017-03-26 07:45:46 UTC	created	105.8525467	21.0292255		https://www.openstreetmap.org/note/940880
1217292	6783933|selskyg	2017-11-26 07:11:23 UTC	created	105.8465453	21.0253837		https://www.openstreetmap.org/note/1217292
695359	4163473|Werner  Jung	2016-08-31 10:27:16 UTC	created	105.8454608	21.026019		https://www.openstreetmap.org/note/695359
1234346	3902619|Pathfinder2033	2017-12-10 02:16:58 UTC	created	105.8478366	21.0366302		https://www.openstreetmap.org/note/1234346
1284167	1731550|osm-pascal	2018-01-30 13:17:44 UTC	created	105.8363342	21.0422724		https://www.openstreetmap.org/note/1284167
1155143	6706907|Jmcvw	2017-09-28 07:31:08 UTC	created	105.8182856	21.0311709		https://www.openstreetmap.org/note/1155143
1181749	4155871|Shibu Aki	2017-10-22 08:51:44 UTC	created	105.8101209	21.0329457		https://www.openstreetmap.org/note/1181749
911335	5305416|Traveling Tamale	2017-03-02 07:59:38 UTC	created	105.8243663	21.0684973		https://www.openstreetmap.org/note/911335
1076335	6365426|Doan Tuan	2017-07-24 01:58:40 UTC	created	105.8421	21.0198		https://www.openstreetmap.org/note/1076335
1071023	6346378|pknamkhoa	2017-07-20 02:10:22 UTC	created	105.8005822	21.0112349		https://www.openstreetmap.org/note/1071023
1058170	6290516|Nguyễn Vũ Vương	2017-07-09 12:25:23 UTC	created	105.8348681	21.0211608		https://www.openstreetmap.org/note/1058170
1050559	6254952|suri_ vickky	2017-07-02 18:31:18 UTC	created	105.8759683	21.0033575		https://www.openstreetmap.org/note/1050559
927609	4973518|Dennis Thompson	2017-03-15 07:58:27 UTC	created	105.8519191	21.032052		https://www.openstreetmap.org/note/927609
1044958	6227710|Yonatans13	2017-06-27 15:51:43 UTC	created	105.8502986	21.033128		https://www.openstreetmap.org/note/1044958
1016467	6109156|Maxcare Việt Nam	2017-06-02 03:50:36 UTC	created	105.83403	21.01451		https://www.openstreetmap.org/note/1016467
1015580	6103628|tiendatle	2017-06-01 04:58:34 UTC	created	105.82943	21.02542		https://www.openstreetmap.org/note/1015580
974346	5705833|HannahSL07	2017-04-24 08:21:16 UTC	created	105.8594376	21.022611		https://www.openstreetmap.org/note/974346
968097	5026601|Chris_Topherus	2017-04-18 09:23:57 UTC	created	105.8539994	21.0312473		https://www.openstreetmap.org/note/968097
786054	4817563|franziskadie	2016-11-17 15:30:17 UTC	created	105.8178058	21.0269606		https://www.openstreetmap.org/note/786054
786060	4817563|franziskadie	2016-11-17 15:32:59 UTC	created	105.8178058	21.0269606		https://www.openstreetmap.org/note/786060
764166	4794916|Jani Petrov	2016-10-28 11:51:54 UTC	created	105.8212887	21.0319071		https://www.openstreetmap.org/note/764166
913256	5422216|황철현	2017-03-03 16:25:05 UTC	created	105.8146511	21.0021895		https://www.openstreetmap.org/note/913256
747897	4723746|Christopheeeee	2016-10-14 14:12:49 UTC	created	105.8511196	21.0331859		https://www.openstreetmap.org/note/747897
747901	4723746|Christopheeeee	2016-10-14 14:17:33 UTC	created	105.8511196	21.0331859		https://www.openstreetmap.org/note/747901
909896	3679946|timotimor	2017-03-01 01:29:15 UTC	created	105.8511225	21.033111		https://www.openstreetmap.org/note/909896
745910	4359844|Noyan Gündogdu	2016-10-12 17:38:22 UTC	created	105.8513049	21.035319		https://www.openstreetmap.org/note/745910
540245	3785186|JamesACox	2016-04-06 06:26:34 UTC	created	105.8509964	21.0356019		https://www.openstreetmap.org/note/540245
585763	4034893|kasparb	2016-06-07 04:07:28 UTC	created	105.8509964	21.0356019		https://www.openstreetmap.org/note/585763
936469	5466284|Viet Ha Do	2017-03-22 13:32:59 UTC	created	105.8572874	21.0281019		https://www.openstreetmap.org/note/936469
936691	5466284|Viet Ha Do	2017-03-22 17:16:14 UTC	created	105.8572874	21.0281019		https://www.openstreetmap.org/note/936691
895536	4408550|Charlie Khlaklang	2017-02-17 15:35:29 UTC	created	105.8529725	21.0317782		https://www.openstreetmap.org/note/895536
649341	4337691|Stacey L	2016-07-30 01:03:13 UTC	created	105.853691	21.033453		https://www.openstreetmap.org/note/649341
677898	4441631|Sylcardenas	2016-08-19 05:02:42 UTC	created	105.8539281	21.0337318		https://www.openstreetmap.org/note/677898
677897	4441631|Sylcardenas	2016-08-19 05:02:09 UTC	created	105.8539281	21.0337318		https://www.openstreetmap.org/note/677897
611880	946610|XMAS82	2016-07-01 16:52:16 UTC	created	105.836774	21.0478759		https://www.openstreetmap.org/note/611880
818562	4968435|Stonehearts	2016-12-16 13:21:44 UTC	created	105.8514202	21.028886		https://www.openstreetmap.org/note/818562
824520	3939470|Khrystws	2016-12-22 00:27:26 UTC	created	105.85116	21.0281114		https://www.openstreetmap.org/note/824520
710854	4570481|maovp hhavan	2016-09-13 11:53:33 UTC	created	105.8524902	21.0292139		https://www.openstreetmap.org/note/710854
801385	4819126|Jacob Lauritzen	2016-12-01 11:28:05 UTC	created	105.8413995	21.0301192		https://www.openstreetmap.org/note/801385
771795	4179867|Serge Smith	2016-11-04 05:12:38 UTC	created	105.8526709	21.0333829		https://www.openstreetmap.org/note/771795
649342	4337691|Stacey L	2016-07-30 01:05:07 UTC	created	105.851812	21.035736		https://www.openstreetmap.org/note/649342
620163	4063787|canadiantraveller1111	2016-07-08 10:15:33 UTC	created	105.851836	21.035637		https://www.openstreetmap.org/note/620163
905358	5347107|Eddie the Cartographer	2017-02-25 11:01:35 UTC	created	105.8520639	21.0349585		https://www.openstreetmap.org/note/905358
775249	4427955|Sirile	2016-11-07 07:34:17 UTC	created	105.8470938	21.0333463		https://www.openstreetmap.org/note/775249
665119	4396253|오혜수	2016-08-10 03:22:43 UTC	created	105.8524902	21.0292139		https://www.openstreetmap.org/note/665119
600449	4147361|Natalya  Krylova	2016-06-20 19:22:49 UTC	created	105.8524902	21.0292139		https://www.openstreetmap.org/note/600449
677765	4441631|Sylcardenas	2016-08-19 02:23:25 UTC	created	105.8524902	21.0292139		https://www.openstreetmap.org/note/677765
827888	3922392|Kaimin Chang	2016-12-25 12:48:08 UTC	created	105.8523965	21.0287623		https://www.openstreetmap.org/note/827888
797798	4603196|Noha Foglia	2016-11-27 15:45:25 UTC	created	105.8524408	21.0286897		https://www.openstreetmap.org/note/797798
810366	4832518|Lisa Ryan	2016-12-09 12:39:48 UTC	created	105.852308	21.027861		https://www.openstreetmap.org/note/810366
623453	4132835|Maria G	2016-07-11 01:38:44 UTC	created	105.8513502	21.0321023		https://www.openstreetmap.org/note/623453
659718	4376011|YoranvanDam	2016-08-06 12:26:22 UTC	created	105.8505771	21.0322988		https://www.openstreetmap.org/note/659718
915597	5432854|Nomadic-e	2017-03-05 13:44:31 UTC	created	105.8522115	21.014659		https://www.openstreetmap.org/note/915597
915596	5432854|Nomadic-e	2017-03-05 13:44:30 UTC	created	105.8255691	21.0347983		https://www.openstreetmap.org/note/915596
907400	5386646|Pancho Lobo	2017-02-27 01:32:09 UTC	created	105.8413801	21.0488628		https://www.openstreetmap.org/note/907400
882847	5257433|Natalie Laura Simpson	2017-02-06 09:27:16 UTC	created	105.8429796	21.0237131		https://www.openstreetmap.org/note/882847
874028	5228553|M1T  Thắng	2017-01-30 16:46:25 UTC	created	105.8072207	21.0481486		https://www.openstreetmap.org/note/874028
860329	5175391|hung quan	2017-01-23 16:38:52 UTC	created	105.8021366	21.0868949		https://www.openstreetmap.org/note/860329
649340	4337691|Stacey L	2016-07-30 01:03:07 UTC	created	105.84923	21.029714		https://www.openstreetmap.org/note/649340
818515	4977732|Pat m kelly	2016-12-16 11:52:45 UTC	created	105.8454798	21.0352461		https://www.openstreetmap.org/note/818515
747896	4723746|Christopheeeee	2016-10-14 14:12:49 UTC	created	105.8511196	21.0331859		https://www.openstreetmap.org/note/747896
801306	4906895|hạnh nguyên	2016-12-01 09:23:50 UTC	created	105.851096	21.0150461		https://www.openstreetmap.org/note/801306
763268	4588859|Arktik Arktik	2016-10-27 14:53:38 UTC	created	105.8576644	21.0216345		https://www.openstreetmap.org/note/763268
780968	2945145|wilderama	2016-11-13 08:45:52 UTC	created	105.8446966	21.0458194		https://www.openstreetmap.org/note/780968
736331	4669842|Giang Đức Bùi	2016-10-03 18:52:46 UTC	created	105.8200684	21.0160823		https://www.openstreetmap.org/note/736331
732400	4655368|Hieu Hoang	2016-09-30 16:39:43 UTC	created	105.8258246	21.0202782		https://www.openstreetmap.org/note/732400
732376	4655368|Hieu Hoang	2016-09-30 16:19:38 UTC	created	105.8267337	21.0205965		https://www.openstreetmap.org/note/732376
726805	4124471|JM88	2016-09-26 10:02:42 UTC	created	105.8495051	21.0348559		https://www.openstreetmap.org/note/726805
725479	4627694|Giày Xuất Xịn	2016-09-25 06:31:11 UTC	created	105.8125663	21.0204839		https://www.openstreetmap.org/note/725479
725478	4624881|Anhdungvip	2016-09-25 06:30:45 UTC	created	105.8159997	21.0453327		https://www.openstreetmap.org/note/725478
724932	4624996|Mì Cay Tây Hồ	2016-09-24 13:30:22 UTC	created	105.8154408	21.045454		https://www.openstreetmap.org/note/724932
710065	4566204|Lớp Học Từ Gốc	2016-09-12 14:31:32 UTC	created	105.8019903	21.0094195		https://www.openstreetmap.org/note/710065
705967	4550060|BB Dung	2016-09-09 07:53:13 UTC	created	105.863142	21.0107842		https://www.openstreetmap.org/note/705967
684776	4464608|Thắng Ngẫn	2016-08-23 15:15:47 UTC	created	105.8046028	21.0453161		https://www.openstreetmap.org/note/684776
680833	4451811|Minh Nguyen74	2016-08-21 03:05:25 UTC	created	105.8665431	21.0401142		https://www.openstreetmap.org/note/680833
677568	3882872|Cristian Felice	2016-08-18 21:59:40 UTC	created	105.834118	21.0602566		https://www.openstreetmap.org/note/677568
668252	3891205|Jules Delaunay	2016-08-12 11:03:19 UTC	created	105.8313613	21.0349297		https://www.openstreetmap.org/note/668252
653833	4354925|Viet Le Quoc	2016-08-02 07:09:59 UTC	created	105.8115903	21.0178086		https://www.openstreetmap.org/note/653833
638262	3882872|Cristian Felice	2016-07-22 18:09:24 UTC	created	105.8527632	21.0099722		https://www.openstreetmap.org/note/638262
554113	3872953|OLAHOP	2016-04-25 04:41:12 UTC	created	105.8556131	21.0018125		https://www.openstreetmap.org/note/554113
632290	4071282|Jess_er	2016-07-18 09:16:57 UTC	created	105.8544596	21.0331609		https://www.openstreetmap.org/note/632290
630128	4269662|HD Lighting	2016-07-16 15:31:59 UTC	created	105.8679271	21.0097225		https://www.openstreetmap.org/note/630128
630123	4269662|HD Lighting	2016-07-16 15:28:17 UTC	created	105.8679083	21.0097225		https://www.openstreetmap.org/note/630123
623016	4239436|Việt Hải	2016-07-10 16:18:37 UTC	created	105.8055791	21.0062446		https://www.openstreetmap.org/note/623016
623001	4239436|Việt Hải	2016-07-10 16:06:30 UTC	created	105.8055308	21.0062971		https://www.openstreetmap.org/note/623001
41202	1744330|tungvu	2013-09-14 02:38:38 UTC	created	105.8067888	21.0179551		https://www.openstreetmap.org/note/41202
540115	3784621|Namviet	2016-04-06 04:02:57 UTC	created	105.8033878	21.013253		https://www.openstreetmap.org/note/540115
619982	4226427|linh22	2016-07-08 06:53:55 UTC	created	105.8266211	21.0616743		https://www.openstreetmap.org/note/619982
605269	4155802|AlexeyProBY	2016-06-26 13:31:30 UTC	created	105.8196451	21.0354013		https://www.openstreetmap.org/note/605269
600697	3856322|Hugh Mitchell	2016-06-21 03:12:32 UTC	created	105.8524925	21.0318472		https://www.openstreetmap.org/note/600697
604043	4168767|Hieumeoo	2016-06-25 07:19:51 UTC	created	105.8249152	21.0240842		https://www.openstreetmap.org/note/604043
597685	4101555|James Bates	2016-06-18 04:55:24 UTC	created	105.8446677	21.025018		https://www.openstreetmap.org/note/597685
594175	4039170|Fiona Ivey	2016-06-14 13:44:34 UTC	created	105.8512636	21.0340218		https://www.openstreetmap.org/note/594175
586990	4083571|Matias Hurtado	2016-06-08 07:12:33 UTC	created	105.8474677	21.0345914		https://www.openstreetmap.org/note/586990
539081	3779189|Huy Thanh Trinh	2016-04-05 06:42:48 UTC	created	105.8520699	21.003713		https://www.openstreetmap.org/note/539081
547419	3825437|Ông Táo Hoàng	2016-04-14 17:03:57 UTC	created	105.841927	21.0274369		https://www.openstreetmap.org/note/547419
547418	3825437|Ông Táo Hoàng	2016-04-14 17:00:25 UTC	created	105.8423208	21.0273616		https://www.openstreetmap.org/note/547418
458885	2905914|pratikyadav	2015-10-28 04:55:59 UTC	created	105.8588183	21.0324061		https://www.openstreetmap.org/note/458885
526447	3707624|Hà Mập Shop	2016-03-12 09:53:07 UTC	created	105.8388063	21.0512989		https://www.openstreetmap.org/note/526447
518624	3656903|BiBi Phuong	2016-02-25 00:35:05 UTC	created	105.8124241	21.0281901		https://www.openstreetmap.org/note/518624
515098	3638734|KangzMin	2016-02-18 14:55:35 UTC	created	105.8175954	21.0211498		https://www.openstreetmap.org/note/515098
501764	3550906|NIIT-ICT Hà Nội	2016-01-21 08:16:03 UTC	created	105.8023202	21.0069281		https://www.openstreetmap.org/note/501764
41201	1744330|tungvu	2013-09-14 02:34:44 UTC	created	105.8093315	21.0192721		https://www.openstreetmap.org/note/41201
476323	3423939|dungkynang	2015-11-30 15:41:58 UTC	created	105.8541727	21.0160873		https://www.openstreetmap.org/note/476323
476319	3423939|dungkynang	2015-11-30 15:40:03 UTC	created	105.8553797	21.0156716		https://www.openstreetmap.org/note/476319
463110	3362453|Đại lý máy lọc nước USA	2015-11-05 04:41:16 UTC	created	105.8059627	21.0161323		https://www.openstreetmap.org/note/463110
458863	3341636|qhqdtqk	2015-10-27 23:40:28 UTC	created	105.8406597	21.0064374		https://www.openstreetmap.org/note/458863
441931	3267306|J1955	2015-09-26 19:34:19 UTC	created	105.8410835	21.0245048		https://www.openstreetmap.org/note/441931
435578	3241224|Newera Vietnam	2015-09-16 06:36:26 UTC	created	105.8177134	21.0128173		https://www.openstreetmap.org/note/435578
441640	3244286|Nguyễn Tấn Kỳ	2015-09-26 09:25:59 UTC	created	105.8177054	21.0128173		https://www.openstreetmap.org/note/441640
441636	3266398|Hồng Hạnh Trịnh	2015-09-26 09:18:45 UTC	created	105.8177054	21.0128373		https://www.openstreetmap.org/note/441636
438111	3251157|Cắt Tóc Nam	2015-09-20 07:08:58 UTC	created	105.8108389	21.016578		https://www.openstreetmap.org/note/438111
430719	3221003|Anh Tuan 0101	2015-09-07 15:40:01 UTC	created	105.8173966	21.0337107		https://www.openstreetmap.org/note/430719
430291	3219906|Hiep Hoang	2015-09-07 06:47:25 UTC	created	105.81873	21.0002725		https://www.openstreetmap.org/note/430291
371133	633253|a3nm	2015-05-28 01:27:19 UTC	created	105.8513049	21.0266718		https://www.openstreetmap.org/note/371133
371131	633253|a3nm	2015-05-28 01:27:16 UTC	created	105.836936	21.0336712		https://www.openstreetmap.org/note/371131
371130	633253|a3nm	2015-05-28 01:27:15 UTC	created	105.8494015	21.0262321		https://www.openstreetmap.org/note/371130
418243	3167038|chu viet anh	2015-08-20 12:19:46 UTC	created	105.8091331	21.0332773		https://www.openstreetmap.org/note/418243
412294	3140203|Krtfashion	2015-08-11 05:58:51 UTC	created	105.8232629	21.0033174		https://www.openstreetmap.org/note/412294
407837	3117272|công ty cổ phần công nghệ và thiết bị Việt Mỹ	2015-08-03 03:04:42 UTC	created	105.8160639	21.0071485		https://www.openstreetmap.org/note/407837
404474	3101403|Hoang Thanh Lighting	2015-07-28 08:27:34 UTC	created	105.8583355	21.0092017		https://www.openstreetmap.org/note/404474
395356	3059835|Bệnh Viện Thu Cúc	2015-07-13 09:07:42 UTC	created	105.8147979	21.0445727		https://www.openstreetmap.org/note/395356
393936	3050914|Khoiphe	2015-07-10 10:56:56 UTC	created	105.8629382	21.0153311		https://www.openstreetmap.org/note/393936
389078	3026053|Hằng Nguyễn	2015-06-30 15:03:54 UTC	created	105.8118796	21.0159971		https://www.openstreetmap.org/note/389078
389089	3026053|Hằng Nguyễn	2015-06-30 15:36:54 UTC	created	105.8118743	21.0159971		https://www.openstreetmap.org/note/389089
389088	3026053|Hằng Nguyễn	2015-06-30 15:35:16 UTC	created	105.8118743	21.0160021		https://www.openstreetmap.org/note/389088
47530	1755834|Gilles-HN	2013-09-25 08:19:32 UTC	created	105.8233112	21.0290864		https://www.openstreetmap.org/note/47530
343598	2320203|tungbi_numberone	2015-04-07 07:22:34 UTC	created	105.8269966	21.0319054		https://www.openstreetmap.org/note/343598
125999	1958674|Nguyenan	2014-02-28 09:04:06 UTC	created	105.8000243	21.0191919		https://www.openstreetmap.org/note/125999
254431	2378360|thang296	2014-10-10 12:18:58 UTC	created	105.8514476	21.010704		https://www.openstreetmap.org/note/254431
238057	2320203|tungbi_numberone	2014-09-08 16:44:07 UTC	created	105.8154711	21.010008		https://www.openstreetmap.org/note/238057
105368	1895322|quantxt	2014-01-21 04:58:34 UTC	created	105.834378	21.0243445		https://www.openstreetmap.org/note/105368
42379	1746003|khanhkk	2013-09-15 17:50:32 UTC	created	105.8530515	21.0047196		https://www.openstreetmap.org/note/42379
32859	1038747|anhmk	2013-08-28 08:42:45 UTC	created	105.8291584	21.0196076		https://www.openstreetmap.org/note/32859
